row	Gene_name	variant_qual	exonic_part	n_het	het_cov	ami	dpsi	label	p	part_len	eligible	p_grid	n_perm	n_defined	n_ge_obs	p_conditional	p_conservative	q_bh	pass_website
0	ENSG00000080608_PUM3	chr9:2833415:C>T	chr9:2804151-2804166:-	1	34	0	0	trans	0.455585507100522	15	TRUE	1	2000	2000	2000	1	1	1	FALSE
1	ENSG00000080608_PUM3	chr9:2833415:C>T	chr9:2804166-2804256:-	1	34	0	0	trans	0.455585507100522	90	TRUE	1	2000	2000	2000	1	1	1	FALSE
2	ENSG00000080608_PUM3	chr9:2833415:C>T	chr9:2807904-2807974:-	1	34	0	0	trans	0.455585507100522	70	TRUE	1	2000	2000	2000	1	1	1	FALSE
3	ENSG00000080608_PUM3	chr9:2833415:C>T	chr9:2828474-2828674:-	1	34	0	0	trans	0.455585507100522	200	TRUE	1	2000	2000	2000	1	1	1	FALSE
4	ENSG00000106688_SLC1A1	chr9:4564431:G>A	chr9:4536578-4537273:+	0	0					695	FALSE		2000	0					FALSE
5	ENSG00000106688_SLC1A1	chr9:4564431:G>A	chr9:4537616-4537939:+	0	0					323	FALSE		2000	0					FALSE
6	ENSG00000106688_SLC1A1	chr9:4564431:G>A	chr9:4559804-4560080:+	0	0					276	FALSE		2000	0					FALSE
7	ENSG00000106688_SLC1A1	chr9:4564431:G>A	chr9:4575430-4576000:+	0	0					570	FALSE		2000	0					FALSE
8	ENSG00000106688_SLC1A1	chr9:4564431:G>A	chr9:4576763-4576846:+	0	0					83	FALSE		2000	0					FALSE
9	ENSG00000106688_SLC1A1	chr9:4564431:G>A	chr9:4583037-4583172:+	0	0					135	FALSE		2000	0					FALSE
10	ENSG00000106993_CDC37L1	chr9:4688534:G>A	chr9:4685158-4685475:+	1	89	0	0	trans	0.54457878171819	317	FALSE	1	2000	2000	2000	1	1	1	FALSE
11	ENSG00000106993_CDC37L1	chr9:4688534:G>A	chr9:4703085-4703208:+	1	89	0.044	0.31	cis	1.78775690196087e-06	123	FALSE	0.001998001998002	2000	2000	6	0.00349825087456272	0.00349825087456272	0.29554919509942	FALSE
12	ENSG00000106993_CDC37L1	chr9:4706213:C>T	chr9:4685158-4685475:+	1	35	0	0	trans	0.43650398648461	317	TRUE	1	2000	1998	1998	1	1	1	FALSE
13	ENSG00000106993_CDC37L1	chr9:4706213:C>T	chr9:4703085-4703208:+	1	35	0	0	trans	0.43650398648461	123	TRUE	1	2000	1998	1998	1	1	1	FALSE
14	ENSG00000106993_CDC37L1	chr9:4706365:T>C	chr9:4685158-4685475:+	1	37	0	0	trans	0.50974092735955	317	TRUE	1	2000	1998	1998	1	1	1	FALSE
15	ENSG00000106993_CDC37L1	chr9:4706365:T>C	chr9:4703085-4703208:+	1	37	0	0	trans	0.50974092735955	123	TRUE	1	2000	1998	1998	1	1	1	FALSE
16	ENSG00000096968_JAK2	chr9:5050705:C>T	chr9:4985029-4985032:+	0	0					3	FALSE		2000	0					FALSE
17	ENSG00000096968_JAK2	chr9:5050705:C>T	chr9:4985032-4985173:+	0	0					141	FALSE		2000	0					FALSE
18	ENSG00000096968_JAK2	chr9:5050705:C>T	chr9:4985173-4985271:+	0	0					98	FALSE		2000	0					FALSE
19	ENSG00000096968_JAK2	chr9:5050705:C>T	chr9:4985271-4985333:+	0	0					62	FALSE		2000	0					FALSE
20	ENSG00000096968_JAK2	chr9:5050705:C>T	chr9:4985333-4985572:+	0	0					239	FALSE		2000	0					FALSE
21	ENSG00000096968_JAK2	chr9:5050705:C>T	chr9:4985572-4985630:+	0	0					58	FALSE		2000	0					FALSE
22	ENSG00000096968_JAK2	chr9:5050705:C>T	chr9:4986022-4986278:+	0	0					256	FALSE		2000	0					FALSE
23	ENSG00000107020_PLGRKT	chr9:5357997:T>C	chr9:5381862-5382031:-	1	57	0	0	trans	0.510535369770289	169	TRUE	1	2000	2000	2000	1	1	1	FALSE
24	ENSG00000107020_PLGRKT	chr9:5357997:T>C	chr9:5392332-5392649:-	1	57	0	0	trans	0.510535369770289	317	TRUE	1	2000	2000	2000	1	1	1	FALSE
25	ENSG00000107020_PLGRKT	chr9:5357997:T>C	chr9:5431896-5431983:-	1	57	-0.014	0.031	trans	0.849675765539444	87	TRUE	1	2000	2000	2000	1	1	1	FALSE
26	ENSG00000107020_PLGRKT	chr9:5357997:T>C	chr9:5436334-5436568:-	1	57	0	0	trans	0.510535369770289	234	TRUE	1	2000	2000	2000	1	1	1	FALSE
27	ENSG00000107020_PLGRKT	chr9:5357997:T>C	chr9:5437631-5437706:-	1	57	-0.008	0.059	trans	0.726670053013599	75	TRUE	0.795204795204795	2000	2000	1576	0.788105947026487	0.788105947026487	1	FALSE
28	ENSG00000107020_PLGRKT	chr9:5357997:T>C	chr9:5437706-5437788:-	1	57	-0.008	0.059	trans	0.726670053013599	82	TRUE	0.795204795204795	2000	2000	1576	0.788105947026487	0.788105947026487	1	FALSE
29	ENSG00000107077_KDM4C	chr9:6805723:G>A	chr9:6757640-6757653:+	0	0					13	FALSE		2000	0					FALSE
30	ENSG00000107077_KDM4C	chr9:6805723:G>A	chr9:6757653-6757655:+	3	103	-0.006	-0.013	trans	0.802081586533656	2	FALSE	0.995004995004995	2000	2000	1990	0.995002498750625	0.995002498750625	1	FALSE
31	ENSG00000107077_KDM4C	chr9:6805723:G>A	chr9:6757655-6757964:+	4	201	-0.002	-0.008	trans	0.729081025620811	309	TRUE	0.939060939060939	2000	2000	1875	0.937531234382809	0.937531234382809	1	FALSE
32	ENSG00000107077_KDM4C	chr9:6805723:G>A	chr9:6757964-6757972:+	4	201	-0.002	-0.008	trans	0.729081025620811	8	FALSE	0.939060939060939	2000	2000	1875	0.937531234382809	0.937531234382809	1	FALSE
33	ENSG00000107077_KDM4C	chr9:6805723:G>A	chr9:6757972-6758102:+	4	253	-0.002	-0.006	trans	0.774788854563212	130	TRUE	1	2000	2000	2000	1	1	1	FALSE
34	ENSG00000107077_KDM4C	chr9:6805723:G>A	chr9:6758102-6758142:+	4	267	-0.002	-0.006	trans	0.787537166582519	40	TRUE	1	2000	2000	2000	1	1	1	FALSE
35	ENSG00000107077_KDM4C	chr9:6805723:G>A	chr9:6758142-6758203:+	4	273	-0.002	-0.006	trans	0.771475139242702	61	TRUE	1	2000	2000	2000	1	1	1	FALSE
36	ENSG00000107077_KDM4C	chr9:6805723:G>A	chr9:6793132-6793358:+	4	273	0	0	trans	0.515341797465118	226	TRUE	1	2000	2000	2000	1	1	1	FALSE
37	ENSG00000107077_KDM4C	chr9:6805723:G>A	chr9:6814745-6815149:+	4	272	0	-0.049	trans	0.506178060967942	404	TRUE	0.408591408591409	2000	2000	785	0.3928035982009	0.3928035982009	1	FALSE
38	ENSG00000107077_KDM4C	chr9:6805723:G>A	chr9:6818947-6819079:+	4	216	0	0	trans	0.490524947042577	132	TRUE	1	2000	2000	2000	1	1	1	FALSE
39	ENSG00000107077_KDM4C	chr9:6805723:G>A	chr9:6887565-6887959:+	4	216	0	0	trans	0.490524947042577	394	TRUE	1	2000	2000	2000	1	1	1	FALSE
40	ENSG00000107077_KDM4C	chr9:6805723:G>A	chr9:6893232-6893262:+	4	214	0.012	-0.074	cis	5.61690998965858e-05	30	TRUE	0.0529470529470529	2000	2000	107	0.0539730134932534	0.0539730134932534	1	FALSE
41	ENSG00000107077_KDM4C	chr9:6805723:G>A	chr9:6893262-6893632:+	4	214	0.012	-0.074	cis	5.61690998965858e-05	370	TRUE	0.0529470529470529	2000	2000	107	0.0539730134932534	0.0539730134932534	1	FALSE
42	ENSG00000107077_KDM4C	chr9:6805723:G>A	chr9:6925500-6925671:+	4	203	0	0	trans	0.49718262945071	171	TRUE	1	2000	2000	2000	1	1	1	FALSE
43	ENSG00000107077_KDM4C	chr9:6805723:G>A	chr9:6941585-6941815:+	4	203	0	0	trans	0.49718262945071	230	TRUE	1	2000	2000	2000	1	1	1	FALSE
44	ENSG00000107077_KDM4C	chr9:6805723:G>A	chr9:6942459-6942634:+	4	203	0	0	trans	0.49718262945071	175	TRUE	1	2000	2000	2000	1	1	1	FALSE
45	ENSG00000107077_KDM4C	chr9:6805723:G>A	chr9:6948032-6948214:+	4	203	0	0	trans	0.49718262945071	182	TRUE	1	2000	2000	2000	1	1	1	FALSE
46	ENSG00000107077_KDM4C	chr9:6805723:G>A	chr9:6981841-6982765:+	4	204	0.001	0.088	trans	0.38829611966178	924	TRUE	0.307692307692308	2000	2000	580	0.290354822588706	0.290354822588706	1	FALSE
47	ENSG00000107077_KDM4C	chr9:6805723:G>A	chr9:6986666-6986866:+	4	203	0	0	trans	0.49718262945071	200	TRUE	1	2000	2000	2000	1	1	1	FALSE
48	ENSG00000107077_KDM4C	chr9:6805723:G>A	chr9:7014001-7014337:+	4	204	0.001	0.088	trans	0.38829611966178	336	TRUE	0.307692307692308	2000	2000	580	0.290354822588706	0.290354822588706	1	FALSE
49	ENSG00000107077_KDM4C	chr9:6805723:G>A	chr9:7076433-7077263:+	2	79	-0.014	0.001	trans	0.932906286142871	830	TRUE	0.939060939060939	2000	2000	1890	0.945027486256872	0.945027486256872	1	FALSE
50	ENSG00000107077_KDM4C	chr9:6805723:G>A	chr9:7103870-7104017:+	2	76	0	0	trans	0.513959473884136	147	TRUE	1	2000	2000	2000	1	1	1	FALSE
51	ENSG00000107077_KDM4C	chr9:6805723:G>A	chr9:7104267-7104354:+	2	76	0	0	trans	0.513959473884136	87	TRUE	1	2000	2000	2000	1	1	1	FALSE
52	ENSG00000107077_KDM4C	chr9:6805723:G>A	chr9:7105401-7105500:+	2	76	0	0	trans	0.513959473884136	99	TRUE	1	2000	2000	2000	1	1	1	FALSE
53	ENSG00000107077_KDM4C	chr9:6805723:G>A	chr9:7127906-7128065:+	2	76	0	0	trans	0.513959473884136	159	TRUE	1	2000	2000	2000	1	1	1	FALSE
54	ENSG00000107077_KDM4C	chr9:6805723:G>A	chr9:7169890-7170212:+	2	76	-0.007	0.006	trans	0.757048746457472	322	TRUE	0.957042957042957	2000	2000	1920	0.960019990004998	0.960019990004998	1	FALSE
55	ENSG00000107077_KDM4C	chr9:6805723:G>A	chr9:7170212-7170932:+	2	76	-0.007	0.006	trans	0.757048746457472	720	TRUE	0.957042957042957	2000	2000	1920	0.960019990004998	0.960019990004998	1	FALSE
56	ENSG00000107077_KDM4C	chr9:6758163:C>T	chr9:6757640-6757653:+	0	0					13	FALSE		2000	0					FALSE
57	ENSG00000107077_KDM4C	chr9:6758163:C>T	chr9:6757653-6757655:+	0	0					2	FALSE		2000	0					FALSE
58	ENSG00000107077_KDM4C	chr9:6758163:C>T	chr9:6757655-6757964:+	0	0					309	FALSE		2000	0					FALSE
59	ENSG00000107077_KDM4C	chr9:6758163:C>T	chr9:6757964-6757972:+	0	0					8	FALSE		2000	0					FALSE
60	ENSG00000107077_KDM4C	chr9:6758163:C>T	chr9:6757972-6758102:+	0	0					130	FALSE		2000	0					FALSE
61	ENSG00000107077_KDM4C	chr9:6758163:C>T	chr9:6758102-6758142:+	0	0					40	FALSE		2000	0					FALSE
62	ENSG00000107077_KDM4C	chr9:6758163:C>T	chr9:6758142-6758203:+	0	0					61	FALSE		2000	0					FALSE
63	ENSG00000107077_KDM4C	chr9:6758163:C>T	chr9:6793132-6793358:+	0	0					226	FALSE		2000	0					FALSE
64	ENSG00000107077_KDM4C	chr9:6758163:C>T	chr9:6814745-6815149:+	0	0					404	FALSE		2000	0					FALSE
65	ENSG00000107077_KDM4C	chr9:6758163:C>T	chr9:6818947-6819079:+	0	0					132	FALSE		2000	0					FALSE
66	ENSG00000107077_KDM4C	chr9:6758163:C>T	chr9:6887565-6887959:+	0	0					394	FALSE		2000	0					FALSE
67	ENSG00000107077_KDM4C	chr9:6758163:C>T	chr9:6893232-6893262:+	0	0					30	FALSE		2000	0					FALSE
68	ENSG00000107077_KDM4C	chr9:6758163:C>T	chr9:6893262-6893632:+	0	0					370	FALSE		2000	0					FALSE
69	ENSG00000107077_KDM4C	chr9:6758163:C>T	chr9:6925500-6925671:+	0	0					171	FALSE		2000	0					FALSE
70	ENSG00000107077_KDM4C	chr9:6758163:C>T	chr9:6941585-6941815:+	0	0					230	FALSE		2000	0					FALSE
71	ENSG00000107077_KDM4C	chr9:6758163:C>T	chr9:6942459-6942634:+	0	0					175	FALSE		2000	0					FALSE
72	ENSG00000107077_KDM4C	chr9:6758163:C>T	chr9:6948032-6948214:+	0	0					182	FALSE		2000	0					FALSE
73	ENSG00000107077_KDM4C	chr9:6758163:C>T	chr9:6981841-6982765:+	0	0					924	FALSE		2000	0					FALSE
74	ENSG00000107077_KDM4C	chr9:6758163:C>T	chr9:6986666-6986866:+	0	0					200	FALSE		2000	0					FALSE
75	ENSG00000107077_KDM4C	chr9:6758163:C>T	chr9:7014001-7014337:+	0	0					336	FALSE		2000	0					FALSE
76	ENSG00000107077_KDM4C	chr9:6758163:C>T	chr9:7076433-7077263:+	0	0					830	FALSE		2000	0					FALSE
77	ENSG00000107077_KDM4C	chr9:6758163:C>T	chr9:7103870-7104017:+	0	0					147	FALSE		2000	0					FALSE
78	ENSG00000107077_KDM4C	chr9:6758163:C>T	chr9:7104267-7104354:+	0	0					87	FALSE		2000	0					FALSE
79	ENSG00000107077_KDM4C	chr9:6758163:C>T	chr9:7105401-7105500:+	0	0					99	FALSE		2000	0					FALSE
80	ENSG00000107077_KDM4C	chr9:6758163:C>T	chr9:7127906-7128065:+	0	0					159	FALSE		2000	0					FALSE
81	ENSG00000107077_KDM4C	chr9:6758163:C>T	chr9:7169890-7170212:+	0	0					322	FALSE		2000	0					FALSE
82	ENSG00000107077_KDM4C	chr9:6758163:C>T	chr9:7170212-7170932:+	0	0					720	FALSE		2000	0					FALSE
83	ENSG00000137038_DMAC1	chr9:7799605:C>A	chr9:7799448-7799460:-	2	321	0.002	-0.042	trans	0.199666938987404	12	TRUE	0.20979020979021	2000	2000	437	0.218890554722639	0.218890554722639	1	FALSE
84	ENSG00000137038_DMAC1	chr9:7799605:C>A	chr9:7799460-7799546:-	2	321	-0.002	0.002	trans	0.814556953785058	86	TRUE	1	2000	2000	2000	1	1	1	FALSE
85	ENSG00000137038_DMAC1	chr9:7799605:C>A	chr9:7799546-7799778:-	2	322	0	0	trans	0.502830899770056	232	TRUE	1	2000	2000	2000	1	1	1	FALSE
86	ENSG00000137038_DMAC1	chr9:7799605:C>A	chr9:7799778-7799807:-	0	0					29	FALSE		2000	0					FALSE
87	ENSG00000137038_DMAC1	chr9:7799652:G>T	chr9:7799448-7799460:-	2	314	-0.001	-0.022	trans	0.671529494715748	12	TRUE	0.616383616383616	2000	2000	1254	0.627186406796602	0.627186406796602	1	FALSE
88	ENSG00000137038_DMAC1	chr9:7799652:G>T	chr9:7799460-7799546:-	2	313	-0.003	0	trans	0.883968767363122	86	TRUE	1	2000	2000	2000	1	1	1	FALSE
89	ENSG00000137038_DMAC1	chr9:7799652:G>T	chr9:7799546-7799778:-	2	314	0	0	trans	0.508552052123497	232	TRUE	1	2000	2000	2000	1	1	1	FALSE
90	ENSG00000137038_DMAC1	chr9:7799652:G>T	chr9:7799778-7799807:-	0	0					29	FALSE		2000	0					FALSE
91	ENSG00000153707_PTPRD	chr9:8503937:T>C	chr9:8317471-8317703:-	0	0					232	FALSE		2000	0					FALSE
92	ENSG00000153707_PTPRD	chr9:8503937:T>C	chr9:8319966-8320405:-	0	0					439	FALSE		2000	0					FALSE
93	ENSG00000153707_PTPRD	chr9:8503937:T>C	chr9:8436689-8437197:-	0	0					508	FALSE		2000	0					FALSE
94	ENSG00000153707_PTPRD	chr9:8503937:T>C	chr9:8437197-8437239:-	0	0					42	FALSE		2000	0					FALSE
95	ENSG00000153707_PTPRD	chr9:8503937:T>C	chr9:8437239-8437902:-	0	0					663	FALSE		2000	0					FALSE
96	ENSG00000153707_PTPRD	chr9:8503937:T>C	chr9:8438700-8438820:-	0	0					120	FALSE		2000	0					FALSE
97	ENSG00000153707_PTPRD	chr9:8503937:T>C	chr9:8454579-8454591:-	0	0					12	FALSE		2000	0					FALSE
98	ENSG00000153707_PTPRD	chr9:8503937:T>C	chr9:8454591-8454594:-	0	0					3	FALSE		2000	0					FALSE
99	ENSG00000153707_PTPRD	chr9:8503937:T>C	chr9:8485324-8485327:-	0	0					3	FALSE		2000	0					FALSE
100	ENSG00000153707_PTPRD	chr9:8503937:T>C	chr9:8485327-8485636:-	0	0					309	FALSE		2000	0					FALSE
101	ENSG00000153707_PTPRD	chr9:8503937:T>C	chr9:8485636-8485761:-	0	0					125	FALSE		2000	0					FALSE
102	ENSG00000153707_PTPRD	chr9:8503937:T>C	chr9:8485761-8485762:-	0	0					1	FALSE		2000	0					FALSE
103	ENSG00000153707_PTPRD	chr9:8503937:T>C	chr9:8485762-8486349:-	0	0					587	FALSE		2000	0					FALSE
104	ENSG00000153707_PTPRD	chr9:8503937:T>C	chr9:8492703-8492861:-	0	0					158	FALSE		2000	0					FALSE
105	ENSG00000153707_PTPRD	chr9:8503937:T>C	chr9:8492861-8492979:-	0	0					118	FALSE		2000	0					FALSE
106	ENSG00000153707_PTPRD	chr9:8503937:T>C	chr9:8497241-8497268:-	0	0					27	FALSE		2000	0					FALSE
107	ENSG00000153707_PTPRD	chr9:8503937:T>C	chr9:8497268-8498060:-	0	0					792	FALSE		2000	0					FALSE
108	ENSG00000153707_PTPRD	chr9:8503937:T>C	chr9:8499646-8499840:-	0	0					194	FALSE		2000	0					FALSE
109	ENSG00000153707_PTPRD	chr9:8503937:T>C	chr9:8499840-8500588:-	0	0					748	FALSE		2000	0					FALSE
110	ENSG00000153707_PTPRD	chr9:8503937:T>C	chr9:8500753-8501059:-	0	0					306	FALSE		2000	0					FALSE
111	ENSG00000153707_PTPRD	chr9:8503937:T>C	chr9:8523512-8523524:-	0	0					12	FALSE		2000	0					FALSE
112	ENSG00000153707_PTPRD	chr9:8503937:T>C	chr9:8524779-8524924:-	0	0					145	FALSE		2000	0					FALSE
113	ENSG00000153707_PTPRD	chr9:8503937:T>C	chr9:8526626-8526644:-	0	0					18	FALSE		2000	0					FALSE
114	ENSG00000153707_PTPRD	chr9:8503937:T>C	chr9:8526644-8527344:-	0	0					700	FALSE		2000	0					FALSE
115	ENSG00000153707_PTPRD	chr9:8503937:T>C	chr9:8527344-8527353:-	0	0					9	FALSE		2000	0					FALSE
116	ENSG00000153707_PTPRD	chr9:8503937:T>C	chr9:8527353-8528130:-	0	0					777	FALSE		2000	0					FALSE
117	ENSG00000153707_PTPRD	chr9:8503937:T>C	chr9:8528151-8528492:-	0	0					341	FALSE		2000	0					FALSE
118	ENSG00000153707_PTPRD	chr9:8503937:T>C	chr9:8534919-8534952:-	0	0					33	FALSE		2000	0					FALSE
119	ENSG00000153707_PTPRD	chr9:8503937:T>C	chr9:8633458-8633460:-	0	0					2	FALSE		2000	0					FALSE
120	ENSG00000107186_MPDZ	chr9:13279498:A>G	chr9:13276573-13276771:-	0	0					198	FALSE		2000	0					FALSE
121	ENSG00000107186_MPDZ	chr9:13279498:A>G	chr9:13279399-13279407:-	0	0					8	FALSE		2000	0					FALSE
122	ENSG00000107186_MPDZ	chr9:13279498:A>G	chr9:13279407-13279563:-	0	0					156	FALSE		2000	0					FALSE
123	ENSG00000175893_ZDHHC21	chr9:14618857:C>T	chr9:14658367-14658748:-	0	0					381	FALSE		2000	0					FALSE
124	ENSG00000175893_ZDHHC21	chr9:14618857:C>T	chr9:14662326-14663434:-	0	0					1108	FALSE		2000	0					FALSE
125	ENSG00000175893_ZDHHC21	chr9:14618857:C>T	chr9:14677365-14677472:-	0	0					107	FALSE		2000	0					FALSE
126	ENSG00000175893_ZDHHC21	chr9:14618857:C>T	chr9:14679879-14680032:-	0	0					153	FALSE		2000	0					FALSE
127	ENSG00000175893_ZDHHC21	chr9:14618857:C>T	chr9:14683566-14683570:-	0	0					4	FALSE		2000	0					FALSE
128	ENSG00000175893_ZDHHC21	chr9:14618857:C>T	chr9:14683570-14683729:-	0	0					159	FALSE		2000	0					FALSE
129	ENSG00000175893_ZDHHC21	chr9:14618857:C>T	chr9:14687849-14688246:-	0	0					397	FALSE		2000	0					FALSE
130	ENSG00000175893_ZDHHC21	chr9:14618857:C>T	chr9:14688246-14688307:-	0	0					61	FALSE		2000	0					FALSE
131	ENSG00000175893_ZDHHC21	chr9:14618857:C>T	chr9:14689551-14689762:-	0	0					211	FALSE		2000	0					FALSE
132	ENSG00000175893_ZDHHC21	chr9:14618857:C>T	chr9:14689762-14689983:-	0	0					221	FALSE		2000	0					FALSE
133	ENSG00000175893_ZDHHC21	chr9:14618857:C>T	chr9:14689983-14690068:-	0	0					85	FALSE		2000	0					FALSE
134	ENSG00000175893_ZDHHC21	chr9:14618857:C>T	chr9:14690068-14690336:-	0	0					268	FALSE		2000	0					FALSE
135	ENSG00000175893_ZDHHC21	chr9:14658616:G>A	chr9:14658367-14658748:-	0	0					381	FALSE		2000	0					FALSE
136	ENSG00000175893_ZDHHC21	chr9:14658616:G>A	chr9:14662326-14663434:-	0	0					1108	FALSE		2000	0					FALSE
137	ENSG00000175893_ZDHHC21	chr9:14680111:A>G	chr9:14683566-14683570:-	1	107	0.087	0.427	cis	0	4	FALSE	0.000999000999000999	2000	2000	0	0.000499750124937531	0.000499750124937531	0.073331755175044	FALSE
138	ENSG00000175893_ZDHHC21	chr9:14680111:A>G	chr9:14683570-14683729:-	1	107	0.076	0.398	cis	0	159	TRUE	0.001998001998002	2000	2000	1	0.000999500249875062	0.000999500249875062	0.126663940756894	TRUE
139	ENSG00000175893_ZDHHC21	chr9:14680111:A>G	chr9:14687849-14688246:-	1	108	-0.004	-0.014	trans	0.701890393338267	397	TRUE	0.384615384615385	2000	2000	758	0.379310344827586	0.379310344827586	1	FALSE
140	ENSG00000175893_ZDHHC21	chr9:14680111:A>G	chr9:14688246-14688307:-	1	108	0.057	0.356	cis	8.43769498715119e-15	61	TRUE	0.000999000999000999	2000	2000	0	0.000499750124937531	0.000499750124937531	0.073331755175044	TRUE
141	ENSG00000175893_ZDHHC21	chr9:14680111:A>G	chr9:14689551-14689762:-	1	108	0	0	trans	0.496798258867962	211	TRUE	1	2000	2000	2000	1	1	1	FALSE
142	ENSG00000175893_ZDHHC21	chr9:14680111:A>G	chr9:14689762-14689983:-	1	108	0	0	trans	0.496798258867962	221	TRUE	1	2000	2000	2000	1	1	1	FALSE
143	ENSG00000175893_ZDHHC21	chr9:14680111:A>G	chr9:14689983-14690068:-	1	108	0	0	trans	0.496798258867962	85	TRUE	1	2000	2000	2000	1	1	1	FALSE
144	ENSG00000175893_ZDHHC21	chr9:14680111:A>G	chr9:14690068-14690336:-	1	108	0	0	trans	0.496798258867962	268	TRUE	1	2000	2000	2000	1	1	1	FALSE
145	ENSG00000164985_PSIP1	chr9:15486871:A>G	chr9:15470635-15470645:-	1	34	0.006	-0.212	trans	0.344303601201733	10	TRUE	0.380619380619381	2000	1708	461	0.270333528379169	0.376811594202899	1	FALSE
146	ENSG00000164985_PSIP1	chr9:15486871:A>G	chr9:15470645-15470989:-	1	45	-0.009	-0.074	trans	0.694096763687268	344	TRUE	0.638361638361638	2000	2000	1264	0.632183908045977	0.632183908045977	1	FALSE
147	ENSG00000164985_PSIP1	chr9:15486871:A>G	chr9:15470989-15471176:-	1	45	-0.009	-0.074	trans	0.694096763687268	187	TRUE	0.638361638361638	2000	2000	1264	0.632183908045977	0.632183908045977	1	FALSE
148	ENSG00000164985_PSIP1	chr9:15486871:A>G	chr9:15471176-15471231:-	1	45	-0.009	-0.074	trans	0.694096763687268	55	TRUE	0.638361638361638	2000	2000	1264	0.632183908045977	0.632183908045977	1	FALSE
149	ENSG00000164985_PSIP1	chr9:15486871:A>G	chr9:15471231-15471311:-	1	45	-0.015	-0.037	trans	0.805248832437764	80	TRUE	0.687312687312687	2000	2000	1332	0.666166916541729	0.666166916541729	1	FALSE
150	ENSG00000164985_PSIP1	chr9:15486871:A>G	chr9:15472080-15472630:-	1	45	0	0	trans	0.491208409889844	550	TRUE	1	2000	2000	2000	1	1	1	FALSE
151	ENSG00000164985_PSIP1	chr9:15486871:A>G	chr9:15472630-15472631:-	1	49	-0.013	-0.047	trans	0.788731519990643	1	FALSE	0.554445554445555	2000	2000	1096	0.548225887056472	0.548225887056472	1	FALSE
152	ENSG00000164985_PSIP1	chr9:15486871:A>G	chr9:15485902-15486005:-	1	50	-0.007	-0.032	trans	0.674466568874357	103	TRUE	0.384615384615385	2000	2000	739	0.369815092453773	0.369815092453773	1	FALSE
153	ENSG00000164985_PSIP1	chr9:15486871:A>G	chr9:15489269-15489440:-	1	50	0	0	trans	0.48713700712861	171	TRUE	1	2000	2000	2000	1	1	1	FALSE
154	ENSG00000164985_PSIP1	chr9:15486871:A>G	chr9:15491951-15492225:-	1	50	0	0	trans	0.48713700712861	274	TRUE	1	2000	2000	2000	1	1	1	FALSE
155	ENSG00000164985_PSIP1	chr9:15486871:A>G	chr9:15504958-15506560:-	1	50	0	0	trans	0.48713700712861	1602	TRUE	1	2000	2000	2000	1	1	1	FALSE
156	ENSG00000164985_PSIP1	chr9:15486871:A>G	chr9:15510116-15510289:-	1	50	0	0	trans	0.48713700712861	173	TRUE	1	2000	2000	2000	1	1	1	FALSE
157	ENSG00000164985_PSIP1	chr9:15486871:A>G	chr9:15510289-15510326:-	1	38	0	0	trans	0.474128569867542	37	TRUE	1	2000	1936	1936	1	1	1	FALSE
158	ENSG00000164985_PSIP1	chr9:15486871:A>G	chr9:15510326-15510329:-	1	38	-0.016	-0.012	trans	0.783931713411973	3	FALSE	0.975024975024975	2000	1936	1897	0.979865771812081	0.980509745127436	1	FALSE
159	ENSG00000164985_PSIP1	chr9:15486871:A>G	chr9:15510329-15510764:-	1	38	0	0	trans	0.474128569867542	435	TRUE	1	2000	1936	1936	1	1	1	FALSE
160	ENSG00000044459_CNTLN	chr9:17135116:C>T	chr9:17166817-17168556:+	0	0					1739	FALSE		2000	0					FALSE
161	ENSG00000137154_RPS6	chr9:19380206:T>C	chr9:19376651-19376839:-	1	874	0	0	trans	0.485800120516634	188	TRUE	1	2000	2000	2000	1	1	1	FALSE
162	ENSG00000137154_RPS6	chr9:19380206:T>C	chr9:19378918-19379486:-	1	926	0	-0.015	trans	0.517860596446628	568	TRUE	0.512487512487513	2000	2000	1035	0.517741129435282	0.517741129435282	1	FALSE
163	ENSG00000137154_RPS6	chr9:19380206:T>C	chr9:19379618-19380087:-	1	926	0.008	0.049	cis	0	469	TRUE	0.002997002997003	2000	2000	4	0.00249875062468766	0.00249875062468766	0.2488041693439	FALSE
164	ENSG00000137154_RPS6	chr9:19380206:T>C	chr9:19380087-19380189:-	1	926	0.007	0.058	cis	0	102	TRUE	0.001998001998002	2000	2000	1	0.000999500249875062	0.000999500249875062	0.126663940756894	FALSE
165	ENSG00000188352_FOCAD	chr9:20658533:C>T	chr9:20658459-20658690:+	1	35	-0.009	-0.048	trans	0.635841585497405	231	TRUE	0.888111888111888	2000	1994	1772	0.888721804511278	0.889055472263868	1	FALSE
166	ENSG00000188352_FOCAD	chr9:20658533:C>T	chr9:20658826-20659422:+	1	35	0	0	trans	0.43650398648461	596	TRUE	1	2000	1994	1994	1	1	1	FALSE
167	ENSG00000188352_FOCAD	chr9:20658533:C>T	chr9:20684158-20684227:+	1	35	0	0	trans	0.43650398648461	69	TRUE	1	2000	1994	1994	1	1	1	FALSE
168	ENSG00000188352_FOCAD	chr9:20658533:C>T	chr9:20684227-20684233:+	1	35	0	0	trans	0.43650398648461	6	FALSE	1	2000	1994	1994	1	1	1	FALSE
169	ENSG00000188352_FOCAD	chr9:20658533:C>T	chr9:20684233-20684258:+	1	35	0	0	trans	0.43650398648461	25	TRUE	1	2000	1994	1994	1	1	1	FALSE
170	ENSG00000188352_FOCAD	chr9:20658533:C>T	chr9:20684258-20684293:+	1	35	0	0	trans	0.43650398648461	35	TRUE	1	2000	1994	1994	1	1	1	FALSE
171	ENSG00000188352_FOCAD	chr9:20658533:C>T	chr9:20694519-20694564:+	1	35	-0.009	0.048	trans	0.635841585497405	45	TRUE	0.888111888111888	2000	1994	1772	0.888721804511278	0.889055472263868	1	FALSE
172	ENSG00000188352_FOCAD	chr9:20658533:C>T	chr9:20715410-20715588:+	1	35	-0.009	-0.048	trans	0.635841585497405	178	TRUE	0.888111888111888	2000	1994	1772	0.888721804511278	0.889055472263868	1	FALSE
173	ENSG00000188352_FOCAD	chr9:20658533:C>T	chr9:20715588-20716340:+	0	0					752	FALSE		2000	0					FALSE
174	ENSG00000188352_FOCAD	chr9:20658700:T>C	chr9:20658459-20658690:+	2	107	0.023	-0.171	amb	0.000378610863437712	231	FALSE	0.033966033966034	2000	2000	81	0.0409795102448776	0.0409795102448776	0.93648257838294	FALSE
175	ENSG00000188352_FOCAD	chr9:20658700:T>C	chr9:20658826-20659422:+	2	107	-0.005	0.033	trans	0.766194187251298	596	FALSE	0.545454545454545	2000	2000	1104	0.552223888055972	0.552223888055972	1	FALSE
176	ENSG00000188352_FOCAD	chr9:20658700:T>C	chr9:20684158-20684227:+	2	101	0	0	trans	0.507686765433804	69	FALSE	1	2000	2000	2000	1	1	1	FALSE
177	ENSG00000188352_FOCAD	chr9:20658700:T>C	chr9:20684227-20684233:+	2	101	0	0	trans	0.507686765433804	6	FALSE	1	2000	2000	2000	1	1	1	FALSE
178	ENSG00000188352_FOCAD	chr9:20658700:T>C	chr9:20684233-20684258:+	2	101	0	0	trans	0.507686765433804	25	FALSE	1	2000	2000	2000	1	1	1	FALSE
179	ENSG00000188352_FOCAD	chr9:20658700:T>C	chr9:20684258-20684293:+	2	101	0	0	trans	0.507686765433804	35	FALSE	1	2000	2000	2000	1	1	1	FALSE
180	ENSG00000188352_FOCAD	chr9:20658700:T>C	chr9:20694519-20694564:+	2	101	0.021	0.145	amb	0.00253712884848145	45	FALSE	0.047952047952048	2000	2000	103	0.0519740129935032	0.0519740129935032	1	FALSE
181	ENSG00000188352_FOCAD	chr9:20658700:T>C	chr9:20715410-20715588:+	2	101	0.021	-0.145	amb	0.00253712884848145	178	FALSE	0.047952047952048	2000	2000	103	0.0519740129935032	0.0519740129935032	1	FALSE
182	ENSG00000188352_FOCAD	chr9:20658700:T>C	chr9:20715588-20716340:+	1	34	0.052	-0.289	trans	0.00442460096413211	752	FALSE	0.30969030969031	2000	1493	105	0.07095046854083	0.306346826586707	1	FALSE
183	ENSG00000188352_FOCAD	chr9:20658706:T>C	chr9:20658459-20658690:+	1	35	-0.015	-0.073	trans	0.753486272546661	231	FALSE	0.682317682317682	2000	2000	1376	0.68815592203898	0.68815592203898	1	FALSE
184	ENSG00000188352_FOCAD	chr9:20658706:T>C	chr9:20658826-20659422:+	1	35	-0.029	-0.031	trans	0.929824616448612	596	FALSE	1	2000	2000	2000	1	1	1	FALSE
185	ENSG00000188352_FOCAD	chr9:20658706:T>C	chr9:20684158-20684227:+	2	72	0	0	trans	0.49998639124046	69	FALSE	1	2000	2000	2000	1	1	1	FALSE
186	ENSG00000188352_FOCAD	chr9:20658706:T>C	chr9:20684227-20684233:+	2	72	0	0	trans	0.49998639124046	6	FALSE	1	2000	2000	2000	1	1	1	FALSE
187	ENSG00000188352_FOCAD	chr9:20658706:T>C	chr9:20684233-20684258:+	2	72	0	0	trans	0.49998639124046	25	FALSE	1	2000	2000	2000	1	1	1	FALSE
188	ENSG00000188352_FOCAD	chr9:20658706:T>C	chr9:20684258-20684293:+	2	72	0	0	trans	0.49998639124046	35	FALSE	1	2000	2000	2000	1	1	1	FALSE
189	ENSG00000188352_FOCAD	chr9:20658706:T>C	chr9:20694519-20694564:+	2	73	0.015	0.131	trans	0.0453741446195254	45	FALSE	0.102897102897103	2000	2000	225	0.112943528235882	0.112943528235882	1	FALSE
190	ENSG00000188352_FOCAD	chr9:20658706:T>C	chr9:20715410-20715588:+	2	73	0.015	-0.131	trans	0.0453741446195254	178	FALSE	0.102897102897103	2000	2000	225	0.112943528235882	0.112943528235882	1	FALSE
191	ENSG00000188352_FOCAD	chr9:20658706:T>C	chr9:20715588-20716340:+	0	0					752	FALSE		2000	0					FALSE
192	ENSG00000188352_FOCAD	chr9:20988426:A>G	chr9:20658459-20658690:+	0	0					231	FALSE		2000	0					FALSE
193	ENSG00000188352_FOCAD	chr9:20988426:A>G	chr9:20658826-20659422:+	0	0					596	FALSE		2000	0					FALSE
194	ENSG00000188352_FOCAD	chr9:20988426:A>G	chr9:20684158-20684227:+	0	0					69	FALSE		2000	0					FALSE
195	ENSG00000188352_FOCAD	chr9:20988426:A>G	chr9:20684227-20684233:+	0	0					6	FALSE		2000	0					FALSE
196	ENSG00000188352_FOCAD	chr9:20988426:A>G	chr9:20684233-20684258:+	0	0					25	FALSE		2000	0					FALSE
197	ENSG00000188352_FOCAD	chr9:20988426:A>G	chr9:20684258-20684293:+	1	31	-0.018	-0.046	trans	0.747718165936307	35	TRUE	0.905094905094905	2000	772	561	0.727037516170763	0.894552723638181	1	FALSE
198	ENSG00000188352_FOCAD	chr9:20988426:A>G	chr9:20694519-20694564:+	1	31	-0.018	0.046	trans	0.747718165936307	45	TRUE	0.905094905094905	2000	772	561	0.727037516170763	0.894552723638181	1	FALSE
199	ENSG00000188352_FOCAD	chr9:20988426:A>G	chr9:20715410-20715588:+	1	31	0	0	trans	0.487044554019432	178	TRUE	1	2000	772	772	1	1	1	FALSE
200	ENSG00000188352_FOCAD	chr9:20988426:A>G	chr9:20715588-20716340:+	1	31	0	0	trans	0.487044554019432	752	TRUE	1	2000	772	772	1	1	1	FALSE
201	ENSG00000188352_FOCAD	chr9:20988426:A>G	chr9:20716985-20717793:+	1	31	0	0	trans	0.487044554019432	808	TRUE	1	2000	772	772	1	1	1	FALSE
202	ENSG00000188352_FOCAD	chr9:20988426:A>G	chr9:20720534-20720588:+	1	31	0	0	trans	0.487044554019432	54	TRUE	1	2000	772	772	1	1	1	FALSE
203	ENSG00000188352_FOCAD	chr9:20988426:A>G	chr9:20726285-20726348:+	1	31	0	0	trans	0.487044554019432	63	TRUE	1	2000	772	772	1	1	1	FALSE
204	ENSG00000188352_FOCAD	chr9:20988426:A>G	chr9:20726350-20726432:+	1	31	0	0	trans	0.487044554019432	82	TRUE	1	2000	772	772	1	1	1	FALSE
205	ENSG00000188352_FOCAD	chr9:20988426:A>G	chr9:20764868-20764873:+	1	31	0	0	trans	0.487044554019432	5	FALSE	1	2000	772	772	1	1	1	FALSE
206	ENSG00000188352_FOCAD	chr9:20988426:A>G	chr9:20789333-20789350:+	1	31	0	0	trans	0.487044554019432	17	TRUE	1	2000	772	772	1	1	1	FALSE
207	ENSG00000188352_FOCAD	chr9:20988426:A>G	chr9:20819544-20819795:+	1	31	0	0	trans	0.487044554019432	251	TRUE	1	2000	772	772	1	1	1	FALSE
208	ENSG00000188352_FOCAD	chr9:20988426:A>G	chr9:20819795-20819900:+	1	31	0	0	trans	0.487044554019432	105	TRUE	1	2000	772	772	1	1	1	FALSE
209	ENSG00000188352_FOCAD	chr9:20988426:A>G	chr9:20819900-20820293:+	1	31	0	0	trans	0.487044554019432	393	TRUE	1	2000	772	772	1	1	1	FALSE
210	ENSG00000188352_FOCAD	chr9:20988426:A>G	chr9:20820293-20820323:+	1	32	0	0.062	trans	0.488432823061255	30	TRUE	0.726273726273726	2000	880	301	0.342792281498297	0.710644677661169	1	FALSE
211	ENSG00000188352_FOCAD	chr9:20988426:A>G	chr9:20821061-20821071:+	1	32	0	0	trans	0.488432823061255	10	TRUE	1	2000	880	880	1	1	1	FALSE
212	ENSG00000188352_FOCAD	chr9:20988426:A>G	chr9:20821071-20822023:+	1	32	0	0	trans	0.488432823061255	952	TRUE	1	2000	880	880	1	1	1	FALSE
213	ENSG00000188352_FOCAD	chr9:20988426:A>G	chr9:20862712-20863147:+	1	32	0	0	trans	0.488432823061255	435	TRUE	1	2000	880	880	1	1	1	FALSE
214	ENSG00000188352_FOCAD	chr9:20988426:A>G	chr9:20863420-20863550:+	1	32	0	0	trans	0.488432823061255	130	TRUE	1	2000	880	880	1	1	1	FALSE
215	ENSG00000188352_FOCAD	chr9:20988426:A>G	chr9:20864223-20865925:+	1	32	0	0	trans	0.488432823061255	1702	TRUE	1	2000	880	880	1	1	1	FALSE
216	ENSG00000188352_FOCAD	chr9:20988426:A>G	chr9:20867012-20868190:+	1	32	0	0	trans	0.488432823061255	1178	TRUE	1	2000	880	880	1	1	1	FALSE
217	ENSG00000188352_FOCAD	chr9:20988426:A>G	chr9:20872806-20872872:+	1	32	0	0	trans	0.488432823061255	66	TRUE	1	2000	880	880	1	1	1	FALSE
218	ENSG00000188352_FOCAD	chr9:20988426:A>G	chr9:20873842-20874680:+	1	32	0	0	trans	0.488432823061255	838	TRUE	1	2000	880	880	1	1	1	FALSE
219	ENSG00000188352_FOCAD	chr9:20988426:A>G	chr9:20874807-20875815:+	1	32	0	0	trans	0.488432823061255	1008	TRUE	1	2000	880	880	1	1	1	FALSE
220	ENSG00000188352_FOCAD	chr9:20988426:A>G	chr9:20885108-20885146:+	1	32	0	0	trans	0.488432823061255	38	TRUE	1	2000	880	880	1	1	1	FALSE
221	ENSG00000188352_FOCAD	chr9:20988426:A>G	chr9:20885230-20885529:+	1	32	0	0	trans	0.488432823061255	299	TRUE	1	2000	880	880	1	1	1	FALSE
222	ENSG00000188352_FOCAD	chr9:20988426:A>G	chr9:20896970-20897048:+	1	32	0	0	trans	0.488432823061255	78	TRUE	1	2000	880	880	1	1	1	FALSE
223	ENSG00000188352_FOCAD	chr9:20988426:A>G	chr9:20912558-20912865:+	1	32	0	0	trans	0.488432823061255	307	TRUE	1	2000	880	880	1	1	1	FALSE
224	ENSG00000188352_FOCAD	chr9:20988426:A>G	chr9:20916937-20917274:+	1	32	0	0	trans	0.488432823061255	337	TRUE	1	2000	880	880	1	1	1	FALSE
225	ENSG00000188352_FOCAD	chr9:20988426:A>G	chr9:20927764-20927801:+	1	32	0	0	trans	0.488432823061255	37	TRUE	1	2000	880	880	1	1	1	FALSE
226	ENSG00000188352_FOCAD	chr9:20988426:A>G	chr9:20927801-20927891:+	1	32	0	0	trans	0.488432823061255	90	TRUE	1	2000	880	880	1	1	1	FALSE
227	ENSG00000188352_FOCAD	chr9:20988426:A>G	chr9:20928943-20929082:+	1	32	0	0	trans	0.488432823061255	139	TRUE	1	2000	880	880	1	1	1	FALSE
228	ENSG00000188352_FOCAD	chr9:20988426:A>G	chr9:20929357-20929596:+	1	32	0	0	trans	0.488432823061255	239	TRUE	1	2000	880	880	1	1	1	FALSE
229	ENSG00000188352_FOCAD	chr9:20988426:A>G	chr9:20948393-20948394:+	1	32	0	0	trans	0.488432823061255	1	FALSE	1	2000	880	880	1	1	1	FALSE
230	ENSG00000188352_FOCAD	chr9:20988426:A>G	chr9:20949967-20950995:+	1	32	0	0	trans	0.488432823061255	1028	TRUE	1	2000	880	880	1	1	1	FALSE
231	ENSG00000188352_FOCAD	chr9:20988426:A>G	chr9:20952419-20952515:+	1	32	0	0	trans	0.488432823061255	96	TRUE	1	2000	880	880	1	1	1	FALSE
232	ENSG00000188352_FOCAD	chr9:20988426:A>G	chr9:20953065-20953901:+	1	32	0	0	trans	0.488432823061255	836	TRUE	1	2000	880	880	1	1	1	FALSE
233	ENSG00000188352_FOCAD	chr9:20988426:A>G	chr9:20957501-20957617:+	1	32	0	0	trans	0.488432823061255	116	TRUE	1	2000	880	880	1	1	1	FALSE
234	ENSG00000188352_FOCAD	chr9:20988426:A>G	chr9:20976321-20976419:+	1	32	0	0	trans	0.488432823061255	98	TRUE	1	2000	880	880	1	1	1	FALSE
235	ENSG00000107105_ELAVL2	chr9:23692126:C>G	chr9:23692884-23692887:-	1	70	0.012	-0.134	trans	0.0888163458031428	3	FALSE	0.153846153846154	2000	2000	321	0.160919540229885	0.160919540229885	1	FALSE
236	ENSG00000107105_ELAVL2	chr9:23692126:C>G	chr9:23693447-23693486:-	1	70	0	-0.06	trans	0.474380440484406	39	TRUE	0.307692307692308	2000	2000	643	0.32183908045977	0.32183908045977	1	FALSE
237	ENSG00000107105_ELAVL2	chr9:23692126:C>G	chr9:23735236-23735565:-	1	70	0	0	trans	0.474380440484406	329	TRUE	1	2000	2000	2000	1	1	1	FALSE
238	ENSG00000107105_ELAVL2	chr9:23692126:C>G	chr9:23761135-23762005:-	1	70	0	0	trans	0.474380440484406	870	TRUE	1	2000	2000	2000	1	1	1	FALSE
239	ENSG00000107105_ELAVL2	chr9:23692126:C>G	chr9:23762246-23762249:-	1	70	-0.009	-0.034	trans	0.815567069318519	3	FALSE	0.645354645354645	2000	2000	1272	0.636181909045477	0.636181909045477	1	FALSE
240	ENSG00000107105_ELAVL2	chr9:23692126:C>G	chr9:23765008-23765044:-	1	70	0.012	-0.134	trans	0.0888163458031428	36	TRUE	0.153846153846154	2000	2000	321	0.160919540229885	0.160919540229885	1	FALSE
241	ENSG00000107105_ELAVL2	chr9:23692126:C>G	chr9:23765044-23765099:-	1	70	0.012	-0.134	trans	0.0888163458031428	55	TRUE	0.153846153846154	2000	2000	321	0.160919540229885	0.160919540229885	1	FALSE
242	ENSG00000107105_ELAVL2	chr9:23692126:C>G	chr9:23779236-23779375:-	1	70	0	0	trans	0.474380440484406	139	TRUE	1	2000	2000	2000	1	1	1	FALSE
243	ENSG00000107105_ELAVL2	chr9:23692126:C>G	chr9:23781504-23781738:-	1	70	0	0	trans	0.474380440484406	234	TRUE	1	2000	2000	2000	1	1	1	FALSE
244	ENSG00000107105_ELAVL2	chr9:23692126:C>G	chr9:23781738-23781816:-	1	70	0	0	trans	0.474380440484406	78	TRUE	1	2000	2000	2000	1	1	1	FALSE
245	ENSG00000107105_ELAVL2	chr9:23692126:C>G	chr9:23782538-23782563:-	1	70	0	0	trans	0.474380440484406	25	TRUE	1	2000	2000	2000	1	1	1	FALSE
246	ENSG00000107105_ELAVL2	chr9:23692126:C>G	chr9:23782563-23782957:-	1	70	0	0	trans	0.474380440484406	394	TRUE	1	2000	2000	2000	1	1	1	FALSE
247	ENSG00000107105_ELAVL2	chr9:23692126:C>G	chr9:23782957-23784095:-	1	70	0	0	trans	0.474380440484406	1138	TRUE	1	2000	2000	2000	1	1	1	FALSE
248	ENSG00000107105_ELAVL2	chr9:23692126:C>G	chr9:23821226-23821275:-	1	70	-0.004	-0.074	trans	0.641950043338494	49	TRUE	0.455544455544456	2000	2000	929	0.464767616191904	0.464767616191904	1	FALSE
249	ENSG00000107105_ELAVL2	chr9:23692126:C>G	chr9:23821275-23821480:-	1	59	-0.004	0.061	trans	0.636312146639884	205	TRUE	0.35964035964036	2000	1999	732	0.3665	0.366816591704148	1	FALSE
250	ENSG00000107105_ELAVL2	chr9:23692126:C>G	chr9:23821604-23821848:-	1	55	-0.001	-0.122	trans	0.526257762031213	244	TRUE	0.384615384615385	2000	1998	767	0.384192096048024	0.384807596201899	1	FALSE
251	ENSG00000107105_ELAVL2	chr9:23781512:C>T	chr9:23781504-23781738:-	0	0					234	FALSE		2000	0					FALSE
252	ENSG00000107105_ELAVL2	chr9:23781512:C>T	chr9:23781738-23781816:-	0	0					78	FALSE		2000	0					FALSE
253	ENSG00000107105_ELAVL2	chr9:23781512:C>T	chr9:23782538-23782563:-	0	0					25	FALSE		2000	0					FALSE
254	ENSG00000107105_ELAVL2	chr9:23781512:C>T	chr9:23782563-23782957:-	0	0					394	FALSE		2000	0					FALSE
255	ENSG00000107105_ELAVL2	chr9:23762177:G>A	chr9:23692884-23692887:-	1	57	-0.003	0.074	trans	0.595821770549432	3	FALSE	0.420579420579421	2000	2000	827	0.413793103448276	0.413793103448276	1	FALSE
256	ENSG00000107105_ELAVL2	chr9:23762177:G>A	chr9:23693447-23693486:-	1	57	-0.021	-0.001	trans	0.938141782906497	39	TRUE	1	2000	2000	2000	1	1	1	FALSE
257	ENSG00000107105_ELAVL2	chr9:23762177:G>A	chr9:23735236-23735565:-	1	82	0	0	trans	0.534910340249463	329	TRUE	1	2000	2000	2000	1	1	1	FALSE
258	ENSG00000107105_ELAVL2	chr9:23762177:G>A	chr9:23761135-23762005:-	1	102	0.011	0.133	trans	0.0896507519235548	870	TRUE	0.106893106893107	2000	2000	190	0.0954522738630685	0.0954522738630685	1	FALSE
259	ENSG00000107105_ELAVL2	chr9:23762177:G>A	chr9:23762246-23762249:-	1	116	-0.001	-0.044	trans	0.584481221359162	3	FALSE	0.433566433566434	2000	2000	844	0.422288855572214	0.422288855572214	1	FALSE
260	ENSG00000107105_ELAVL2	chr9:23762177:G>A	chr9:23765008-23765044:-	1	116	-0.005	-0.011	trans	0.800841716732592	36	TRUE	1	2000	2000	2000	1	1	1	FALSE
261	ENSG00000107105_ELAVL2	chr9:23762177:G>A	chr9:23765044-23765099:-	1	116	-0.005	-0.011	trans	0.800841716732592	55	TRUE	1	2000	2000	2000	1	1	1	FALSE
262	ENSG00000107105_ELAVL2	chr9:23762177:G>A	chr9:23779236-23779375:-	1	116	0	0	trans	0.522152208973933	139	TRUE	1	2000	2000	2000	1	1	1	FALSE
263	ENSG00000107105_ELAVL2	chr9:23762177:G>A	chr9:23781504-23781738:-	1	116	0	0	trans	0.522152208973933	234	TRUE	1	2000	2000	2000	1	1	1	FALSE
264	ENSG00000107105_ELAVL2	chr9:23762177:G>A	chr9:23781738-23781816:-	1	116	0	0	trans	0.522152208973933	78	TRUE	1	2000	2000	2000	1	1	1	FALSE
265	ENSG00000107105_ELAVL2	chr9:23762177:G>A	chr9:23782538-23782563:-	1	116	0	0	trans	0.522152208973933	25	TRUE	1	2000	2000	2000	1	1	1	FALSE
266	ENSG00000107105_ELAVL2	chr9:23762177:G>A	chr9:23782563-23782957:-	1	116	0	0	trans	0.522152208973933	394	TRUE	1	2000	2000	2000	1	1	1	FALSE
267	ENSG00000107105_ELAVL2	chr9:23762177:G>A	chr9:23782957-23784095:-	1	116	0	0	trans	0.522152208973933	1138	TRUE	1	2000	2000	2000	1	1	1	FALSE
268	ENSG00000107105_ELAVL2	chr9:23762177:G>A	chr9:23821226-23821275:-	1	116	-0.001	0.044	trans	0.584481221359162	49	TRUE	0.45954045954046	2000	2000	871	0.435782108945527	0.435782108945527	1	FALSE
269	ENSG00000107105_ELAVL2	chr9:23762177:G>A	chr9:23821275-23821480:-	1	110	-0.011	0.003	trans	0.94952273137793	205	TRUE	1	2000	2000	2000	1	1	1	FALSE
270	ENSG00000107105_ELAVL2	chr9:23762177:G>A	chr9:23821604-23821848:-	1	108	-0.005	0.031	trans	0.746755000666646	244	TRUE	0.648351648351648	2000	2000	1298	0.649175412293853	0.649175412293853	1	FALSE
271	ENSG00000120159_CAAP1	chr9:26887383:C>T	chr9:26861065-26861088:-	0	0					23	FALSE		2000	0					FALSE
272	ENSG00000120159_CAAP1	chr9:26887383:C>T	chr9:26861088-26861139:-	0	0					51	FALSE		2000	0					FALSE
273	ENSG00000120159_CAAP1	chr9:26887383:C>T	chr9:26866633-26866780:-	0	0					147	FALSE		2000	0					FALSE
274	ENSG00000120159_CAAP1	chr9:26887383:C>T	chr9:26869925-26869977:-	0	0					52	FALSE		2000	0					FALSE
275	ENSG00000120159_CAAP1	chr9:26887383:C>T	chr9:26884809-26884885:-	0	0					76	FALSE		2000	0					FALSE
276	ENSG00000120159_CAAP1	chr9:26887383:C>T	chr9:26884885-26884902:-	0	0					17	FALSE		2000	0					FALSE
277	ENSG00000120159_CAAP1	chr9:26887383:C>T	chr9:26886103-26886121:-	0	0					18	FALSE		2000	0					FALSE
278	ENSG00000120159_CAAP1	chr9:26887383:C>T	chr9:26886121-26886188:-	1	40	0	0	trans	0.494717558753228	67	TRUE	1	2000	2000	2000	1	1	1	FALSE
279	ENSG00000120159_CAAP1	chr9:26887383:C>T	chr9:26887312-26887478:-	1	40	0	0	trans	0.494717558753228	166	TRUE	1	2000	2000	2000	1	1	1	FALSE
280	ENSG00000120159_CAAP1	chr9:26887383:C>T	chr9:26887478-26887513:-	1	40	0	0	trans	0.494717558753228	35	TRUE	1	2000	2000	2000	1	1	1	FALSE
281	ENSG00000120159_CAAP1	chr9:26887383:C>T	chr9:26892258-26892412:-	1	40	-0.013	0.044	trans	0.75620855514977	154	TRUE	0.978021978021978	2000	2000	1956	0.978010994502749	0.978010994502749	1	FALSE
282	ENSG00000120159_CAAP1	chr9:26892655:G>A	chr9:26861065-26861088:-	0	0					23	FALSE		2000	0					FALSE
283	ENSG00000120159_CAAP1	chr9:26892655:G>A	chr9:26861088-26861139:-	0	0					51	FALSE		2000	0					FALSE
284	ENSG00000120159_CAAP1	chr9:26892655:G>A	chr9:26866633-26866780:-	0	0					147	FALSE		2000	0					FALSE
285	ENSG00000120159_CAAP1	chr9:26892655:G>A	chr9:26869925-26869977:-	0	0					52	FALSE		2000	0					FALSE
286	ENSG00000120159_CAAP1	chr9:26892655:G>A	chr9:26884809-26884885:-	0	0					76	FALSE		2000	0					FALSE
287	ENSG00000120159_CAAP1	chr9:26892655:G>A	chr9:26884885-26884902:-	0	0					17	FALSE		2000	0					FALSE
288	ENSG00000120159_CAAP1	chr9:26892655:G>A	chr9:26886103-26886121:-	0	0					18	FALSE		2000	0					FALSE
289	ENSG00000120159_CAAP1	chr9:26892655:G>A	chr9:26886121-26886188:-	1	40	0	0	trans	0.494717558753228	67	TRUE	1	2000	2000	2000	1	1	1	FALSE
290	ENSG00000120159_CAAP1	chr9:26892655:G>A	chr9:26887312-26887478:-	1	40	0	0	trans	0.494717558753228	166	TRUE	1	2000	2000	2000	1	1	1	FALSE
291	ENSG00000120159_CAAP1	chr9:26892655:G>A	chr9:26887478-26887513:-	1	40	0	0	trans	0.494717558753228	35	TRUE	1	2000	2000	2000	1	1	1	FALSE
292	ENSG00000120159_CAAP1	chr9:26892655:G>A	chr9:26892258-26892412:-	1	40	-0.006	-0.125	trans	0.622954918215847	154	TRUE	0.44955044955045	2000	2000	911	0.455772113943029	0.455772113943029	1	FALSE
293	ENSG00000096872_IFT74	chr9:26978171:A>G	chr9:26956411-26956478:+	0	0					67	FALSE		2000	0					FALSE
294	ENSG00000096872_IFT74	chr9:26978171:A>G	chr9:26956478-26956516:+	0	0					38	FALSE		2000	0					FALSE
295	ENSG00000096872_IFT74	chr9:26978171:A>G	chr9:26976566-26976782:+	0	0					216	FALSE		2000	0					FALSE
296	ENSG00000096872_IFT74	chr9:26978171:A>G	chr9:26982285-26982399:+	0	0					114	FALSE		2000	0					FALSE
297	ENSG00000096872_IFT74	chr9:26978171:A>G	chr9:26983831-26984256:+	0	0					425	FALSE		2000	0					FALSE
298	ENSG00000096872_IFT74	chr9:26978171:A>G	chr9:26992382-26992677:+	0	0					295	FALSE		2000	0					FALSE
299	ENSG00000096872_IFT74	chr9:26978171:A>G	chr9:27028807-27029024:+	0	0					217	FALSE		2000	0					FALSE
300	ENSG00000096872_IFT74	chr9:26978171:A>G	chr9:27036449-27036800:+	0	0					351	FALSE		2000	0					FALSE
301	ENSG00000096872_IFT74	chr9:26978260:A>G	chr9:26956411-26956478:+	0	0					67	FALSE		2000	0					FALSE
302	ENSG00000096872_IFT74	chr9:26978260:A>G	chr9:26956478-26956516:+	0	0					38	FALSE		2000	0					FALSE
303	ENSG00000096872_IFT74	chr9:26978260:A>G	chr9:26976566-26976782:+	0	0					216	FALSE		2000	0					FALSE
304	ENSG00000096872_IFT74	chr9:26978260:A>G	chr9:26982285-26982399:+	0	0					114	FALSE		2000	0					FALSE
305	ENSG00000096872_IFT74	chr9:26978260:A>G	chr9:26983831-26984256:+	0	0					425	FALSE		2000	0					FALSE
306	ENSG00000096872_IFT74	chr9:26978260:A>G	chr9:26992382-26992677:+	0	0					295	FALSE		2000	0					FALSE
307	ENSG00000096872_IFT74	chr9:26978260:A>G	chr9:27028807-27029024:+	0	0					217	FALSE		2000	0					FALSE
308	ENSG00000096872_IFT74	chr9:26978260:A>G	chr9:27036449-27036800:+	0	0					351	FALSE		2000	0					FALSE
309	ENSG00000120162_MOB3B	chr9:27455136:G>A	chr9:27454968-27455132:-	1	31	0.01	-0.164	trans	0.336782019429095	164	TRUE	0.190809190809191	2000	1997	370	0.185685685685686	0.186906546726637	1	FALSE
310	ENSG00000120162_MOB3B	chr9:27455585:C>G	chr9:27454968-27455132:-	0	0					164	FALSE		2000	0					FALSE
311	ENSG00000120162_MOB3B	chr9:27529667:C>T	chr9:27454968-27455132:-	1	33	0.02	-0.192	trans	0.177926478865728	164	TRUE	0.194805194805195	2000	2000	371	0.185907046476762	0.185907046476762	1	FALSE
312	ENSG00000120162_MOB3B	chr9:27529735:G>A	chr9:27454968-27455132:-	0	0					164	FALSE		2000	0					FALSE
313	ENSG00000147894_C9orf72	chr9:27567146:C>T	chr9:27546545-27546554:-	1	40	0.015	-0.24	trans	0.203418647761568	9	FALSE	0.142857142857143	2000	1999	301	0.151	0.151424287856072	1	FALSE
314	ENSG00000147894_C9orf72	chr9:27567146:C>T	chr9:27546554-27547107:-	1	53	0.013	-0.209	trans	0.230675326405416	553	TRUE	0.130869130869131	2000	2000	254	0.12743628185907	0.12743628185907	1	FALSE
315	ENSG00000147894_C9orf72	chr9:27567146:C>T	chr9:27547107-27548114:-	1	69	0.001	-0.119	trans	0.470205963935746	1007	TRUE	0.298701298701299	2000	2000	609	0.304847576211894	0.304847576211894	1	FALSE
316	ENSG00000147894_C9orf72	chr9:27567146:C>T	chr9:27548418-27548422:-	1	69	0.001	-0.119	trans	0.470205963935746	4	FALSE	0.298701298701299	2000	2000	609	0.304847576211894	0.304847576211894	1	FALSE
317	ENSG00000147894_C9orf72	chr9:27567146:C>T	chr9:27554592-27554625:-	1	90	-0.005	0.04	trans	0.720375742151886	33	TRUE	0.625374625374625	2000	2000	1234	0.617191404297851	0.617191404297851	1	FALSE
318	ENSG00000147894_C9orf72	chr9:27567146:C>T	chr9:27556455-27556560:-	1	90	0	0	trans	0.494495195083986	105	TRUE	1	2000	2000	2000	1	1	1	FALSE
319	ENSG00000147894_C9orf72	chr9:27567146:C>T	chr9:27558607-27560226:-	1	90	0.001	-0.08	trans	0.44695815831474	1619	TRUE	0.311688311688312	2000	2000	626	0.313343328335832	0.313343328335832	1	FALSE
320	ENSG00000147894_C9orf72	chr9:27567146:C>T	chr9:27560500-27560785:-	1	95	0.038	-0.091	cis	4.4830614698288e-06	285	TRUE	0.0529470529470529	2000	2000	106	0.0534732633683159	0.0534732633683159	1	FALSE
321	ENSG00000147894_C9orf72	chr9:27567146:C>T	chr9:27560785-27561548:-	1	124	-0.001	0.068	trans	0.57637093729649	763	TRUE	0.393606393606394	2000	2000	811	0.405797101449275	0.405797101449275	1	FALSE
322	ENSG00000147894_C9orf72	chr9:27567146:C>T	chr9:27561548-27561584:-	1	124	-0.001	0.068	trans	0.57637093729649	36	TRUE	0.393606393606394	2000	2000	811	0.405797101449275	0.405797101449275	1	FALSE
323	ENSG00000147894_C9orf72	chr9:27567146:C>T	chr9:27571135-27571260:-	1	124	0	0	trans	0.50820911527718	125	TRUE	1	2000	2000	2000	1	1	1	FALSE
324	ENSG00000147894_C9orf72	chr9:27567146:C>T	chr9:27573430-27573448:-	1	124	0.05	0.106	cis	0	18	TRUE	0.00699300699300699	2000	2000	13	0.00699650174912544	0.00699650174912544	0.500160176322095	TRUE
325	ENSG00000147894_C9orf72	chr9:27567146:C>T	chr9:27573448-27573457:-	1	111	0.059	0.123	cis	0	9	FALSE	0.002997002997003	2000	2000	8	0.00449775112443778	0.00449775112443778	0.358278003855215	FALSE
326	ENSG00000147894_C9orf72	chr9:27567146:C>T	chr9:27573457-27573481:-	1	95	0.067	0.143	cis	2.22044604925031e-15	24	TRUE	0.002997002997003	2000	2000	6	0.00349825087456272	0.00349825087456272	0.29554919509942	TRUE
327	ENSG00000147894_C9orf72	chr9:27567146:C>T	chr9:27573481-27573494:-	1	75	0.097	0.2	cis	0	13	TRUE	0.001998001998002	2000	2000	3	0.00199900049975013	0.00199900049975013	0.214354361280898	TRUE
328	ENSG00000147894_C9orf72	chr9:27567146:C>T	chr9:27573494-27573506:-	1	57	0.129	0.269	cis	0	12	TRUE	0.001998001998002	2000	2000	1	0.000999500249875062	0.000999500249875062	0.126663940756894	TRUE
329	ENSG00000147894_C9orf72	chr9:27561629:T>C	chr9:27560500-27560785:-	0	0					285	FALSE		2000	0					FALSE
330	ENSG00000147894_C9orf72	chr9:27561629:T>C	chr9:27560785-27561548:-	1	34	-0.016	-0.021	trans	0.745243613433625	763	TRUE	0.875124875124875	2000	1986	1731	0.871665827881228	0.87256371814093	1	FALSE
331	ENSG00000147894_C9orf72	chr9:27561629:T>C	chr9:27561548-27561584:-	2	64	-0.009	0.002	trans	0.766885884633705	36	TRUE	0.999000999000999	2000	2000	1998	0.999000499750125	0.999000499750125	1	FALSE
332	ENSG00000147894_C9orf72	chr9:27561629:T>C	chr9:27571135-27571260:-	2	64	0	0	trans	0.516570536726138	125	TRUE	1	2000	2000	2000	1	1	1	FALSE
333	ENSG00000147894_C9orf72	chr9:27561629:T>C	chr9:27573430-27573448:-	2	64	0.003	-0.127	trans	0.425642523629385	18	TRUE	0.287712287712288	2000	2000	525	0.262868565717141	0.262868565717141	1	FALSE
334	ENSG00000147894_C9orf72	chr9:27561629:T>C	chr9:27573448-27573457:-	1	30	0.04	-0.295	trans	0.0766176198868677	9	FALSE	0.125874125874126	2000	1939	188	0.0974226804123711	0.124937531234383	1	FALSE
335	ENSG00000147894_C9orf72	chr9:27561629:T>C	chr9:27573457-27573481:-	1	30	0.04	-0.295	trans	0.0766176198868677	24	TRUE	0.125874125874126	2000	1939	188	0.0974226804123711	0.124937531234383	1	FALSE
336	ENSG00000147894_C9orf72	chr9:27561629:T>C	chr9:27573481-27573494:-	0	0					13	FALSE		2000	0					FALSE
337	ENSG00000147894_C9orf72	chr9:27561629:T>C	chr9:27573494-27573506:-	0	0					12	FALSE		2000	0					FALSE
338	ENSG00000086061_DNAJA1	chr9:33026573:T>C	chr9:33025724-33025955:+	2	2216	0	-0.005	trans	0.490770587272866	231	TRUE	1	2000	2000	2000	1	1	1	FALSE
339	ENSG00000086061_DNAJA1	chr9:33026573:T>C	chr9:33026474-33026616:+	2	2217	0	0	trans	0.490770587272866	142	TRUE	1	2000	2000	2000	1	1	1	FALSE
340	ENSG00000086061_DNAJA1	chr9:33026573:T>C	chr9:33026812-33026990:+	2	2217	0	0	trans	0.490770587272866	178	TRUE	1	2000	2000	2000	1	1	1	FALSE
341	ENSG00000086061_DNAJA1	chr9:33026573:T>C	chr9:33029884-33029989:+	2	2217	0	0	trans	0.490770587272866	105	TRUE	1	2000	2000	2000	1	1	1	FALSE
342	ENSG00000086061_DNAJA1	chr9:33026573:T>C	chr9:33030439-33030667:+	2	2217	0	0	trans	0.490770587272866	228	TRUE	1	2000	2000	2000	1	1	1	FALSE
343	ENSG00000086061_DNAJA1	chr9:33026573:T>C	chr9:33036125-33036257:+	2	2217	0	0	trans	0.490770587272866	132	TRUE	1	2000	2000	2000	1	1	1	FALSE
344	ENSG00000086061_DNAJA1	chr9:33026573:T>C	chr9:33037115-33037332:+	2	2217	0	0	trans	0.490770587272866	217	TRUE	1	2000	2000	2000	1	1	1	FALSE
345	ENSG00000086061_DNAJA1	chr9:33026573:T>C	chr9:33039412-33039548:+	2	2147	0	0	trans	0.486182540335394	136	TRUE	1	2000	2000	2000	1	1	1	FALSE
346	ENSG00000122692_SMU1	chr9:33068909:C>T	chr9:33071154-33071739:-	4	436	0.012	0.025	cis	1.74138925501666e-10	585	TRUE	0.0719280719280719	2000	2000	137	0.0689655172413793	0.0689655172413793	1	FALSE
347	ENSG00000137073_UBAP2	chr9:33989066:G>T	chr9:33922599-33922686:-	2	80	0	0	trans	0.524528926742936	87	TRUE	1	2000	2000	2000	1	1	1	FALSE
348	ENSG00000137073_UBAP2	chr9:33989066:G>T	chr9:33922878-33922965:-	2	80	0	0	trans	0.524528926742936	87	TRUE	1	2000	2000	2000	1	1	1	FALSE
349	ENSG00000137073_UBAP2	chr9:33989066:G>T	chr9:33923033-33923094:-	2	80	0.006	0.12	trans	0.289956157393151	61	TRUE	0.192807192807193	2000	2000	388	0.1944027986007	0.1944027986007	1	FALSE
350	ENSG00000137073_UBAP2	chr9:33989066:G>T	chr9:33923094-33923161:-	2	80	0.006	0.12	trans	0.289956157393151	67	TRUE	0.192807192807193	2000	2000	388	0.1944027986007	0.1944027986007	1	FALSE
351	ENSG00000137073_UBAP2	chr9:33989066:G>T	chr9:33923161-33923185:-	2	80	0.001	0.091	trans	0.483654967133844	24	TRUE	0.26973026973027	2000	2000	542	0.271364317841079	0.271364317841079	1	FALSE
352	ENSG00000137073_UBAP2	chr9:33989066:G>T	chr9:33923185-33923245:-	2	80	-0.009	-0.029	trans	0.837461526132117	60	TRUE	0.573426573426573	2000	2000	1126	0.563218390804598	0.563218390804598	1	FALSE
353	ENSG00000137073_UBAP2	chr9:33989066:G>T	chr9:33923293-33923378:-	2	80	0.001	0.091	trans	0.483654967133844	85	TRUE	0.26973026973027	2000	2000	542	0.271364317841079	0.271364317841079	1	FALSE
354	ENSG00000137073_UBAP2	chr9:33989066:G>T	chr9:33926616-33926664:-	2	80	0.028	0.242	amb	0.00248751106668277	48	TRUE	0.030969030969031	2000	2000	60	0.0304847576211894	0.0304847576211894	0.807334650431794	FALSE
355	ENSG00000137073_UBAP2	chr9:33989066:G>T	chr9:33926988-33927026:-	2	80	0.028	0.242	amb	0.00248751106668277	38	TRUE	0.030969030969031	2000	2000	60	0.0304847576211894	0.0304847576211894	0.807334650431794	FALSE
356	ENSG00000137073_UBAP2	chr9:33989066:G>T	chr9:33927026-33927080:-	2	80	0.028	0.242	amb	0.00248751106668277	54	TRUE	0.030969030969031	2000	2000	60	0.0304847576211894	0.0304847576211894	0.807334650431794	FALSE
357	ENSG00000137073_UBAP2	chr9:33989066:G>T	chr9:33927080-33927796:-	2	80	0	0	trans	0.524528926742936	716	TRUE	1	2000	2000	2000	1	1	1	FALSE
358	ENSG00000137073_UBAP2	chr9:33989066:G>T	chr9:33927796-33927992:-	2	80	0.028	0.242	amb	0.00248751106668277	196	TRUE	0.030969030969031	2000	2000	60	0.0304847576211894	0.0304847576211894	0.807334650431794	FALSE
359	ENSG00000137073_UBAP2	chr9:33989066:G>T	chr9:33927992-33928371:-	2	80	0	0	trans	0.524528926742936	379	TRUE	1	2000	2000	2000	1	1	1	FALSE
360	ENSG00000137073_UBAP2	chr9:33989066:G>T	chr9:33928371-33928549:-	2	80	-0.009	0.029	trans	0.837461526132117	178	TRUE	0.573426573426573	2000	2000	1126	0.563218390804598	0.563218390804598	1	FALSE
361	ENSG00000137073_UBAP2	chr9:33989066:G>T	chr9:33928549-33928612:-	2	80	-0.009	0.029	trans	0.837461526132117	63	TRUE	0.573426573426573	2000	2000	1126	0.563218390804598	0.563218390804598	1	FALSE
362	ENSG00000137073_UBAP2	chr9:33989066:G>T	chr9:33928612-33928835:-	2	80	0	0	trans	0.524528926742936	223	TRUE	1	2000	2000	2000	1	1	1	FALSE
363	ENSG00000137073_UBAP2	chr9:33989066:G>T	chr9:33932561-33932628:-	2	80	0	0	trans	0.524528926742936	67	TRUE	1	2000	2000	2000	1	1	1	FALSE
364	ENSG00000137073_UBAP2	chr9:33989066:G>T	chr9:33933628-33933646:-	2	80	-0.015	0.003	trans	0.945102466628396	18	TRUE	1	2000	2000	2000	1	1	1	FALSE
365	ENSG00000137073_UBAP2	chr9:33989066:G>T	chr9:33933646-33933821:-	2	80	0	0	trans	0.524528926742936	175	TRUE	1	2000	2000	2000	1	1	1	FALSE
366	ENSG00000137073_UBAP2	chr9:33989066:G>T	chr9:33934053-33934354:-	2	80	0	0	trans	0.524528926742936	301	TRUE	1	2000	2000	2000	1	1	1	FALSE
367	ENSG00000137073_UBAP2	chr9:33989066:G>T	chr9:33935321-33935403:-	2	80	0	0	trans	0.524528926742936	82	TRUE	1	2000	2000	2000	1	1	1	FALSE
368	ENSG00000137073_UBAP2	chr9:33989066:G>T	chr9:33935403-33935838:-	2	81	-0.001	-0.023	trans	0.564199679542878	435	TRUE	0.793206793206793	2000	2000	1604	0.802098950524738	0.802098950524738	1	FALSE
369	ENSG00000137073_UBAP2	chr9:33989066:G>T	chr9:33948373-33948587:-	2	82	-0.008	-0.03	trans	0.811767835048551	214	TRUE	0.490509490509491	2000	2000	957	0.478760619690155	0.478760619690155	1	FALSE
370	ENSG00000137073_UBAP2	chr9:33989066:G>T	chr9:33948587-33948966:-	2	82	0	0	trans	0.534910340249463	379	TRUE	1	2000	2000	2000	1	1	1	FALSE
371	ENSG00000137073_UBAP2	chr9:33989066:G>T	chr9:33953284-33953474:-	2	82	-0.002	0.023	trans	0.612875626552811	190	TRUE	0.887112887112887	2000	2000	1805	0.902548725637181	0.902548725637181	1	FALSE
372	ENSG00000137073_UBAP2	chr9:33989066:G>T	chr9:33956078-33956146:-	2	82	-0.006	0.038	trans	0.753399666770582	68	TRUE	0.618381618381618	2000	2000	1224	0.612193903048476	0.612193903048476	1	FALSE
373	ENSG00000137073_UBAP2	chr9:33989066:G>T	chr9:33960825-33960878:-	2	82	-0.002	0.023	trans	0.612875626552811	53	TRUE	0.887112887112887	2000	2000	1805	0.902548725637181	0.902548725637181	1	FALSE
374	ENSG00000137073_UBAP2	chr9:33989066:G>T	chr9:33963725-33963791:-	2	82	-0.002	0.023	trans	0.612875626552811	66	TRUE	0.887112887112887	2000	2000	1805	0.902548725637181	0.902548725637181	1	FALSE
375	ENSG00000137073_UBAP2	chr9:33989066:G>T	chr9:33971650-33971737:-	2	82	-0.006	-0.039	trans	0.753399666770582	87	TRUE	0.792207792207792	2000	2000	1616	0.808095952023988	0.808095952023988	1	FALSE
376	ENSG00000137073_UBAP2	chr9:33989066:G>T	chr9:33971737-33971754:-	2	82	-0.007	0.006	trans	0.783722888101595	17	TRUE	1	2000	2000	2000	1	1	1	FALSE
377	ENSG00000137073_UBAP2	chr9:33989066:G>T	chr9:33973182-33973237:-	2	82	-0.006	-0.039	trans	0.753399666770582	55	TRUE	0.792207792207792	2000	2000	1616	0.808095952023988	0.808095952023988	1	FALSE
378	ENSG00000137073_UBAP2	chr9:33989066:G>T	chr9:33986759-33986837:-	2	82	0	0	trans	0.534910340249463	78	TRUE	1	2000	2000	2000	1	1	1	FALSE
379	ENSG00000137073_UBAP2	chr9:33989066:G>T	chr9:33988972-33989043:-	2	82	0	0	trans	0.534910340249463	71	TRUE	1	2000	2000	2000	1	1	1	FALSE
380	ENSG00000137073_UBAP2	chr9:33989066:G>T	chr9:33989043-33989063:-	2	82	0	0	trans	0.534910340249463	20	TRUE	1	2000	2000	2000	1	1	1	FALSE
381	ENSG00000137073_UBAP2	chr9:33989066:G>T	chr9:33989063-33989126:-	2	104	0	0	trans	0.526739743765588	63	TRUE	1	2000	2000	2000	1	1	1	FALSE
382	ENSG00000137073_UBAP2	chr9:33989066:G>T	chr9:33994480-33996222:-	2	107	0.021	0.053	amb	0.00105066957856226	1742	TRUE	0.227772227772228	2000	2000	463	0.231884057971015	0.231884057971015	1	FALSE
383	ENSG00000137073_UBAP2	chr9:33989066:G>T	chr9:33996222-33996333:-	2	107	0.039	0.08	cis	5.72892444594686e-09	111	TRUE	0.024975024975025	2000	2000	54	0.0274862568715642	0.0274862568715642	0.807334650431794	FALSE
384	ENSG00000137073_UBAP2	chr9:33989066:G>T	chr9:33996333-33996477:-	2	107	-0.008	0.013	trans	0.87800073815272	144	TRUE	1	2000	2000	2000	1	1	1	FALSE
385	ENSG00000137073_UBAP2	chr9:33989066:G>T	chr9:33996477-33997036:-	2	107	-0.008	0.013	trans	0.87800073815272	559	TRUE	1	2000	2000	2000	1	1	1	FALSE
386	ENSG00000137073_UBAP2	chr9:33989066:G>T	chr9:33997036-33998786:-	2	107	-0.003	0.033	trans	0.667825731158998	1750	TRUE	0.616383616383616	2000	2000	1246	0.623188405797102	0.623188405797102	1	FALSE
387	ENSG00000137073_UBAP2	chr9:33989066:G>T	chr9:33998786-33998864:-	2	107	0.014	0.04	trans	0.0200879380908674	78	TRUE	0.201798201798202	2000	2000	397	0.198900549725137	0.198900549725137	1	FALSE
388	ENSG00000137073_UBAP2	chr9:33989066:G>T	chr9:34011626-34011664:-	2	107	0.022	-0.227	amb	0.000637052629328894	38	TRUE	0.024975024975025	2000	2000	42	0.0214892553723138	0.0214892553723138	0.807334650431794	FALSE
389	ENSG00000137073_UBAP2	chr9:33989066:G>T	chr9:34014503-34014625:-	2	107	-0.009	-0.005	trans	0.9051179416631	122	TRUE	1	2000	2000	2000	1	1	1	FALSE
390	ENSG00000137073_UBAP2	chr9:33989066:G>T	chr9:34016540-34017049:-	2	107	0	0	trans	0.498099943823457	509	TRUE	1	2000	2000	2000	1	1	1	FALSE
391	ENSG00000137073_UBAP2	chr9:33989066:G>T	chr9:34017049-34017148:-	2	107	-0.009	-0.015	trans	0.9051179416631	99	TRUE	1	2000	2000	2000	1	1	1	FALSE
392	ENSG00000137073_UBAP2	chr9:33989066:G>T	chr9:34017148-34017189:-	2	106	-0.009	-0.015	trans	0.919839798732849	41	TRUE	1	2000	2000	2000	1	1	1	FALSE
393	ENSG00000137073_UBAP2	chr9:33989066:G>T	chr9:34032798-34032908:-	2	106	0.02	0.053	amb	0.000857425257424493	110	TRUE	0.231768231768232	2000	2000	477	0.23888055972014	0.23888055972014	1	FALSE
394	ENSG00000137073_UBAP2	chr9:33989066:G>T	chr9:34048824-34048868:-	2	106	0.002	0.078	trans	0.375268226042721	44	TRUE	0.288711288711289	2000	2000	546	0.27336331834083	0.27336331834083	1	FALSE
395	ENSG00000137073_UBAP2	chr9:33989066:G>T	chr9:34048868-34048872:-	2	104	0.002	0.08	trans	0.423693833846439	4	FALSE	0.281718281718282	2000	2000	541	0.270864567716142	0.270864567716142	1	FALSE
396	ENSG00000137073_UBAP2	chr9:33989066:G>T	chr9:34048872-34048877:-	2	101	0	0.074	trans	0.507686765433804	5	FALSE	0.368631368631369	2000	2000	713	0.356821589205397	0.356821589205397	1	FALSE
397	ENSG00000137073_UBAP2	chr9:33989066:G>T	chr9:34048877-34048879:-	2	101	-0.006	0.029	trans	0.795435211569315	2	FALSE	0.743256743256743	2000	2000	1487	0.743628185907047	0.743628185907047	1	FALSE
398	ENSG00000137073_UBAP2	chr9:33989066:G>T	chr9:34048879-34048882:-	2	98	-0.006	0.024	trans	0.785368532175817	3	FALSE	0.718281718281718	2000	2000	1442	0.721139430284858	0.721139430284858	1	FALSE
399	ENSG00000137073_UBAP2	chr9:33989066:G>T	chr9:34048882-34048887:-	2	97	-0.006	0.026	trans	0.78226323485785	5	FALSE	0.701298701298701	2000	2000	1413	0.706646676661669	0.706646676661669	1	FALSE
400	ENSG00000137073_UBAP2	chr9:33989066:G>T	chr9:34048887-34048890:-	1	35	-0.017	0.046	trans	0.787626744574024	3	FALSE	0.779220779220779	2000	2000	1561	0.780609695152424	0.780609695152424	1	FALSE
401	ENSG00000137073_UBAP2	chr9:33989066:G>T	chr9:34048890-34048907:-	0	0					17	FALSE		2000	0					FALSE
402	ENSG00000137073_UBAP2	chr9:33989066:G>T	chr9:34048907-34048909:-	0	0					2	FALSE		2000	0					FALSE
403	ENSG00000137073_UBAP2	chr9:33989066:G>T	chr9:34048909-34048938:-	0	0					29	FALSE		2000	0					FALSE
404	ENSG00000137073_UBAP2	chr9:34017107:C>T	chr9:33922599-33922686:-	0	0					87	FALSE		2000	0					FALSE
405	ENSG00000137073_UBAP2	chr9:34017107:C>T	chr9:33922878-33922965:-	0	0					87	FALSE		2000	0					FALSE
406	ENSG00000137073_UBAP2	chr9:34017107:C>T	chr9:33923033-33923094:-	0	0					61	FALSE		2000	0					FALSE
407	ENSG00000137073_UBAP2	chr9:34017107:C>T	chr9:33923094-33923161:-	0	0					67	FALSE		2000	0					FALSE
408	ENSG00000137073_UBAP2	chr9:34017107:C>T	chr9:33923161-33923185:-	0	0					24	FALSE		2000	0					FALSE
409	ENSG00000137073_UBAP2	chr9:34017107:C>T	chr9:33923185-33923245:-	0	0					60	FALSE		2000	0					FALSE
410	ENSG00000137073_UBAP2	chr9:34017107:C>T	chr9:33923293-33923378:-	0	0					85	FALSE		2000	0					FALSE
411	ENSG00000137073_UBAP2	chr9:34017107:C>T	chr9:33926616-33926664:-	0	0					48	FALSE		2000	0					FALSE
412	ENSG00000137073_UBAP2	chr9:34017107:C>T	chr9:33926988-33927026:-	0	0					38	FALSE		2000	0					FALSE
413	ENSG00000137073_UBAP2	chr9:34017107:C>T	chr9:33927026-33927080:-	0	0					54	FALSE		2000	0					FALSE
414	ENSG00000137073_UBAP2	chr9:34017107:C>T	chr9:33927080-33927796:-	0	0					716	FALSE		2000	0					FALSE
415	ENSG00000137073_UBAP2	chr9:34017107:C>T	chr9:33927796-33927992:-	0	0					196	FALSE		2000	0					FALSE
416	ENSG00000137073_UBAP2	chr9:34017107:C>T	chr9:33927992-33928371:-	0	0					379	FALSE		2000	0					FALSE
417	ENSG00000137073_UBAP2	chr9:34017107:C>T	chr9:33928371-33928549:-	0	0					178	FALSE		2000	0					FALSE
418	ENSG00000137073_UBAP2	chr9:34017107:C>T	chr9:33928549-33928612:-	0	0					63	FALSE		2000	0					FALSE
419	ENSG00000137073_UBAP2	chr9:34017107:C>T	chr9:33928612-33928835:-	0	0					223	FALSE		2000	0					FALSE
420	ENSG00000137073_UBAP2	chr9:34017107:C>T	chr9:33932561-33932628:-	0	0					67	FALSE		2000	0					FALSE
421	ENSG00000137073_UBAP2	chr9:34017107:C>T	chr9:33933628-33933646:-	0	0					18	FALSE		2000	0					FALSE
422	ENSG00000137073_UBAP2	chr9:34017107:C>T	chr9:33933646-33933821:-	0	0					175	FALSE		2000	0					FALSE
423	ENSG00000137073_UBAP2	chr9:34017107:C>T	chr9:33934053-33934354:-	0	0					301	FALSE		2000	0					FALSE
424	ENSG00000137073_UBAP2	chr9:34017107:C>T	chr9:33935321-33935403:-	0	0					82	FALSE		2000	0					FALSE
425	ENSG00000137073_UBAP2	chr9:34017107:C>T	chr9:33935403-33935838:-	0	0					435	FALSE		2000	0					FALSE
426	ENSG00000137073_UBAP2	chr9:34017107:C>T	chr9:33948373-33948587:-	0	0					214	FALSE		2000	0					FALSE
427	ENSG00000137073_UBAP2	chr9:34017107:C>T	chr9:33948587-33948966:-	0	0					379	FALSE		2000	0					FALSE
428	ENSG00000137073_UBAP2	chr9:34017107:C>T	chr9:33953284-33953474:-	0	0					190	FALSE		2000	0					FALSE
429	ENSG00000137073_UBAP2	chr9:34017107:C>T	chr9:33956078-33956146:-	0	0					68	FALSE		2000	0					FALSE
430	ENSG00000137073_UBAP2	chr9:34017107:C>T	chr9:33960825-33960878:-	0	0					53	FALSE		2000	0					FALSE
431	ENSG00000137073_UBAP2	chr9:34017107:C>T	chr9:33963725-33963791:-	0	0					66	FALSE		2000	0					FALSE
432	ENSG00000137073_UBAP2	chr9:34017107:C>T	chr9:33971650-33971737:-	0	0					87	FALSE		2000	0					FALSE
433	ENSG00000137073_UBAP2	chr9:34017107:C>T	chr9:33971737-33971754:-	0	0					17	FALSE		2000	0					FALSE
434	ENSG00000137073_UBAP2	chr9:34017107:C>T	chr9:33973182-33973237:-	0	0					55	FALSE		2000	0					FALSE
435	ENSG00000137073_UBAP2	chr9:34017107:C>T	chr9:33986759-33986837:-	0	0					78	FALSE		2000	0					FALSE
436	ENSG00000137073_UBAP2	chr9:34017107:C>T	chr9:33988972-33989043:-	0	0					71	FALSE		2000	0					FALSE
437	ENSG00000137073_UBAP2	chr9:34017107:C>T	chr9:33989043-33989063:-	0	0					20	FALSE		2000	0					FALSE
438	ENSG00000137073_UBAP2	chr9:34017107:C>T	chr9:33989063-33989126:-	0	0					63	FALSE		2000	0					FALSE
439	ENSG00000137073_UBAP2	chr9:34017107:C>T	chr9:33994480-33996222:-	0	0					1742	FALSE		2000	0					FALSE
440	ENSG00000137073_UBAP2	chr9:34017107:C>T	chr9:33996222-33996333:-	0	0					111	FALSE		2000	0					FALSE
441	ENSG00000137073_UBAP2	chr9:34017107:C>T	chr9:33996333-33996477:-	0	0					144	FALSE		2000	0					FALSE
442	ENSG00000137073_UBAP2	chr9:34017107:C>T	chr9:33996477-33997036:-	0	0					559	FALSE		2000	0					FALSE
443	ENSG00000137073_UBAP2	chr9:34017107:C>T	chr9:33997036-33998786:-	0	0					1750	FALSE		2000	0					FALSE
444	ENSG00000137073_UBAP2	chr9:34017107:C>T	chr9:33998786-33998864:-	0	0					78	FALSE		2000	0					FALSE
445	ENSG00000137073_UBAP2	chr9:34017107:C>T	chr9:34011626-34011664:-	0	0					38	FALSE		2000	0					FALSE
446	ENSG00000137073_UBAP2	chr9:34017107:C>T	chr9:34014503-34014625:-	0	0					122	FALSE		2000	0					FALSE
447	ENSG00000137073_UBAP2	chr9:34017107:C>T	chr9:34016540-34017049:-	1	47	0.063	-0.221	amb	2.56653586540034e-05	509	TRUE	0.016983016983017	2000	2000	29	0.0149925037481259	0.0149925037481259	0.751941489572674	FALSE
448	ENSG00000137073_UBAP2	chr9:34017107:C>T	chr9:34017049-34017148:-	1	47	0	0	trans	0.498740346575215	99	TRUE	1	2000	2000	2000	1	1	1	FALSE
449	ENSG00000137073_UBAP2	chr9:34017107:C>T	chr9:34017148-34017189:-	1	47	0	0	trans	0.498740346575215	41	TRUE	1	2000	2000	2000	1	1	1	FALSE
450	ENSG00000137073_UBAP2	chr9:34017107:C>T	chr9:34032798-34032908:-	1	47	0.022	0.114	trans	0.078364281106143	110	TRUE	0.271728271728272	2000	2000	539	0.269865067466267	0.269865067466267	1	FALSE
451	ENSG00000137073_UBAP2	chr9:34017107:C>T	chr9:34048824-34048868:-	1	47	-0.022	-0.002	trans	0.9207073270785	44	TRUE	1	2000	2000	2000	1	1	1	FALSE
452	ENSG00000137073_UBAP2	chr9:34017107:C>T	chr9:34048868-34048872:-	0	0					4	FALSE		2000	0					FALSE
453	ENSG00000137073_UBAP2	chr9:34017107:C>T	chr9:34048872-34048877:-	0	0					5	FALSE		2000	0					FALSE
454	ENSG00000137073_UBAP2	chr9:34017107:C>T	chr9:34048877-34048879:-	0	0					2	FALSE		2000	0					FALSE
455	ENSG00000137073_UBAP2	chr9:34017107:C>T	chr9:34048879-34048882:-	1	42	-0.024	-0.006	trans	0.905652880731728	3	FALSE	1	2000	1983	1983	1	1	1	FALSE
456	ENSG00000137073_UBAP2	chr9:34017107:C>T	chr9:34048882-34048887:-	1	42	-0.024	-0.006	trans	0.905652880731728	5	FALSE	1	2000	1983	1983	1	1	1	FALSE
457	ENSG00000137073_UBAP2	chr9:34017107:C>T	chr9:34048887-34048890:-	0	0					3	FALSE		2000	0					FALSE
458	ENSG00000137073_UBAP2	chr9:34017107:C>T	chr9:34048890-34048907:-	0	0					17	FALSE		2000	0					FALSE
459	ENSG00000137073_UBAP2	chr9:34017107:C>T	chr9:34048907-34048909:-	0	0					2	FALSE		2000	0					FALSE
460	ENSG00000137073_UBAP2	chr9:34017107:C>T	chr9:34048909-34048938:-	0	0					29	FALSE		2000	0					FALSE
461	ENSG00000122756_CNTFR	chr9:34551897:G>A	chr9:34581094-34581205:-	1	70	0.021	-0.238	trans	0.0104180126808562	111	TRUE	0.0879120879120879	2000	2000	179	0.0899550224887556	0.0899550224887556	1	FALSE
462	ENSG00000122756_CNTFR	chr9:34551897:G>A	chr9:34589554-34589706:-	1	70	-0.008	0.024	trans	0.785707418613403	152	TRUE	1	2000	2000	2000	1	1	1	FALSE
463	ENSG00000122756_CNTFR	chr9:34551897:G>A	chr9:34589706-34589724:-	1	40	-0.005	-0.143	trans	0.602118868845825	18	TRUE	0.402597402597403	2000	1999	830	0.4155	0.415792103948026	1	FALSE
464	ENSG00000122756_CNTFR	chr9:34552019:G>C	chr9:34581094-34581205:-	2	87	-0.001	-0.095	trans	0.537579582696984	111	FALSE	0.406593406593407	2000	2000	808	0.404297851074463	0.404297851074463	1	FALSE
465	ENSG00000122756_CNTFR	chr9:34552019:G>C	chr9:34589554-34589706:-	2	86	-0.004	0.06	trans	0.66506471153096	152	FALSE	0.592407592407592	2000	2000	1176	0.588205897051474	0.588205897051474	1	FALSE
466	ENSG00000122756_CNTFR	chr9:34552019:G>C	chr9:34589706-34589724:-	1	34	-0.013	0.074	trans	0.696725023800251	18	FALSE	0.702297702297702	2000	1997	1412	0.707207207207207	0.707646176911544	1	FALSE
467	ENSG00000122756_CNTFR	chr9:34552048:A>G	chr9:34581094-34581205:-	1	61	-0.008	0.045	trans	0.753268087665082	111	FALSE	0.771228771228771	2000	2000	1580	0.790104947526237	0.790104947526237	1	FALSE
468	ENSG00000122756_CNTFR	chr9:34552048:A>G	chr9:34589554-34589706:-	1	61	-0.01	-0.002	trans	0.803317614505801	152	FALSE	1	2000	2000	2000	1	1	1	FALSE
469	ENSG00000122756_CNTFR	chr9:34552048:A>G	chr9:34589706-34589724:-	1	43	-0.013	0.018	trans	0.781774293368008	18	FALSE	1	2000	2000	2000	1	1	1	FALSE
470	ENSG00000147955_SIGMAR1	chr9:34637692:T>G	chr9:34634824-34634832:-	0	0					8	FALSE		2000	0					FALSE
471	ENSG00000147955_SIGMAR1	chr9:34637692:T>G	chr9:34634832-34635317:-	0	0					485	FALSE		2000	0					FALSE
472	ENSG00000147955_SIGMAR1	chr9:34637692:T>G	chr9:34635317-34635444:-	0	0					127	FALSE		2000	0					FALSE
473	ENSG00000147955_SIGMAR1	chr9:34637692:T>G	chr9:34635444-34635482:-	0	0					38	FALSE		2000	0					FALSE
474	ENSG00000147955_SIGMAR1	chr9:34637692:T>G	chr9:34635482-34635496:-	0	0					14	FALSE		2000	0					FALSE
475	ENSG00000147955_SIGMAR1	chr9:34637692:T>G	chr9:34635496-34635533:-	0	0					37	FALSE		2000	0					FALSE
476	ENSG00000147955_SIGMAR1	chr9:34637692:T>G	chr9:34635640-34635783:-	0	0					143	FALSE		2000	0					FALSE
477	ENSG00000147955_SIGMAR1	chr9:34637692:T>G	chr9:34635783-34635858:-	0	0					75	FALSE		2000	0					FALSE
478	ENSG00000147955_SIGMAR1	chr9:34637692:T>G	chr9:34635858-34636373:-	0	0					515	FALSE		2000	0					FALSE
479	ENSG00000147955_SIGMAR1	chr9:34637692:T>G	chr9:34636373-34636750:-	0	0					377	FALSE		2000	0					FALSE
480	ENSG00000147955_SIGMAR1	chr9:34637692:T>G	chr9:34636750-34636751:-	0	0					1	FALSE		2000	0					FALSE
481	ENSG00000147955_SIGMAR1	chr9:34637692:T>G	chr9:34636751-34636996:-	0	0					245	FALSE		2000	0					FALSE
482	ENSG00000147955_SIGMAR1	chr9:34637692:T>G	chr9:34636996-34637089:-	0	0					93	FALSE		2000	0					FALSE
483	ENSG00000147955_SIGMAR1	chr9:34637692:T>G	chr9:34637089-34637112:-	0	0					23	FALSE		2000	0					FALSE
484	ENSG00000147955_SIGMAR1	chr9:34637692:T>G	chr9:34637112-34637219:-	0	0					107	FALSE		2000	0					FALSE
485	ENSG00000147955_SIGMAR1	chr9:34637692:T>G	chr9:34637219-34637266:-	0	0					47	FALSE		2000	0					FALSE
486	ENSG00000147955_SIGMAR1	chr9:34637692:T>G	chr9:34637420-34637546:-	0	0					126	FALSE		2000	0					FALSE
487	ENSG00000147955_SIGMAR1	chr9:34637692:T>G	chr9:34637546-34637606:-	0	0					60	FALSE		2000	0					FALSE
488	ENSG00000165280_VCP	chr9:35059648:A>ATT	chr9:35057095-35057172:-	2	348	0.005	0.014	amb	0.0100767500526558	77	FALSE	0.28971028971029	2000	2000	551	0.275862068965517	0.275862068965517	1	FALSE
489	ENSG00000165280_VCP	chr9:35059648:A>ATT	chr9:35057172-35057211:-	2	348	0.005	0.014	amb	0.0100767500526558	39	FALSE	0.28971028971029	2000	2000	551	0.275862068965517	0.275862068965517	1	FALSE
490	ENSG00000165280_VCP	chr9:35059648:A>ATT	chr9:35057211-35057222:-	2	348	0.005	0.014	amb	0.0100767500526558	11	FALSE	0.28971028971029	2000	2000	551	0.275862068965517	0.275862068965517	1	FALSE
491	ENSG00000165280_VCP	chr9:35059648:A>ATT	chr9:35057222-35057375:-	2	349	-0.001	-0.012	trans	0.678905874007576	153	FALSE	0.654345654345654	2000	2000	1270	0.635182408795602	0.635182408795602	1	FALSE
492	ENSG00000165280_VCP	chr9:35059648:A>ATT	chr9:35057375-35057527:-	2	348	0.005	0.014	amb	0.0100767500526558	152	FALSE	0.28971028971029	2000	2000	551	0.275862068965517	0.275862068965517	1	FALSE
493	ENSG00000165280_VCP	chr9:35059648:A>ATT	chr9:35057527-35057530:-	2	349	-0.003	0.004	trans	0.914355746539059	3	FALSE	1	2000	2000	2000	1	1	1	FALSE
494	ENSG00000165280_VCP	chr9:35059648:A>ATT	chr9:35057530-35057833:-	2	349	0.013	-0.028	cis	2.32277419520699e-09	303	FALSE	0.0689310689310689	2000	2000	122	0.0614692653673163	0.0614692653673163	1	FALSE
495	ENSG00000165280_VCP	chr9:35059648:A>ATT	chr9:35057833-35059063:-	2	349	0.013	-0.028	cis	2.32277419520699e-09	1230	FALSE	0.0689310689310689	2000	2000	122	0.0614692653673163	0.0614692653673163	1	FALSE
496	ENSG00000165280_VCP	chr9:35059648:A>ATT	chr9:35059063-35059140:-	2	348	0.005	0.014	amb	0.0100767500526558	77	FALSE	0.28971028971029	2000	2000	551	0.275862068965517	0.275862068965517	1	FALSE
497	ENSG00000165280_VCP	chr9:35059648:A>ATT	chr9:35059140-35059219:-	2	348	0	0	trans	0.507266205507593	79	FALSE	1	2000	2000	2000	1	1	1	FALSE
498	ENSG00000165280_VCP	chr9:35059648:A>ATT	chr9:35059442-35059492:-	2	348	0	0	trans	0.507266205507593	50	FALSE	1	2000	2000	2000	1	1	1	FALSE
499	ENSG00000165280_VCP	chr9:35059648:A>ATT	chr9:35059801-35060024:-	2	349	-0.003	-0.002	trans	0.914355746539059	223	FALSE	1	2000	2000	2000	1	1	1	FALSE
500	ENSG00000165280_VCP	chr9:35059648:A>ATT	chr9:35060024-35060312:-	2	344	0.005	-0.014	amb	0.00488296183329029	288	FALSE	0.270729270729271	2000	2000	562	0.28135932033983	0.28135932033983	1	FALSE
501	ENSG00000165280_VCP	chr9:35059648:A>ATT	chr9:35060525-35060800:-	2	344	0.005	-0.014	amb	0.00488296183329029	275	FALSE	0.270729270729271	2000	2000	562	0.28135932033983	0.28135932033983	1	FALSE
502	ENSG00000165280_VCP	chr9:35059648:A>ATT	chr9:35060923-35060941:-	2	344	0.004	-0.026	amb	0.0188590045804699	18	FALSE	0.15984015984016	2000	2000	316	0.158420789605197	0.158420789605197	1	FALSE
503	ENSG00000165280_VCP	chr9:35059648:A>ATT	chr9:35061179-35061576:-	2	344	0	0.018	trans	0.478669020867719	397	FALSE	0.497502497502498	2000	2000	995	0.497751124437781	0.497751124437781	1	FALSE
504	ENSG00000165280_VCP	chr9:35059648:A>ATT	chr9:35062138-35062155:-	2	343	0	0.046	trans	0.498345160724669	17	FALSE	0.414585414585415	2000	2000	821	0.410794602698651	0.410794602698651	1	FALSE
505	ENSG00000165280_VCP	chr9:35059648:A>ATT	chr9:35062155-35062216:-	2	345	-0.001	0.019	trans	0.693283888563877	61	FALSE	0.607392607392607	2000	2000	1240	0.620189905047476	0.620189905047476	1	FALSE
506	ENSG00000165280_VCP	chr9:35059648:A>ATT	chr9:35062216-35062323:-	2	344	0	0	trans	0.478669020867719	107	FALSE	1	2000	2000	2000	1	1	1	FALSE
507	ENSG00000165280_VCP	chr9:35059648:A>ATT	chr9:35062323-35062350:-	2	344	0	0	trans	0.478669020867719	27	FALSE	1	2000	2000	2000	1	1	1	FALSE
508	ENSG00000165280_VCP	chr9:35059648:A>ATT	chr9:35064153-35064279:-	2	344	0	0	trans	0.478669020867719	126	FALSE	1	2000	2000	2000	1	1	1	FALSE
509	ENSG00000165280_VCP	chr9:35059648:A>ATT	chr9:35064279-35064285:-	2	344	0	0	trans	0.478669020867719	6	FALSE	1	2000	2000	2000	1	1	1	FALSE
510	ENSG00000165280_VCP	chr9:35059648:A>ATT	chr9:35064386-35064483:-	2	344	0	0	trans	0.478669020867719	97	FALSE	1	2000	2000	2000	1	1	1	FALSE
511	ENSG00000165280_VCP	chr9:35059648:A>ATT	chr9:35065246-35065250:-	2	344	0	0	trans	0.478669020867719	4	FALSE	1	2000	2000	2000	1	1	1	FALSE
512	ENSG00000165280_VCP	chr9:35059648:A>ATT	chr9:35065907-35065961:-	2	344	0	0	trans	0.478669020867719	54	FALSE	1	2000	2000	2000	1	1	1	FALSE
513	ENSG00000165280_VCP	chr9:35059648:A>ATT	chr9:35066674-35066817:-	2	344	0	0	trans	0.478669020867719	143	FALSE	1	2000	2000	2000	1	1	1	FALSE
514	ENSG00000165280_VCP	chr9:35059648:A>ATT	chr9:35066817-35066900:-	2	344	0	0.034	trans	0.478669020867719	83	FALSE	0.366633366633367	2000	2000	728	0.36431784107946	0.36431784107946	1	FALSE
515	ENSG00000165280_VCP	chr9:35059648:A>ATT	chr9:35068057-35068063:-	2	344	0	0.034	trans	0.478669020867719	6	FALSE	0.366633366633367	2000	2000	737	0.368815592203898	0.368815592203898	1	FALSE
516	ENSG00000165280_VCP	chr9:35059648:A>ATT	chr9:35068063-35068084:-	2	343	-0.002	0.013	trans	0.828663228832399	21	FALSE	1	2000	2000	2000	1	1	1	FALSE
517	ENSG00000165280_VCP	chr9:35059648:A>ATT	chr9:35068084-35068099:-	2	343	-0.002	0.013	trans	0.828663228832399	15	FALSE	1	2000	2000	2000	1	1	1	FALSE
518	ENSG00000165280_VCP	chr9:35059648:A>ATT	chr9:35068099-35068166:-	2	343	-0.002	0.013	trans	0.828663228832399	67	FALSE	1	2000	2000	2000	1	1	1	FALSE
519	ENSG00000165280_VCP	chr9:35059648:A>ATT	chr9:35068250-35068354:-	2	344	0	0	trans	0.478669020867719	104	FALSE	1	2000	2000	2000	1	1	1	FALSE
520	ENSG00000165280_VCP	chr9:35059648:A>ATT	chr9:35068354-35068362:-	2	344	0.001	-0.048	trans	0.287877081312521	8	FALSE	0.260739260739261	2000	2000	518	0.259370314842579	0.259370314842579	1	FALSE
521	ENSG00000165280_VCP	chr9:35059648:A>ATT	chr9:35068541-35068633:-	2	344	0	0	trans	0.478669020867719	92	FALSE	1	2000	2000	2000	1	1	1	FALSE
522	ENSG00000165280_VCP	chr9:35059648:A>ATT	chr9:35068703-35068824:-	2	344	0	0	trans	0.478669020867719	121	FALSE	1	2000	2000	2000	1	1	1	FALSE
523	ENSG00000165280_VCP	chr9:35059648:A>ATT	chr9:35071756-35072205:-	2	344	0.009	0.054	cis	2.02869445875553e-06	449	FALSE	0.032967032967033	2000	2000	62	0.0314842578710645	0.0314842578710645	0.812760286523405	FALSE
524	ENSG00000165280_VCP	chr9:35059648:A>ATT	chr9:35072237-35072276:-	2	326	0	0	trans	0.520700873180709	39	FALSE	1	2000	2000	2000	1	1	1	FALSE
525	ENSG00000165280_VCP	chr9:35059648:A>ATT	chr9:35072276-35072332:-	2	327	-0.001	-0.033	trans	0.690470789459218	56	FALSE	0.618381618381618	2000	2000	1210	0.60519740129935	0.60519740129935	1	FALSE
526	ENSG00000165280_VCP	chr9:35059648:A>ATT	chr9:35072332-35072336:-	2	327	-0.001	-0.033	trans	0.690470789459218	4	FALSE	0.618381618381618	2000	2000	1210	0.60519740129935	0.60519740129935	1	FALSE
527	ENSG00000165280_VCP	chr9:35059648:A>ATT	chr9:35072336-35072442:-	2	326	0	0	trans	0.520700873180709	106	FALSE	1	2000	2000	2000	1	1	1	FALSE
528	ENSG00000165280_VCP	chr9:35059648:A>ATT	chr9:35072442-35072476:-	2	319	0	0	trans	0.48229456937642	34	FALSE	1	2000	2000	2000	1	1	1	FALSE
529	ENSG00000165280_VCP	chr9:35056963:C>A	chr9:35057095-35057172:-	2	528	0	0	trans	0.49922261222596	77	TRUE	1	2000	2000	2000	1	1	1	FALSE
530	ENSG00000165280_VCP	chr9:35056963:C>A	chr9:35057172-35057211:-	2	528	0	0	trans	0.49922261222596	39	TRUE	1	2000	2000	2000	1	1	1	FALSE
531	ENSG00000165280_VCP	chr9:35056963:C>A	chr9:35057211-35057222:-	2	528	0	0	trans	0.49922261222596	11	TRUE	1	2000	2000	2000	1	1	1	FALSE
532	ENSG00000165280_VCP	chr9:35056963:C>A	chr9:35057222-35057375:-	2	528	0.008	-0.017	cis	2.17475426556035e-09	153	TRUE	0.023976023976024	2000	2000	50	0.0254872563718141	0.0254872563718141	0.807334650431794	FALSE
533	ENSG00000165280_VCP	chr9:35056963:C>A	chr9:35057375-35057527:-	2	528	0	0	trans	0.49922261222596	152	TRUE	1	2000	2000	2000	1	1	1	FALSE
534	ENSG00000165280_VCP	chr9:35056963:C>A	chr9:35057527-35057530:-	2	528	0	0	trans	0.49922261222596	3	FALSE	1	2000	2000	2000	1	1	1	FALSE
535	ENSG00000165280_VCP	chr9:35056963:C>A	chr9:35057530-35057833:-	2	527	0.004	0.035	amb	0.000492352535198859	303	TRUE	0.0989010989010989	2000	2000	182	0.0914542728635682	0.0914542728635682	1	FALSE
536	ENSG00000165280_VCP	chr9:35056963:C>A	chr9:35057833-35059063:-	2	527	0.004	0.035	amb	0.000492352535198859	1230	TRUE	0.0989010989010989	2000	2000	182	0.0914542728635682	0.0914542728635682	1	FALSE
537	ENSG00000165280_VCP	chr9:35056963:C>A	chr9:35059063-35059140:-	2	528	-0.001	0.008	trans	0.767793010975397	77	TRUE	0.81018981018981	2000	2000	1598	0.799100449775112	0.799100449775112	1	FALSE
538	ENSG00000165280_VCP	chr9:35056963:C>A	chr9:35059140-35059219:-	2	528	-0.001	0.008	trans	0.767793010975397	79	TRUE	0.81018981018981	2000	2000	1598	0.799100449775112	0.799100449775112	1	FALSE
539	ENSG00000165280_VCP	chr9:35056963:C>A	chr9:35059442-35059492:-	2	527	-0.002	-0.004	trans	0.938124963063358	50	TRUE	1	2000	2000	2000	1	1	1	FALSE
540	ENSG00000165280_VCP	chr9:35056963:C>A	chr9:35059801-35060024:-	2	529	0.003	0.031	trans	0.0138118843342285	223	TRUE	0.115884115884116	2000	2000	235	0.117941029485257	0.117941029485257	1	FALSE
541	ENSG00000165280_VCP	chr9:35056963:C>A	chr9:35060024-35060312:-	2	520	0.001	0.02	trans	0.280044890971248	288	TRUE	0.251748251748252	2000	2000	487	0.243878060969515	0.243878060969515	1	FALSE
542	ENSG00000165280_VCP	chr9:35056963:C>A	chr9:35060525-35060800:-	2	520	0.001	0.02	trans	0.280044890971248	275	TRUE	0.251748251748252	2000	2000	487	0.243878060969515	0.243878060969515	1	FALSE
543	ENSG00000165280_VCP	chr9:35056963:C>A	chr9:35060923-35060941:-	2	520	-0.001	0.01	trans	0.756621838611079	18	TRUE	0.736263736263736	2000	2000	1481	0.740629685157421	0.740629685157421	1	FALSE
544	ENSG00000165280_VCP	chr9:35056963:C>A	chr9:35061179-35061576:-	2	520	-0.002	0.003	trans	0.908991407948669	397	TRUE	1	2000	2000	2000	1	1	1	FALSE
545	ENSG00000165280_VCP	chr9:35056963:C>A	chr9:35062138-35062155:-	2	520	0.001	-0.047	trans	0.280044890971248	17	TRUE	0.238761238761239	2000	2000	486	0.243378310844578	0.243378310844578	1	FALSE
546	ENSG00000165280_VCP	chr9:35056963:C>A	chr9:35062155-35062216:-	2	520	0.001	-0.04	trans	0.280044890971248	61	TRUE	0.240759240759241	2000	2000	514	0.257371314342829	0.257371314342829	1	FALSE
547	ENSG00000165280_VCP	chr9:35056963:C>A	chr9:35062216-35062323:-	2	520	0	0	trans	0.522482247673653	107	TRUE	1	2000	2000	2000	1	1	1	FALSE
548	ENSG00000165280_VCP	chr9:35056963:C>A	chr9:35062323-35062350:-	2	520	0	0	trans	0.522482247673653	27	TRUE	1	2000	2000	2000	1	1	1	FALSE
549	ENSG00000165280_VCP	chr9:35056963:C>A	chr9:35064153-35064279:-	2	520	0	0	trans	0.522482247673653	126	TRUE	1	2000	2000	2000	1	1	1	FALSE
550	ENSG00000165280_VCP	chr9:35056963:C>A	chr9:35064279-35064285:-	2	520	0	0	trans	0.522482247673653	6	FALSE	1	2000	2000	2000	1	1	1	FALSE
551	ENSG00000165280_VCP	chr9:35056963:C>A	chr9:35064386-35064483:-	2	520	0	0	trans	0.522482247673653	97	TRUE	1	2000	2000	2000	1	1	1	FALSE
552	ENSG00000165280_VCP	chr9:35056963:C>A	chr9:35065246-35065250:-	2	520	0	0	trans	0.522482247673653	4	FALSE	1	2000	2000	2000	1	1	1	FALSE
553	ENSG00000165280_VCP	chr9:35056963:C>A	chr9:35065907-35065961:-	2	520	0	0	trans	0.522482247673653	54	TRUE	1	2000	2000	2000	1	1	1	FALSE
554	ENSG00000165280_VCP	chr9:35056963:C>A	chr9:35066674-35066817:-	2	520	0	0	trans	0.522482247673653	143	TRUE	1	2000	2000	2000	1	1	1	FALSE
555	ENSG00000165280_VCP	chr9:35056963:C>A	chr9:35066817-35066900:-	2	520	-0.001	-0.002	trans	0.756621838611079	83	TRUE	1	2000	2000	2000	1	1	1	FALSE
556	ENSG00000165280_VCP	chr9:35056963:C>A	chr9:35068057-35068063:-	2	520	-0.001	0.01	trans	0.756621838611079	6	FALSE	1	2000	2000	2000	1	1	1	FALSE
557	ENSG00000165280_VCP	chr9:35056963:C>A	chr9:35068063-35068084:-	2	520	0.001	-0.037	trans	0.280044890971248	21	TRUE	0.258741258741259	2000	2000	528	0.264367816091954	0.264367816091954	1	FALSE
558	ENSG00000165280_VCP	chr9:35056963:C>A	chr9:35068084-35068099:-	2	520	0.001	-0.037	trans	0.280044890971248	15	TRUE	0.258741258741259	2000	2000	528	0.264367816091954	0.264367816091954	1	FALSE
559	ENSG00000165280_VCP	chr9:35056963:C>A	chr9:35068099-35068166:-	2	520	0.001	-0.037	trans	0.280044890971248	67	TRUE	0.258741258741259	2000	2000	528	0.264367816091954	0.264367816091954	1	FALSE
560	ENSG00000165280_VCP	chr9:35056963:C>A	chr9:35068250-35068354:-	2	520	0	0	trans	0.522482247673653	104	TRUE	1	2000	2000	2000	1	1	1	FALSE
561	ENSG00000165280_VCP	chr9:35056963:C>A	chr9:35068354-35068362:-	2	520	-0.001	-0.02	trans	0.756621838611079	8	FALSE	1	2000	2000	2000	1	1	1	FALSE
562	ENSG00000165280_VCP	chr9:35056963:C>A	chr9:35068541-35068633:-	2	520	0	0	trans	0.522482247673653	92	TRUE	1	2000	2000	2000	1	1	1	FALSE
563	ENSG00000165280_VCP	chr9:35056963:C>A	chr9:35068703-35068824:-	2	520	0	0	trans	0.522482247673653	121	TRUE	1	2000	2000	2000	1	1	1	FALSE
564	ENSG00000165280_VCP	chr9:35056963:C>A	chr9:35071756-35072205:-	2	520	0.006	0.031	cis	7.89920567088043e-05	449	TRUE	0.0619380619380619	2000	2000	117	0.0589705147426287	0.0589705147426287	1	FALSE
565	ENSG00000165280_VCP	chr9:35056963:C>A	chr9:35072237-35072276:-	2	504	0	0	trans	0.521777378573563	39	TRUE	1	2000	2000	2000	1	1	1	FALSE
566	ENSG00000165280_VCP	chr9:35056963:C>A	chr9:35072276-35072332:-	2	504	-0.001	0.012	trans	0.738559674256621	56	TRUE	1	2000	2000	2000	1	1	1	FALSE
567	ENSG00000165280_VCP	chr9:35056963:C>A	chr9:35072332-35072336:-	2	504	-0.001	0.012	trans	0.738559674256621	4	FALSE	1	2000	2000	2000	1	1	1	FALSE
568	ENSG00000165280_VCP	chr9:35056963:C>A	chr9:35072336-35072442:-	2	504	0	0	trans	0.521777378573563	106	TRUE	1	2000	2000	2000	1	1	1	FALSE
569	ENSG00000165280_VCP	chr9:35056963:C>A	chr9:35072442-35072476:-	2	486	0	0	trans	0.473592059164437	34	TRUE	1	2000	2000	2000	1	1	1	FALSE
570	ENSG00000165283_STOML2	chr9:35099893:C>T	chr9:35100726-35100931:-	4	268	0.007	0.022	amb	0.00331012130028596	205	TRUE	0.292707292707293	2000	2000	596	0.298350824587706	0.298350824587706	1	FALSE
571	ENSG00000165283_STOML2	chr9:35099893:C>T	chr9:35101425-35101493:-	4	267	0.004	-0.055	trans	0.0690515543071759	68	TRUE	0.188811188811189	2000	2000	363	0.181909045477261	0.181909045477261	1	FALSE
572	ENSG00000165283_STOML2	chr9:35099893:C>T	chr9:35101493-35101560:-	4	262	0.005	-0.057	amb	0.0212398850111526	67	TRUE	0.146853146853147	2000	2000	277	0.138930534732634	0.138930534732634	1	FALSE
573	ENSG00000165283_STOML2	chr9:35099893:C>T	chr9:35102194-35102364:-	4	264	0	0	trans	0.496156597019504	170	TRUE	1	2000	2000	2000	1	1	1	FALSE
574	ENSG00000165283_STOML2	chr9:35099893:C>T	chr9:35102685-35102823:-	4	264	0	0.053	trans	0.496156597019504	138	TRUE	0.386613386613387	2000	2000	760	0.380309845077461	0.380309845077461	1	FALSE
575	ENSG00000198853_RUSC2	chr9:35561629:C>T	chr9:35538631-35538979:+	0	0					348	FALSE		2000	0					FALSE
576	ENSG00000198853_RUSC2	chr9:35561629:C>T	chr9:35538979-35539108:+	0	0					129	FALSE		2000	0					FALSE
577	ENSG00000159884_CCDC107	chr9:35660992:A>G	chr9:35660461-35660556:+	1	167	-0.001	-0.062	trans	0.596974704494022	95	TRUE	0.46953046953047	2000	2000	927	0.463768115942029	0.463768115942029	1	FALSE
578	ENSG00000159884_CCDC107	chr9:35660992:A>G	chr9:35660647-35660745:+	1	167	0.007	-0.14	trans	0.0631700167262804	98	TRUE	0.050949050949051	2000	2000	125	0.0629685157421289	0.0629685157421289	1	FALSE
579	ENSG00000159884_CCDC107	chr9:35660992:A>G	chr9:35660745-35660765:+	1	167	-0.003	0.022	trans	0.754613225784472	20	TRUE	0.725274725274725	2000	2000	1449	0.72463768115942	0.72463768115942	1	FALSE
580	ENSG00000159884_CCDC107	chr9:35660992:A>G	chr9:35660765-35660770:+	1	167	-0.004	0.01	trans	0.818814486459543	5	FALSE	0.953046953046953	2000	2000	1907	0.95352323838081	0.95352323838081	1	FALSE
581	ENSG00000159884_CCDC107	chr9:35660992:A>G	chr9:35660770-35660773:+	1	167	0.001	0.027	trans	0.421510538897462	3	FALSE	0.235764235764236	2000	2000	478	0.239380309845078	0.239380309845078	1	FALSE
582	ENSG00000159884_CCDC107	chr9:35660992:A>G	chr9:35660858-35660939:+	1	167	0.006	-0.053	trans	0.0956203251620649	81	TRUE	0.166833166833167	2000	2000	316	0.158420789605197	0.158420789605197	1	FALSE
583	ENSG00000159884_CCDC107	chr9:35660903:C>T	chr9:35660461-35660556:+	3	248	0	-0.065	trans	0.511212794449857	95	TRUE	0.381618381618382	2000	2000	772	0.386306846576712	0.386306846576712	1	FALSE
584	ENSG00000159884_CCDC107	chr9:35660903:C>T	chr9:35660647-35660745:+	3	248	0.011	-0.159	cis	0.000149897084925854	98	TRUE	0.018981018981019	2000	2000	36	0.0184907546226887	0.0184907546226887	0.781094301334181	TRUE
585	ENSG00000159884_CCDC107	chr9:35660903:C>T	chr9:35660745-35660765:+	3	249	0.009	-0.067	amb	0.000344113643846233	20	TRUE	0.045954045954046	2000	2000	107	0.0539730134932534	0.0539730134932534	1	FALSE
586	ENSG00000159884_CCDC107	chr9:35660903:C>T	chr9:35660765-35660770:+	3	249	0.009	-0.067	amb	0.000344113643846233	5	FALSE	0.045954045954046	2000	2000	107	0.0539730134932534	0.0539730134932534	1	FALSE
587	ENSG00000159884_CCDC107	chr9:35660903:C>T	chr9:35660770-35660773:+	3	249	0	-0.026	trans	0.476380017319641	3	FALSE	0.408591408591409	2000	2000	822	0.411294352823588	0.411294352823588	1	FALSE
588	ENSG00000159884_CCDC107	chr9:35660903:C>T	chr9:35660858-35660939:+	3	248	0	0	trans	0.511212794449857	81	TRUE	1	2000	2000	2000	1	1	1	FALSE
589	ENSG00000198467_TPM2	chr9:35682081:C>T	chr9:35682163-35682268:-	0	0					105	FALSE		2000	0					FALSE
590	ENSG00000198467_TPM2	chr9:35682081:C>T	chr9:35682268-35682904:-	0	0					636	FALSE		2000	0					FALSE
591	ENSG00000198467_TPM2	chr9:35682081:C>T	chr9:35682904-35682931:-	0	0					27	FALSE		2000	0					FALSE
592	ENSG00000198467_TPM2	chr9:35682081:C>T	chr9:35682931-35682936:-	0	0					5	FALSE		2000	0					FALSE
593	ENSG00000198467_TPM2	chr9:35682081:C>T	chr9:35682936-35683241:-	0	0					305	FALSE		2000	0					FALSE
594	ENSG00000198467_TPM2	chr9:35682081:C>T	chr9:35684040-35684245:-	0	0					205	FALSE		2000	0					FALSE
595	ENSG00000198467_TPM2	chr9:35682081:C>T	chr9:35684550-35684731:-	0	0					181	FALSE		2000	0					FALSE
596	ENSG00000198467_TPM2	chr9:35682081:C>T	chr9:35684731-35684750:-	0	0					19	FALSE		2000	0					FALSE
597	ENSG00000198467_TPM2	chr9:35682081:C>T	chr9:35684750-35684802:-	0	0					52	FALSE		2000	0					FALSE
598	ENSG00000198467_TPM2	chr9:35682081:C>T	chr9:35684802-35684807:-	0	0					5	FALSE		2000	0					FALSE
599	ENSG00000198467_TPM2	chr9:35682081:C>T	chr9:35684807-35685063:-	0	0					256	FALSE		2000	0					FALSE
600	ENSG00000198467_TPM2	chr9:35682081:C>T	chr9:35685063-35685139:-	0	0					76	FALSE		2000	0					FALSE
601	ENSG00000198467_TPM2	chr9:35682081:C>T	chr9:35685139-35685144:-	0	0					5	FALSE		2000	0					FALSE
602	ENSG00000198467_TPM2	chr9:35682081:C>T	chr9:35685144-35685268:-	0	0					124	FALSE		2000	0					FALSE
603	ENSG00000198467_TPM2	chr9:35682081:C>T	chr9:35685684-35685780:-	0	0					96	FALSE		2000	0					FALSE
604	ENSG00000198467_TPM2	chr9:35682081:C>T	chr9:35686350-35686425:-	0	0					75	FALSE		2000	0					FALSE
605	ENSG00000198467_TPM2	chr9:35682081:C>T	chr9:35689145-35689271:-	0	0					126	FALSE		2000	0					FALSE
606	ENSG00000198467_TPM2	chr9:35682140:C>T	chr9:35682163-35682268:-	0	0					105	FALSE		2000	0					FALSE
607	ENSG00000198467_TPM2	chr9:35682140:C>T	chr9:35682268-35682904:-	0	0					636	FALSE		2000	0					FALSE
608	ENSG00000198467_TPM2	chr9:35682140:C>T	chr9:35682904-35682931:-	0	0					27	FALSE		2000	0					FALSE
609	ENSG00000198467_TPM2	chr9:35682140:C>T	chr9:35682931-35682936:-	0	0					5	FALSE		2000	0					FALSE
610	ENSG00000198467_TPM2	chr9:35682140:C>T	chr9:35682936-35683241:-	0	0					305	FALSE		2000	0					FALSE
611	ENSG00000198467_TPM2	chr9:35682140:C>T	chr9:35684040-35684245:-	0	0					205	FALSE		2000	0					FALSE
612	ENSG00000198467_TPM2	chr9:35682140:C>T	chr9:35684550-35684731:-	0	0					181	FALSE		2000	0					FALSE
613	ENSG00000198467_TPM2	chr9:35682140:C>T	chr9:35684731-35684750:-	0	0					19	FALSE		2000	0					FALSE
614	ENSG00000198467_TPM2	chr9:35682140:C>T	chr9:35684750-35684802:-	0	0					52	FALSE		2000	0					FALSE
615	ENSG00000198467_TPM2	chr9:35682140:C>T	chr9:35684802-35684807:-	0	0					5	FALSE		2000	0					FALSE
616	ENSG00000198467_TPM2	chr9:35682140:C>T	chr9:35684807-35685063:-	0	0					256	FALSE		2000	0					FALSE
617	ENSG00000198467_TPM2	chr9:35682140:C>T	chr9:35685063-35685139:-	0	0					76	FALSE		2000	0					FALSE
618	ENSG00000198467_TPM2	chr9:35682140:C>T	chr9:35685139-35685144:-	0	0					5	FALSE		2000	0					FALSE
619	ENSG00000198467_TPM2	chr9:35682140:C>T	chr9:35685144-35685268:-	0	0					124	FALSE		2000	0					FALSE
620	ENSG00000198467_TPM2	chr9:35682140:C>T	chr9:35685684-35685780:-	0	0					96	FALSE		2000	0					FALSE
621	ENSG00000198467_TPM2	chr9:35682140:C>T	chr9:35686350-35686425:-	0	0					75	FALSE		2000	0					FALSE
622	ENSG00000198467_TPM2	chr9:35682140:C>T	chr9:35689145-35689271:-	0	0					126	FALSE		2000	0					FALSE
623	ENSG00000198467_TPM2	chr9:35682152:G>A	chr9:35682163-35682268:-	0	0					105	FALSE		2000	0					FALSE
624	ENSG00000198467_TPM2	chr9:35682152:G>A	chr9:35682268-35682904:-	0	0					636	FALSE		2000	0					FALSE
625	ENSG00000198467_TPM2	chr9:35682152:G>A	chr9:35682904-35682931:-	0	0					27	FALSE		2000	0					FALSE
626	ENSG00000198467_TPM2	chr9:35682152:G>A	chr9:35682931-35682936:-	0	0					5	FALSE		2000	0					FALSE
627	ENSG00000198467_TPM2	chr9:35682152:G>A	chr9:35682936-35683241:-	0	0					305	FALSE		2000	0					FALSE
628	ENSG00000198467_TPM2	chr9:35682152:G>A	chr9:35684040-35684245:-	0	0					205	FALSE		2000	0					FALSE
629	ENSG00000198467_TPM2	chr9:35682152:G>A	chr9:35684550-35684731:-	0	0					181	FALSE		2000	0					FALSE
630	ENSG00000198467_TPM2	chr9:35682152:G>A	chr9:35684731-35684750:-	0	0					19	FALSE		2000	0					FALSE
631	ENSG00000198467_TPM2	chr9:35682152:G>A	chr9:35684750-35684802:-	0	0					52	FALSE		2000	0					FALSE
632	ENSG00000198467_TPM2	chr9:35682152:G>A	chr9:35684802-35684807:-	0	0					5	FALSE		2000	0					FALSE
633	ENSG00000198467_TPM2	chr9:35682152:G>A	chr9:35684807-35685063:-	0	0					256	FALSE		2000	0					FALSE
634	ENSG00000198467_TPM2	chr9:35682152:G>A	chr9:35685063-35685139:-	0	0					76	FALSE		2000	0					FALSE
635	ENSG00000198467_TPM2	chr9:35682152:G>A	chr9:35685139-35685144:-	0	0					5	FALSE		2000	0					FALSE
636	ENSG00000198467_TPM2	chr9:35682152:G>A	chr9:35685144-35685268:-	0	0					124	FALSE		2000	0					FALSE
637	ENSG00000198467_TPM2	chr9:35682152:G>A	chr9:35685684-35685780:-	0	0					96	FALSE		2000	0					FALSE
638	ENSG00000198467_TPM2	chr9:35682152:G>A	chr9:35686350-35686425:-	0	0					75	FALSE		2000	0					FALSE
639	ENSG00000198467_TPM2	chr9:35682152:G>A	chr9:35689145-35689271:-	0	0					126	FALSE		2000	0					FALSE
640	ENSG00000198467_TPM2	chr9:35682158:G>A	chr9:35682163-35682268:-	0	0					105	FALSE		2000	0					FALSE
641	ENSG00000198467_TPM2	chr9:35682158:G>A	chr9:35682268-35682904:-	0	0					636	FALSE		2000	0					FALSE
642	ENSG00000198467_TPM2	chr9:35682158:G>A	chr9:35682904-35682931:-	0	0					27	FALSE		2000	0					FALSE
643	ENSG00000198467_TPM2	chr9:35682158:G>A	chr9:35682931-35682936:-	0	0					5	FALSE		2000	0					FALSE
644	ENSG00000198467_TPM2	chr9:35682158:G>A	chr9:35682936-35683241:-	0	0					305	FALSE		2000	0					FALSE
645	ENSG00000198467_TPM2	chr9:35682158:G>A	chr9:35684040-35684245:-	0	0					205	FALSE		2000	0					FALSE
646	ENSG00000198467_TPM2	chr9:35682158:G>A	chr9:35684550-35684731:-	0	0					181	FALSE		2000	0					FALSE
647	ENSG00000198467_TPM2	chr9:35682158:G>A	chr9:35684731-35684750:-	0	0					19	FALSE		2000	0					FALSE
648	ENSG00000198467_TPM2	chr9:35682158:G>A	chr9:35684750-35684802:-	0	0					52	FALSE		2000	0					FALSE
649	ENSG00000198467_TPM2	chr9:35682158:G>A	chr9:35684802-35684807:-	0	0					5	FALSE		2000	0					FALSE
650	ENSG00000198467_TPM2	chr9:35682158:G>A	chr9:35684807-35685063:-	0	0					256	FALSE		2000	0					FALSE
651	ENSG00000198467_TPM2	chr9:35682158:G>A	chr9:35685063-35685139:-	0	0					76	FALSE		2000	0					FALSE
652	ENSG00000198467_TPM2	chr9:35682158:G>A	chr9:35685139-35685144:-	0	0					5	FALSE		2000	0					FALSE
653	ENSG00000198467_TPM2	chr9:35682158:G>A	chr9:35685144-35685268:-	0	0					124	FALSE		2000	0					FALSE
654	ENSG00000198467_TPM2	chr9:35682158:G>A	chr9:35685684-35685780:-	0	0					96	FALSE		2000	0					FALSE
655	ENSG00000198467_TPM2	chr9:35682158:G>A	chr9:35686350-35686425:-	0	0					75	FALSE		2000	0					FALSE
656	ENSG00000198467_TPM2	chr9:35682158:G>A	chr9:35689145-35689271:-	0	0					126	FALSE		2000	0					FALSE
657	ENSG00000198467_TPM2	chr9:35684740:C>T	chr9:35682268-35682904:-	0	0					636	FALSE		2000	0					FALSE
658	ENSG00000198467_TPM2	chr9:35684740:C>T	chr9:35682904-35682931:-	0	0					27	FALSE		2000	0					FALSE
659	ENSG00000198467_TPM2	chr9:35684740:C>T	chr9:35682931-35682936:-	1	32	0.495	-0.889	cis	0	5	FALSE	1	2000	0	0	1	1	1	FALSE
660	ENSG00000198467_TPM2	chr9:35684740:C>T	chr9:35682936-35683241:-	1	33	0.499	-0.895	cis	0	305	FALSE	1	2000	0	0	1	1	1	FALSE
661	ENSG00000198467_TPM2	chr9:35684740:C>T	chr9:35684040-35684245:-	1	33	0	0	trans	0.475311972079711	205	FALSE	1	2000	0	0	1	1	1	FALSE
662	ENSG00000198467_TPM2	chr9:35684740:C>T	chr9:35684550-35684731:-	1	33	0	0	trans	0.475311972079711	181	FALSE	1	2000	0	0	1	1	1	FALSE
663	ENSG00000198467_TPM2	chr9:35684740:C>T	chr9:35684731-35684750:-	1	33	-0.007	0.053	trans	0.594663229179484	19	FALSE	1	2000	0	0	1	1	1	FALSE
664	ENSG00000198467_TPM2	chr9:35684740:C>T	chr9:35684750-35684802:-	1	33	-0.007	0.053	trans	0.594663229179484	52	FALSE	1	2000	0	0	1	1	1	FALSE
665	ENSG00000198467_TPM2	chr9:35684740:C>T	chr9:35684802-35684807:-	1	33	-0.007	0.053	trans	0.594663229179484	5	FALSE	1	2000	0	0	1	1	1	FALSE
666	ENSG00000198467_TPM2	chr9:35684740:C>T	chr9:35684807-35685063:-	1	33	0	0	trans	0.475311972079711	256	FALSE	1	2000	0	0	1	1	1	FALSE
667	ENSG00000198467_TPM2	chr9:35684740:C>T	chr9:35685063-35685139:-	1	33	-0.007	-0.053	trans	0.594663229179484	76	FALSE	1	2000	0	0	1	1	1	FALSE
668	ENSG00000198467_TPM2	chr9:35684740:C>T	chr9:35685139-35685144:-	1	33	0	0	trans	0.475311972079711	5	FALSE	1	2000	0	0	1	1	1	FALSE
669	ENSG00000198467_TPM2	chr9:35684740:C>T	chr9:35685144-35685268:-	1	33	0	0	trans	0.475311972079711	124	FALSE	1	2000	0	0	1	1	1	FALSE
670	ENSG00000198467_TPM2	chr9:35684740:C>T	chr9:35685684-35685780:-	1	33	0	0	trans	0.475311972079711	96	FALSE	1	2000	0	0	1	1	1	FALSE
671	ENSG00000198467_TPM2	chr9:35684740:C>T	chr9:35686350-35686425:-	1	33	0.075	-0.211	amb	0.000497262262197928	75	FALSE	1	2000	0	0	1	1	1	FALSE
672	ENSG00000198467_TPM2	chr9:35684740:C>T	chr9:35689145-35689271:-	0	0					126	FALSE		2000	0					FALSE
673	ENSG00000198467_TPM2	chr9:35684746:C>T	chr9:35682268-35682904:-	0	0					636	FALSE		2000	0					FALSE
674	ENSG00000198467_TPM2	chr9:35684746:C>T	chr9:35682904-35682931:-	0	0					27	FALSE		2000	0					FALSE
675	ENSG00000198467_TPM2	chr9:35684746:C>T	chr9:35682931-35682936:-	1	32	0.495	-0.889	cis	0	5	FALSE	1	2000	0	0	1	1	1	FALSE
676	ENSG00000198467_TPM2	chr9:35684746:C>T	chr9:35682936-35683241:-	1	33	0.499	-0.895	cis	0	305	FALSE	1	2000	0	0	1	1	1	FALSE
677	ENSG00000198467_TPM2	chr9:35684746:C>T	chr9:35684040-35684245:-	1	33	0	0	trans	0.475311972079711	205	FALSE	1	2000	0	0	1	1	1	FALSE
678	ENSG00000198467_TPM2	chr9:35684746:C>T	chr9:35684550-35684731:-	1	33	0	0	trans	0.475311972079711	181	FALSE	1	2000	0	0	1	1	1	FALSE
679	ENSG00000198467_TPM2	chr9:35684746:C>T	chr9:35684731-35684750:-	1	33	-0.007	0.053	trans	0.594663229179484	19	FALSE	1	2000	0	0	1	1	1	FALSE
680	ENSG00000198467_TPM2	chr9:35684746:C>T	chr9:35684750-35684802:-	1	33	-0.007	0.053	trans	0.594663229179484	52	FALSE	1	2000	0	0	1	1	1	FALSE
681	ENSG00000198467_TPM2	chr9:35684746:C>T	chr9:35684802-35684807:-	1	33	-0.007	0.053	trans	0.594663229179484	5	FALSE	1	2000	0	0	1	1	1	FALSE
682	ENSG00000198467_TPM2	chr9:35684746:C>T	chr9:35684807-35685063:-	1	33	0	0	trans	0.475311972079711	256	FALSE	1	2000	0	0	1	1	1	FALSE
683	ENSG00000198467_TPM2	chr9:35684746:C>T	chr9:35685063-35685139:-	1	33	-0.007	-0.053	trans	0.594663229179484	76	FALSE	1	2000	0	0	1	1	1	FALSE
684	ENSG00000198467_TPM2	chr9:35684746:C>T	chr9:35685139-35685144:-	1	33	0	0	trans	0.475311972079711	5	FALSE	1	2000	0	0	1	1	1	FALSE
685	ENSG00000198467_TPM2	chr9:35684746:C>T	chr9:35685144-35685268:-	1	33	0	0	trans	0.475311972079711	124	FALSE	1	2000	0	0	1	1	1	FALSE
686	ENSG00000198467_TPM2	chr9:35684746:C>T	chr9:35685684-35685780:-	1	33	0	0	trans	0.475311972079711	96	FALSE	1	2000	0	0	1	1	1	FALSE
687	ENSG00000198467_TPM2	chr9:35684746:C>T	chr9:35686350-35686425:-	1	33	0.075	-0.211	amb	0.000497262262197928	75	FALSE	1	2000	0	0	1	1	1	FALSE
688	ENSG00000198467_TPM2	chr9:35684746:C>T	chr9:35689145-35689271:-	0	0					126	FALSE		2000	0					FALSE
689	ENSG00000198467_TPM2	chr9:35685078:C>T	chr9:35682163-35682268:-	0	0					105	FALSE		2000	0					FALSE
690	ENSG00000198467_TPM2	chr9:35685078:C>T	chr9:35682268-35682904:-	0	0					636	FALSE		2000	0					FALSE
691	ENSG00000198467_TPM2	chr9:35685078:C>T	chr9:35682904-35682931:-	0	0					27	FALSE		2000	0					FALSE
692	ENSG00000198467_TPM2	chr9:35685078:C>T	chr9:35682931-35682936:-	0	0					5	FALSE		2000	0					FALSE
693	ENSG00000198467_TPM2	chr9:35685078:C>T	chr9:35682936-35683241:-	0	0					305	FALSE		2000	0					FALSE
694	ENSG00000198467_TPM2	chr9:35685078:C>T	chr9:35684040-35684245:-	0	0					205	FALSE		2000	0					FALSE
695	ENSG00000198467_TPM2	chr9:35685078:C>T	chr9:35684550-35684731:-	0	0					181	FALSE		2000	0					FALSE
696	ENSG00000198467_TPM2	chr9:35685078:C>T	chr9:35684731-35684750:-	0	0					19	FALSE		2000	0					FALSE
697	ENSG00000198467_TPM2	chr9:35685078:C>T	chr9:35684750-35684802:-	0	0					52	FALSE		2000	0					FALSE
698	ENSG00000198467_TPM2	chr9:35685078:C>T	chr9:35684802-35684807:-	0	0					5	FALSE		2000	0					FALSE
699	ENSG00000198467_TPM2	chr9:35685078:C>T	chr9:35684807-35685063:-	0	0					256	FALSE		2000	0					FALSE
700	ENSG00000198467_TPM2	chr9:35685078:C>T	chr9:35685063-35685139:-	0	0					76	FALSE		2000	0					FALSE
701	ENSG00000198467_TPM2	chr9:35685078:C>T	chr9:35685139-35685144:-	0	0					5	FALSE		2000	0					FALSE
702	ENSG00000198467_TPM2	chr9:35685078:C>T	chr9:35685144-35685268:-	0	0					124	FALSE		2000	0					FALSE
703	ENSG00000198467_TPM2	chr9:35685078:C>T	chr9:35685684-35685780:-	0	0					96	FALSE		2000	0					FALSE
704	ENSG00000198467_TPM2	chr9:35685078:C>T	chr9:35686350-35686425:-	0	0					75	FALSE		2000	0					FALSE
705	ENSG00000198467_TPM2	chr9:35685078:C>T	chr9:35689145-35689271:-	0	0					126	FALSE		2000	0					FALSE
706	ENSG00000198467_TPM2	chr9:35685093:G>A	chr9:35682163-35682268:-	0	0					105	FALSE		2000	0					FALSE
707	ENSG00000198467_TPM2	chr9:35685093:G>A	chr9:35682268-35682904:-	0	0					636	FALSE		2000	0					FALSE
708	ENSG00000198467_TPM2	chr9:35685093:G>A	chr9:35682904-35682931:-	0	0					27	FALSE		2000	0					FALSE
709	ENSG00000198467_TPM2	chr9:35685093:G>A	chr9:35682931-35682936:-	0	0					5	FALSE		2000	0					FALSE
710	ENSG00000198467_TPM2	chr9:35685093:G>A	chr9:35682936-35683241:-	0	0					305	FALSE		2000	0					FALSE
711	ENSG00000198467_TPM2	chr9:35685093:G>A	chr9:35684040-35684245:-	0	0					205	FALSE		2000	0					FALSE
712	ENSG00000198467_TPM2	chr9:35685093:G>A	chr9:35684550-35684731:-	0	0					181	FALSE		2000	0					FALSE
713	ENSG00000198467_TPM2	chr9:35685093:G>A	chr9:35684731-35684750:-	0	0					19	FALSE		2000	0					FALSE
714	ENSG00000198467_TPM2	chr9:35685093:G>A	chr9:35684750-35684802:-	0	0					52	FALSE		2000	0					FALSE
715	ENSG00000198467_TPM2	chr9:35685093:G>A	chr9:35684802-35684807:-	0	0					5	FALSE		2000	0					FALSE
716	ENSG00000198467_TPM2	chr9:35685093:G>A	chr9:35684807-35685063:-	0	0					256	FALSE		2000	0					FALSE
717	ENSG00000198467_TPM2	chr9:35685093:G>A	chr9:35685063-35685139:-	0	0					76	FALSE		2000	0					FALSE
718	ENSG00000198467_TPM2	chr9:35685093:G>A	chr9:35685139-35685144:-	0	0					5	FALSE		2000	0					FALSE
719	ENSG00000198467_TPM2	chr9:35685093:G>A	chr9:35685144-35685268:-	0	0					124	FALSE		2000	0					FALSE
720	ENSG00000198467_TPM2	chr9:35685093:G>A	chr9:35685684-35685780:-	0	0					96	FALSE		2000	0					FALSE
721	ENSG00000198467_TPM2	chr9:35685093:G>A	chr9:35686350-35686425:-	0	0					75	FALSE		2000	0					FALSE
722	ENSG00000198467_TPM2	chr9:35685093:G>A	chr9:35689145-35689271:-	0	0					126	FALSE		2000	0					FALSE
723	ENSG00000198467_TPM2	chr9:35685114:T>C	chr9:35682163-35682268:-	0	0					105	FALSE		2000	0					FALSE
724	ENSG00000198467_TPM2	chr9:35685114:T>C	chr9:35682268-35682904:-	0	0					636	FALSE		2000	0					FALSE
725	ENSG00000198467_TPM2	chr9:35685114:T>C	chr9:35682904-35682931:-	0	0					27	FALSE		2000	0					FALSE
726	ENSG00000198467_TPM2	chr9:35685114:T>C	chr9:35682931-35682936:-	0	0					5	FALSE		2000	0					FALSE
727	ENSG00000198467_TPM2	chr9:35685114:T>C	chr9:35682936-35683241:-	0	0					305	FALSE		2000	0					FALSE
728	ENSG00000198467_TPM2	chr9:35685114:T>C	chr9:35684040-35684245:-	0	0					205	FALSE		2000	0					FALSE
729	ENSG00000198467_TPM2	chr9:35685114:T>C	chr9:35684550-35684731:-	0	0					181	FALSE		2000	0					FALSE
730	ENSG00000198467_TPM2	chr9:35685114:T>C	chr9:35684731-35684750:-	0	0					19	FALSE		2000	0					FALSE
731	ENSG00000198467_TPM2	chr9:35685114:T>C	chr9:35684750-35684802:-	0	0					52	FALSE		2000	0					FALSE
732	ENSG00000198467_TPM2	chr9:35685114:T>C	chr9:35684802-35684807:-	0	0					5	FALSE		2000	0					FALSE
733	ENSG00000198467_TPM2	chr9:35685114:T>C	chr9:35684807-35685063:-	0	0					256	FALSE		2000	0					FALSE
734	ENSG00000198467_TPM2	chr9:35685114:T>C	chr9:35685063-35685139:-	0	0					76	FALSE		2000	0					FALSE
735	ENSG00000198467_TPM2	chr9:35685114:T>C	chr9:35685139-35685144:-	0	0					5	FALSE		2000	0					FALSE
736	ENSG00000198467_TPM2	chr9:35685114:T>C	chr9:35685144-35685268:-	0	0					124	FALSE		2000	0					FALSE
737	ENSG00000198467_TPM2	chr9:35685114:T>C	chr9:35685684-35685780:-	0	0					96	FALSE		2000	0					FALSE
738	ENSG00000198467_TPM2	chr9:35685114:T>C	chr9:35686350-35686425:-	0	0					75	FALSE		2000	0					FALSE
739	ENSG00000198467_TPM2	chr9:35685114:T>C	chr9:35689145-35689271:-	0	0					126	FALSE		2000	0					FALSE
740	ENSG00000198467_TPM2	chr9:35685129:T>C	chr9:35682163-35682268:-	0	0					105	FALSE		2000	0					FALSE
741	ENSG00000198467_TPM2	chr9:35685129:T>C	chr9:35682268-35682904:-	0	0					636	FALSE		2000	0					FALSE
742	ENSG00000198467_TPM2	chr9:35685129:T>C	chr9:35682904-35682931:-	0	0					27	FALSE		2000	0					FALSE
743	ENSG00000198467_TPM2	chr9:35685129:T>C	chr9:35682931-35682936:-	0	0					5	FALSE		2000	0					FALSE
744	ENSG00000198467_TPM2	chr9:35685129:T>C	chr9:35682936-35683241:-	0	0					305	FALSE		2000	0					FALSE
745	ENSG00000198467_TPM2	chr9:35685129:T>C	chr9:35684040-35684245:-	0	0					205	FALSE		2000	0					FALSE
746	ENSG00000198467_TPM2	chr9:35685129:T>C	chr9:35684550-35684731:-	0	0					181	FALSE		2000	0					FALSE
747	ENSG00000198467_TPM2	chr9:35685129:T>C	chr9:35684731-35684750:-	0	0					19	FALSE		2000	0					FALSE
748	ENSG00000198467_TPM2	chr9:35685129:T>C	chr9:35684750-35684802:-	0	0					52	FALSE		2000	0					FALSE
749	ENSG00000198467_TPM2	chr9:35685129:T>C	chr9:35684802-35684807:-	0	0					5	FALSE		2000	0					FALSE
750	ENSG00000198467_TPM2	chr9:35685129:T>C	chr9:35684807-35685063:-	0	0					256	FALSE		2000	0					FALSE
751	ENSG00000198467_TPM2	chr9:35685129:T>C	chr9:35685063-35685139:-	0	0					76	FALSE		2000	0					FALSE
752	ENSG00000198467_TPM2	chr9:35685129:T>C	chr9:35685139-35685144:-	0	0					5	FALSE		2000	0					FALSE
753	ENSG00000198467_TPM2	chr9:35685129:T>C	chr9:35685144-35685268:-	0	0					124	FALSE		2000	0					FALSE
754	ENSG00000198467_TPM2	chr9:35685129:T>C	chr9:35685684-35685780:-	0	0					96	FALSE		2000	0					FALSE
755	ENSG00000198467_TPM2	chr9:35685129:T>C	chr9:35686350-35686425:-	0	0					75	FALSE		2000	0					FALSE
756	ENSG00000198467_TPM2	chr9:35685129:T>C	chr9:35689145-35689271:-	0	0					126	FALSE		2000	0					FALSE
757	ENSG00000198467_TPM2	chr9:35685666:C>T	chr9:35682163-35682268:-	0	0					105	FALSE		2000	0					FALSE
758	ENSG00000198467_TPM2	chr9:35685666:C>T	chr9:35682268-35682904:-	0	0					636	FALSE		2000	0					FALSE
759	ENSG00000198467_TPM2	chr9:35685666:C>T	chr9:35682904-35682931:-	0	0					27	FALSE		2000	0					FALSE
760	ENSG00000198467_TPM2	chr9:35685666:C>T	chr9:35682931-35682936:-	1	73	0.374	-0.731	cis	0	5	FALSE	0.962037962037962	2000	89	0	0.0111111111111111	0.95552223888056	1	FALSE
761	ENSG00000198467_TPM2	chr9:35685666:C>T	chr9:35682936-35683241:-	1	74	0.331	-0.713	cis	0	305	FALSE	0.959040959040959	2000	94	0	0.0105263157894737	0.953023488255872	1	FALSE
762	ENSG00000198467_TPM2	chr9:35685666:C>T	chr9:35684040-35684245:-	1	74	0	0	trans	0.497550962535023	205	FALSE	1	2000	94	94	1	1	1	FALSE
763	ENSG00000198467_TPM2	chr9:35685666:C>T	chr9:35684550-35684731:-	1	77	-0.015	-0.012	trans	0.921574224222865	181	FALSE	1	2000	113	113	1	1	1	FALSE
764	ENSG00000198467_TPM2	chr9:35685666:C>T	chr9:35684731-35684750:-	1	77	0.346	-0.786	cis	0	19	FALSE	0.954045954045954	2000	113	0	0.0087719298245614	0.943528235882059	1	FALSE
765	ENSG00000198467_TPM2	chr9:35685666:C>T	chr9:35684750-35684802:-	1	77	0.346	-0.786	cis	0	52	FALSE	0.954045954045954	2000	113	0	0.0087719298245614	0.943528235882059	1	FALSE
766	ENSG00000198467_TPM2	chr9:35685666:C>T	chr9:35684802-35684807:-	1	77	0.346	-0.786	cis	0	5	FALSE	0.954045954045954	2000	113	0	0.0087719298245614	0.943528235882059	1	FALSE
767	ENSG00000198467_TPM2	chr9:35685666:C>T	chr9:35684807-35685063:-	1	77	-0.015	-0.012	trans	0.921574224222865	256	FALSE	1	2000	113	113	1	1	1	FALSE
768	ENSG00000198467_TPM2	chr9:35685666:C>T	chr9:35685063-35685139:-	1	77	0.376	0.774	cis	0	76	FALSE	0.954045954045954	2000	113	0	0.0087719298245614	0.943528235882059	1	FALSE
769	ENSG00000198467_TPM2	chr9:35685666:C>T	chr9:35685139-35685144:-	1	77	0	0	trans	0.53472056387862	5	FALSE	1	2000	113	113	1	1	1	FALSE
770	ENSG00000198467_TPM2	chr9:35685666:C>T	chr9:35685144-35685268:-	1	77	0	0	trans	0.53472056387862	124	FALSE	1	2000	113	113	1	1	1	FALSE
771	ENSG00000198467_TPM2	chr9:35685666:C>T	chr9:35685684-35685780:-	1	77	0	0	trans	0.53472056387862	96	FALSE	1	2000	113	113	1	1	1	FALSE
772	ENSG00000198467_TPM2	chr9:35685666:C>T	chr9:35686350-35686425:-	1	77	0	0	trans	0.53472056387862	75	FALSE	1	2000	113	113	1	1	1	FALSE
773	ENSG00000198467_TPM2	chr9:35685666:C>T	chr9:35689145-35689271:-	1	77	0	0	trans	0.53472056387862	126	FALSE	1	2000	113	113	1	1	1	FALSE
774	ENSG00000198467_TPM2	chr9:35685672:G>A	chr9:35682163-35682268:-	0	0					105	FALSE		2000	0					FALSE
775	ENSG00000198467_TPM2	chr9:35685672:G>A	chr9:35682268-35682904:-	0	0					636	FALSE		2000	0					FALSE
776	ENSG00000198467_TPM2	chr9:35685672:G>A	chr9:35682904-35682931:-	0	0					27	FALSE		2000	0					FALSE
777	ENSG00000198467_TPM2	chr9:35685672:G>A	chr9:35682931-35682936:-	1	73	0.374	-0.731	cis	0	5	FALSE	0.962037962037962	2000	89	0	0.0111111111111111	0.95552223888056	1	FALSE
778	ENSG00000198467_TPM2	chr9:35685672:G>A	chr9:35682936-35683241:-	1	74	0.331	-0.713	cis	0	305	FALSE	0.959040959040959	2000	94	0	0.0105263157894737	0.953023488255872	1	FALSE
779	ENSG00000198467_TPM2	chr9:35685672:G>A	chr9:35684040-35684245:-	1	74	0	0	trans	0.497550962535023	205	FALSE	1	2000	94	94	1	1	1	FALSE
780	ENSG00000198467_TPM2	chr9:35685672:G>A	chr9:35684550-35684731:-	1	77	-0.015	-0.012	trans	0.921574224222865	181	FALSE	1	2000	113	113	1	1	1	FALSE
781	ENSG00000198467_TPM2	chr9:35685672:G>A	chr9:35684731-35684750:-	1	77	0.346	-0.786	cis	0	19	FALSE	0.954045954045954	2000	113	0	0.0087719298245614	0.943528235882059	1	FALSE
782	ENSG00000198467_TPM2	chr9:35685672:G>A	chr9:35684750-35684802:-	1	77	0.346	-0.786	cis	0	52	FALSE	0.954045954045954	2000	113	0	0.0087719298245614	0.943528235882059	1	FALSE
783	ENSG00000198467_TPM2	chr9:35685672:G>A	chr9:35684802-35684807:-	1	77	0.346	-0.786	cis	0	5	FALSE	0.954045954045954	2000	113	0	0.0087719298245614	0.943528235882059	1	FALSE
784	ENSG00000198467_TPM2	chr9:35685672:G>A	chr9:35684807-35685063:-	1	77	-0.015	-0.012	trans	0.921574224222865	256	FALSE	1	2000	113	113	1	1	1	FALSE
785	ENSG00000198467_TPM2	chr9:35685672:G>A	chr9:35685063-35685139:-	1	77	0.376	0.774	cis	0	76	FALSE	0.954045954045954	2000	113	0	0.0087719298245614	0.943528235882059	1	FALSE
786	ENSG00000198467_TPM2	chr9:35685672:G>A	chr9:35685139-35685144:-	1	77	0	0	trans	0.53472056387862	5	FALSE	1	2000	113	113	1	1	1	FALSE
787	ENSG00000198467_TPM2	chr9:35685672:G>A	chr9:35685144-35685268:-	1	77	0	0	trans	0.53472056387862	124	FALSE	1	2000	113	113	1	1	1	FALSE
788	ENSG00000198467_TPM2	chr9:35685672:G>A	chr9:35685684-35685780:-	1	77	0	0	trans	0.53472056387862	96	FALSE	1	2000	113	113	1	1	1	FALSE
789	ENSG00000198467_TPM2	chr9:35685672:G>A	chr9:35686350-35686425:-	1	77	0	0	trans	0.53472056387862	75	FALSE	1	2000	113	113	1	1	1	FALSE
790	ENSG00000198467_TPM2	chr9:35685672:G>A	chr9:35689145-35689271:-	1	77	0	0	trans	0.53472056387862	126	FALSE	1	2000	113	113	1	1	1	FALSE
791	ENSG00000198467_TPM2	chr9:35685687:C>T	chr9:35682163-35682268:-	0	0					105	FALSE		2000	0					FALSE
792	ENSG00000198467_TPM2	chr9:35685687:C>T	chr9:35682268-35682904:-	0	0					636	FALSE		2000	0					FALSE
793	ENSG00000198467_TPM2	chr9:35685687:C>T	chr9:35682904-35682931:-	0	0					27	FALSE		2000	0					FALSE
794	ENSG00000198467_TPM2	chr9:35685687:C>T	chr9:35682931-35682936:-	1	73	0.374	-0.731	cis	0	5	FALSE	0.962037962037962	2000	89	0	0.0111111111111111	0.95552223888056	1	FALSE
795	ENSG00000198467_TPM2	chr9:35685687:C>T	chr9:35682936-35683241:-	1	74	0.331	-0.713	cis	0	305	FALSE	0.959040959040959	2000	94	0	0.0105263157894737	0.953023488255872	1	FALSE
796	ENSG00000198467_TPM2	chr9:35685687:C>T	chr9:35684040-35684245:-	1	74	0	0	trans	0.497550962535023	205	FALSE	1	2000	94	94	1	1	1	FALSE
797	ENSG00000198467_TPM2	chr9:35685687:C>T	chr9:35684550-35684731:-	1	77	-0.015	-0.012	trans	0.921574224222865	181	FALSE	1	2000	113	113	1	1	1	FALSE
798	ENSG00000198467_TPM2	chr9:35685687:C>T	chr9:35684731-35684750:-	1	77	0.346	-0.786	cis	0	19	FALSE	0.954045954045954	2000	113	0	0.0087719298245614	0.943528235882059	1	FALSE
799	ENSG00000198467_TPM2	chr9:35685687:C>T	chr9:35684750-35684802:-	1	77	0.346	-0.786	cis	0	52	FALSE	0.954045954045954	2000	113	0	0.0087719298245614	0.943528235882059	1	FALSE
800	ENSG00000198467_TPM2	chr9:35685687:C>T	chr9:35684802-35684807:-	1	77	0.346	-0.786	cis	0	5	FALSE	0.954045954045954	2000	113	0	0.0087719298245614	0.943528235882059	1	FALSE
801	ENSG00000198467_TPM2	chr9:35685687:C>T	chr9:35684807-35685063:-	1	77	-0.015	-0.012	trans	0.921574224222865	256	FALSE	1	2000	113	113	1	1	1	FALSE
802	ENSG00000198467_TPM2	chr9:35685687:C>T	chr9:35685063-35685139:-	1	77	0.376	0.774	cis	0	76	FALSE	0.954045954045954	2000	113	0	0.0087719298245614	0.943528235882059	1	FALSE
803	ENSG00000198467_TPM2	chr9:35685687:C>T	chr9:35685139-35685144:-	1	77	0	0	trans	0.53472056387862	5	FALSE	1	2000	113	113	1	1	1	FALSE
804	ENSG00000198467_TPM2	chr9:35685687:C>T	chr9:35685144-35685268:-	1	77	0	0	trans	0.53472056387862	124	FALSE	1	2000	113	113	1	1	1	FALSE
805	ENSG00000198467_TPM2	chr9:35685687:C>T	chr9:35685684-35685780:-	1	77	0	0	trans	0.53472056387862	96	FALSE	1	2000	113	113	1	1	1	FALSE
806	ENSG00000198467_TPM2	chr9:35685687:C>T	chr9:35686350-35686425:-	1	77	0	0	trans	0.53472056387862	75	FALSE	1	2000	113	113	1	1	1	FALSE
807	ENSG00000198467_TPM2	chr9:35685687:C>T	chr9:35689145-35689271:-	1	77	0	0	trans	0.53472056387862	126	FALSE	1	2000	113	113	1	1	1	FALSE
808	ENSG00000198467_TPM2	chr9:35689196:G>A	chr9:35682163-35682268:-	0	0					105	FALSE		2000	0					FALSE
809	ENSG00000198467_TPM2	chr9:35689196:G>A	chr9:35682268-35682904:-	0	0					636	FALSE		2000	0					FALSE
810	ENSG00000198467_TPM2	chr9:35689196:G>A	chr9:35682904-35682931:-	0	0					27	FALSE		2000	0					FALSE
811	ENSG00000198467_TPM2	chr9:35689196:G>A	chr9:35682931-35682936:-	0	0					5	FALSE		2000	0					FALSE
812	ENSG00000198467_TPM2	chr9:35689196:G>A	chr9:35682936-35683241:-	0	0					305	FALSE		2000	0					FALSE
813	ENSG00000198467_TPM2	chr9:35689196:G>A	chr9:35684040-35684245:-	0	0					205	FALSE		2000	0					FALSE
814	ENSG00000198467_TPM2	chr9:35689196:G>A	chr9:35684550-35684731:-	0	0					181	FALSE		2000	0					FALSE
815	ENSG00000198467_TPM2	chr9:35689196:G>A	chr9:35684731-35684750:-	0	0					19	FALSE		2000	0					FALSE
816	ENSG00000198467_TPM2	chr9:35689196:G>A	chr9:35684750-35684802:-	0	0					52	FALSE		2000	0					FALSE
817	ENSG00000198467_TPM2	chr9:35689196:G>A	chr9:35684802-35684807:-	0	0					5	FALSE		2000	0					FALSE
818	ENSG00000198467_TPM2	chr9:35689196:G>A	chr9:35684807-35685063:-	0	0					256	FALSE		2000	0					FALSE
819	ENSG00000198467_TPM2	chr9:35689196:G>A	chr9:35685063-35685139:-	0	0					76	FALSE		2000	0					FALSE
820	ENSG00000198467_TPM2	chr9:35689196:G>A	chr9:35685139-35685144:-	0	0					5	FALSE		2000	0					FALSE
821	ENSG00000198467_TPM2	chr9:35689196:G>A	chr9:35685144-35685268:-	0	0					124	FALSE		2000	0					FALSE
822	ENSG00000198467_TPM2	chr9:35689196:G>A	chr9:35685684-35685780:-	0	0					96	FALSE		2000	0					FALSE
823	ENSG00000198467_TPM2	chr9:35689196:G>A	chr9:35686350-35686425:-	0	0					75	FALSE		2000	0					FALSE
824	ENSG00000198467_TPM2	chr9:35689196:G>A	chr9:35689145-35689271:-	0	0					126	FALSE		2000	0					FALSE
825	ENSG00000198467_TPM2	chr9:35689199:T>C	chr9:35682163-35682268:-	0	0					105	FALSE		2000	0					FALSE
826	ENSG00000198467_TPM2	chr9:35689199:T>C	chr9:35682268-35682904:-	0	0					636	FALSE		2000	0					FALSE
827	ENSG00000198467_TPM2	chr9:35689199:T>C	chr9:35682904-35682931:-	0	0					27	FALSE		2000	0					FALSE
828	ENSG00000198467_TPM2	chr9:35689199:T>C	chr9:35682931-35682936:-	0	0					5	FALSE		2000	0					FALSE
829	ENSG00000198467_TPM2	chr9:35689199:T>C	chr9:35682936-35683241:-	0	0					305	FALSE		2000	0					FALSE
830	ENSG00000198467_TPM2	chr9:35689199:T>C	chr9:35684040-35684245:-	0	0					205	FALSE		2000	0					FALSE
831	ENSG00000198467_TPM2	chr9:35689199:T>C	chr9:35684550-35684731:-	0	0					181	FALSE		2000	0					FALSE
832	ENSG00000198467_TPM2	chr9:35689199:T>C	chr9:35684731-35684750:-	0	0					19	FALSE		2000	0					FALSE
833	ENSG00000198467_TPM2	chr9:35689199:T>C	chr9:35684750-35684802:-	0	0					52	FALSE		2000	0					FALSE
834	ENSG00000198467_TPM2	chr9:35689199:T>C	chr9:35684802-35684807:-	0	0					5	FALSE		2000	0					FALSE
835	ENSG00000198467_TPM2	chr9:35689199:T>C	chr9:35684807-35685063:-	0	0					256	FALSE		2000	0					FALSE
836	ENSG00000198467_TPM2	chr9:35689199:T>C	chr9:35685063-35685139:-	0	0					76	FALSE		2000	0					FALSE
837	ENSG00000198467_TPM2	chr9:35689199:T>C	chr9:35685139-35685144:-	0	0					5	FALSE		2000	0					FALSE
838	ENSG00000198467_TPM2	chr9:35689199:T>C	chr9:35685144-35685268:-	0	0					124	FALSE		2000	0					FALSE
839	ENSG00000198467_TPM2	chr9:35689199:T>C	chr9:35685684-35685780:-	0	0					96	FALSE		2000	0					FALSE
840	ENSG00000198467_TPM2	chr9:35689199:T>C	chr9:35686350-35686425:-	0	0					75	FALSE		2000	0					FALSE
841	ENSG00000198467_TPM2	chr9:35689199:T>C	chr9:35689145-35689271:-	0	0					126	FALSE		2000	0					FALSE
842	ENSG00000198467_TPM2	chr9:35689202:A>G	chr9:35682163-35682268:-	0	0					105	FALSE		2000	0					FALSE
843	ENSG00000198467_TPM2	chr9:35689202:A>G	chr9:35682268-35682904:-	0	0					636	FALSE		2000	0					FALSE
844	ENSG00000198467_TPM2	chr9:35689202:A>G	chr9:35682904-35682931:-	0	0					27	FALSE		2000	0					FALSE
845	ENSG00000198467_TPM2	chr9:35689202:A>G	chr9:35682931-35682936:-	0	0					5	FALSE		2000	0					FALSE
846	ENSG00000198467_TPM2	chr9:35689202:A>G	chr9:35682936-35683241:-	0	0					305	FALSE		2000	0					FALSE
847	ENSG00000198467_TPM2	chr9:35689202:A>G	chr9:35684040-35684245:-	0	0					205	FALSE		2000	0					FALSE
848	ENSG00000198467_TPM2	chr9:35689202:A>G	chr9:35684550-35684731:-	0	0					181	FALSE		2000	0					FALSE
849	ENSG00000198467_TPM2	chr9:35689202:A>G	chr9:35684731-35684750:-	0	0					19	FALSE		2000	0					FALSE
850	ENSG00000198467_TPM2	chr9:35689202:A>G	chr9:35684750-35684802:-	0	0					52	FALSE		2000	0					FALSE
851	ENSG00000198467_TPM2	chr9:35689202:A>G	chr9:35684802-35684807:-	0	0					5	FALSE		2000	0					FALSE
852	ENSG00000198467_TPM2	chr9:35689202:A>G	chr9:35684807-35685063:-	0	0					256	FALSE		2000	0					FALSE
853	ENSG00000198467_TPM2	chr9:35689202:A>G	chr9:35685063-35685139:-	0	0					76	FALSE		2000	0					FALSE
854	ENSG00000198467_TPM2	chr9:35689202:A>G	chr9:35685139-35685144:-	0	0					5	FALSE		2000	0					FALSE
855	ENSG00000198467_TPM2	chr9:35689202:A>G	chr9:35685144-35685268:-	0	0					124	FALSE		2000	0					FALSE
856	ENSG00000198467_TPM2	chr9:35689202:A>G	chr9:35685684-35685780:-	0	0					96	FALSE		2000	0					FALSE
857	ENSG00000198467_TPM2	chr9:35689202:A>G	chr9:35686350-35686425:-	0	0					75	FALSE		2000	0					FALSE
858	ENSG00000198467_TPM2	chr9:35689202:A>G	chr9:35689145-35689271:-	0	0					126	FALSE		2000	0					FALSE
859	ENSG00000198467_TPM2	chr9:35689238:C>T	chr9:35682163-35682268:-	0	0					105	FALSE		2000	0					FALSE
860	ENSG00000198467_TPM2	chr9:35689238:C>T	chr9:35682268-35682904:-	0	0					636	FALSE		2000	0					FALSE
861	ENSG00000198467_TPM2	chr9:35689238:C>T	chr9:35682904-35682931:-	0	0					27	FALSE		2000	0					FALSE
862	ENSG00000198467_TPM2	chr9:35689238:C>T	chr9:35682931-35682936:-	0	0					5	FALSE		2000	0					FALSE
863	ENSG00000198467_TPM2	chr9:35689238:C>T	chr9:35682936-35683241:-	0	0					305	FALSE		2000	0					FALSE
864	ENSG00000198467_TPM2	chr9:35689238:C>T	chr9:35684040-35684245:-	0	0					205	FALSE		2000	0					FALSE
865	ENSG00000198467_TPM2	chr9:35689238:C>T	chr9:35684550-35684731:-	0	0					181	FALSE		2000	0					FALSE
866	ENSG00000198467_TPM2	chr9:35689238:C>T	chr9:35684731-35684750:-	0	0					19	FALSE		2000	0					FALSE
867	ENSG00000198467_TPM2	chr9:35689238:C>T	chr9:35684750-35684802:-	0	0					52	FALSE		2000	0					FALSE
868	ENSG00000198467_TPM2	chr9:35689238:C>T	chr9:35684802-35684807:-	0	0					5	FALSE		2000	0					FALSE
869	ENSG00000198467_TPM2	chr9:35689238:C>T	chr9:35684807-35685063:-	0	0					256	FALSE		2000	0					FALSE
870	ENSG00000198467_TPM2	chr9:35689238:C>T	chr9:35685063-35685139:-	0	0					76	FALSE		2000	0					FALSE
871	ENSG00000198467_TPM2	chr9:35689238:C>T	chr9:35685139-35685144:-	0	0					5	FALSE		2000	0					FALSE
872	ENSG00000198467_TPM2	chr9:35689238:C>T	chr9:35685144-35685268:-	0	0					124	FALSE		2000	0					FALSE
873	ENSG00000198467_TPM2	chr9:35689238:C>T	chr9:35685684-35685780:-	0	0					96	FALSE		2000	0					FALSE
874	ENSG00000198467_TPM2	chr9:35689238:C>T	chr9:35686350-35686425:-	0	0					75	FALSE		2000	0					FALSE
875	ENSG00000198467_TPM2	chr9:35689238:C>T	chr9:35689145-35689271:-	0	0					126	FALSE		2000	0					FALSE
876	ENSG00000198467_TPM2	chr9:35689718:C>T	chr9:35682163-35682268:-	0	0					105	FALSE		2000	0					FALSE
877	ENSG00000198467_TPM2	chr9:35689718:C>T	chr9:35682268-35682904:-	0	0					636	FALSE		2000	0					FALSE
878	ENSG00000198467_TPM2	chr9:35689718:C>T	chr9:35682904-35682931:-	0	0					27	FALSE		2000	0					FALSE
879	ENSG00000198467_TPM2	chr9:35689718:C>T	chr9:35682931-35682936:-	3	152	0.402	-0.696	cis	0	5	FALSE	0.382617382617383	2000	1244	0	0.000803212851405623	0.378310844577711	1	FALSE
880	ENSG00000198467_TPM2	chr9:35689718:C>T	chr9:35682936-35683241:-	3	161	0.3	-0.68	cis	0	305	FALSE	0.363636363636364	2000	1278	0	0.000781860828772479	0.361319340329835	1	FALSE
881	ENSG00000198467_TPM2	chr9:35689718:C>T	chr9:35684040-35684245:-	3	161	0	0	trans	0.530131154350036	205	FALSE	1	2000	1249	1249	1	1	1	FALSE
882	ENSG00000198467_TPM2	chr9:35689718:C>T	chr9:35684550-35684731:-	3	166	-0.006	-0.011	trans	0.931686304373453	181	FALSE	0.986013986013986	2000	1323	1293	0.977341389728097	0.985007496251874	1	FALSE
883	ENSG00000198467_TPM2	chr9:35689718:C>T	chr9:35684731-35684750:-	3	166	0.306	-0.722	cis	0	19	FALSE	0.320679320679321	2000	1360	0	0.000734753857457752	0.320339830084958	1	FALSE
884	ENSG00000198467_TPM2	chr9:35689718:C>T	chr9:35684750-35684802:-	3	166	0.306	-0.722	cis	0	52	FALSE	0.320679320679321	2000	1360	0	0.000734753857457752	0.320339830084958	1	FALSE
885	ENSG00000198467_TPM2	chr9:35689718:C>T	chr9:35684802-35684807:-	3	166	0.306	-0.722	cis	0	5	FALSE	0.320679320679321	2000	1360	0	0.000734753857457752	0.320339830084958	1	FALSE
886	ENSG00000198467_TPM2	chr9:35689718:C>T	chr9:35684807-35685063:-	3	166	-0.006	-0.011	trans	0.931686304373453	256	FALSE	0.986013986013986	2000	1323	1293	0.977341389728097	0.985007496251874	1	FALSE
887	ENSG00000198467_TPM2	chr9:35689718:C>T	chr9:35685063-35685139:-	3	166	0.322	0.71	cis	0	76	FALSE	0.317682317682318	2000	1364	0	0.000732600732600733	0.318340829585207	1	FALSE
888	ENSG00000198467_TPM2	chr9:35689718:C>T	chr9:35685139-35685144:-	3	166	0	0	trans	0.497396355023535	5	FALSE	1	2000	1332	1332	1	1	1	FALSE
889	ENSG00000198467_TPM2	chr9:35689718:C>T	chr9:35685144-35685268:-	3	166	0	0	trans	0.497396355023535	124	FALSE	1	2000	1332	1332	1	1	1	FALSE
890	ENSG00000198467_TPM2	chr9:35689718:C>T	chr9:35685684-35685780:-	3	166	0	0	trans	0.497396355023535	96	FALSE	1	2000	1332	1332	1	1	1	FALSE
891	ENSG00000198467_TPM2	chr9:35689718:C>T	chr9:35686350-35686425:-	3	166	0	0	trans	0.497396355023535	75	FALSE	1	2000	1332	1332	1	1	1	FALSE
892	ENSG00000198467_TPM2	chr9:35689718:C>T	chr9:35689145-35689271:-	3	166	0	0	trans	0.497396355023535	126	FALSE	1	2000	1332	1332	1	1	1	FALSE
893	ENSG00000198467_TPM2	chr9:35689906:AGGA>GG	chr9:35682931-35682936:-	0	0					5	FALSE		2000	0					FALSE
894	ENSG00000198467_TPM2	chr9:35689906:AGGA>GG	chr9:35682936-35683241:-	0	0					305	FALSE		2000	0					FALSE
895	ENSG00000198467_TPM2	chr9:35689906:AGGA>GG	chr9:35684040-35684245:-	0	0					205	FALSE		2000	0					FALSE
896	ENSG00000198467_TPM2	chr9:35689906:AGGA>GG	chr9:35684550-35684731:-	0	0					181	FALSE		2000	0					FALSE
897	ENSG00000198467_TPM2	chr9:35689906:AGGA>GG	chr9:35684731-35684750:-	0	0					19	FALSE		2000	0					FALSE
898	ENSG00000198467_TPM2	chr9:35689906:AGGA>GG	chr9:35684750-35684802:-	0	0					52	FALSE		2000	0					FALSE
899	ENSG00000198467_TPM2	chr9:35689906:AGGA>GG	chr9:35684802-35684807:-	0	0					5	FALSE		2000	0					FALSE
900	ENSG00000198467_TPM2	chr9:35689906:AGGA>GG	chr9:35684807-35685063:-	0	0					256	FALSE		2000	0					FALSE
901	ENSG00000198467_TPM2	chr9:35689906:AGGA>GG	chr9:35685063-35685139:-	0	0					76	FALSE		2000	0					FALSE
902	ENSG00000198467_TPM2	chr9:35689906:AGGA>GG	chr9:35685139-35685144:-	0	0					5	FALSE		2000	0					FALSE
903	ENSG00000198467_TPM2	chr9:35689906:AGGA>GG	chr9:35685144-35685268:-	0	0					124	FALSE		2000	0					FALSE
904	ENSG00000198467_TPM2	chr9:35689906:AGGA>GG	chr9:35685684-35685780:-	0	0					96	FALSE		2000	0					FALSE
905	ENSG00000198467_TPM2	chr9:35689906:AGGA>GG	chr9:35686350-35686425:-	0	0					75	FALSE		2000	0					FALSE
906	ENSG00000198467_TPM2	chr9:35689906:AGGA>GG	chr9:35689145-35689271:-	0	0					126	FALSE		2000	0					FALSE
907	ENSG00000198467_TPM2	chr9:35684249:T>C	chr9:35682268-35682904:-	0	0					636	FALSE		2000	0					FALSE
908	ENSG00000198467_TPM2	chr9:35684249:T>C	chr9:35682904-35682931:-	0	0					27	FALSE		2000	0					FALSE
909	ENSG00000198467_TPM2	chr9:35684249:T>C	chr9:35682931-35682936:-	0	0					5	FALSE		2000	0					FALSE
910	ENSG00000198467_TPM2	chr9:35684249:T>C	chr9:35682936-35683241:-	0	0					305	FALSE		2000	0					FALSE
911	ENSG00000198467_TPM2	chr9:35684249:T>C	chr9:35684040-35684245:-	0	0					205	FALSE		2000	0					FALSE
912	ENSG00000198467_TPM2	chr9:35684249:T>C	chr9:35684550-35684731:-	0	0					181	FALSE		2000	0					FALSE
913	ENSG00000198467_TPM2	chr9:35684249:T>C	chr9:35684731-35684750:-	0	0					19	FALSE		2000	0					FALSE
914	ENSG00000198467_TPM2	chr9:35684249:T>C	chr9:35684750-35684802:-	0	0					52	FALSE		2000	0					FALSE
915	ENSG00000198467_TPM2	chr9:35684249:T>C	chr9:35684802-35684807:-	0	0					5	FALSE		2000	0					FALSE
916	ENSG00000198467_TPM2	chr9:35684249:T>C	chr9:35684807-35685063:-	0	0					256	FALSE		2000	0					FALSE
917	ENSG00000198467_TPM2	chr9:35684249:T>C	chr9:35685063-35685139:-	0	0					76	FALSE		2000	0					FALSE
918	ENSG00000198467_TPM2	chr9:35684249:T>C	chr9:35685139-35685144:-	0	0					5	FALSE		2000	0					FALSE
919	ENSG00000198467_TPM2	chr9:35684249:T>C	chr9:35685144-35685268:-	0	0					124	FALSE		2000	0					FALSE
920	ENSG00000198467_TPM2	chr9:35684249:T>C	chr9:35685684-35685780:-	0	0					96	FALSE		2000	0					FALSE
921	ENSG00000198467_TPM2	chr9:35684249:T>C	chr9:35686350-35686425:-	0	0					75	FALSE		2000	0					FALSE
922	ENSG00000198467_TPM2	chr9:35684249:T>C	chr9:35689145-35689271:-	0	0					126	FALSE		2000	0					FALSE
923	ENSG00000198467_TPM2	chr9:35684285:C>T	chr9:35682931-35682936:-	0	0					5	FALSE		2000	0					FALSE
924	ENSG00000198467_TPM2	chr9:35684285:C>T	chr9:35682936-35683241:-	0	0					305	FALSE		2000	0					FALSE
925	ENSG00000198467_TPM2	chr9:35684285:C>T	chr9:35684040-35684245:-	0	0					205	FALSE		2000	0					FALSE
926	ENSG00000198467_TPM2	chr9:35684285:C>T	chr9:35684550-35684731:-	0	0					181	FALSE		2000	0					FALSE
927	ENSG00000198467_TPM2	chr9:35684285:C>T	chr9:35684731-35684750:-	0	0					19	FALSE		2000	0					FALSE
928	ENSG00000198467_TPM2	chr9:35684285:C>T	chr9:35684750-35684802:-	0	0					52	FALSE		2000	0					FALSE
929	ENSG00000198467_TPM2	chr9:35684285:C>T	chr9:35684802-35684807:-	0	0					5	FALSE		2000	0					FALSE
930	ENSG00000198467_TPM2	chr9:35684285:C>T	chr9:35684807-35685063:-	0	0					256	FALSE		2000	0					FALSE
931	ENSG00000198467_TPM2	chr9:35684285:C>T	chr9:35685063-35685139:-	0	0					76	FALSE		2000	0					FALSE
932	ENSG00000198467_TPM2	chr9:35684285:C>T	chr9:35685139-35685144:-	0	0					5	FALSE		2000	0					FALSE
933	ENSG00000198467_TPM2	chr9:35684285:C>T	chr9:35685144-35685268:-	0	0					124	FALSE		2000	0					FALSE
934	ENSG00000198467_TPM2	chr9:35684285:C>T	chr9:35685684-35685780:-	0	0					96	FALSE		2000	0					FALSE
935	ENSG00000198467_TPM2	chr9:35684285:C>T	chr9:35686350-35686425:-	0	0					75	FALSE		2000	0					FALSE
936	ENSG00000198467_TPM2	chr9:35684285:C>T	chr9:35689145-35689271:-	0	0					126	FALSE		2000	0					FALSE
937	ENSG00000198467_TPM2	chr9:35684288:C>T	chr9:35682931-35682936:-	0	0					5	FALSE		2000	0					FALSE
938	ENSG00000198467_TPM2	chr9:35684288:C>T	chr9:35682936-35683241:-	0	0					305	FALSE		2000	0					FALSE
939	ENSG00000198467_TPM2	chr9:35684288:C>T	chr9:35684040-35684245:-	0	0					205	FALSE		2000	0					FALSE
940	ENSG00000198467_TPM2	chr9:35684288:C>T	chr9:35684550-35684731:-	0	0					181	FALSE		2000	0					FALSE
941	ENSG00000198467_TPM2	chr9:35684288:C>T	chr9:35684731-35684750:-	0	0					19	FALSE		2000	0					FALSE
942	ENSG00000198467_TPM2	chr9:35684288:C>T	chr9:35684750-35684802:-	0	0					52	FALSE		2000	0					FALSE
943	ENSG00000198467_TPM2	chr9:35684288:C>T	chr9:35684802-35684807:-	0	0					5	FALSE		2000	0					FALSE
944	ENSG00000198467_TPM2	chr9:35684288:C>T	chr9:35684807-35685063:-	0	0					256	FALSE		2000	0					FALSE
945	ENSG00000198467_TPM2	chr9:35684288:C>T	chr9:35685063-35685139:-	0	0					76	FALSE		2000	0					FALSE
946	ENSG00000198467_TPM2	chr9:35684288:C>T	chr9:35685139-35685144:-	0	0					5	FALSE		2000	0					FALSE
947	ENSG00000198467_TPM2	chr9:35684288:C>T	chr9:35685144-35685268:-	0	0					124	FALSE		2000	0					FALSE
948	ENSG00000198467_TPM2	chr9:35684288:C>T	chr9:35685684-35685780:-	0	0					96	FALSE		2000	0					FALSE
949	ENSG00000198467_TPM2	chr9:35684288:C>T	chr9:35686350-35686425:-	0	0					75	FALSE		2000	0					FALSE
950	ENSG00000198467_TPM2	chr9:35684288:C>T	chr9:35689145-35689271:-	0	0					126	FALSE		2000	0					FALSE
951	ENSG00000198467_TPM2	chr9:35684291:G>A	chr9:35682931-35682936:-	0	0					5	FALSE		2000	0					FALSE
952	ENSG00000198467_TPM2	chr9:35684291:G>A	chr9:35682936-35683241:-	0	0					305	FALSE		2000	0					FALSE
953	ENSG00000198467_TPM2	chr9:35684291:G>A	chr9:35684040-35684245:-	0	0					205	FALSE		2000	0					FALSE
954	ENSG00000198467_TPM2	chr9:35684291:G>A	chr9:35684550-35684731:-	0	0					181	FALSE		2000	0					FALSE
955	ENSG00000198467_TPM2	chr9:35684291:G>A	chr9:35684731-35684750:-	0	0					19	FALSE		2000	0					FALSE
956	ENSG00000198467_TPM2	chr9:35684291:G>A	chr9:35684750-35684802:-	0	0					52	FALSE		2000	0					FALSE
957	ENSG00000198467_TPM2	chr9:35684291:G>A	chr9:35684802-35684807:-	0	0					5	FALSE		2000	0					FALSE
958	ENSG00000198467_TPM2	chr9:35684291:G>A	chr9:35684807-35685063:-	0	0					256	FALSE		2000	0					FALSE
959	ENSG00000198467_TPM2	chr9:35684291:G>A	chr9:35685063-35685139:-	0	0					76	FALSE		2000	0					FALSE
960	ENSG00000198467_TPM2	chr9:35684291:G>A	chr9:35685139-35685144:-	0	0					5	FALSE		2000	0					FALSE
961	ENSG00000198467_TPM2	chr9:35684291:G>A	chr9:35685144-35685268:-	0	0					124	FALSE		2000	0					FALSE
962	ENSG00000198467_TPM2	chr9:35684291:G>A	chr9:35685684-35685780:-	0	0					96	FALSE		2000	0					FALSE
963	ENSG00000198467_TPM2	chr9:35684291:G>A	chr9:35686350-35686425:-	0	0					75	FALSE		2000	0					FALSE
964	ENSG00000198467_TPM2	chr9:35684291:G>A	chr9:35689145-35689271:-	0	0					126	FALSE		2000	0					FALSE
965	ENSG00000198467_TPM2	chr9:35684507:A>G	chr9:35682163-35682268:-	0	0					105	FALSE		2000	0					FALSE
966	ENSG00000198467_TPM2	chr9:35684507:A>G	chr9:35682268-35682904:-	0	0					636	FALSE		2000	0					FALSE
967	ENSG00000198467_TPM2	chr9:35684507:A>G	chr9:35682904-35682931:-	0	0					27	FALSE		2000	0					FALSE
968	ENSG00000198467_TPM2	chr9:35684507:A>G	chr9:35682931-35682936:-	0	0					5	FALSE		2000	0					FALSE
969	ENSG00000198467_TPM2	chr9:35684507:A>G	chr9:35682936-35683241:-	0	0					305	FALSE		2000	0					FALSE
970	ENSG00000198467_TPM2	chr9:35684507:A>G	chr9:35684040-35684245:-	0	0					205	FALSE		2000	0					FALSE
971	ENSG00000198467_TPM2	chr9:35684507:A>G	chr9:35684550-35684731:-	0	0					181	FALSE		2000	0					FALSE
972	ENSG00000198467_TPM2	chr9:35684507:A>G	chr9:35684731-35684750:-	0	0					19	FALSE		2000	0					FALSE
973	ENSG00000198467_TPM2	chr9:35684507:A>G	chr9:35684750-35684802:-	0	0					52	FALSE		2000	0					FALSE
974	ENSG00000198467_TPM2	chr9:35684507:A>G	chr9:35684802-35684807:-	0	0					5	FALSE		2000	0					FALSE
975	ENSG00000198467_TPM2	chr9:35684507:A>G	chr9:35684807-35685063:-	0	0					256	FALSE		2000	0					FALSE
976	ENSG00000198467_TPM2	chr9:35684507:A>G	chr9:35685063-35685139:-	0	0					76	FALSE		2000	0					FALSE
977	ENSG00000198467_TPM2	chr9:35684507:A>G	chr9:35685139-35685144:-	0	0					5	FALSE		2000	0					FALSE
978	ENSG00000198467_TPM2	chr9:35684507:A>G	chr9:35685144-35685268:-	0	0					124	FALSE		2000	0					FALSE
979	ENSG00000198467_TPM2	chr9:35684507:A>G	chr9:35685684-35685780:-	0	0					96	FALSE		2000	0					FALSE
980	ENSG00000198467_TPM2	chr9:35684507:A>G	chr9:35686350-35686425:-	0	0					75	FALSE		2000	0					FALSE
981	ENSG00000198467_TPM2	chr9:35684507:A>G	chr9:35689145-35689271:-	0	0					126	FALSE		2000	0					FALSE
982	ENSG00000198467_TPM2	chr9:35684520:C>T	chr9:35682163-35682268:-	0	0					105	FALSE		2000	0					FALSE
983	ENSG00000198467_TPM2	chr9:35684520:C>T	chr9:35682268-35682904:-	0	0					636	FALSE		2000	0					FALSE
984	ENSG00000198467_TPM2	chr9:35684520:C>T	chr9:35682904-35682931:-	0	0					27	FALSE		2000	0					FALSE
985	ENSG00000198467_TPM2	chr9:35684520:C>T	chr9:35682931-35682936:-	0	0					5	FALSE		2000	0					FALSE
986	ENSG00000198467_TPM2	chr9:35684520:C>T	chr9:35682936-35683241:-	0	0					305	FALSE		2000	0					FALSE
987	ENSG00000198467_TPM2	chr9:35684520:C>T	chr9:35684040-35684245:-	0	0					205	FALSE		2000	0					FALSE
988	ENSG00000198467_TPM2	chr9:35684520:C>T	chr9:35684550-35684731:-	0	0					181	FALSE		2000	0					FALSE
989	ENSG00000198467_TPM2	chr9:35684520:C>T	chr9:35684731-35684750:-	0	0					19	FALSE		2000	0					FALSE
990	ENSG00000198467_TPM2	chr9:35684520:C>T	chr9:35684750-35684802:-	0	0					52	FALSE		2000	0					FALSE
991	ENSG00000198467_TPM2	chr9:35684520:C>T	chr9:35684802-35684807:-	0	0					5	FALSE		2000	0					FALSE
992	ENSG00000198467_TPM2	chr9:35684520:C>T	chr9:35684807-35685063:-	0	0					256	FALSE		2000	0					FALSE
993	ENSG00000198467_TPM2	chr9:35684520:C>T	chr9:35685063-35685139:-	0	0					76	FALSE		2000	0					FALSE
994	ENSG00000198467_TPM2	chr9:35684520:C>T	chr9:35685139-35685144:-	0	0					5	FALSE		2000	0					FALSE
995	ENSG00000198467_TPM2	chr9:35684520:C>T	chr9:35685144-35685268:-	0	0					124	FALSE		2000	0					FALSE
996	ENSG00000198467_TPM2	chr9:35684520:C>T	chr9:35685684-35685780:-	0	0					96	FALSE		2000	0					FALSE
997	ENSG00000198467_TPM2	chr9:35684520:C>T	chr9:35686350-35686425:-	0	0					75	FALSE		2000	0					FALSE
998	ENSG00000198467_TPM2	chr9:35684520:C>T	chr9:35689145-35689271:-	0	0					126	FALSE		2000	0					FALSE
999	ENSG00000198467_TPM2	chr9:35684526:A>G	chr9:35682163-35682268:-	0	0					105	FALSE		2000	0					FALSE
1000	ENSG00000198467_TPM2	chr9:35684526:A>G	chr9:35682268-35682904:-	0	0					636	FALSE		2000	0					FALSE
1001	ENSG00000198467_TPM2	chr9:35684526:A>G	chr9:35682904-35682931:-	0	0					27	FALSE		2000	0					FALSE
1002	ENSG00000198467_TPM2	chr9:35684526:A>G	chr9:35682931-35682936:-	0	0					5	FALSE		2000	0					FALSE
1003	ENSG00000198467_TPM2	chr9:35684526:A>G	chr9:35682936-35683241:-	0	0					305	FALSE		2000	0					FALSE
1004	ENSG00000198467_TPM2	chr9:35684526:A>G	chr9:35684040-35684245:-	0	0					205	FALSE		2000	0					FALSE
1005	ENSG00000198467_TPM2	chr9:35684526:A>G	chr9:35684550-35684731:-	0	0					181	FALSE		2000	0					FALSE
1006	ENSG00000198467_TPM2	chr9:35684526:A>G	chr9:35684731-35684750:-	0	0					19	FALSE		2000	0					FALSE
1007	ENSG00000198467_TPM2	chr9:35684526:A>G	chr9:35684750-35684802:-	0	0					52	FALSE		2000	0					FALSE
1008	ENSG00000198467_TPM2	chr9:35684526:A>G	chr9:35684802-35684807:-	0	0					5	FALSE		2000	0					FALSE
1009	ENSG00000198467_TPM2	chr9:35684526:A>G	chr9:35684807-35685063:-	0	0					256	FALSE		2000	0					FALSE
1010	ENSG00000198467_TPM2	chr9:35684526:A>G	chr9:35685063-35685139:-	0	0					76	FALSE		2000	0					FALSE
1011	ENSG00000198467_TPM2	chr9:35684526:A>G	chr9:35685139-35685144:-	0	0					5	FALSE		2000	0					FALSE
1012	ENSG00000198467_TPM2	chr9:35684526:A>G	chr9:35685144-35685268:-	0	0					124	FALSE		2000	0					FALSE
1013	ENSG00000198467_TPM2	chr9:35684526:A>G	chr9:35685684-35685780:-	0	0					96	FALSE		2000	0					FALSE
1014	ENSG00000198467_TPM2	chr9:35684526:A>G	chr9:35686350-35686425:-	0	0					75	FALSE		2000	0					FALSE
1015	ENSG00000198467_TPM2	chr9:35684526:A>G	chr9:35689145-35689271:-	0	0					126	FALSE		2000	0					FALSE
1016	ENSG00000198467_TPM2	chr9:35684532:A>G	chr9:35682163-35682268:-	0	0					105	FALSE		2000	0					FALSE
1017	ENSG00000198467_TPM2	chr9:35684532:A>G	chr9:35682268-35682904:-	0	0					636	FALSE		2000	0					FALSE
1018	ENSG00000198467_TPM2	chr9:35684532:A>G	chr9:35682904-35682931:-	0	0					27	FALSE		2000	0					FALSE
1019	ENSG00000198467_TPM2	chr9:35684532:A>G	chr9:35682931-35682936:-	0	0					5	FALSE		2000	0					FALSE
1020	ENSG00000198467_TPM2	chr9:35684532:A>G	chr9:35682936-35683241:-	0	0					305	FALSE		2000	0					FALSE
1021	ENSG00000198467_TPM2	chr9:35684532:A>G	chr9:35684040-35684245:-	0	0					205	FALSE		2000	0					FALSE
1022	ENSG00000198467_TPM2	chr9:35684532:A>G	chr9:35684550-35684731:-	0	0					181	FALSE		2000	0					FALSE
1023	ENSG00000198467_TPM2	chr9:35684532:A>G	chr9:35684731-35684750:-	0	0					19	FALSE		2000	0					FALSE
1024	ENSG00000198467_TPM2	chr9:35684532:A>G	chr9:35684750-35684802:-	0	0					52	FALSE		2000	0					FALSE
1025	ENSG00000198467_TPM2	chr9:35684532:A>G	chr9:35684802-35684807:-	0	0					5	FALSE		2000	0					FALSE
1026	ENSG00000198467_TPM2	chr9:35684532:A>G	chr9:35684807-35685063:-	0	0					256	FALSE		2000	0					FALSE
1027	ENSG00000198467_TPM2	chr9:35684532:A>G	chr9:35685063-35685139:-	0	0					76	FALSE		2000	0					FALSE
1028	ENSG00000198467_TPM2	chr9:35684532:A>G	chr9:35685139-35685144:-	0	0					5	FALSE		2000	0					FALSE
1029	ENSG00000198467_TPM2	chr9:35684532:A>G	chr9:35685144-35685268:-	0	0					124	FALSE		2000	0					FALSE
1030	ENSG00000198467_TPM2	chr9:35684532:A>G	chr9:35685684-35685780:-	0	0					96	FALSE		2000	0					FALSE
1031	ENSG00000198467_TPM2	chr9:35684532:A>G	chr9:35686350-35686425:-	0	0					75	FALSE		2000	0					FALSE
1032	ENSG00000198467_TPM2	chr9:35684532:A>G	chr9:35689145-35689271:-	0	0					126	FALSE		2000	0					FALSE
1033	ENSG00000198467_TPM2	chr9:35684535:T>C	chr9:35682163-35682268:-	0	0					105	FALSE		2000	0					FALSE
1034	ENSG00000198467_TPM2	chr9:35684535:T>C	chr9:35682268-35682904:-	0	0					636	FALSE		2000	0					FALSE
1035	ENSG00000198467_TPM2	chr9:35684535:T>C	chr9:35682904-35682931:-	0	0					27	FALSE		2000	0					FALSE
1036	ENSG00000198467_TPM2	chr9:35684535:T>C	chr9:35682931-35682936:-	0	0					5	FALSE		2000	0					FALSE
1037	ENSG00000198467_TPM2	chr9:35684535:T>C	chr9:35682936-35683241:-	0	0					305	FALSE		2000	0					FALSE
1038	ENSG00000198467_TPM2	chr9:35684535:T>C	chr9:35684040-35684245:-	0	0					205	FALSE		2000	0					FALSE
1039	ENSG00000198467_TPM2	chr9:35684535:T>C	chr9:35684550-35684731:-	0	0					181	FALSE		2000	0					FALSE
1040	ENSG00000198467_TPM2	chr9:35684535:T>C	chr9:35684731-35684750:-	0	0					19	FALSE		2000	0					FALSE
1041	ENSG00000198467_TPM2	chr9:35684535:T>C	chr9:35684750-35684802:-	0	0					52	FALSE		2000	0					FALSE
1042	ENSG00000198467_TPM2	chr9:35684535:T>C	chr9:35684802-35684807:-	0	0					5	FALSE		2000	0					FALSE
1043	ENSG00000198467_TPM2	chr9:35684535:T>C	chr9:35684807-35685063:-	0	0					256	FALSE		2000	0					FALSE
1044	ENSG00000198467_TPM2	chr9:35684535:T>C	chr9:35685063-35685139:-	0	0					76	FALSE		2000	0					FALSE
1045	ENSG00000198467_TPM2	chr9:35684535:T>C	chr9:35685139-35685144:-	0	0					5	FALSE		2000	0					FALSE
1046	ENSG00000198467_TPM2	chr9:35684535:T>C	chr9:35685144-35685268:-	0	0					124	FALSE		2000	0					FALSE
1047	ENSG00000198467_TPM2	chr9:35684535:T>C	chr9:35685684-35685780:-	0	0					96	FALSE		2000	0					FALSE
1048	ENSG00000198467_TPM2	chr9:35684535:T>C	chr9:35686350-35686425:-	0	0					75	FALSE		2000	0					FALSE
1049	ENSG00000198467_TPM2	chr9:35684535:T>C	chr9:35689145-35689271:-	0	0					126	FALSE		2000	0					FALSE
1050	ENSG00000198467_TPM2	chr9:35685499:T>C	chr9:35682163-35682268:-	0	0					105	FALSE		2000	0					FALSE
1051	ENSG00000198467_TPM2	chr9:35685499:T>C	chr9:35682268-35682904:-	0	0					636	FALSE		2000	0					FALSE
1052	ENSG00000198467_TPM2	chr9:35685499:T>C	chr9:35682904-35682931:-	0	0					27	FALSE		2000	0					FALSE
1053	ENSG00000198467_TPM2	chr9:35685499:T>C	chr9:35682931-35682936:-	0	0					5	FALSE		2000	0					FALSE
1054	ENSG00000198467_TPM2	chr9:35685499:T>C	chr9:35682936-35683241:-	0	0					305	FALSE		2000	0					FALSE
1055	ENSG00000198467_TPM2	chr9:35685499:T>C	chr9:35684040-35684245:-	0	0					205	FALSE		2000	0					FALSE
1056	ENSG00000198467_TPM2	chr9:35685499:T>C	chr9:35684550-35684731:-	0	0					181	FALSE		2000	0					FALSE
1057	ENSG00000198467_TPM2	chr9:35685499:T>C	chr9:35684731-35684750:-	0	0					19	FALSE		2000	0					FALSE
1058	ENSG00000198467_TPM2	chr9:35685499:T>C	chr9:35684750-35684802:-	0	0					52	FALSE		2000	0					FALSE
1059	ENSG00000198467_TPM2	chr9:35685499:T>C	chr9:35684802-35684807:-	0	0					5	FALSE		2000	0					FALSE
1060	ENSG00000198467_TPM2	chr9:35685499:T>C	chr9:35684807-35685063:-	0	0					256	FALSE		2000	0					FALSE
1061	ENSG00000198467_TPM2	chr9:35685499:T>C	chr9:35685063-35685139:-	0	0					76	FALSE		2000	0					FALSE
1062	ENSG00000198467_TPM2	chr9:35685499:T>C	chr9:35685139-35685144:-	0	0					5	FALSE		2000	0					FALSE
1063	ENSG00000198467_TPM2	chr9:35685499:T>C	chr9:35685144-35685268:-	0	0					124	FALSE		2000	0					FALSE
1064	ENSG00000198467_TPM2	chr9:35685499:T>C	chr9:35685684-35685780:-	0	0					96	FALSE		2000	0					FALSE
1065	ENSG00000198467_TPM2	chr9:35685499:T>C	chr9:35686350-35686425:-	0	0					75	FALSE		2000	0					FALSE
1066	ENSG00000198467_TPM2	chr9:35685499:T>C	chr9:35689145-35689271:-	0	0					126	FALSE		2000	0					FALSE
1067	ENSG00000198467_TPM2	chr9:35685532:T>C	chr9:35682163-35682268:-	0	0					105	FALSE		2000	0					FALSE
1068	ENSG00000198467_TPM2	chr9:35685532:T>C	chr9:35682268-35682904:-	0	0					636	FALSE		2000	0					FALSE
1069	ENSG00000198467_TPM2	chr9:35685532:T>C	chr9:35682904-35682931:-	0	0					27	FALSE		2000	0					FALSE
1070	ENSG00000198467_TPM2	chr9:35685532:T>C	chr9:35682931-35682936:-	0	0					5	FALSE		2000	0					FALSE
1071	ENSG00000198467_TPM2	chr9:35685532:T>C	chr9:35682936-35683241:-	0	0					305	FALSE		2000	0					FALSE
1072	ENSG00000198467_TPM2	chr9:35685532:T>C	chr9:35684040-35684245:-	0	0					205	FALSE		2000	0					FALSE
1073	ENSG00000198467_TPM2	chr9:35685532:T>C	chr9:35684550-35684731:-	0	0					181	FALSE		2000	0					FALSE
1074	ENSG00000198467_TPM2	chr9:35685532:T>C	chr9:35684731-35684750:-	0	0					19	FALSE		2000	0					FALSE
1075	ENSG00000198467_TPM2	chr9:35685532:T>C	chr9:35684750-35684802:-	0	0					52	FALSE		2000	0					FALSE
1076	ENSG00000198467_TPM2	chr9:35685532:T>C	chr9:35684802-35684807:-	0	0					5	FALSE		2000	0					FALSE
1077	ENSG00000198467_TPM2	chr9:35685532:T>C	chr9:35684807-35685063:-	0	0					256	FALSE		2000	0					FALSE
1078	ENSG00000198467_TPM2	chr9:35685532:T>C	chr9:35685063-35685139:-	0	0					76	FALSE		2000	0					FALSE
1079	ENSG00000198467_TPM2	chr9:35685532:T>C	chr9:35685139-35685144:-	0	0					5	FALSE		2000	0					FALSE
1080	ENSG00000198467_TPM2	chr9:35685532:T>C	chr9:35685144-35685268:-	0	0					124	FALSE		2000	0					FALSE
1081	ENSG00000198467_TPM2	chr9:35685532:T>C	chr9:35685684-35685780:-	0	0					96	FALSE		2000	0					FALSE
1082	ENSG00000198467_TPM2	chr9:35685532:T>C	chr9:35686350-35686425:-	0	0					75	FALSE		2000	0					FALSE
1083	ENSG00000198467_TPM2	chr9:35685532:T>C	chr9:35689145-35689271:-	0	0					126	FALSE		2000	0					FALSE
1084	ENSG00000198467_TPM2	chr9:35685535:G>A	chr9:35682163-35682268:-	0	0					105	FALSE		2000	0					FALSE
1085	ENSG00000198467_TPM2	chr9:35685535:G>A	chr9:35682268-35682904:-	0	0					636	FALSE		2000	0					FALSE
1086	ENSG00000198467_TPM2	chr9:35685535:G>A	chr9:35682904-35682931:-	0	0					27	FALSE		2000	0					FALSE
1087	ENSG00000198467_TPM2	chr9:35685535:G>A	chr9:35682931-35682936:-	0	0					5	FALSE		2000	0					FALSE
1088	ENSG00000198467_TPM2	chr9:35685535:G>A	chr9:35682936-35683241:-	0	0					305	FALSE		2000	0					FALSE
1089	ENSG00000198467_TPM2	chr9:35685535:G>A	chr9:35684040-35684245:-	0	0					205	FALSE		2000	0					FALSE
1090	ENSG00000198467_TPM2	chr9:35685535:G>A	chr9:35684550-35684731:-	0	0					181	FALSE		2000	0					FALSE
1091	ENSG00000198467_TPM2	chr9:35685535:G>A	chr9:35684731-35684750:-	0	0					19	FALSE		2000	0					FALSE
1092	ENSG00000198467_TPM2	chr9:35685535:G>A	chr9:35684750-35684802:-	0	0					52	FALSE		2000	0					FALSE
1093	ENSG00000198467_TPM2	chr9:35685535:G>A	chr9:35684802-35684807:-	0	0					5	FALSE		2000	0					FALSE
1094	ENSG00000198467_TPM2	chr9:35685535:G>A	chr9:35684807-35685063:-	0	0					256	FALSE		2000	0					FALSE
1095	ENSG00000198467_TPM2	chr9:35685535:G>A	chr9:35685063-35685139:-	0	0					76	FALSE		2000	0					FALSE
1096	ENSG00000198467_TPM2	chr9:35685535:G>A	chr9:35685139-35685144:-	0	0					5	FALSE		2000	0					FALSE
1097	ENSG00000198467_TPM2	chr9:35685535:G>A	chr9:35685144-35685268:-	0	0					124	FALSE		2000	0					FALSE
1098	ENSG00000198467_TPM2	chr9:35685535:G>A	chr9:35685684-35685780:-	0	0					96	FALSE		2000	0					FALSE
1099	ENSG00000198467_TPM2	chr9:35685535:G>A	chr9:35686350-35686425:-	0	0					75	FALSE		2000	0					FALSE
1100	ENSG00000198467_TPM2	chr9:35685535:G>A	chr9:35689145-35689271:-	0	0					126	FALSE		2000	0					FALSE
1101	ENSG00000198467_TPM2	chr9:35689148:A>G	chr9:35682163-35682268:-	0	0					105	FALSE		2000	0					FALSE
1102	ENSG00000198467_TPM2	chr9:35689148:A>G	chr9:35682268-35682904:-	0	0					636	FALSE		2000	0					FALSE
1103	ENSG00000198467_TPM2	chr9:35689148:A>G	chr9:35682904-35682931:-	0	0					27	FALSE		2000	0					FALSE
1104	ENSG00000198467_TPM2	chr9:35689148:A>G	chr9:35682931-35682936:-	0	0					5	FALSE		2000	0					FALSE
1105	ENSG00000198467_TPM2	chr9:35689148:A>G	chr9:35682936-35683241:-	0	0					305	FALSE		2000	0					FALSE
1106	ENSG00000198467_TPM2	chr9:35689148:A>G	chr9:35684040-35684245:-	0	0					205	FALSE		2000	0					FALSE
1107	ENSG00000198467_TPM2	chr9:35689148:A>G	chr9:35684550-35684731:-	0	0					181	FALSE		2000	0					FALSE
1108	ENSG00000198467_TPM2	chr9:35689148:A>G	chr9:35684731-35684750:-	0	0					19	FALSE		2000	0					FALSE
1109	ENSG00000198467_TPM2	chr9:35689148:A>G	chr9:35684750-35684802:-	0	0					52	FALSE		2000	0					FALSE
1110	ENSG00000198467_TPM2	chr9:35689148:A>G	chr9:35684802-35684807:-	0	0					5	FALSE		2000	0					FALSE
1111	ENSG00000198467_TPM2	chr9:35689148:A>G	chr9:35684807-35685063:-	0	0					256	FALSE		2000	0					FALSE
1112	ENSG00000198467_TPM2	chr9:35689148:A>G	chr9:35685063-35685139:-	0	0					76	FALSE		2000	0					FALSE
1113	ENSG00000198467_TPM2	chr9:35689148:A>G	chr9:35685139-35685144:-	0	0					5	FALSE		2000	0					FALSE
1114	ENSG00000198467_TPM2	chr9:35689148:A>G	chr9:35685144-35685268:-	0	0					124	FALSE		2000	0					FALSE
1115	ENSG00000198467_TPM2	chr9:35689148:A>G	chr9:35685684-35685780:-	0	0					96	FALSE		2000	0					FALSE
1116	ENSG00000198467_TPM2	chr9:35689148:A>G	chr9:35686350-35686425:-	0	0					75	FALSE		2000	0					FALSE
1117	ENSG00000198467_TPM2	chr9:35689148:A>G	chr9:35689145-35689271:-	0	0					126	FALSE		2000	0					FALSE
1118	ENSG00000198467_TPM2	chr9:35689712:G>T	chr9:35682163-35682268:-	0	0					105	FALSE		2000	0					FALSE
1119	ENSG00000198467_TPM2	chr9:35689712:G>T	chr9:35682268-35682904:-	0	0					636	FALSE		2000	0					FALSE
1120	ENSG00000198467_TPM2	chr9:35689712:G>T	chr9:35682904-35682931:-	0	0					27	FALSE		2000	0					FALSE
1121	ENSG00000198467_TPM2	chr9:35689712:G>T	chr9:35682931-35682936:-	1	53	0.497	-0.842	cis	0	5	FALSE	0.999000999000999	2000	7	0	0.125	0.996501749125437	1	FALSE
1122	ENSG00000198467_TPM2	chr9:35689712:G>T	chr9:35682936-35683241:-	1	54	0.416	-0.814	cis	0	305	FALSE	0.999000999000999	2000	8	0	0.111111111111111	0.9960019990005	1	FALSE
1123	ENSG00000198467_TPM2	chr9:35689712:G>T	chr9:35684040-35684245:-	1	54	0	0	trans	0.506001490187952	205	FALSE	1	2000	8	8	1	1	1	FALSE
1124	ENSG00000198467_TPM2	chr9:35689712:G>T	chr9:35684550-35684731:-	1	56	-0.019	-0.022	trans	0.934876854397188	181	FALSE	1	2000	10	10	1	1	1	FALSE
1125	ENSG00000198467_TPM2	chr9:35689712:G>T	chr9:35684731-35684750:-	1	56	0.377	-0.817	cis	0	19	FALSE	0.998001998001998	2000	10	0	0.0909090909090909	0.995002498750625	1	FALSE
1126	ENSG00000198467_TPM2	chr9:35689712:G>T	chr9:35684750-35684802:-	1	56	0.377	-0.817	cis	0	52	FALSE	0.998001998001998	2000	10	0	0.0909090909090909	0.995002498750625	1	FALSE
1127	ENSG00000198467_TPM2	chr9:35689712:G>T	chr9:35684802-35684807:-	1	56	0.377	-0.817	cis	0	5	FALSE	0.998001998001998	2000	10	0	0.0909090909090909	0.995002498750625	1	FALSE
1128	ENSG00000198467_TPM2	chr9:35689712:G>T	chr9:35684807-35685063:-	1	56	-0.019	-0.022	trans	0.934876854397188	256	FALSE	1	2000	10	10	1	1	1	FALSE
1129	ENSG00000198467_TPM2	chr9:35689712:G>T	chr9:35685063-35685139:-	1	56	0.373	0.794	cis	0	76	FALSE	0.998001998001998	2000	10	0	0.0909090909090909	0.995002498750625	1	FALSE
1130	ENSG00000198467_TPM2	chr9:35689712:G>T	chr9:35685139-35685144:-	1	56	0	0	trans	0.486101866354208	5	FALSE	1	2000	10	10	1	1	1	FALSE
1131	ENSG00000198467_TPM2	chr9:35689712:G>T	chr9:35685144-35685268:-	1	56	0	0	trans	0.486101866354208	124	FALSE	1	2000	10	10	1	1	1	FALSE
1132	ENSG00000198467_TPM2	chr9:35689712:G>T	chr9:35685684-35685780:-	1	56	0	0	trans	0.486101866354208	96	FALSE	1	2000	10	10	1	1	1	FALSE
1133	ENSG00000198467_TPM2	chr9:35689712:G>T	chr9:35686350-35686425:-	1	56	0	0	trans	0.486101866354208	75	FALSE	1	2000	10	10	1	1	1	FALSE
1134	ENSG00000198467_TPM2	chr9:35689712:G>T	chr9:35689145-35689271:-	1	56	0	0	trans	0.486101866354208	126	FALSE	1	2000	10	10	1	1	1	FALSE
1135	ENSG00000198467_TPM2	chr9:35689845:A>G	chr9:35682163-35682268:-	0	0					105	FALSE		2000	0					FALSE
1136	ENSG00000198467_TPM2	chr9:35689845:A>G	chr9:35682268-35682904:-	0	0					636	FALSE		2000	0					FALSE
1137	ENSG00000198467_TPM2	chr9:35689845:A>G	chr9:35682904-35682931:-	0	0					27	FALSE		2000	0					FALSE
1138	ENSG00000198467_TPM2	chr9:35689845:A>G	chr9:35682931-35682936:-	1	43	0.384	-0.667	cis	0	5	FALSE	1	2000	0	0	1	1	1	FALSE
1139	ENSG00000198467_TPM2	chr9:35689845:A>G	chr9:35682936-35683241:-	1	45	0.23	-0.606	cis	0	305	FALSE	1	2000	0	0	1	1	1	FALSE
1140	ENSG00000198467_TPM2	chr9:35689845:A>G	chr9:35684040-35684245:-	1	45	0	0	trans	0.491208409889844	205	FALSE	1	2000	0	0	1	1	1	FALSE
1141	ENSG00000198467_TPM2	chr9:35689845:A>G	chr9:35684550-35684731:-	1	45	0	0	trans	0.491208409889844	181	FALSE	1	2000	0	0	1	1	1	FALSE
1142	ENSG00000198467_TPM2	chr9:35689845:A>G	chr9:35684731-35684750:-	1	45	0.444	-0.75	cis	0	19	FALSE	1	2000	0	0	1	1	1	FALSE
1143	ENSG00000198467_TPM2	chr9:35689845:A>G	chr9:35684750-35684802:-	1	45	0.444	-0.75	cis	0	52	FALSE	1	2000	0	0	1	1	1	FALSE
1144	ENSG00000198467_TPM2	chr9:35689845:A>G	chr9:35684802-35684807:-	1	45	0.444	-0.75	cis	0	5	FALSE	1	2000	0	0	1	1	1	FALSE
1145	ENSG00000198467_TPM2	chr9:35689845:A>G	chr9:35684807-35685063:-	1	45	0	0	trans	0.491208409889844	256	FALSE	1	2000	0	0	1	1	1	FALSE
1146	ENSG00000198467_TPM2	chr9:35689845:A>G	chr9:35685063-35685139:-	1	45	0.444	0.75	cis	0	76	FALSE	1	2000	0	0	1	1	1	FALSE
1147	ENSG00000198467_TPM2	chr9:35689845:A>G	chr9:35685139-35685144:-	1	45	0	0	trans	0.491208409889844	5	FALSE	1	2000	0	0	1	1	1	FALSE
1148	ENSG00000198467_TPM2	chr9:35689845:A>G	chr9:35685144-35685268:-	1	45	0	0	trans	0.491208409889844	124	FALSE	1	2000	0	0	1	1	1	FALSE
1149	ENSG00000198467_TPM2	chr9:35689845:A>G	chr9:35685684-35685780:-	1	45	0	0	trans	0.491208409889844	96	FALSE	1	2000	0	0	1	1	1	FALSE
1150	ENSG00000198467_TPM2	chr9:35689845:A>G	chr9:35686350-35686425:-	1	45	0	0	trans	0.491208409889844	75	FALSE	1	2000	0	0	1	1	1	FALSE
1151	ENSG00000198467_TPM2	chr9:35689845:A>G	chr9:35689145-35689271:-	1	45	0	0	trans	0.491208409889844	126	FALSE	1	2000	0	0	1	1	1	FALSE
1152	ENSG00000198467_TPM2	chr9:35689830:G>A	chr9:35682163-35682268:-	0	0					105	FALSE		2000	0					FALSE
1153	ENSG00000198467_TPM2	chr9:35689830:G>A	chr9:35682268-35682904:-	0	0					636	FALSE		2000	0					FALSE
1154	ENSG00000198467_TPM2	chr9:35689830:G>A	chr9:35682904-35682931:-	0	0					27	FALSE		2000	0					FALSE
1155	ENSG00000198467_TPM2	chr9:35689830:G>A	chr9:35682931-35682936:-	1	43	0.384	-0.667	cis	0	5	FALSE	1	2000	0	0	1	1	1	FALSE
1156	ENSG00000198467_TPM2	chr9:35689830:G>A	chr9:35682936-35683241:-	1	45	0.23	-0.606	cis	0	305	FALSE	1	2000	0	0	1	1	1	FALSE
1157	ENSG00000198467_TPM2	chr9:35689830:G>A	chr9:35684040-35684245:-	1	45	0	0	trans	0.491208409889844	205	FALSE	1	2000	0	0	1	1	1	FALSE
1158	ENSG00000198467_TPM2	chr9:35689830:G>A	chr9:35684550-35684731:-	1	45	0	0	trans	0.491208409889844	181	FALSE	1	2000	0	0	1	1	1	FALSE
1159	ENSG00000198467_TPM2	chr9:35689830:G>A	chr9:35684731-35684750:-	1	45	0.444	-0.75	cis	0	19	FALSE	1	2000	0	0	1	1	1	FALSE
1160	ENSG00000198467_TPM2	chr9:35689830:G>A	chr9:35684750-35684802:-	1	45	0.444	-0.75	cis	0	52	FALSE	1	2000	0	0	1	1	1	FALSE
1161	ENSG00000198467_TPM2	chr9:35689830:G>A	chr9:35684802-35684807:-	1	45	0.444	-0.75	cis	0	5	FALSE	1	2000	0	0	1	1	1	FALSE
1162	ENSG00000198467_TPM2	chr9:35689830:G>A	chr9:35684807-35685063:-	1	45	0	0	trans	0.491208409889844	256	FALSE	1	2000	0	0	1	1	1	FALSE
1163	ENSG00000198467_TPM2	chr9:35689830:G>A	chr9:35685063-35685139:-	1	45	0.444	0.75	cis	0	76	FALSE	1	2000	0	0	1	1	1	FALSE
1164	ENSG00000198467_TPM2	chr9:35689830:G>A	chr9:35685139-35685144:-	1	45	0	0	trans	0.491208409889844	5	FALSE	1	2000	0	0	1	1	1	FALSE
1165	ENSG00000198467_TPM2	chr9:35689830:G>A	chr9:35685144-35685268:-	1	45	0	0	trans	0.491208409889844	124	FALSE	1	2000	0	0	1	1	1	FALSE
1166	ENSG00000198467_TPM2	chr9:35689830:G>A	chr9:35685684-35685780:-	1	45	0	0	trans	0.491208409889844	96	FALSE	1	2000	0	0	1	1	1	FALSE
1167	ENSG00000198467_TPM2	chr9:35689830:G>A	chr9:35686350-35686425:-	1	45	0	0	trans	0.491208409889844	75	FALSE	1	2000	0	0	1	1	1	FALSE
1168	ENSG00000198467_TPM2	chr9:35689830:G>A	chr9:35689145-35689271:-	1	45	0	0	trans	0.491208409889844	126	FALSE	1	2000	0	0	1	1	1	FALSE
1169	ENSG00000137076_TLN1	chr9:35724697:A>G	chr9:35699156-35699328:-	0	0					172	FALSE		2000	0					FALSE
1170	ENSG00000137076_TLN1	chr9:35724697:A>G	chr9:35703558-35703559:-	0	0					1	FALSE		2000	0					FALSE
1171	ENSG00000137076_TLN1	chr9:35724697:A>G	chr9:35704174-35704193:-	0	0					19	FALSE		2000	0					FALSE
1172	ENSG00000137076_TLN1	chr9:35724697:A>G	chr9:35704193-35704322:-	0	0					129	FALSE		2000	0					FALSE
1173	ENSG00000137076_TLN1	chr9:35724697:A>G	chr9:35704322-35704331:-	0	0					9	FALSE		2000	0					FALSE
1174	ENSG00000137076_TLN1	chr9:35724697:A>G	chr9:35704668-35704782:-	0	0					114	FALSE		2000	0					FALSE
1175	ENSG00000137076_TLN1	chr9:35724697:A>G	chr9:35704782-35704815:-	0	0					33	FALSE		2000	0					FALSE
1176	ENSG00000137076_TLN1	chr9:35724697:A>G	chr9:35705550-35705670:-	0	0					120	FALSE		2000	0					FALSE
1177	ENSG00000137076_TLN1	chr9:35724697:A>G	chr9:35705749-35705851:-	0	0					102	FALSE		2000	0					FALSE
1178	ENSG00000137076_TLN1	chr9:35724697:A>G	chr9:35705961-35706111:-	0	0					150	FALSE		2000	0					FALSE
1179	ENSG00000137076_TLN1	chr9:35724697:A>G	chr9:35706195-35706198:-	0	0					3	FALSE		2000	0					FALSE
1180	ENSG00000137076_TLN1	chr9:35724697:A>G	chr9:35706198-35706366:-	0	0					168	FALSE		2000	0					FALSE
1181	ENSG00000137076_TLN1	chr9:35724697:A>G	chr9:35706449-35706551:-	0	0					102	FALSE		2000	0					FALSE
1182	ENSG00000137076_TLN1	chr9:35724697:A>G	chr9:35706767-35706900:-	0	0					133	FALSE		2000	0					FALSE
1183	ENSG00000137076_TLN1	chr9:35724697:A>G	chr9:35707071-35707253:-	0	0					182	FALSE		2000	0					FALSE
1184	ENSG00000137076_TLN1	chr9:35724697:A>G	chr9:35707347-35707355:-	0	0					8	FALSE		2000	0					FALSE
1185	ENSG00000137076_TLN1	chr9:35724697:A>G	chr9:35707355-35707488:-	0	0					133	FALSE		2000	0					FALSE
1186	ENSG00000137076_TLN1	chr9:35724697:A>G	chr9:35707730-35707769:-	0	0					39	FALSE		2000	0					FALSE
1187	ENSG00000137076_TLN1	chr9:35724697:A>G	chr9:35707892-35707967:-	0	0					75	FALSE		2000	0					FALSE
1188	ENSG00000137076_TLN1	chr9:35724697:A>G	chr9:35718355-35718406:-	0	0					51	FALSE		2000	0					FALSE
1189	ENSG00000137076_TLN1	chr9:35724697:A>G	chr9:35723103-35723951:-	1	44	-0.016	0.025	trans	0.809477469886353	848	FALSE	0.766233766233766	2000	1921	1444	0.751821019771072	0.761619190404798	1	FALSE
1190	ENSG00000137076_TLN1	chr9:35724697:A>G	chr9:35729051-35729399:-	1	44	0	0	trans	0.495571083079414	348	FALSE	1	2000	1921	1921	1	1	1	FALSE
1191	ENSG00000137076_TLN1	chr9:35724707:A>G	chr9:35699156-35699328:-	0	0					172	FALSE		2000	0					FALSE
1192	ENSG00000137076_TLN1	chr9:35724707:A>G	chr9:35703558-35703559:-	0	0					1	FALSE		2000	0					FALSE
1193	ENSG00000137076_TLN1	chr9:35724707:A>G	chr9:35704174-35704193:-	0	0					19	FALSE		2000	0					FALSE
1194	ENSG00000137076_TLN1	chr9:35724707:A>G	chr9:35704193-35704322:-	0	0					129	FALSE		2000	0					FALSE
1195	ENSG00000137076_TLN1	chr9:35724707:A>G	chr9:35704322-35704331:-	0	0					9	FALSE		2000	0					FALSE
1196	ENSG00000137076_TLN1	chr9:35724707:A>G	chr9:35704668-35704782:-	0	0					114	FALSE		2000	0					FALSE
1197	ENSG00000137076_TLN1	chr9:35724707:A>G	chr9:35704782-35704815:-	0	0					33	FALSE		2000	0					FALSE
1198	ENSG00000137076_TLN1	chr9:35724707:A>G	chr9:35705550-35705670:-	0	0					120	FALSE		2000	0					FALSE
1199	ENSG00000137076_TLN1	chr9:35724707:A>G	chr9:35705749-35705851:-	0	0					102	FALSE		2000	0					FALSE
1200	ENSG00000137076_TLN1	chr9:35724707:A>G	chr9:35705961-35706111:-	0	0					150	FALSE		2000	0					FALSE
1201	ENSG00000137076_TLN1	chr9:35724707:A>G	chr9:35706195-35706198:-	0	0					3	FALSE		2000	0					FALSE
1202	ENSG00000137076_TLN1	chr9:35724707:A>G	chr9:35706198-35706366:-	0	0					168	FALSE		2000	0					FALSE
1203	ENSG00000137076_TLN1	chr9:35724707:A>G	chr9:35706449-35706551:-	0	0					102	FALSE		2000	0					FALSE
1204	ENSG00000137076_TLN1	chr9:35724707:A>G	chr9:35706767-35706900:-	0	0					133	FALSE		2000	0					FALSE
1205	ENSG00000137076_TLN1	chr9:35724707:A>G	chr9:35707071-35707253:-	0	0					182	FALSE		2000	0					FALSE
1206	ENSG00000137076_TLN1	chr9:35724707:A>G	chr9:35707347-35707355:-	0	0					8	FALSE		2000	0					FALSE
1207	ENSG00000137076_TLN1	chr9:35724707:A>G	chr9:35707355-35707488:-	0	0					133	FALSE		2000	0					FALSE
1208	ENSG00000137076_TLN1	chr9:35724707:A>G	chr9:35707730-35707769:-	0	0					39	FALSE		2000	0					FALSE
1209	ENSG00000137076_TLN1	chr9:35724707:A>G	chr9:35707892-35707967:-	0	0					75	FALSE		2000	0					FALSE
1210	ENSG00000137076_TLN1	chr9:35724707:A>G	chr9:35718355-35718406:-	0	0					51	FALSE		2000	0					FALSE
1211	ENSG00000137076_TLN1	chr9:35724707:A>G	chr9:35723103-35723951:-	1	44	-0.016	0.025	trans	0.809477469886353	848	FALSE	0.766233766233766	2000	1921	1444	0.751821019771072	0.761619190404798	1	FALSE
1212	ENSG00000137076_TLN1	chr9:35724707:A>G	chr9:35729051-35729399:-	1	44	0	0	trans	0.495571083079414	348	FALSE	1	2000	1921	1921	1	1	1	FALSE
1213	ENSG00000137076_TLN1	chr9:35724713:A>G	chr9:35699156-35699328:-	0	0					172	FALSE		2000	0					FALSE
1214	ENSG00000137076_TLN1	chr9:35724713:A>G	chr9:35703558-35703559:-	0	0					1	FALSE		2000	0					FALSE
1215	ENSG00000137076_TLN1	chr9:35724713:A>G	chr9:35704174-35704193:-	0	0					19	FALSE		2000	0					FALSE
1216	ENSG00000137076_TLN1	chr9:35724713:A>G	chr9:35704193-35704322:-	0	0					129	FALSE		2000	0					FALSE
1217	ENSG00000137076_TLN1	chr9:35724713:A>G	chr9:35704322-35704331:-	0	0					9	FALSE		2000	0					FALSE
1218	ENSG00000137076_TLN1	chr9:35724713:A>G	chr9:35704668-35704782:-	0	0					114	FALSE		2000	0					FALSE
1219	ENSG00000137076_TLN1	chr9:35724713:A>G	chr9:35704782-35704815:-	0	0					33	FALSE		2000	0					FALSE
1220	ENSG00000137076_TLN1	chr9:35724713:A>G	chr9:35705550-35705670:-	0	0					120	FALSE		2000	0					FALSE
1221	ENSG00000137076_TLN1	chr9:35724713:A>G	chr9:35705749-35705851:-	0	0					102	FALSE		2000	0					FALSE
1222	ENSG00000137076_TLN1	chr9:35724713:A>G	chr9:35705961-35706111:-	0	0					150	FALSE		2000	0					FALSE
1223	ENSG00000137076_TLN1	chr9:35724713:A>G	chr9:35706195-35706198:-	0	0					3	FALSE		2000	0					FALSE
1224	ENSG00000137076_TLN1	chr9:35724713:A>G	chr9:35706198-35706366:-	0	0					168	FALSE		2000	0					FALSE
1225	ENSG00000137076_TLN1	chr9:35724713:A>G	chr9:35706449-35706551:-	0	0					102	FALSE		2000	0					FALSE
1226	ENSG00000137076_TLN1	chr9:35724713:A>G	chr9:35706767-35706900:-	0	0					133	FALSE		2000	0					FALSE
1227	ENSG00000137076_TLN1	chr9:35724713:A>G	chr9:35707071-35707253:-	0	0					182	FALSE		2000	0					FALSE
1228	ENSG00000137076_TLN1	chr9:35724713:A>G	chr9:35707347-35707355:-	0	0					8	FALSE		2000	0					FALSE
1229	ENSG00000137076_TLN1	chr9:35724713:A>G	chr9:35707355-35707488:-	0	0					133	FALSE		2000	0					FALSE
1230	ENSG00000137076_TLN1	chr9:35724713:A>G	chr9:35707730-35707769:-	0	0					39	FALSE		2000	0					FALSE
1231	ENSG00000137076_TLN1	chr9:35724713:A>G	chr9:35707892-35707967:-	0	0					75	FALSE		2000	0					FALSE
1232	ENSG00000137076_TLN1	chr9:35724713:A>G	chr9:35718355-35718406:-	0	0					51	FALSE		2000	0					FALSE
1233	ENSG00000137076_TLN1	chr9:35724713:A>G	chr9:35723103-35723951:-	1	44	-0.016	0.025	trans	0.809477469886353	848	FALSE	0.766233766233766	2000	1921	1444	0.751821019771072	0.761619190404798	1	FALSE
1234	ENSG00000137076_TLN1	chr9:35724713:A>G	chr9:35729051-35729399:-	1	44	0	0	trans	0.495571083079414	348	FALSE	1	2000	1921	1921	1	1	1	FALSE
1235	ENSG00000137076_TLN1	chr9:35724722:G>A	chr9:35699156-35699328:-	0	0					172	FALSE		2000	0					FALSE
1236	ENSG00000137076_TLN1	chr9:35724722:G>A	chr9:35703558-35703559:-	0	0					1	FALSE		2000	0					FALSE
1237	ENSG00000137076_TLN1	chr9:35724722:G>A	chr9:35704174-35704193:-	0	0					19	FALSE		2000	0					FALSE
1238	ENSG00000137076_TLN1	chr9:35724722:G>A	chr9:35704193-35704322:-	0	0					129	FALSE		2000	0					FALSE
1239	ENSG00000137076_TLN1	chr9:35724722:G>A	chr9:35704322-35704331:-	0	0					9	FALSE		2000	0					FALSE
1240	ENSG00000137076_TLN1	chr9:35724722:G>A	chr9:35704668-35704782:-	0	0					114	FALSE		2000	0					FALSE
1241	ENSG00000137076_TLN1	chr9:35724722:G>A	chr9:35704782-35704815:-	0	0					33	FALSE		2000	0					FALSE
1242	ENSG00000137076_TLN1	chr9:35724722:G>A	chr9:35705550-35705670:-	0	0					120	FALSE		2000	0					FALSE
1243	ENSG00000137076_TLN1	chr9:35724722:G>A	chr9:35705749-35705851:-	0	0					102	FALSE		2000	0					FALSE
1244	ENSG00000137076_TLN1	chr9:35724722:G>A	chr9:35705961-35706111:-	0	0					150	FALSE		2000	0					FALSE
1245	ENSG00000137076_TLN1	chr9:35724722:G>A	chr9:35706195-35706198:-	0	0					3	FALSE		2000	0					FALSE
1246	ENSG00000137076_TLN1	chr9:35724722:G>A	chr9:35706198-35706366:-	0	0					168	FALSE		2000	0					FALSE
1247	ENSG00000137076_TLN1	chr9:35724722:G>A	chr9:35706449-35706551:-	0	0					102	FALSE		2000	0					FALSE
1248	ENSG00000137076_TLN1	chr9:35724722:G>A	chr9:35706767-35706900:-	0	0					133	FALSE		2000	0					FALSE
1249	ENSG00000137076_TLN1	chr9:35724722:G>A	chr9:35707071-35707253:-	0	0					182	FALSE		2000	0					FALSE
1250	ENSG00000137076_TLN1	chr9:35724722:G>A	chr9:35707347-35707355:-	0	0					8	FALSE		2000	0					FALSE
1251	ENSG00000137076_TLN1	chr9:35724722:G>A	chr9:35707355-35707488:-	0	0					133	FALSE		2000	0					FALSE
1252	ENSG00000137076_TLN1	chr9:35724722:G>A	chr9:35707730-35707769:-	0	0					39	FALSE		2000	0					FALSE
1253	ENSG00000137076_TLN1	chr9:35724722:G>A	chr9:35707892-35707967:-	0	0					75	FALSE		2000	0					FALSE
1254	ENSG00000137076_TLN1	chr9:35724722:G>A	chr9:35718355-35718406:-	0	0					51	FALSE		2000	0					FALSE
1255	ENSG00000137076_TLN1	chr9:35724722:G>A	chr9:35723103-35723951:-	1	44	-0.016	0.025	trans	0.809477469886353	848	FALSE	0.766233766233766	2000	1921	1444	0.751821019771072	0.761619190404798	1	FALSE
1256	ENSG00000137076_TLN1	chr9:35724722:G>A	chr9:35729051-35729399:-	1	44	0	0	trans	0.495571083079414	348	FALSE	1	2000	1921	1921	1	1	1	FALSE
1257	ENSG00000137076_TLN1	chr9:35725249:A>G	chr9:35699156-35699328:-	0	0					172	FALSE		2000	0					FALSE
1258	ENSG00000137076_TLN1	chr9:35725249:A>G	chr9:35703558-35703559:-	0	0					1	FALSE		2000	0					FALSE
1259	ENSG00000137076_TLN1	chr9:35725249:A>G	chr9:35704174-35704193:-	0	0					19	FALSE		2000	0					FALSE
1260	ENSG00000137076_TLN1	chr9:35725249:A>G	chr9:35704193-35704322:-	0	0					129	FALSE		2000	0					FALSE
1261	ENSG00000137076_TLN1	chr9:35725249:A>G	chr9:35704322-35704331:-	0	0					9	FALSE		2000	0					FALSE
1262	ENSG00000137076_TLN1	chr9:35725249:A>G	chr9:35704668-35704782:-	0	0					114	FALSE		2000	0					FALSE
1263	ENSG00000137076_TLN1	chr9:35725249:A>G	chr9:35704782-35704815:-	0	0					33	FALSE		2000	0					FALSE
1264	ENSG00000137076_TLN1	chr9:35725249:A>G	chr9:35705550-35705670:-	0	0					120	FALSE		2000	0					FALSE
1265	ENSG00000137076_TLN1	chr9:35725249:A>G	chr9:35705749-35705851:-	0	0					102	FALSE		2000	0					FALSE
1266	ENSG00000137076_TLN1	chr9:35725249:A>G	chr9:35705961-35706111:-	0	0					150	FALSE		2000	0					FALSE
1267	ENSG00000137076_TLN1	chr9:35725249:A>G	chr9:35706195-35706198:-	0	0					3	FALSE		2000	0					FALSE
1268	ENSG00000137076_TLN1	chr9:35725249:A>G	chr9:35706198-35706366:-	0	0					168	FALSE		2000	0					FALSE
1269	ENSG00000137076_TLN1	chr9:35725249:A>G	chr9:35706449-35706551:-	0	0					102	FALSE		2000	0					FALSE
1270	ENSG00000137076_TLN1	chr9:35725249:A>G	chr9:35706767-35706900:-	0	0					133	FALSE		2000	0					FALSE
1271	ENSG00000137076_TLN1	chr9:35725249:A>G	chr9:35707071-35707253:-	0	0					182	FALSE		2000	0					FALSE
1272	ENSG00000137076_TLN1	chr9:35725249:A>G	chr9:35707347-35707355:-	0	0					8	FALSE		2000	0					FALSE
1273	ENSG00000137076_TLN1	chr9:35725249:A>G	chr9:35707355-35707488:-	0	0					133	FALSE		2000	0					FALSE
1274	ENSG00000137076_TLN1	chr9:35725249:A>G	chr9:35707730-35707769:-	0	0					39	FALSE		2000	0					FALSE
1275	ENSG00000137076_TLN1	chr9:35725249:A>G	chr9:35707892-35707967:-	0	0					75	FALSE		2000	0					FALSE
1276	ENSG00000137076_TLN1	chr9:35725249:A>G	chr9:35718355-35718406:-	0	0					51	FALSE		2000	0					FALSE
1277	ENSG00000137076_TLN1	chr9:35725249:A>G	chr9:35723103-35723951:-	4	188	-0.002	0.038	trans	0.680778102713463	848	FALSE	0.644355644355644	2000	2000	1273	0.636681659170415	0.636681659170415	1	FALSE
1278	ENSG00000137076_TLN1	chr9:35725249:A>G	chr9:35729051-35729399:-	4	188	0	0	trans	0.48536984964602	348	FALSE	1	2000	2000	2000	1	1	1	FALSE
1279	ENSG00000137076_TLN1	chr9:35725265:C>G	chr9:35699156-35699328:-	0	0					172	FALSE		2000	0					FALSE
1280	ENSG00000137076_TLN1	chr9:35725265:C>G	chr9:35703558-35703559:-	0	0					1	FALSE		2000	0					FALSE
1281	ENSG00000137076_TLN1	chr9:35725265:C>G	chr9:35704174-35704193:-	0	0					19	FALSE		2000	0					FALSE
1282	ENSG00000137076_TLN1	chr9:35725265:C>G	chr9:35704193-35704322:-	0	0					129	FALSE		2000	0					FALSE
1283	ENSG00000137076_TLN1	chr9:35725265:C>G	chr9:35704322-35704331:-	0	0					9	FALSE		2000	0					FALSE
1284	ENSG00000137076_TLN1	chr9:35725265:C>G	chr9:35704668-35704782:-	0	0					114	FALSE		2000	0					FALSE
1285	ENSG00000137076_TLN1	chr9:35725265:C>G	chr9:35704782-35704815:-	0	0					33	FALSE		2000	0					FALSE
1286	ENSG00000137076_TLN1	chr9:35725265:C>G	chr9:35705550-35705670:-	0	0					120	FALSE		2000	0					FALSE
1287	ENSG00000137076_TLN1	chr9:35725265:C>G	chr9:35705749-35705851:-	0	0					102	FALSE		2000	0					FALSE
1288	ENSG00000137076_TLN1	chr9:35725265:C>G	chr9:35705961-35706111:-	0	0					150	FALSE		2000	0					FALSE
1289	ENSG00000137076_TLN1	chr9:35725265:C>G	chr9:35706195-35706198:-	0	0					3	FALSE		2000	0					FALSE
1290	ENSG00000137076_TLN1	chr9:35725265:C>G	chr9:35706198-35706366:-	0	0					168	FALSE		2000	0					FALSE
1291	ENSG00000137076_TLN1	chr9:35725265:C>G	chr9:35706449-35706551:-	0	0					102	FALSE		2000	0					FALSE
1292	ENSG00000137076_TLN1	chr9:35725265:C>G	chr9:35706767-35706900:-	0	0					133	FALSE		2000	0					FALSE
1293	ENSG00000137076_TLN1	chr9:35725265:C>G	chr9:35707071-35707253:-	0	0					182	FALSE		2000	0					FALSE
1294	ENSG00000137076_TLN1	chr9:35725265:C>G	chr9:35707347-35707355:-	0	0					8	FALSE		2000	0					FALSE
1295	ENSG00000137076_TLN1	chr9:35725265:C>G	chr9:35707355-35707488:-	0	0					133	FALSE		2000	0					FALSE
1296	ENSG00000137076_TLN1	chr9:35725265:C>G	chr9:35707730-35707769:-	0	0					39	FALSE		2000	0					FALSE
1297	ENSG00000137076_TLN1	chr9:35725265:C>G	chr9:35707892-35707967:-	0	0					75	FALSE		2000	0					FALSE
1298	ENSG00000137076_TLN1	chr9:35725265:C>G	chr9:35718355-35718406:-	0	0					51	FALSE		2000	0					FALSE
1299	ENSG00000137076_TLN1	chr9:35725265:C>G	chr9:35723103-35723951:-	2	87	-0.006	-0.035	trans	0.768456760101614	848	FALSE	0.677322677322677	2000	2000	1335	0.667666166916542	0.667666166916542	1	FALSE
1300	ENSG00000137076_TLN1	chr9:35725265:C>G	chr9:35729051-35729399:-	2	88	0	0	trans	0.513972778971442	348	FALSE	1	2000	2000	2000	1	1	1	FALSE
1301	ENSG00000137076_TLN1	chr9:35725277:C>T	chr9:35699156-35699328:-	0	0					172	FALSE		2000	0					FALSE
1302	ENSG00000137076_TLN1	chr9:35725277:C>T	chr9:35703558-35703559:-	0	0					1	FALSE		2000	0					FALSE
1303	ENSG00000137076_TLN1	chr9:35725277:C>T	chr9:35704174-35704193:-	0	0					19	FALSE		2000	0					FALSE
1304	ENSG00000137076_TLN1	chr9:35725277:C>T	chr9:35704193-35704322:-	0	0					129	FALSE		2000	0					FALSE
1305	ENSG00000137076_TLN1	chr9:35725277:C>T	chr9:35704322-35704331:-	0	0					9	FALSE		2000	0					FALSE
1306	ENSG00000137076_TLN1	chr9:35725277:C>T	chr9:35704668-35704782:-	0	0					114	FALSE		2000	0					FALSE
1307	ENSG00000137076_TLN1	chr9:35725277:C>T	chr9:35704782-35704815:-	0	0					33	FALSE		2000	0					FALSE
1308	ENSG00000137076_TLN1	chr9:35725277:C>T	chr9:35705550-35705670:-	0	0					120	FALSE		2000	0					FALSE
1309	ENSG00000137076_TLN1	chr9:35725277:C>T	chr9:35705749-35705851:-	0	0					102	FALSE		2000	0					FALSE
1310	ENSG00000137076_TLN1	chr9:35725277:C>T	chr9:35705961-35706111:-	0	0					150	FALSE		2000	0					FALSE
1311	ENSG00000137076_TLN1	chr9:35725277:C>T	chr9:35706195-35706198:-	0	0					3	FALSE		2000	0					FALSE
1312	ENSG00000137076_TLN1	chr9:35725277:C>T	chr9:35706198-35706366:-	0	0					168	FALSE		2000	0					FALSE
1313	ENSG00000137076_TLN1	chr9:35725277:C>T	chr9:35706449-35706551:-	0	0					102	FALSE		2000	0					FALSE
1314	ENSG00000137076_TLN1	chr9:35725277:C>T	chr9:35706767-35706900:-	0	0					133	FALSE		2000	0					FALSE
1315	ENSG00000137076_TLN1	chr9:35725277:C>T	chr9:35707071-35707253:-	0	0					182	FALSE		2000	0					FALSE
1316	ENSG00000137076_TLN1	chr9:35725277:C>T	chr9:35707347-35707355:-	0	0					8	FALSE		2000	0					FALSE
1317	ENSG00000137076_TLN1	chr9:35725277:C>T	chr9:35707355-35707488:-	0	0					133	FALSE		2000	0					FALSE
1318	ENSG00000137076_TLN1	chr9:35725277:C>T	chr9:35707730-35707769:-	0	0					39	FALSE		2000	0					FALSE
1319	ENSG00000137076_TLN1	chr9:35725277:C>T	chr9:35707892-35707967:-	0	0					75	FALSE		2000	0					FALSE
1320	ENSG00000137076_TLN1	chr9:35725277:C>T	chr9:35718355-35718406:-	0	0					51	FALSE		2000	0					FALSE
1321	ENSG00000137076_TLN1	chr9:35725277:C>T	chr9:35723103-35723951:-	3	156	0.005	0.079	trans	0.103531980088966	848	FALSE	0.168831168831169	2000	2000	357	0.178910544727636	0.178910544727636	1	FALSE
1322	ENSG00000137076_TLN1	chr9:35725277:C>T	chr9:35729051-35729399:-	3	156	0	0	trans	0.471897507895256	348	FALSE	1	2000	2000	2000	1	1	1	FALSE
1323	ENSG00000137076_TLN1	chr9:35725568:A>G	chr9:35699156-35699328:-	0	0					172	FALSE		2000	0					FALSE
1324	ENSG00000137076_TLN1	chr9:35725568:A>G	chr9:35703558-35703559:-	0	0					1	FALSE		2000	0					FALSE
1325	ENSG00000137076_TLN1	chr9:35725568:A>G	chr9:35704174-35704193:-	0	0					19	FALSE		2000	0					FALSE
1326	ENSG00000137076_TLN1	chr9:35725568:A>G	chr9:35704193-35704322:-	0	0					129	FALSE		2000	0					FALSE
1327	ENSG00000137076_TLN1	chr9:35725568:A>G	chr9:35704322-35704331:-	0	0					9	FALSE		2000	0					FALSE
1328	ENSG00000137076_TLN1	chr9:35725568:A>G	chr9:35704668-35704782:-	0	0					114	FALSE		2000	0					FALSE
1329	ENSG00000137076_TLN1	chr9:35725568:A>G	chr9:35704782-35704815:-	0	0					33	FALSE		2000	0					FALSE
1330	ENSG00000137076_TLN1	chr9:35725568:A>G	chr9:35705550-35705670:-	0	0					120	FALSE		2000	0					FALSE
1331	ENSG00000137076_TLN1	chr9:35725568:A>G	chr9:35705749-35705851:-	0	0					102	FALSE		2000	0					FALSE
1332	ENSG00000137076_TLN1	chr9:35725568:A>G	chr9:35705961-35706111:-	0	0					150	FALSE		2000	0					FALSE
1333	ENSG00000137076_TLN1	chr9:35725568:A>G	chr9:35706195-35706198:-	0	0					3	FALSE		2000	0					FALSE
1334	ENSG00000137076_TLN1	chr9:35725568:A>G	chr9:35706198-35706366:-	0	0					168	FALSE		2000	0					FALSE
1335	ENSG00000137076_TLN1	chr9:35725568:A>G	chr9:35706449-35706551:-	0	0					102	FALSE		2000	0					FALSE
1336	ENSG00000137076_TLN1	chr9:35725568:A>G	chr9:35706767-35706900:-	0	0					133	FALSE		2000	0					FALSE
1337	ENSG00000137076_TLN1	chr9:35725568:A>G	chr9:35707071-35707253:-	0	0					182	FALSE		2000	0					FALSE
1338	ENSG00000137076_TLN1	chr9:35725568:A>G	chr9:35707347-35707355:-	0	0					8	FALSE		2000	0					FALSE
1339	ENSG00000137076_TLN1	chr9:35725568:A>G	chr9:35707355-35707488:-	0	0					133	FALSE		2000	0					FALSE
1340	ENSG00000137076_TLN1	chr9:35725568:A>G	chr9:35707730-35707769:-	0	0					39	FALSE		2000	0					FALSE
1341	ENSG00000137076_TLN1	chr9:35725568:A>G	chr9:35707892-35707967:-	0	0					75	FALSE		2000	0					FALSE
1342	ENSG00000137076_TLN1	chr9:35725568:A>G	chr9:35718355-35718406:-	0	0					51	FALSE		2000	0					FALSE
1343	ENSG00000137076_TLN1	chr9:35725568:A>G	chr9:35723103-35723951:-	4	198	-0.001	0.038	trans	0.606255886220657	848	FALSE	0.501498501498502	2000	2000	966	0.483258370814593	0.483258370814593	1	FALSE
1344	ENSG00000137076_TLN1	chr9:35725568:A>G	chr9:35729051-35729399:-	4	199	0	0	trans	0.493515405426769	348	FALSE	1	2000	2000	2000	1	1	1	FALSE
1345	ENSG00000137076_TLN1	chr9:35725574:T>C	chr9:35699156-35699328:-	0	0					172	FALSE		2000	0					FALSE
1346	ENSG00000137076_TLN1	chr9:35725574:T>C	chr9:35703558-35703559:-	0	0					1	FALSE		2000	0					FALSE
1347	ENSG00000137076_TLN1	chr9:35725574:T>C	chr9:35704174-35704193:-	0	0					19	FALSE		2000	0					FALSE
1348	ENSG00000137076_TLN1	chr9:35725574:T>C	chr9:35704193-35704322:-	0	0					129	FALSE		2000	0					FALSE
1349	ENSG00000137076_TLN1	chr9:35725574:T>C	chr9:35704322-35704331:-	0	0					9	FALSE		2000	0					FALSE
1350	ENSG00000137076_TLN1	chr9:35725574:T>C	chr9:35704668-35704782:-	0	0					114	FALSE		2000	0					FALSE
1351	ENSG00000137076_TLN1	chr9:35725574:T>C	chr9:35704782-35704815:-	0	0					33	FALSE		2000	0					FALSE
1352	ENSG00000137076_TLN1	chr9:35725574:T>C	chr9:35705550-35705670:-	0	0					120	FALSE		2000	0					FALSE
1353	ENSG00000137076_TLN1	chr9:35725574:T>C	chr9:35705749-35705851:-	0	0					102	FALSE		2000	0					FALSE
1354	ENSG00000137076_TLN1	chr9:35725574:T>C	chr9:35705961-35706111:-	0	0					150	FALSE		2000	0					FALSE
1355	ENSG00000137076_TLN1	chr9:35725574:T>C	chr9:35706195-35706198:-	0	0					3	FALSE		2000	0					FALSE
1356	ENSG00000137076_TLN1	chr9:35725574:T>C	chr9:35706198-35706366:-	0	0					168	FALSE		2000	0					FALSE
1357	ENSG00000137076_TLN1	chr9:35725574:T>C	chr9:35706449-35706551:-	0	0					102	FALSE		2000	0					FALSE
1358	ENSG00000137076_TLN1	chr9:35725574:T>C	chr9:35706767-35706900:-	0	0					133	FALSE		2000	0					FALSE
1359	ENSG00000137076_TLN1	chr9:35725574:T>C	chr9:35707071-35707253:-	0	0					182	FALSE		2000	0					FALSE
1360	ENSG00000137076_TLN1	chr9:35725574:T>C	chr9:35707347-35707355:-	0	0					8	FALSE		2000	0					FALSE
1361	ENSG00000137076_TLN1	chr9:35725574:T>C	chr9:35707355-35707488:-	0	0					133	FALSE		2000	0					FALSE
1362	ENSG00000137076_TLN1	chr9:35725574:T>C	chr9:35707730-35707769:-	0	0					39	FALSE		2000	0					FALSE
1363	ENSG00000137076_TLN1	chr9:35725574:T>C	chr9:35707892-35707967:-	0	0					75	FALSE		2000	0					FALSE
1364	ENSG00000137076_TLN1	chr9:35725574:T>C	chr9:35718355-35718406:-	0	0					51	FALSE		2000	0					FALSE
1365	ENSG00000137076_TLN1	chr9:35725574:T>C	chr9:35723103-35723951:-	4	198	-0.001	0.038	trans	0.606255886220657	848	FALSE	0.501498501498502	2000	2000	966	0.483258370814593	0.483258370814593	1	FALSE
1366	ENSG00000137076_TLN1	chr9:35725574:T>C	chr9:35729051-35729399:-	4	199	0	0	trans	0.493515405426769	348	FALSE	1	2000	2000	2000	1	1	1	FALSE
1367	ENSG00000137076_TLN1	chr9:35725575:G>A	chr9:35699156-35699328:-	0	0					172	FALSE		2000	0					FALSE
1368	ENSG00000137076_TLN1	chr9:35725575:G>A	chr9:35703558-35703559:-	0	0					1	FALSE		2000	0					FALSE
1369	ENSG00000137076_TLN1	chr9:35725575:G>A	chr9:35704174-35704193:-	0	0					19	FALSE		2000	0					FALSE
1370	ENSG00000137076_TLN1	chr9:35725575:G>A	chr9:35704193-35704322:-	0	0					129	FALSE		2000	0					FALSE
1371	ENSG00000137076_TLN1	chr9:35725575:G>A	chr9:35704322-35704331:-	0	0					9	FALSE		2000	0					FALSE
1372	ENSG00000137076_TLN1	chr9:35725575:G>A	chr9:35704668-35704782:-	0	0					114	FALSE		2000	0					FALSE
1373	ENSG00000137076_TLN1	chr9:35725575:G>A	chr9:35704782-35704815:-	0	0					33	FALSE		2000	0					FALSE
1374	ENSG00000137076_TLN1	chr9:35725575:G>A	chr9:35705550-35705670:-	0	0					120	FALSE		2000	0					FALSE
1375	ENSG00000137076_TLN1	chr9:35725575:G>A	chr9:35705749-35705851:-	0	0					102	FALSE		2000	0					FALSE
1376	ENSG00000137076_TLN1	chr9:35725575:G>A	chr9:35705961-35706111:-	0	0					150	FALSE		2000	0					FALSE
1377	ENSG00000137076_TLN1	chr9:35725575:G>A	chr9:35706195-35706198:-	0	0					3	FALSE		2000	0					FALSE
1378	ENSG00000137076_TLN1	chr9:35725575:G>A	chr9:35706198-35706366:-	0	0					168	FALSE		2000	0					FALSE
1379	ENSG00000137076_TLN1	chr9:35725575:G>A	chr9:35706449-35706551:-	0	0					102	FALSE		2000	0					FALSE
1380	ENSG00000137076_TLN1	chr9:35725575:G>A	chr9:35706767-35706900:-	0	0					133	FALSE		2000	0					FALSE
1381	ENSG00000137076_TLN1	chr9:35725575:G>A	chr9:35707071-35707253:-	0	0					182	FALSE		2000	0					FALSE
1382	ENSG00000137076_TLN1	chr9:35725575:G>A	chr9:35707347-35707355:-	0	0					8	FALSE		2000	0					FALSE
1383	ENSG00000137076_TLN1	chr9:35725575:G>A	chr9:35707355-35707488:-	0	0					133	FALSE		2000	0					FALSE
1384	ENSG00000137076_TLN1	chr9:35725575:G>A	chr9:35707730-35707769:-	0	0					39	FALSE		2000	0					FALSE
1385	ENSG00000137076_TLN1	chr9:35725575:G>A	chr9:35707892-35707967:-	0	0					75	FALSE		2000	0					FALSE
1386	ENSG00000137076_TLN1	chr9:35725575:G>A	chr9:35718355-35718406:-	0	0					51	FALSE		2000	0					FALSE
1387	ENSG00000137076_TLN1	chr9:35725575:G>A	chr9:35723103-35723951:-	3	165	0.008	0.086	trans	0.0248274382552822	848	FALSE	0.0979020979020979	2000	2000	196	0.0984507746126937	0.0984507746126937	1	FALSE
1388	ENSG00000137076_TLN1	chr9:35725575:G>A	chr9:35729051-35729399:-	3	165	0	0	trans	0.488390855028649	348	FALSE	1	2000	2000	2000	1	1	1	FALSE
1389	ENSG00000137076_TLN1	chr9:35725613:G>A	chr9:35699156-35699328:-	0	0					172	FALSE		2000	0					FALSE
1390	ENSG00000137076_TLN1	chr9:35725613:G>A	chr9:35703558-35703559:-	0	0					1	FALSE		2000	0					FALSE
1391	ENSG00000137076_TLN1	chr9:35725613:G>A	chr9:35704174-35704193:-	0	0					19	FALSE		2000	0					FALSE
1392	ENSG00000137076_TLN1	chr9:35725613:G>A	chr9:35704193-35704322:-	0	0					129	FALSE		2000	0					FALSE
1393	ENSG00000137076_TLN1	chr9:35725613:G>A	chr9:35704322-35704331:-	0	0					9	FALSE		2000	0					FALSE
1394	ENSG00000137076_TLN1	chr9:35725613:G>A	chr9:35704668-35704782:-	0	0					114	FALSE		2000	0					FALSE
1395	ENSG00000137076_TLN1	chr9:35725613:G>A	chr9:35704782-35704815:-	0	0					33	FALSE		2000	0					FALSE
1396	ENSG00000137076_TLN1	chr9:35725613:G>A	chr9:35705550-35705670:-	0	0					120	FALSE		2000	0					FALSE
1397	ENSG00000137076_TLN1	chr9:35725613:G>A	chr9:35705749-35705851:-	0	0					102	FALSE		2000	0					FALSE
1398	ENSG00000137076_TLN1	chr9:35725613:G>A	chr9:35705961-35706111:-	0	0					150	FALSE		2000	0					FALSE
1399	ENSG00000137076_TLN1	chr9:35725613:G>A	chr9:35706195-35706198:-	0	0					3	FALSE		2000	0					FALSE
1400	ENSG00000137076_TLN1	chr9:35725613:G>A	chr9:35706198-35706366:-	0	0					168	FALSE		2000	0					FALSE
1401	ENSG00000137076_TLN1	chr9:35725613:G>A	chr9:35706449-35706551:-	0	0					102	FALSE		2000	0					FALSE
1402	ENSG00000137076_TLN1	chr9:35725613:G>A	chr9:35706767-35706900:-	0	0					133	FALSE		2000	0					FALSE
1403	ENSG00000137076_TLN1	chr9:35725613:G>A	chr9:35707071-35707253:-	0	0					182	FALSE		2000	0					FALSE
1404	ENSG00000137076_TLN1	chr9:35725613:G>A	chr9:35707347-35707355:-	0	0					8	FALSE		2000	0					FALSE
1405	ENSG00000137076_TLN1	chr9:35725613:G>A	chr9:35707355-35707488:-	0	0					133	FALSE		2000	0					FALSE
1406	ENSG00000137076_TLN1	chr9:35725613:G>A	chr9:35707730-35707769:-	0	0					39	FALSE		2000	0					FALSE
1407	ENSG00000137076_TLN1	chr9:35725613:G>A	chr9:35707892-35707967:-	0	0					75	FALSE		2000	0					FALSE
1408	ENSG00000137076_TLN1	chr9:35725613:G>A	chr9:35718355-35718406:-	0	0					51	FALSE		2000	0					FALSE
1409	ENSG00000137076_TLN1	chr9:35725613:G>A	chr9:35723103-35723951:-	4	193	-0.003	0.018	trans	0.802425369112597	848	TRUE	0.876123876123876	2000	2000	1739	0.869565217391304	0.869565217391304	1	FALSE
1410	ENSG00000137076_TLN1	chr9:35725613:G>A	chr9:35729051-35729399:-	4	191	0	0	trans	0.500836163395856	348	TRUE	1	2000	2000	2000	1	1	1	FALSE
1411	ENSG00000137076_TLN1	chr9:35725658:A>G	chr9:35699156-35699328:-	0	0					172	FALSE		2000	0					FALSE
1412	ENSG00000137076_TLN1	chr9:35725658:A>G	chr9:35703558-35703559:-	0	0					1	FALSE		2000	0					FALSE
1413	ENSG00000137076_TLN1	chr9:35725658:A>G	chr9:35704174-35704193:-	0	0					19	FALSE		2000	0					FALSE
1414	ENSG00000137076_TLN1	chr9:35725658:A>G	chr9:35704193-35704322:-	0	0					129	FALSE		2000	0					FALSE
1415	ENSG00000137076_TLN1	chr9:35725658:A>G	chr9:35704322-35704331:-	0	0					9	FALSE		2000	0					FALSE
1416	ENSG00000137076_TLN1	chr9:35725658:A>G	chr9:35704668-35704782:-	0	0					114	FALSE		2000	0					FALSE
1417	ENSG00000137076_TLN1	chr9:35725658:A>G	chr9:35704782-35704815:-	0	0					33	FALSE		2000	0					FALSE
1418	ENSG00000137076_TLN1	chr9:35725658:A>G	chr9:35705550-35705670:-	0	0					120	FALSE		2000	0					FALSE
1419	ENSG00000137076_TLN1	chr9:35725658:A>G	chr9:35705749-35705851:-	0	0					102	FALSE		2000	0					FALSE
1420	ENSG00000137076_TLN1	chr9:35725658:A>G	chr9:35705961-35706111:-	0	0					150	FALSE		2000	0					FALSE
1421	ENSG00000137076_TLN1	chr9:35725658:A>G	chr9:35706195-35706198:-	0	0					3	FALSE		2000	0					FALSE
1422	ENSG00000137076_TLN1	chr9:35725658:A>G	chr9:35706198-35706366:-	0	0					168	FALSE		2000	0					FALSE
1423	ENSG00000137076_TLN1	chr9:35725658:A>G	chr9:35706449-35706551:-	0	0					102	FALSE		2000	0					FALSE
1424	ENSG00000137076_TLN1	chr9:35725658:A>G	chr9:35706767-35706900:-	0	0					133	FALSE		2000	0					FALSE
1425	ENSG00000137076_TLN1	chr9:35725658:A>G	chr9:35707071-35707253:-	0	0					182	FALSE		2000	0					FALSE
1426	ENSG00000137076_TLN1	chr9:35725658:A>G	chr9:35707347-35707355:-	0	0					8	FALSE		2000	0					FALSE
1427	ENSG00000137076_TLN1	chr9:35725658:A>G	chr9:35707355-35707488:-	0	0					133	FALSE		2000	0					FALSE
1428	ENSG00000137076_TLN1	chr9:35725658:A>G	chr9:35707730-35707769:-	0	0					39	FALSE		2000	0					FALSE
1429	ENSG00000137076_TLN1	chr9:35725658:A>G	chr9:35707892-35707967:-	0	0					75	FALSE		2000	0					FALSE
1430	ENSG00000137076_TLN1	chr9:35725658:A>G	chr9:35718355-35718406:-	0	0					51	FALSE		2000	0					FALSE
1431	ENSG00000137076_TLN1	chr9:35725658:A>G	chr9:35723103-35723951:-	4	190	-0.004	0.008	trans	0.862368570022117	848	FALSE	1	2000	2000	2000	1	1	1	FALSE
1432	ENSG00000137076_TLN1	chr9:35725658:A>G	chr9:35729051-35729399:-	4	190	0	0	trans	0.524463607419371	348	FALSE	1	2000	2000	2000	1	1	1	FALSE
1433	ENSG00000137076_TLN1	chr9:35725674:T>C	chr9:35699156-35699328:-	0	0					172	FALSE		2000	0					FALSE
1434	ENSG00000137076_TLN1	chr9:35725674:T>C	chr9:35703558-35703559:-	0	0					1	FALSE		2000	0					FALSE
1435	ENSG00000137076_TLN1	chr9:35725674:T>C	chr9:35704174-35704193:-	0	0					19	FALSE		2000	0					FALSE
1436	ENSG00000137076_TLN1	chr9:35725674:T>C	chr9:35704193-35704322:-	0	0					129	FALSE		2000	0					FALSE
1437	ENSG00000137076_TLN1	chr9:35725674:T>C	chr9:35704322-35704331:-	0	0					9	FALSE		2000	0					FALSE
1438	ENSG00000137076_TLN1	chr9:35725674:T>C	chr9:35704668-35704782:-	0	0					114	FALSE		2000	0					FALSE
1439	ENSG00000137076_TLN1	chr9:35725674:T>C	chr9:35704782-35704815:-	0	0					33	FALSE		2000	0					FALSE
1440	ENSG00000137076_TLN1	chr9:35725674:T>C	chr9:35705550-35705670:-	0	0					120	FALSE		2000	0					FALSE
1441	ENSG00000137076_TLN1	chr9:35725674:T>C	chr9:35705749-35705851:-	0	0					102	FALSE		2000	0					FALSE
1442	ENSG00000137076_TLN1	chr9:35725674:T>C	chr9:35705961-35706111:-	0	0					150	FALSE		2000	0					FALSE
1443	ENSG00000137076_TLN1	chr9:35725674:T>C	chr9:35706195-35706198:-	0	0					3	FALSE		2000	0					FALSE
1444	ENSG00000137076_TLN1	chr9:35725674:T>C	chr9:35706198-35706366:-	0	0					168	FALSE		2000	0					FALSE
1445	ENSG00000137076_TLN1	chr9:35725674:T>C	chr9:35706449-35706551:-	0	0					102	FALSE		2000	0					FALSE
1446	ENSG00000137076_TLN1	chr9:35725674:T>C	chr9:35706767-35706900:-	0	0					133	FALSE		2000	0					FALSE
1447	ENSG00000137076_TLN1	chr9:35725674:T>C	chr9:35707071-35707253:-	0	0					182	FALSE		2000	0					FALSE
1448	ENSG00000137076_TLN1	chr9:35725674:T>C	chr9:35707347-35707355:-	0	0					8	FALSE		2000	0					FALSE
1449	ENSG00000137076_TLN1	chr9:35725674:T>C	chr9:35707355-35707488:-	0	0					133	FALSE		2000	0					FALSE
1450	ENSG00000137076_TLN1	chr9:35725674:T>C	chr9:35707730-35707769:-	0	0					39	FALSE		2000	0					FALSE
1451	ENSG00000137076_TLN1	chr9:35725674:T>C	chr9:35707892-35707967:-	0	0					75	FALSE		2000	0					FALSE
1452	ENSG00000137076_TLN1	chr9:35725674:T>C	chr9:35718355-35718406:-	0	0					51	FALSE		2000	0					FALSE
1453	ENSG00000137076_TLN1	chr9:35725674:T>C	chr9:35723103-35723951:-	4	190	-0.004	0.008	trans	0.862368570022117	848	FALSE	1	2000	2000	2000	1	1	1	FALSE
1454	ENSG00000137076_TLN1	chr9:35725674:T>C	chr9:35729051-35729399:-	4	190	0	0	trans	0.524463607419371	348	FALSE	1	2000	2000	2000	1	1	1	FALSE
1455	ENSG00000137076_TLN1	chr9:35725679:T>C	chr9:35699156-35699328:-	0	0					172	FALSE		2000	0					FALSE
1456	ENSG00000137076_TLN1	chr9:35725679:T>C	chr9:35703558-35703559:-	0	0					1	FALSE		2000	0					FALSE
1457	ENSG00000137076_TLN1	chr9:35725679:T>C	chr9:35704174-35704193:-	0	0					19	FALSE		2000	0					FALSE
1458	ENSG00000137076_TLN1	chr9:35725679:T>C	chr9:35704193-35704322:-	0	0					129	FALSE		2000	0					FALSE
1459	ENSG00000137076_TLN1	chr9:35725679:T>C	chr9:35704322-35704331:-	0	0					9	FALSE		2000	0					FALSE
1460	ENSG00000137076_TLN1	chr9:35725679:T>C	chr9:35704668-35704782:-	0	0					114	FALSE		2000	0					FALSE
1461	ENSG00000137076_TLN1	chr9:35725679:T>C	chr9:35704782-35704815:-	0	0					33	FALSE		2000	0					FALSE
1462	ENSG00000137076_TLN1	chr9:35725679:T>C	chr9:35705550-35705670:-	0	0					120	FALSE		2000	0					FALSE
1463	ENSG00000137076_TLN1	chr9:35725679:T>C	chr9:35705749-35705851:-	0	0					102	FALSE		2000	0					FALSE
1464	ENSG00000137076_TLN1	chr9:35725679:T>C	chr9:35705961-35706111:-	0	0					150	FALSE		2000	0					FALSE
1465	ENSG00000137076_TLN1	chr9:35725679:T>C	chr9:35706195-35706198:-	0	0					3	FALSE		2000	0					FALSE
1466	ENSG00000137076_TLN1	chr9:35725679:T>C	chr9:35706198-35706366:-	0	0					168	FALSE		2000	0					FALSE
1467	ENSG00000137076_TLN1	chr9:35725679:T>C	chr9:35706449-35706551:-	0	0					102	FALSE		2000	0					FALSE
1468	ENSG00000137076_TLN1	chr9:35725679:T>C	chr9:35706767-35706900:-	0	0					133	FALSE		2000	0					FALSE
1469	ENSG00000137076_TLN1	chr9:35725679:T>C	chr9:35707071-35707253:-	0	0					182	FALSE		2000	0					FALSE
1470	ENSG00000137076_TLN1	chr9:35725679:T>C	chr9:35707347-35707355:-	0	0					8	FALSE		2000	0					FALSE
1471	ENSG00000137076_TLN1	chr9:35725679:T>C	chr9:35707355-35707488:-	0	0					133	FALSE		2000	0					FALSE
1472	ENSG00000137076_TLN1	chr9:35725679:T>C	chr9:35707730-35707769:-	0	0					39	FALSE		2000	0					FALSE
1473	ENSG00000137076_TLN1	chr9:35725679:T>C	chr9:35707892-35707967:-	0	0					75	FALSE		2000	0					FALSE
1474	ENSG00000137076_TLN1	chr9:35725679:T>C	chr9:35718355-35718406:-	0	0					51	FALSE		2000	0					FALSE
1475	ENSG00000137076_TLN1	chr9:35725679:T>C	chr9:35723103-35723951:-	4	190	-0.004	0.008	trans	0.862368570022117	848	FALSE	1	2000	2000	2000	1	1	1	FALSE
1476	ENSG00000137076_TLN1	chr9:35725679:T>C	chr9:35729051-35729399:-	4	190	0	0	trans	0.524463607419371	348	FALSE	1	2000	2000	2000	1	1	1	FALSE
1477	ENSG00000137076_TLN1	chr9:35725685:T>C	chr9:35699156-35699328:-	0	0					172	FALSE		2000	0					FALSE
1478	ENSG00000137076_TLN1	chr9:35725685:T>C	chr9:35703558-35703559:-	0	0					1	FALSE		2000	0					FALSE
1479	ENSG00000137076_TLN1	chr9:35725685:T>C	chr9:35704174-35704193:-	0	0					19	FALSE		2000	0					FALSE
1480	ENSG00000137076_TLN1	chr9:35725685:T>C	chr9:35704193-35704322:-	0	0					129	FALSE		2000	0					FALSE
1481	ENSG00000137076_TLN1	chr9:35725685:T>C	chr9:35704322-35704331:-	0	0					9	FALSE		2000	0					FALSE
1482	ENSG00000137076_TLN1	chr9:35725685:T>C	chr9:35704668-35704782:-	0	0					114	FALSE		2000	0					FALSE
1483	ENSG00000137076_TLN1	chr9:35725685:T>C	chr9:35704782-35704815:-	0	0					33	FALSE		2000	0					FALSE
1484	ENSG00000137076_TLN1	chr9:35725685:T>C	chr9:35705550-35705670:-	0	0					120	FALSE		2000	0					FALSE
1485	ENSG00000137076_TLN1	chr9:35725685:T>C	chr9:35705749-35705851:-	0	0					102	FALSE		2000	0					FALSE
1486	ENSG00000137076_TLN1	chr9:35725685:T>C	chr9:35705961-35706111:-	0	0					150	FALSE		2000	0					FALSE
1487	ENSG00000137076_TLN1	chr9:35725685:T>C	chr9:35706195-35706198:-	0	0					3	FALSE		2000	0					FALSE
1488	ENSG00000137076_TLN1	chr9:35725685:T>C	chr9:35706198-35706366:-	0	0					168	FALSE		2000	0					FALSE
1489	ENSG00000137076_TLN1	chr9:35725685:T>C	chr9:35706449-35706551:-	0	0					102	FALSE		2000	0					FALSE
1490	ENSG00000137076_TLN1	chr9:35725685:T>C	chr9:35706767-35706900:-	0	0					133	FALSE		2000	0					FALSE
1491	ENSG00000137076_TLN1	chr9:35725685:T>C	chr9:35707071-35707253:-	0	0					182	FALSE		2000	0					FALSE
1492	ENSG00000137076_TLN1	chr9:35725685:T>C	chr9:35707347-35707355:-	0	0					8	FALSE		2000	0					FALSE
1493	ENSG00000137076_TLN1	chr9:35725685:T>C	chr9:35707355-35707488:-	0	0					133	FALSE		2000	0					FALSE
1494	ENSG00000137076_TLN1	chr9:35725685:T>C	chr9:35707730-35707769:-	0	0					39	FALSE		2000	0					FALSE
1495	ENSG00000137076_TLN1	chr9:35725685:T>C	chr9:35707892-35707967:-	0	0					75	FALSE		2000	0					FALSE
1496	ENSG00000137076_TLN1	chr9:35725685:T>C	chr9:35718355-35718406:-	0	0					51	FALSE		2000	0					FALSE
1497	ENSG00000137076_TLN1	chr9:35725685:T>C	chr9:35723103-35723951:-	4	190	-0.004	0.008	trans	0.862368570022117	848	FALSE	1	2000	2000	2000	1	1	1	FALSE
1498	ENSG00000137076_TLN1	chr9:35725685:T>C	chr9:35729051-35729399:-	4	190	0	0	trans	0.524463607419371	348	FALSE	1	2000	2000	2000	1	1	1	FALSE
1499	ENSG00000137076_TLN1	chr9:35725708:T>C	chr9:35699156-35699328:-	0	0					172	FALSE		2000	0					FALSE
1500	ENSG00000137076_TLN1	chr9:35725708:T>C	chr9:35703558-35703559:-	0	0					1	FALSE		2000	0					FALSE
1501	ENSG00000137076_TLN1	chr9:35725708:T>C	chr9:35704174-35704193:-	0	0					19	FALSE		2000	0					FALSE
1502	ENSG00000137076_TLN1	chr9:35725708:T>C	chr9:35704193-35704322:-	0	0					129	FALSE		2000	0					FALSE
1503	ENSG00000137076_TLN1	chr9:35725708:T>C	chr9:35704322-35704331:-	0	0					9	FALSE		2000	0					FALSE
1504	ENSG00000137076_TLN1	chr9:35725708:T>C	chr9:35704668-35704782:-	0	0					114	FALSE		2000	0					FALSE
1505	ENSG00000137076_TLN1	chr9:35725708:T>C	chr9:35704782-35704815:-	0	0					33	FALSE		2000	0					FALSE
1506	ENSG00000137076_TLN1	chr9:35725708:T>C	chr9:35705550-35705670:-	0	0					120	FALSE		2000	0					FALSE
1507	ENSG00000137076_TLN1	chr9:35725708:T>C	chr9:35705749-35705851:-	0	0					102	FALSE		2000	0					FALSE
1508	ENSG00000137076_TLN1	chr9:35725708:T>C	chr9:35705961-35706111:-	0	0					150	FALSE		2000	0					FALSE
1509	ENSG00000137076_TLN1	chr9:35725708:T>C	chr9:35706195-35706198:-	0	0					3	FALSE		2000	0					FALSE
1510	ENSG00000137076_TLN1	chr9:35725708:T>C	chr9:35706198-35706366:-	0	0					168	FALSE		2000	0					FALSE
1511	ENSG00000137076_TLN1	chr9:35725708:T>C	chr9:35706449-35706551:-	0	0					102	FALSE		2000	0					FALSE
1512	ENSG00000137076_TLN1	chr9:35725708:T>C	chr9:35706767-35706900:-	0	0					133	FALSE		2000	0					FALSE
1513	ENSG00000137076_TLN1	chr9:35725708:T>C	chr9:35707071-35707253:-	0	0					182	FALSE		2000	0					FALSE
1514	ENSG00000137076_TLN1	chr9:35725708:T>C	chr9:35707347-35707355:-	0	0					8	FALSE		2000	0					FALSE
1515	ENSG00000137076_TLN1	chr9:35725708:T>C	chr9:35707355-35707488:-	0	0					133	FALSE		2000	0					FALSE
1516	ENSG00000137076_TLN1	chr9:35725708:T>C	chr9:35707730-35707769:-	0	0					39	FALSE		2000	0					FALSE
1517	ENSG00000137076_TLN1	chr9:35725708:T>C	chr9:35707892-35707967:-	0	0					75	FALSE		2000	0					FALSE
1518	ENSG00000137076_TLN1	chr9:35725708:T>C	chr9:35718355-35718406:-	0	0					51	FALSE		2000	0					FALSE
1519	ENSG00000137076_TLN1	chr9:35725708:T>C	chr9:35723103-35723951:-	4	190	-0.004	-0.006	trans	0.862368570022117	848	FALSE	1	2000	2000	2000	1	1	1	FALSE
1520	ENSG00000137076_TLN1	chr9:35725708:T>C	chr9:35729051-35729399:-	4	191	0	0	trans	0.500836163395856	348	FALSE	1	2000	2000	2000	1	1	1	FALSE
1521	ENSG00000137076_TLN1	chr9:35725712:C>T	chr9:35699156-35699328:-	0	0					172	FALSE		2000	0					FALSE
1522	ENSG00000137076_TLN1	chr9:35725712:C>T	chr9:35703558-35703559:-	0	0					1	FALSE		2000	0					FALSE
1523	ENSG00000137076_TLN1	chr9:35725712:C>T	chr9:35704174-35704193:-	0	0					19	FALSE		2000	0					FALSE
1524	ENSG00000137076_TLN1	chr9:35725712:C>T	chr9:35704193-35704322:-	0	0					129	FALSE		2000	0					FALSE
1525	ENSG00000137076_TLN1	chr9:35725712:C>T	chr9:35704322-35704331:-	0	0					9	FALSE		2000	0					FALSE
1526	ENSG00000137076_TLN1	chr9:35725712:C>T	chr9:35704668-35704782:-	0	0					114	FALSE		2000	0					FALSE
1527	ENSG00000137076_TLN1	chr9:35725712:C>T	chr9:35704782-35704815:-	0	0					33	FALSE		2000	0					FALSE
1528	ENSG00000137076_TLN1	chr9:35725712:C>T	chr9:35705550-35705670:-	0	0					120	FALSE		2000	0					FALSE
1529	ENSG00000137076_TLN1	chr9:35725712:C>T	chr9:35705749-35705851:-	0	0					102	FALSE		2000	0					FALSE
1530	ENSG00000137076_TLN1	chr9:35725712:C>T	chr9:35705961-35706111:-	0	0					150	FALSE		2000	0					FALSE
1531	ENSG00000137076_TLN1	chr9:35725712:C>T	chr9:35706195-35706198:-	0	0					3	FALSE		2000	0					FALSE
1532	ENSG00000137076_TLN1	chr9:35725712:C>T	chr9:35706198-35706366:-	0	0					168	FALSE		2000	0					FALSE
1533	ENSG00000137076_TLN1	chr9:35725712:C>T	chr9:35706449-35706551:-	0	0					102	FALSE		2000	0					FALSE
1534	ENSG00000137076_TLN1	chr9:35725712:C>T	chr9:35706767-35706900:-	0	0					133	FALSE		2000	0					FALSE
1535	ENSG00000137076_TLN1	chr9:35725712:C>T	chr9:35707071-35707253:-	0	0					182	FALSE		2000	0					FALSE
1536	ENSG00000137076_TLN1	chr9:35725712:C>T	chr9:35707347-35707355:-	0	0					8	FALSE		2000	0					FALSE
1537	ENSG00000137076_TLN1	chr9:35725712:C>T	chr9:35707355-35707488:-	0	0					133	FALSE		2000	0					FALSE
1538	ENSG00000137076_TLN1	chr9:35725712:C>T	chr9:35707730-35707769:-	0	0					39	FALSE		2000	0					FALSE
1539	ENSG00000137076_TLN1	chr9:35725712:C>T	chr9:35707892-35707967:-	0	0					75	FALSE		2000	0					FALSE
1540	ENSG00000137076_TLN1	chr9:35725712:C>T	chr9:35718355-35718406:-	0	0					51	FALSE		2000	0					FALSE
1541	ENSG00000137076_TLN1	chr9:35725712:C>T	chr9:35723103-35723951:-	4	190	-0.004	-0.006	trans	0.862368570022117	848	FALSE	1	2000	2000	2000	1	1	1	FALSE
1542	ENSG00000137076_TLN1	chr9:35725712:C>T	chr9:35729051-35729399:-	4	191	0	0	trans	0.500836163395856	348	FALSE	1	2000	2000	2000	1	1	1	FALSE
1543	ENSG00000137076_TLN1	chr9:35725714:A>G	chr9:35699156-35699328:-	0	0					172	FALSE		2000	0					FALSE
1544	ENSG00000137076_TLN1	chr9:35725714:A>G	chr9:35703558-35703559:-	0	0					1	FALSE		2000	0					FALSE
1545	ENSG00000137076_TLN1	chr9:35725714:A>G	chr9:35704174-35704193:-	0	0					19	FALSE		2000	0					FALSE
1546	ENSG00000137076_TLN1	chr9:35725714:A>G	chr9:35704193-35704322:-	0	0					129	FALSE		2000	0					FALSE
1547	ENSG00000137076_TLN1	chr9:35725714:A>G	chr9:35704322-35704331:-	0	0					9	FALSE		2000	0					FALSE
1548	ENSG00000137076_TLN1	chr9:35725714:A>G	chr9:35704668-35704782:-	0	0					114	FALSE		2000	0					FALSE
1549	ENSG00000137076_TLN1	chr9:35725714:A>G	chr9:35704782-35704815:-	0	0					33	FALSE		2000	0					FALSE
1550	ENSG00000137076_TLN1	chr9:35725714:A>G	chr9:35705550-35705670:-	0	0					120	FALSE		2000	0					FALSE
1551	ENSG00000137076_TLN1	chr9:35725714:A>G	chr9:35705749-35705851:-	0	0					102	FALSE		2000	0					FALSE
1552	ENSG00000137076_TLN1	chr9:35725714:A>G	chr9:35705961-35706111:-	0	0					150	FALSE		2000	0					FALSE
1553	ENSG00000137076_TLN1	chr9:35725714:A>G	chr9:35706195-35706198:-	0	0					3	FALSE		2000	0					FALSE
1554	ENSG00000137076_TLN1	chr9:35725714:A>G	chr9:35706198-35706366:-	0	0					168	FALSE		2000	0					FALSE
1555	ENSG00000137076_TLN1	chr9:35725714:A>G	chr9:35706449-35706551:-	0	0					102	FALSE		2000	0					FALSE
1556	ENSG00000137076_TLN1	chr9:35725714:A>G	chr9:35706767-35706900:-	0	0					133	FALSE		2000	0					FALSE
1557	ENSG00000137076_TLN1	chr9:35725714:A>G	chr9:35707071-35707253:-	0	0					182	FALSE		2000	0					FALSE
1558	ENSG00000137076_TLN1	chr9:35725714:A>G	chr9:35707347-35707355:-	0	0					8	FALSE		2000	0					FALSE
1559	ENSG00000137076_TLN1	chr9:35725714:A>G	chr9:35707355-35707488:-	0	0					133	FALSE		2000	0					FALSE
1560	ENSG00000137076_TLN1	chr9:35725714:A>G	chr9:35707730-35707769:-	0	0					39	FALSE		2000	0					FALSE
1561	ENSG00000137076_TLN1	chr9:35725714:A>G	chr9:35707892-35707967:-	0	0					75	FALSE		2000	0					FALSE
1562	ENSG00000137076_TLN1	chr9:35725714:A>G	chr9:35718355-35718406:-	0	0					51	FALSE		2000	0					FALSE
1563	ENSG00000137076_TLN1	chr9:35725714:A>G	chr9:35723103-35723951:-	4	190	-0.004	-0.006	trans	0.862368570022117	848	FALSE	1	2000	2000	2000	1	1	1	FALSE
1564	ENSG00000137076_TLN1	chr9:35725714:A>G	chr9:35729051-35729399:-	4	191	0	0	trans	0.500836163395856	348	FALSE	1	2000	2000	2000	1	1	1	FALSE
1565	ENSG00000137076_TLN1	chr9:35723977:C>T	chr9:35723103-35723951:-	0	0					848	FALSE		2000	0					FALSE
1566	ENSG00000137076_TLN1	chr9:35723977:C>T	chr9:35729051-35729399:-	0	0					348	FALSE		2000	0					FALSE
1567	ENSG00000137076_TLN1	chr9:35732359:C>G	chr9:35729051-35729399:-	1	36	-0.019	0.054	trans	0.795669190227915	348	TRUE	0.784215784215784	2000	1666	1216	0.73005398920216	0.775112443778111	1	FALSE
1568	ENSG00000122705_CLTA	chr9:36211829:C>T	chr9:36190949-36190962:+	0	0					13	FALSE		2000	0					FALSE
1569	ENSG00000122705_CLTA	chr9:36211829:C>T	chr9:36190962-36191164:+	0	0					202	FALSE		2000	0					FALSE
1570	ENSG00000122705_CLTA	chr9:36211829:C>T	chr9:36191164-36191273:+	0	0					109	FALSE		2000	0					FALSE
1571	ENSG00000122705_CLTA	chr9:36211829:C>T	chr9:36197550-36197588:+	0	0					38	FALSE		2000	0					FALSE
1572	ENSG00000122705_CLTA	chr9:36211829:C>T	chr9:36198978-36199096:+	0	0					118	FALSE		2000	0					FALSE
1573	ENSG00000122705_CLTA	chr9:36211829:C>T	chr9:36204067-36204179:+	0	0					112	FALSE		2000	0					FALSE
1574	ENSG00000122705_CLTA	chr9:36211829:C>T	chr9:36209266-36209320:+	0	0					54	FALSE		2000	0					FALSE
1575	ENSG00000122705_CLTA	chr9:36211829:C>T	chr9:36210624-36210660:+	0	0					36	FALSE		2000	0					FALSE
1576	ENSG00000122705_CLTA	chr9:36211829:C>T	chr9:36211602-36211736:+	0	0					134	FALSE		2000	0					FALSE
1577	ENSG00000122705_CLTA	chr9:36211829:C>T	chr9:36211736-36212057:+	0	0					321	FALSE		2000	0					FALSE
1578	ENSG00000122705_CLTA	chr9:36211829:C>T	chr9:36212057-36212058:+	0	0					1	FALSE		2000	0					FALSE
1579	ENSG00000122705_CLTA	chr9:36211829:C>T	chr9:36212058-36212059:+	0	0					1	FALSE		2000	0					FALSE
1580	ENSG00000137106_GRHPR	chr9:37429816:A>G	chr9:37422805-37422833:+	1	53	0	0	trans	0.513070834746567	28	TRUE	1	2000	2000	2000	1	1	1	FALSE
1581	ENSG00000137106_GRHPR	chr9:37429816:A>G	chr9:37424844-37424975:+	1	53	0	0	trans	0.513070834746567	131	TRUE	1	2000	2000	2000	1	1	1	FALSE
1582	ENSG00000137106_GRHPR	chr9:37429816:A>G	chr9:37425921-37425994:+	1	53	0	0	trans	0.513070834746567	73	TRUE	1	2000	2000	2000	1	1	1	FALSE
1583	ENSG00000137106_GRHPR	chr9:37429816:A>G	chr9:37425994-37426537:+	1	53	0	0	trans	0.513070834746567	543	TRUE	1	2000	2000	2000	1	1	1	FALSE
1584	ENSG00000137106_GRHPR	chr9:37429816:A>G	chr9:37426537-37426650:+	1	53	0	0	trans	0.513070834746567	113	TRUE	1	2000	2000	2000	1	1	1	FALSE
1585	ENSG00000137106_GRHPR	chr9:37429816:A>G	chr9:37426650-37426654:+	1	53	0	0	trans	0.513070834746567	4	FALSE	1	2000	2000	2000	1	1	1	FALSE
1586	ENSG00000137106_GRHPR	chr9:37429816:A>G	chr9:37427705-37428483:+	1	58	-0.01	0.05	trans	0.779776141287363	778	TRUE	0.497502497502498	2000	2000	1002	0.501249375312344	0.501249375312344	1	FALSE
1587	ENSG00000137106_GRHPR	chr9:37429816:A>G	chr9:37428483-37428537:+	1	58	0	0	trans	0.50385616305635	54	TRUE	1	2000	2000	2000	1	1	1	FALSE
1588	ENSG00000137106_GRHPR	chr9:37429816:A>G	chr9:37428537-37428572:+	1	60	0	0	trans	0.494944656084381	35	TRUE	1	2000	2000	2000	1	1	1	FALSE
1589	ENSG00000137106_GRHPR	chr9:37429816:A>G	chr9:37428572-37428773:+	1	60	0.001	0.094	trans	0.461844873615001	201	TRUE	0.320679320679321	2000	2000	641	0.320839580209895	0.320839580209895	1	FALSE
1590	ENSG00000137106_GRHPR	chr9:37429816:A>G	chr9:37428773-37428994:+	1	60	0.001	0.094	trans	0.461844873615001	221	TRUE	0.320679320679321	2000	2000	641	0.320839580209895	0.320839580209895	1	FALSE
1591	ENSG00000137106_GRHPR	chr9:37429816:A>G	chr9:37428994-37429158:+	1	60	0.001	0.094	trans	0.461844873615001	164	TRUE	0.320679320679321	2000	2000	641	0.320839580209895	0.320839580209895	1	FALSE
1592	ENSG00000137106_GRHPR	chr9:37429816:A>G	chr9:37429158-37429731:+	1	60	0.001	0.094	trans	0.461844873615001	573	TRUE	0.320679320679321	2000	2000	641	0.320839580209895	0.320839580209895	1	FALSE
1593	ENSG00000137106_GRHPR	chr9:37429816:A>G	chr9:37429731-37429785:+	1	60	0	0	trans	0.494944656084381	54	TRUE	1	2000	2000	2000	1	1	1	FALSE
1594	ENSG00000137106_GRHPR	chr9:37429816:A>G	chr9:37429785-37429836:+	1	60	0	0	trans	0.494944656084381	51	TRUE	1	2000	2000	2000	1	1	1	FALSE
1595	ENSG00000137106_GRHPR	chr9:37429816:A>G	chr9:37429836-37430510:+	1	60	-0.011	0.045	trans	0.816362766228546	674	TRUE	0.704295704295704	2000	2000	1403	0.701649175412294	0.701649175412294	1	FALSE
1596	ENSG00000137106_GRHPR	chr9:37429816:A>G	chr9:37430510-37430646:+	1	60	0	0	trans	0.494944656084381	136	TRUE	1	2000	2000	2000	1	1	1	FALSE
1597	ENSG00000137106_GRHPR	chr9:37429816:A>G	chr9:37430646-37431151:+	1	60	-0.011	0.045	trans	0.816362766228546	505	TRUE	0.704295704295704	2000	2000	1403	0.701649175412294	0.701649175412294	1	FALSE
1598	ENSG00000137106_GRHPR	chr9:37429816:A>G	chr9:37431151-37431719:+	1	60	-0.011	0.045	trans	0.816362766228546	568	TRUE	0.704295704295704	2000	2000	1403	0.701649175412294	0.701649175412294	1	FALSE
1599	ENSG00000137106_GRHPR	chr9:37429816:A>G	chr9:37431719-37432007:+	1	60	-0.011	0.045	trans	0.816362766228546	288	TRUE	0.704295704295704	2000	2000	1403	0.701649175412294	0.701649175412294	1	FALSE
1600	ENSG00000137106_GRHPR	chr9:37429816:A>G	chr9:37432007-37432086:+	1	60	0	0	trans	0.494944656084381	79	TRUE	1	2000	2000	2000	1	1	1	FALSE
1601	ENSG00000137106_GRHPR	chr9:37429816:A>G	chr9:37432086-37432138:+	1	60	0	0	trans	0.494944656084381	52	TRUE	1	2000	2000	2000	1	1	1	FALSE
1602	ENSG00000137106_GRHPR	chr9:37429816:A>G	chr9:37432138-37432408:+	1	60	0	0	trans	0.494944656084381	270	TRUE	1	2000	2000	2000	1	1	1	FALSE
1603	ENSG00000137106_GRHPR	chr9:37429816:A>G	chr9:37432532-37432811:+	1	60	0	0	trans	0.494944656084381	279	TRUE	1	2000	2000	2000	1	1	1	FALSE
1604	ENSG00000137106_GRHPR	chr9:37429816:A>G	chr9:37433833-37433881:+	1	60	0	0	trans	0.494944656084381	48	TRUE	1	2000	2000	2000	1	1	1	FALSE
1605	ENSG00000137106_GRHPR	chr9:37429816:A>G	chr9:37434045-37434879:+	1	60	0	0	trans	0.494944656084381	834	TRUE	1	2000	2000	2000	1	1	1	FALSE
1606	ENSG00000137106_GRHPR	chr9:37429816:A>G	chr9:37436660-37436692:+	1	60	0	0	trans	0.494944656084381	32	TRUE	1	2000	2000	2000	1	1	1	FALSE
1607	ENSG00000137106_GRHPR	chr9:37429816:A>G	chr9:37436692-37436848:+	1	60	0	0	trans	0.494944656084381	156	TRUE	1	2000	2000	2000	1	1	1	FALSE
1608	ENSG00000137106_GRHPR	chr9:37429816:A>G	chr9:37436848-37436880:+	1	60	0	0	trans	0.494944656084381	32	TRUE	1	2000	2000	2000	1	1	1	FALSE
1609	ENSG00000147912_FBXO10	chr9:37537559:G>A	chr9:37522346-37522488:-	0	0					142	FALSE		2000	0					FALSE
1610	ENSG00000147912_FBXO10	chr9:37537559:G>A	chr9:37525101-37525157:-	0	0					56	FALSE		2000	0					FALSE
1611	ENSG00000147912_FBXO10	chr9:37537559:G>A	chr9:37525157-37525172:-	0	0					15	FALSE		2000	0					FALSE
1612	ENSG00000147912_FBXO10	chr9:37537559:G>A	chr9:37535991-37536062:-	0	0					71	FALSE		2000	0					FALSE
1613	ENSG00000147912_FBXO10	chr9:37537559:G>A	chr9:37575521-37575661:-	0	0					140	FALSE		2000	0					FALSE
1614	ENSG00000107371_EXOSC3	chr9:37782113:C>T	chr9:37779713-37780059:-	0	0					346	FALSE		2000	0					FALSE
1615	ENSG00000107371_EXOSC3	chr9:37782113:C>T	chr9:37780059-37780274:-	0	0					215	FALSE		2000	0					FALSE
1616	ENSG00000107371_EXOSC3	chr9:37782113:C>T	chr9:37780274-37780358:-	0	0					84	FALSE		2000	0					FALSE
1617	ENSG00000107371_EXOSC3	chr9:37782113:C>T	chr9:37780358-37780587:-	0	0					229	FALSE		2000	0					FALSE
1618	ENSG00000107371_EXOSC3	chr9:37782113:C>T	chr9:37780587-37780606:-	0	0					19	FALSE		2000	0					FALSE
1619	ENSG00000107371_EXOSC3	chr9:37782113:C>T	chr9:37780606-37780657:-	0	0					51	FALSE		2000	0					FALSE
1620	ENSG00000107371_EXOSC3	chr9:37782113:C>T	chr9:37780880-37781276:-	0	0					396	FALSE		2000	0					FALSE
1621	ENSG00000107371_EXOSC3	chr9:37782113:C>T	chr9:37781276-37781985:-	0	0					709	FALSE		2000	0					FALSE
1622	ENSG00000107371_EXOSC3	chr9:37782113:C>T	chr9:37781985-37782137:-	0	0					152	FALSE		2000	0					FALSE
1623	ENSG00000107371_EXOSC3	chr9:37782113:C>T	chr9:37783871-37783913:-	0	0					42	FALSE		2000	0					FALSE
1624	ENSG00000107371_EXOSC3	chr9:37782113:C>T	chr9:37784063-37784383:-	0	0					320	FALSE		2000	0					FALSE
1625	ENSG00000107371_EXOSC3	chr9:37782113:C>T	chr9:37784383-37784713:-	0	0					330	FALSE		2000	0					FALSE
1626	ENSG00000107371_EXOSC3	chr9:37782113:C>T	chr9:37784713-37784720:-	0	0					7	FALSE		2000	0					FALSE
1627	ENSG00000107371_EXOSC3	chr9:37782113:C>T	chr9:37784720-37784745:-	0	0					25	FALSE		2000	0					FALSE
1628	ENSG00000107371_EXOSC3	chr9:37782113:C>T	chr9:37784745-37785059:-	0	0					314	FALSE		2000	0					FALSE
1629	ENSG00000107371_EXOSC3	chr9:37782113:C>T	chr9:37785059-37785061:-	0	0					2	FALSE		2000	0					FALSE
1630	ENSG00000107371_EXOSC3	chr9:37782113:C>T	chr9:37785061-37785064:-	0	0					3	FALSE		2000	0					FALSE
1631	ENSG00000278175_GLIDR	chr9:39809860:C>T	chr9:39807686-39807689:-	0	0					3	FALSE		2000	0					FALSE
1632	ENSG00000278175_GLIDR	chr9:39809860:C>T	chr9:39807689-39808560:-	0	0					871	FALSE		2000	0					FALSE
1633	ENSG00000278175_GLIDR	chr9:39809860:C>T	chr9:39808560-39808564:-	0	0					4	FALSE		2000	0					FALSE
1634	ENSG00000278175_GLIDR	chr9:39809860:C>T	chr9:39808564-39808742:-	0	0					178	FALSE		2000	0					FALSE
1635	ENSG00000278175_GLIDR	chr9:39809860:C>T	chr9:39808742-39808761:-	0	0					19	FALSE		2000	0					FALSE
1636	ENSG00000278175_GLIDR	chr9:39809860:C>T	chr9:39808761-39808907:-	0	0					146	FALSE		2000	0					FALSE
1637	ENSG00000278175_GLIDR	chr9:39809860:C>T	chr9:39808907-39808933:-	0	0					26	FALSE		2000	0					FALSE
1638	ENSG00000278175_GLIDR	chr9:39809860:C>T	chr9:39808933-39809304:-	0	0					371	FALSE		2000	0					FALSE
1639	ENSG00000278175_GLIDR	chr9:39809860:C>T	chr9:39809304-39809485:-	0	0					181	FALSE		2000	0					FALSE
1640	ENSG00000278175_GLIDR	chr9:39809860:C>T	chr9:39809485-39809615:-	0	0					130	FALSE		2000	0					FALSE
1641	ENSG00000278175_GLIDR	chr9:39809860:C>T	chr9:39809615-39809633:-	0	0					18	FALSE		2000	0					FALSE
1642	ENSG00000278175_GLIDR	chr9:39809860:C>T	chr9:39809633-39809692:-	0	0					59	FALSE		2000	0					FALSE
1643	ENSG00000278175_GLIDR	chr9:39809860:C>T	chr9:39809692-39809730:-	0	0					38	FALSE		2000	0					FALSE
1644	ENSG00000291075_ENSG00000291075	chr9:40992305:C>A	chr9:40992479-40992775:+	1	49	-0.012	0.05	trans	0.77007597797898	296	FALSE	0.688311688311688	2000	2000	1373	0.686656671664168	0.686656671664168	1	FALSE
1645	ENSG00000291075_ENSG00000291075	chr9:40992305:C>A	chr9:40992775-40993167:+	1	49	-0.008	-0.032	trans	0.687003632599463	392	FALSE	0.983016983016983	2000	2000	1968	0.984007996001999	0.984007996001999	1	FALSE
1646	ENSG00000291075_ENSG00000291075	chr9:40992305:C>A	chr9:40993167-40993252:+	1	48	0	0	trans	0.522727879577405	85	FALSE	1	2000	2000	2000	1	1	1	FALSE
1647	ENSG00000291075_ENSG00000291075	chr9:40992305:C>A	chr9:40993252-40993434:+	1	48	-0.006	-0.089	trans	0.65835830226234	182	FALSE	0.475524475524476	2000	2000	955	0.47776111944028	0.47776111944028	1	FALSE
1648	ENSG00000291075_ENSG00000291075	chr9:40992305:C>A	chr9:40994699-40994733:+	1	48	-0.017	0.011	trans	0.853476380756483	34	FALSE	1	2000	2000	2000	1	1	1	FALSE
1649	ENSG00000291075_ENSG00000291075	chr9:40992305:C>A	chr9:40994733-40994762:+	1	47	-0.016	-0.041	trans	0.847195919309642	29	FALSE	0.675324675324675	2000	2000	1322	0.661169415292354	0.661169415292354	1	FALSE
1650	ENSG00000291075_ENSG00000291075	chr9:40992305:C>A	chr9:40994762-40994853:+	1	44	0.012	0.059	trans	0.249390961425328	91	FALSE	0.045954045954046	2000	2000	96	0.0484757621189405	0.0484757621189405	1	FALSE
1651	ENSG00000291075_ENSG00000291075	chr9:40992305:C>A	chr9:40994853-40995012:+	1	44	-0.022	-0.015	trans	0.886596564417178	159	FALSE	0.964035964035964	2000	2000	1937	0.968515742128936	0.968515742128936	1	FALSE
1652	ENSG00000291075_ENSG00000291075	chr9:40992305:C>A	chr9:40995012-40995201:+	1	43	0.011	-0.074	trans	0.184971627364049	189	FALSE	0.487512487512488	2000	2000	1002	0.501249375312344	0.501249375312344	1	FALSE
1653	ENSG00000291075_ENSG00000291075	chr9:40992305:C>A	chr9:41007439-41007591:+	1	41	-0.013	0.02	trans	0.768873899344873	152	FALSE	0.999000999000999	2000	2000	1996	0.99800099950025	0.99800099950025	1	FALSE
1654	ENSG00000291075_ENSG00000291075	chr9:40992305:C>A	chr9:41007591-41007609:+	1	39	-0.012	0.065	trans	0.721574312007606	18	FALSE	0.734265734265734	2000	1999	1471	0.736	0.736131934032984	1	FALSE
1655	ENSG00000291075_ENSG00000291075	chr9:40992305:C>A	chr9:41008880-41008919:+	1	39	0.012	0.204	trans	0.311910292189597	39	FALSE	0.176823176823177	2000	1999	354	0.1775	0.177911044477761	1	FALSE
1656	ENSG00000291075_ENSG00000291075	chr9:40992305:C>A	chr9:41008919-41009006:+	1	39	0.011	0.179	trans	0.327969293794754	87	FALSE	0.17982017982018	2000	1999	362	0.1815	0.181909045477261	1	FALSE
1657	ENSG00000291075_ENSG00000291075	chr9:40992305:C>A	chr9:41011616-41011730:+	1	39	-0.024	0.024	trans	0.870024814456014	114	FALSE	0.931068931068931	2000	1999	1865	0.933	0.933033483258371	1	FALSE
1658	ENSG00000291075_ENSG00000291075	chr9:40992305:C>A	chr9:41011730-41011772:+	1	39	-0.028	0.019	trans	0.904252570818631	42	FALSE	0.755244755244755	2000	1999	1469	0.735	0.735132433783108	1	FALSE
1659	ENSG00000291075_ENSG00000291075	chr9:40992305:C>A	chr9:41011772-41011907:+	1	39	-0.028	0.019	trans	0.904252570818631	135	FALSE	0.755244755244755	2000	1999	1469	0.735	0.735132433783108	1	FALSE
1660	ENSG00000291075_ENSG00000291075	chr9:40992305:C>A	chr9:41013780-41014136:+	1	37	-0.011	0.085	trans	0.702160583671732	356	FALSE	0.548451548451548	2000	1997	1122	0.562062062062062	0.56271864067966	1	FALSE
1661	ENSG00000291075_ENSG00000291075	chr9:40992305:C>A	chr9:41015023-41015132:+	0	0					109	FALSE		2000	0					FALSE
1662	ENSG00000291075_ENSG00000291075	chr9:40992305:C>A	chr9:41015132-41015186:+	0	0					54	FALSE		2000	0					FALSE
1663	ENSG00000291075_ENSG00000291075	chr9:40992305:C>A	chr9:41015186-41015204:+	0	0					18	FALSE		2000	0					FALSE
1664	ENSG00000291075_ENSG00000291075	chr9:40992312:G>C	chr9:40992479-40992775:+	3	180	0.003	-0.082	trans	0.270982192265714	296	FALSE	0.186813186813187	2000	2000	357	0.178910544727636	0.178910544727636	1	FALSE
1665	ENSG00000291075_ENSG00000291075	chr9:40992312:G>C	chr9:40992775-40993167:+	3	178	-0.005	0.01	trans	0.904856547849624	392	FALSE	1	2000	2000	2000	1	1	1	FALSE
1666	ENSG00000291075_ENSG00000291075	chr9:40992312:G>C	chr9:40993167-40993252:+	3	176	-0.006	0.007	trans	0.934608697278995	85	FALSE	1	2000	2000	2000	1	1	1	FALSE
1667	ENSG00000291075_ENSG00000291075	chr9:40992312:G>C	chr9:40993252-40993434:+	3	177	0.021	0.145	cis	3.40836542922496e-05	182	FALSE	0.00999000999000999	2000	2000	19	0.00999500249875063	0.00999500249875063	0.648048068988762	FALSE
1668	ENSG00000291075_ENSG00000291075	chr9:40992312:G>C	chr9:40994699-40994733:+	3	176	0.008	-0.088	amb	0.0207589697453444	34	FALSE	0.0889110889110889	2000	2000	159	0.079960019990005	0.079960019990005	1	FALSE
1669	ENSG00000291075_ENSG00000291075	chr9:40992312:G>C	chr9:40994733-40994762:+	3	171	-0.001	-0.043	trans	0.597332478752336	29	FALSE	0.448551448551449	2000	2000	859	0.429785107446277	0.429785107446277	1	FALSE
1670	ENSG00000291075_ENSG00000291075	chr9:40992312:G>C	chr9:40994762-40994853:+	3	158	0.009	-0.053	amb	0.0227329299213868	91	FALSE	0.122877122877123	2000	2000	232	0.116441779110445	0.116441779110445	1	FALSE
1671	ENSG00000291075_ENSG00000291075	chr9:40992312:G>C	chr9:40994853-40995012:+	3	158	-0.001	-0.04	trans	0.576361174702349	159	FALSE	0.442557442557443	2000	2000	862	0.43128435782109	0.43128435782109	1	FALSE
1672	ENSG00000291075_ENSG00000291075	chr9:40992312:G>C	chr9:40995012-40995201:+	3	151	-0.005	0.011	trans	0.85558213612043	189	FALSE	0.927072927072927	2000	2000	1856	0.928035982008996	0.928035982008996	1	FALSE
1673	ENSG00000291075_ENSG00000291075	chr9:40992312:G>C	chr9:41007439-41007591:+	3	143	0.001	-0.095	trans	0.451851843852385	152	FALSE	0.294705294705295	2000	2000	616	0.308345827086457	0.308345827086457	1	FALSE
1674	ENSG00000291075_ENSG00000291075	chr9:40992312:G>C	chr9:41007591-41007609:+	3	134	0.007	-0.148	trans	0.099213891383614	18	FALSE	0.0889110889110889	2000	2000	208	0.104447776111944	0.104447776111944	1	FALSE
1675	ENSG00000291075_ENSG00000291075	chr9:40992312:G>C	chr9:41008880-41008919:+	3	136	0.011	-0.143	amb	0.0186992549720405	39	FALSE	0.0729270729270729	2000	2000	146	0.0734632683658171	0.0734632683658171	1	FALSE
1676	ENSG00000291075_ENSG00000291075	chr9:40992312:G>C	chr9:41008919-41009006:+	3	135	0.003	-0.087	trans	0.273429618347147	87	FALSE	0.25974025974026	2000	2000	536	0.268365817091454	0.268365817091454	1	FALSE
1677	ENSG00000291075_ENSG00000291075	chr9:40992312:G>C	chr9:41011616-41011730:+	3	134	-0.003	0.028	trans	0.717795654140808	114	FALSE	0.468531468531469	2000	2000	973	0.486756621689155	0.486756621689155	1	FALSE
1678	ENSG00000291075_ENSG00000291075	chr9:40992312:G>C	chr9:41011730-41011772:+	3	135	-0.004	-0.021	trans	0.772460903106661	42	FALSE	0.605394605394606	2000	2000	1229	0.614692653673163	0.614692653673163	1	FALSE
1679	ENSG00000291075_ENSG00000291075	chr9:40992312:G>C	chr9:41011772-41011907:+	3	135	-0.004	-0.021	trans	0.772460903106661	135	FALSE	0.605394605394606	2000	2000	1229	0.614692653673163	0.614692653673163	1	FALSE
1680	ENSG00000291075_ENSG00000291075	chr9:40992312:G>C	chr9:41013780-41014136:+	3	128	0.019	-0.168	amb	0.000157827058595461	356	FALSE	0.015984015984016	2000	2000	47	0.0239880059970015	0.0239880059970015	0.807334650431794	FALSE
1681	ENSG00000291075_ENSG00000291075	chr9:40992312:G>C	chr9:41015023-41015132:+	3	99	0.009	0.158	trans	0.112719200122384	109	FALSE	0.0989010989010989	2000	2000	201	0.100949525237381	0.100949525237381	1	FALSE
1682	ENSG00000291075_ENSG00000291075	chr9:40992312:G>C	chr9:41015132-41015186:+	3	98	0.007	0.151	trans	0.18429609677601	54	FALSE	0.134865134865135	2000	2000	282	0.141429285357321	0.141429285357321	1	FALSE
1683	ENSG00000291075_ENSG00000291075	chr9:40992312:G>C	chr9:41015186-41015204:+	3	99	0.011	0.174	trans	0.0695314121012393	18	FALSE	0.0859140859140859	2000	2000	178	0.0894552723638181	0.0894552723638181	1	FALSE
1684	ENSG00000291075_ENSG00000291075	chr9:40992312:G>C	chr9:41015204-41015331:+	0	0					127	FALSE		2000	0					FALSE
1685	ENSG00000291075_ENSG00000291075	chr9:40992312:G>C	chr9:41028071-41029068:+	0	0					997	FALSE		2000	0					FALSE
1686	ENSG00000291075_ENSG00000291075	chr9:40992312:G>C	chr9:41032833-41033012:+	0	0					179	FALSE		2000	0					FALSE
1687	ENSG00000291075_ENSG00000291075	chr9:40992312:G>C	chr9:41033012-41033022:+	0	0					10	FALSE		2000	0					FALSE
1688	ENSG00000291075_ENSG00000291075	chr9:40992312:G>C	chr9:41033022-41033023:+	0	0					1	FALSE		2000	0					FALSE
1689	ENSG00000291075_ENSG00000291075	chr9:40992312:G>C	chr9:41033883-41034057:+	0	0					174	FALSE		2000	0					FALSE
1690	ENSG00000291075_ENSG00000291075	chr9:40992312:G>C	chr9:41035345-41035931:+	0	0					586	FALSE		2000	0					FALSE
1691	ENSG00000291075_ENSG00000291075	chr9:40992312:G>C	chr9:41037872-41038116:+	0	0					244	FALSE		2000	0					FALSE
1692	ENSG00000291075_ENSG00000291075	chr9:40992312:G>C	chr9:41042522-41043019:+	0	0					497	FALSE		2000	0					FALSE
1693	ENSG00000291075_ENSG00000291075	chr9:40994659:G>A	chr9:40992479-40992775:+	2	126	0.022	-0.148	amb	2.82073912398761e-05	296	FALSE	0.023976023976024	2000	2000	47	0.0239880059970015	0.0239880059970015	0.807334650431794	FALSE
1694	ENSG00000291075_ENSG00000291075	chr9:40994659:G>A	chr9:40992775-40993167:+	2	126	0.038	-0.078	cis	2.01894057028085e-12	392	FALSE	0.031968031968032	2000	2000	61	0.0309845077461269	0.0309845077461269	0.807334650431794	FALSE
1695	ENSG00000291075_ENSG00000291075	chr9:40994659:G>A	chr9:40993167-40993252:+	2	126	0.038	-0.078	cis	2.01894057028085e-12	85	FALSE	0.031968031968032	2000	2000	61	0.0309845077461269	0.0309845077461269	0.807334650431794	FALSE
1696	ENSG00000291075_ENSG00000291075	chr9:40994659:G>A	chr9:40993252-40993434:+	2	126	0.004	-0.103	trans	0.22505406371434	182	FALSE	0.184815184815185	2000	2000	375	0.187906046976512	0.187906046976512	1	FALSE
1697	ENSG00000291075_ENSG00000291075	chr9:40994659:G>A	chr9:40994699-40994733:+	2	126	-0.005	-0.012	trans	0.810789897124792	34	FALSE	0.996003996003996	2000	2000	1994	0.997001499250375	0.997001499250375	1	FALSE
1698	ENSG00000291075_ENSG00000291075	chr9:40994659:G>A	chr9:40994733-40994762:+	2	123	0.001	-0.057	trans	0.399682613203	29	FALSE	0.2997002997003	2000	2000	613	0.306846576711644	0.306846576711644	1	FALSE
1699	ENSG00000291075_ENSG00000291075	chr9:40994659:G>A	chr9:40994762-40994853:+	2	118	0.017	-0.079	amb	0.00378655921662396	91	FALSE	0.0669330669330669	2000	2000	157	0.0789605197401299	0.0789605197401299	1	FALSE
1700	ENSG00000291075_ENSG00000291075	chr9:40994659:G>A	chr9:40994853-40995012:+	2	118	-0.005	-0.024	trans	0.797193124857123	159	FALSE	0.743256743256743	2000	2000	1502	0.75112443778111	0.75112443778111	1	FALSE
1701	ENSG00000291075_ENSG00000291075	chr9:40994659:G>A	chr9:40995012-40995201:+	2	111	0.007	0.055	trans	0.104526440714973	189	FALSE	0.196803196803197	2000	2000	377	0.188905547226387	0.188905547226387	1	FALSE
1702	ENSG00000291075_ENSG00000291075	chr9:40994659:G>A	chr9:41007439-41007591:+	2	107	0.221	-0.617	cis	0	152	FALSE	0.000999000999000999	2000	2000	0	0.000499750124937531	0.000499750124937531	0.073331755175044	FALSE
1703	ENSG00000291075_ENSG00000291075	chr9:40994659:G>A	chr9:41007591-41007609:+	2	98	0.237	-0.65	cis	0	18	FALSE	0.000999000999000999	2000	2000	0	0.000499750124937531	0.000499750124937531	0.073331755175044	FALSE
1704	ENSG00000291075_ENSG00000291075	chr9:40994659:G>A	chr9:41008880-41008919:+	2	98	0.124	-0.377	cis	0	39	FALSE	0.000999000999000999	2000	2000	0	0.000499750124937531	0.000499750124937531	0.073331755175044	FALSE
1705	ENSG00000291075_ENSG00000291075	chr9:40994659:G>A	chr9:41008919-41009006:+	2	98	0.097	-0.314	cis	0	87	FALSE	0.000999000999000999	2000	2000	0	0.000499750124937531	0.000499750124937531	0.073331755175044	FALSE
1706	ENSG00000291075_ENSG00000291075	chr9:40994659:G>A	chr9:41011616-41011730:+	2	98	-0.008	-0.022	trans	0.85322987923425	114	FALSE	0.599400599400599	2000	2000	1232	0.616191904047976	0.616191904047976	1	FALSE
1707	ENSG00000291075_ENSG00000291075	chr9:40994659:G>A	chr9:41011730-41011772:+	2	98	0.025	0.105	amb	0.000600770400184136	42	FALSE	0.041958041958042	2000	2000	86	0.0434782608695652	0.0434782608695652	0.962042788129745	FALSE
1708	ENSG00000291075_ENSG00000291075	chr9:40994659:G>A	chr9:41011772-41011907:+	2	98	0.025	0.105	amb	0.000600770400184136	135	FALSE	0.041958041958042	2000	2000	86	0.0434782608695652	0.0434782608695652	0.962042788129745	FALSE
1709	ENSG00000291075_ENSG00000291075	chr9:40994659:G>A	chr9:41013780-41014136:+	2	91	0.162	-0.446	cis	0	356	FALSE	0.000999000999000999	2000	2000	0	0.000499750124937531	0.000499750124937531	0.073331755175044	FALSE
1710	ENSG00000291075_ENSG00000291075	chr9:40994659:G>A	chr9:41015023-41015132:+	2	66	-0.005	0.079	trans	0.68047066218382	109	FALSE	0.591408591408591	2000	2000	1181	0.590704647676162	0.590704647676162	1	FALSE
1711	ENSG00000291075_ENSG00000291075	chr9:40994659:G>A	chr9:41015132-41015186:+	2	66	-0.002	-0.113	trans	0.578995203734425	54	FALSE	0.421578421578422	2000	2000	868	0.434282858570715	0.434282858570715	1	FALSE
1712	ENSG00000291075_ENSG00000291075	chr9:40994659:G>A	chr9:41015186-41015204:+	2	66	0.005	-0.163	trans	0.333613461250523	18	FALSE	0.212787212787213	2000	2000	436	0.218390804597701	0.218390804597701	1	FALSE
1713	ENSG00000291075_ENSG00000291075	chr9:40994659:G>A	chr9:41015204-41015331:+	0	0					127	FALSE		2000	0					FALSE
1714	ENSG00000291075_ENSG00000291075	chr9:40994659:G>A	chr9:41028071-41029068:+	0	0					997	FALSE		2000	0					FALSE
1715	ENSG00000291075_ENSG00000291075	chr9:40994659:G>A	chr9:41032833-41033012:+	0	0					179	FALSE		2000	0					FALSE
1716	ENSG00000291075_ENSG00000291075	chr9:40994659:G>A	chr9:41033012-41033022:+	0	0					10	FALSE		2000	0					FALSE
1717	ENSG00000291075_ENSG00000291075	chr9:40994659:G>A	chr9:41033022-41033023:+	0	0					1	FALSE		2000	0					FALSE
1718	ENSG00000291075_ENSG00000291075	chr9:40994659:G>A	chr9:41033883-41034057:+	0	0					174	FALSE		2000	0					FALSE
1719	ENSG00000291075_ENSG00000291075	chr9:40994659:G>A	chr9:41035345-41035931:+	0	0					586	FALSE		2000	0					FALSE
1720	ENSG00000291075_ENSG00000291075	chr9:40994659:G>A	chr9:41037872-41038116:+	0	0					244	FALSE		2000	0					FALSE
1721	ENSG00000291075_ENSG00000291075	chr9:40994659:G>A	chr9:41042522-41043019:+	0	0					497	FALSE		2000	0					FALSE
1722	ENSG00000291075_ENSG00000291075	chr9:40994661:G>A	chr9:40992479-40992775:+	2	126	0.022	-0.148	amb	2.82073912398761e-05	296	FALSE	0.023976023976024	2000	2000	47	0.0239880059970015	0.0239880059970015	0.807334650431794	FALSE
1723	ENSG00000291075_ENSG00000291075	chr9:40994661:G>A	chr9:40992775-40993167:+	2	126	0.038	-0.078	cis	2.01894057028085e-12	392	FALSE	0.031968031968032	2000	2000	61	0.0309845077461269	0.0309845077461269	0.807334650431794	FALSE
1724	ENSG00000291075_ENSG00000291075	chr9:40994661:G>A	chr9:40993167-40993252:+	2	126	0.038	-0.078	cis	2.01894057028085e-12	85	FALSE	0.031968031968032	2000	2000	61	0.0309845077461269	0.0309845077461269	0.807334650431794	FALSE
1725	ENSG00000291075_ENSG00000291075	chr9:40994661:G>A	chr9:40993252-40993434:+	2	126	0.004	-0.103	trans	0.22505406371434	182	FALSE	0.184815184815185	2000	2000	375	0.187906046976512	0.187906046976512	1	FALSE
1726	ENSG00000291075_ENSG00000291075	chr9:40994661:G>A	chr9:40994699-40994733:+	2	126	-0.005	-0.012	trans	0.810789897124792	34	FALSE	0.996003996003996	2000	2000	1994	0.997001499250375	0.997001499250375	1	FALSE
1727	ENSG00000291075_ENSG00000291075	chr9:40994661:G>A	chr9:40994733-40994762:+	2	123	0.001	-0.057	trans	0.399682613203	29	FALSE	0.2997002997003	2000	2000	613	0.306846576711644	0.306846576711644	1	FALSE
1728	ENSG00000291075_ENSG00000291075	chr9:40994661:G>A	chr9:40994762-40994853:+	2	118	0.017	-0.079	amb	0.00378655921662396	91	FALSE	0.0669330669330669	2000	2000	157	0.0789605197401299	0.0789605197401299	1	FALSE
1729	ENSG00000291075_ENSG00000291075	chr9:40994661:G>A	chr9:40994853-40995012:+	2	118	-0.005	-0.024	trans	0.797193124857123	159	FALSE	0.743256743256743	2000	2000	1502	0.75112443778111	0.75112443778111	1	FALSE
1730	ENSG00000291075_ENSG00000291075	chr9:40994661:G>A	chr9:40995012-40995201:+	2	111	0.007	0.055	trans	0.104526440714973	189	FALSE	0.196803196803197	2000	2000	377	0.188905547226387	0.188905547226387	1	FALSE
1731	ENSG00000291075_ENSG00000291075	chr9:40994661:G>A	chr9:41007439-41007591:+	2	107	0.221	-0.617	cis	0	152	FALSE	0.000999000999000999	2000	2000	0	0.000499750124937531	0.000499750124937531	0.073331755175044	FALSE
1732	ENSG00000291075_ENSG00000291075	chr9:40994661:G>A	chr9:41007591-41007609:+	2	98	0.237	-0.65	cis	0	18	FALSE	0.000999000999000999	2000	2000	0	0.000499750124937531	0.000499750124937531	0.073331755175044	FALSE
1733	ENSG00000291075_ENSG00000291075	chr9:40994661:G>A	chr9:41008880-41008919:+	2	98	0.124	-0.377	cis	0	39	FALSE	0.000999000999000999	2000	2000	0	0.000499750124937531	0.000499750124937531	0.073331755175044	FALSE
1734	ENSG00000291075_ENSG00000291075	chr9:40994661:G>A	chr9:41008919-41009006:+	2	98	0.097	-0.314	cis	0	87	FALSE	0.000999000999000999	2000	2000	0	0.000499750124937531	0.000499750124937531	0.073331755175044	FALSE
1735	ENSG00000291075_ENSG00000291075	chr9:40994661:G>A	chr9:41011616-41011730:+	2	98	-0.008	-0.022	trans	0.85322987923425	114	FALSE	0.599400599400599	2000	2000	1232	0.616191904047976	0.616191904047976	1	FALSE
1736	ENSG00000291075_ENSG00000291075	chr9:40994661:G>A	chr9:41011730-41011772:+	2	98	0.025	0.105	amb	0.000600770400184136	42	FALSE	0.041958041958042	2000	2000	86	0.0434782608695652	0.0434782608695652	0.962042788129745	FALSE
1737	ENSG00000291075_ENSG00000291075	chr9:40994661:G>A	chr9:41011772-41011907:+	2	98	0.025	0.105	amb	0.000600770400184136	135	FALSE	0.041958041958042	2000	2000	86	0.0434782608695652	0.0434782608695652	0.962042788129745	FALSE
1738	ENSG00000291075_ENSG00000291075	chr9:40994661:G>A	chr9:41013780-41014136:+	2	91	0.162	-0.446	cis	0	356	FALSE	0.000999000999000999	2000	2000	0	0.000499750124937531	0.000499750124937531	0.073331755175044	FALSE
1739	ENSG00000291075_ENSG00000291075	chr9:40994661:G>A	chr9:41015023-41015132:+	2	66	-0.005	0.079	trans	0.68047066218382	109	FALSE	0.591408591408591	2000	2000	1181	0.590704647676162	0.590704647676162	1	FALSE
1740	ENSG00000291075_ENSG00000291075	chr9:40994661:G>A	chr9:41015132-41015186:+	2	66	-0.002	-0.113	trans	0.578995203734425	54	FALSE	0.421578421578422	2000	2000	868	0.434282858570715	0.434282858570715	1	FALSE
1741	ENSG00000291075_ENSG00000291075	chr9:40994661:G>A	chr9:41015186-41015204:+	2	66	0.005	-0.163	trans	0.333613461250523	18	FALSE	0.212787212787213	2000	2000	436	0.218390804597701	0.218390804597701	1	FALSE
1742	ENSG00000291075_ENSG00000291075	chr9:40994661:G>A	chr9:41015204-41015331:+	0	0					127	FALSE		2000	0					FALSE
1743	ENSG00000291075_ENSG00000291075	chr9:40994661:G>A	chr9:41028071-41029068:+	0	0					997	FALSE		2000	0					FALSE
1744	ENSG00000291075_ENSG00000291075	chr9:40994661:G>A	chr9:41032833-41033012:+	0	0					179	FALSE		2000	0					FALSE
1745	ENSG00000291075_ENSG00000291075	chr9:40994661:G>A	chr9:41033012-41033022:+	0	0					10	FALSE		2000	0					FALSE
1746	ENSG00000291075_ENSG00000291075	chr9:40994661:G>A	chr9:41033022-41033023:+	0	0					1	FALSE		2000	0					FALSE
1747	ENSG00000291075_ENSG00000291075	chr9:40994661:G>A	chr9:41033883-41034057:+	0	0					174	FALSE		2000	0					FALSE
1748	ENSG00000291075_ENSG00000291075	chr9:40994661:G>A	chr9:41035345-41035931:+	0	0					586	FALSE		2000	0					FALSE
1749	ENSG00000291075_ENSG00000291075	chr9:41014132:T>A	chr9:40992479-40992775:+	1	30	0	0	trans	0.49403254274629	296	TRUE	1	2000	1932	1932	1	1	1	FALSE
1750	ENSG00000291075_ENSG00000291075	chr9:41014132:T>A	chr9:40992775-40993167:+	1	30	0	0	trans	0.49403254274629	392	TRUE	1	2000	1932	1932	1	1	1	FALSE
1751	ENSG00000291075_ENSG00000291075	chr9:41014132:T>A	chr9:40993167-40993252:+	1	30	0	0	trans	0.49403254274629	85	TRUE	1	2000	1932	1932	1	1	1	FALSE
1752	ENSG00000291075_ENSG00000291075	chr9:41014132:T>A	chr9:40993252-40993434:+	1	30	0	0	trans	0.49403254274629	182	TRUE	1	2000	1932	1932	1	1	1	FALSE
1753	ENSG00000291075_ENSG00000291075	chr9:41014132:T>A	chr9:40994699-40994733:+	1	30	0	0	trans	0.49403254274629	34	TRUE	1	2000	1932	1932	1	1	1	FALSE
1754	ENSG00000291075_ENSG00000291075	chr9:41014132:T>A	chr9:40994733-40994762:+	1	30	0	0	trans	0.49403254274629	29	TRUE	1	2000	1932	1932	1	1	1	FALSE
1755	ENSG00000291075_ENSG00000291075	chr9:41014132:T>A	chr9:40994762-40994853:+	1	30	0	0	trans	0.49403254274629	91	TRUE	1	2000	1932	1932	1	1	1	FALSE
1756	ENSG00000291075_ENSG00000291075	chr9:41014132:T>A	chr9:40994853-40995012:+	1	30	0	0	trans	0.49403254274629	159	TRUE	1	2000	1932	1932	1	1	1	FALSE
1757	ENSG00000291075_ENSG00000291075	chr9:41014132:T>A	chr9:40995012-40995201:+	1	30	0	0	trans	0.49403254274629	189	TRUE	1	2000	1932	1932	1	1	1	FALSE
1758	ENSG00000291075_ENSG00000291075	chr9:41014132:T>A	chr9:41007439-41007591:+	1	30	0	0	trans	0.49403254274629	152	TRUE	1	2000	1932	1932	1	1	1	FALSE
1759	ENSG00000291075_ENSG00000291075	chr9:41014132:T>A	chr9:41007591-41007609:+	1	30	0	0	trans	0.49403254274629	18	TRUE	1	2000	1932	1932	1	1	1	FALSE
1760	ENSG00000291075_ENSG00000291075	chr9:41014132:T>A	chr9:41008880-41008919:+	1	30	0	0	trans	0.49403254274629	39	TRUE	1	2000	1932	1932	1	1	1	FALSE
1761	ENSG00000291075_ENSG00000291075	chr9:41014132:T>A	chr9:41008919-41009006:+	1	30	0	0	trans	0.49403254274629	87	TRUE	1	2000	1932	1932	1	1	1	FALSE
1762	ENSG00000291075_ENSG00000291075	chr9:41014132:T>A	chr9:41011616-41011730:+	1	30	0	0	trans	0.49403254274629	114	TRUE	1	2000	1932	1932	1	1	1	FALSE
1763	ENSG00000291075_ENSG00000291075	chr9:41014132:T>A	chr9:41011730-41011772:+	1	30	0	0	trans	0.49403254274629	42	TRUE	1	2000	1932	1932	1	1	1	FALSE
1764	ENSG00000291075_ENSG00000291075	chr9:41014132:T>A	chr9:41011772-41011907:+	1	30	0	0	trans	0.49403254274629	135	TRUE	1	2000	1932	1932	1	1	1	FALSE
1765	ENSG00000291075_ENSG00000291075	chr9:41014132:T>A	chr9:41013780-41014136:+	1	30	0	0	trans	0.49403254274629	356	TRUE	1	2000	1932	1932	1	1	1	FALSE
1766	ENSG00000291075_ENSG00000291075	chr9:40994656:G>A	chr9:40992479-40992775:+	1	64	0.048	-0.188	amb	0.000145666717930593	296	FALSE	0.026973026973027	2000	2000	51	0.0259870064967516	0.0259870064967516	0.807334650431794	FALSE
1767	ENSG00000291075_ENSG00000291075	chr9:40994656:G>A	chr9:40992775-40993167:+	1	64	0.019	-0.062	trans	0.0794238926071393	392	FALSE	0.230769230769231	2000	2000	474	0.237381309345327	0.237381309345327	1	FALSE
1768	ENSG00000291075_ENSG00000291075	chr9:40994656:G>A	chr9:40993167-40993252:+	1	64	0.019	-0.062	trans	0.0794238926071393	85	FALSE	0.230769230769231	2000	2000	474	0.237381309345327	0.237381309345327	1	FALSE
1769	ENSG00000291075_ENSG00000291075	chr9:40994656:G>A	chr9:40993252-40993434:+	1	64	0.021	-0.188	trans	0.0591861608980289	182	FALSE	0.0839160839160839	2000	2000	169	0.0849575212393803	0.0849575212393803	1	FALSE
1770	ENSG00000291075_ENSG00000291075	chr9:40994656:G>A	chr9:40994699-40994733:+	1	64	-0.009	-0.031	trans	0.766885884633705	34	FALSE	0.757242757242757	2000	2000	1556	0.778110944527736	0.778110944527736	1	FALSE
1771	ENSG00000291075_ENSG00000291075	chr9:40994656:G>A	chr9:40994733-40994762:+	1	62	0.002	-0.09	trans	0.458301813343908	29	FALSE	0.310689310689311	2000	2000	628	0.314342828585707	0.314342828585707	1	FALSE
1772	ENSG00000291075_ENSG00000291075	chr9:40994656:G>A	chr9:40994762-40994853:+	1	58	0.038	-0.1	amb	0.00195666593743293	91	FALSE	0.140859140859141	2000	2000	271	0.135932033983008	0.135932033983008	1	FALSE
1773	ENSG00000291075_ENSG00000291075	chr9:40994656:G>A	chr9:40994853-40995012:+	1	58	-0.003	-0.064	trans	0.594136042293537	159	FALSE	0.415584415584416	2000	2000	837	0.418790604697651	0.418790604697651	1	FALSE
1774	ENSG00000291075_ENSG00000291075	chr9:40994656:G>A	chr9:40995012-40995201:+	1	55	-0.001	0.036	trans	0.526257762031213	189	FALSE	0.6003996003996	2000	2000	1199	0.599700149925038	0.599700149925038	1	FALSE
1775	ENSG00000291075_ENSG00000291075	chr9:40994656:G>A	chr9:41007439-41007591:+	1	54	0.185	-0.593	cis	0	152	FALSE	0.000999000999000999	2000	2000	0	0.000499750124937531	0.000499750124937531	0.073331755175044	FALSE
1776	ENSG00000291075_ENSG00000291075	chr9:40994656:G>A	chr9:41007591-41007609:+	1	51	0.221	-0.646	cis	0	18	FALSE	0.000999000999000999	2000	2000	0	0.000499750124937531	0.000499750124937531	0.073331755175044	FALSE
1777	ENSG00000291075_ENSG00000291075	chr9:40994656:G>A	chr9:41008880-41008919:+	1	51	0.132	-0.402	cis	0	39	FALSE	0.000999000999000999	2000	2000	0	0.000499750124937531	0.000499750124937531	0.073331755175044	FALSE
1778	ENSG00000291075_ENSG00000291075	chr9:40994656:G>A	chr9:41008919-41009006:+	1	51	0.096	-0.322	cis	8.70094440941216e-10	87	FALSE	0.004995004995005	2000	2000	9	0.00499750124937531	0.00499750124937531	0.387028707868288	FALSE
1779	ENSG00000291075_ENSG00000291075	chr9:40994656:G>A	chr9:41011616-41011730:+	1	51	0.025	-0.08	trans	0.0669460112754662	114	FALSE	0.192807192807193	2000	2000	410	0.205397301349325	0.205397301349325	1	FALSE
1780	ENSG00000291075_ENSG00000291075	chr9:40994656:G>A	chr9:41011730-41011772:+	1	51	-0.014	0.042	trans	0.837609168787225	42	FALSE	0.577422577422578	2000	2000	1189	0.594702648675662	0.594702648675662	1	FALSE
1781	ENSG00000291075_ENSG00000291075	chr9:40994656:G>A	chr9:41011772-41011907:+	1	51	-0.014	0.042	trans	0.837609168787225	135	FALSE	0.577422577422578	2000	2000	1189	0.594702648675662	0.594702648675662	1	FALSE
1782	ENSG00000291075_ENSG00000291075	chr9:40994656:G>A	chr9:41013780-41014136:+	1	48	0.14	-0.437	cis	2.22044604925031e-16	356	FALSE	0.000999000999000999	2000	2000	2	0.00149925037481259	0.00149925037481259	0.181735219346848	FALSE
1783	ENSG00000291075_ENSG00000291075	chr9:40994656:G>A	chr9:41015023-41015132:+	1	35	-0.005	-0.143	trans	0.548527230115997	109	FALSE	0.446553446553447	2000	1992	881	0.442548921224285	0.444777611194403	1	FALSE
1784	ENSG00000291075_ENSG00000291075	chr9:40994656:G>A	chr9:41015132-41015186:+	1	35	0.029	-0.297	trans	0.0363935075079471	54	FALSE	0.0979020979020979	2000	1992	196	0.0988459608630206	0.102448775612194	1	FALSE
1785	ENSG00000291075_ENSG00000291075	chr9:40994656:G>A	chr9:41015186-41015204:+	1	35	0.045	-0.343	trans	0.00351035394901367	18	FALSE	0.04995004995005	2000	1992	108	0.0546914199698946	0.0584707646176912	1	FALSE
1786	ENSG00000291075_ENSG00000291075	chr9:40994656:G>A	chr9:41015204-41015331:+	0	0					127	FALSE		2000	0					FALSE
1787	ENSG00000291075_ENSG00000291075	chr9:40994656:G>A	chr9:41028071-41029068:+	0	0					997	FALSE		2000	0					FALSE
1788	ENSG00000291075_ENSG00000291075	chr9:40994656:G>A	chr9:41032833-41033012:+	0	0					179	FALSE		2000	0					FALSE
1789	ENSG00000291075_ENSG00000291075	chr9:40994656:G>A	chr9:41033012-41033022:+	0	0					10	FALSE		2000	0					FALSE
1790	ENSG00000291075_ENSG00000291075	chr9:40994656:G>A	chr9:41033022-41033023:+	0	0					1	FALSE		2000	0					FALSE
1791	ENSG00000291075_ENSG00000291075	chr9:40994656:G>A	chr9:41033883-41034057:+	0	0					174	FALSE		2000	0					FALSE
1792	ENSG00000291075_ENSG00000291075	chr9:40994656:G>A	chr9:41035345-41035931:+	0	0					586	FALSE		2000	0					FALSE
1793	ENSG00000291075_ENSG00000291075	chr9:40994656:G>A	chr9:41037872-41038116:+	0	0					244	FALSE		2000	0					FALSE
1794	ENSG00000291075_ENSG00000291075	chr9:40994656:G>A	chr9:41042522-41043019:+	0	0					497	FALSE		2000	0					FALSE
1795	ENSG00000231527_FAM27C	chr9:61917488:A>C	chr9:61856152-61856195:+	0	0					43	FALSE		2000	0					FALSE
1796	ENSG00000231527_FAM27C	chr9:61917488:A>C	chr9:61856195-61856506:+	3	115	-0.007	-0.001	trans	0.864604893220192	311	TRUE	0.998001998001998	2000	2000	1995	0.997501249375312	0.997501249375312	1	FALSE
1797	ENSG00000231527_FAM27C	chr9:61917488:A>C	chr9:61856506-61856533:+	3	121	-0.007	-0.008	trans	0.878001402568755	27	TRUE	0.999000999000999	2000	2000	1998	0.999000499750125	0.999000499750125	1	FALSE
1798	ENSG00000231527_FAM27C	chr9:61917488:A>C	chr9:61856533-61856548:+	3	137	-0.006	0.002	trans	0.882490755865501	15	TRUE	0.996003996003996	2000	2000	1994	0.997001499250375	0.997001499250375	1	FALSE
1799	ENSG00000231527_FAM27C	chr9:61917488:A>C	chr9:61856548-61856570:+	3	137	-0.006	0	trans	0.882490755865501	22	TRUE	0.998001998001998	2000	2000	1997	0.998500749625187	0.998500749625187	1	FALSE
1800	ENSG00000231527_FAM27C	chr9:61917488:A>C	chr9:61856570-61856572:+	3	153	-0.006	0.004	trans	0.902468787164329	2	FALSE	1	2000	2000	2000	1	1	1	FALSE
1801	ENSG00000231527_FAM27C	chr9:61917488:A>C	chr9:61856572-61856607:+	3	165	-0.005	0.001	trans	0.880907261625928	35	TRUE	0.999000999000999	2000	2000	1999	0.999500249875062	0.999500249875062	1	FALSE
1802	ENSG00000231527_FAM27C	chr9:61917488:A>C	chr9:61856607-61856613:+	3	166	-0.005	0	trans	0.892383282201919	6	FALSE	1	2000	2000	2000	1	1	1	FALSE
1803	ENSG00000231527_FAM27C	chr9:61917488:A>C	chr9:61856613-61856614:+	3	170	-0.005	-0.001	trans	0.893958550011887	1	FALSE	1	2000	2000	2000	1	1	1	FALSE
1804	ENSG00000231527_FAM27C	chr9:61917488:A>C	chr9:61856614-61856617:+	3	171	-0.005	-0.001	trans	0.892658583682195	3	FALSE	1	2000	2000	2000	1	1	1	FALSE
1805	ENSG00000231527_FAM27C	chr9:61917488:A>C	chr9:61856617-61856618:+	3	176	-0.005	-0.003	trans	0.895713399364417	1	FALSE	1	2000	2000	2000	1	1	1	FALSE
1806	ENSG00000231527_FAM27C	chr9:61917488:A>C	chr9:61856618-61856622:+	3	177	-0.005	-0.004	trans	0.848482540003443	4	FALSE	1	2000	2000	2000	1	1	1	FALSE
1807	ENSG00000231527_FAM27C	chr9:61917488:A>C	chr9:61856622-61856638:+	3	183	-0.005	-0.005	trans	0.917587691299653	16	TRUE	1	2000	2000	2000	1	1	1	FALSE
1808	ENSG00000231527_FAM27C	chr9:61917488:A>C	chr9:61856638-61856814:+	3	209	-0.004	-0.003	trans	0.872949969941073	176	TRUE	1	2000	2000	2000	1	1	1	FALSE
1809	ENSG00000231527_FAM27C	chr9:61917488:A>C	chr9:61917607-61918077:+	3	210	0.004	-0.07	trans	0.124055976616601	470	TRUE	0.195804195804196	2000	2000	386	0.193403298350825	0.193403298350825	1	FALSE
1810	ENSG00000231527_FAM27C	chr9:61917488:A>C	chr9:61918077-61918141:+	3	206	0.011	-0.092	amb	0.00158525603085069	64	TRUE	0.0769230769230769	2000	2000	141	0.0709645177411294	0.0709645177411294	1	FALSE
1811	ENSG00000231527_FAM27C	chr9:61917488:A>C	chr9:61920281-61920302:+	3	206	0.001	-0.056	trans	0.405920228455207	21	TRUE	0.304695304695305	2000	2000	631	0.31584207896052	0.31584207896052	1	FALSE
1812	ENSG00000231527_FAM27C	chr9:61917488:A>C	chr9:61920302-61920435:+	3	206	0.009	-0.116	amb	0.00801628636294505	133	TRUE	0.0539460539460539	2000	2000	110	0.055472263868066	0.055472263868066	1	FALSE
1813	ENSG00000231527_FAM27C	chr9:61917488:A>C	chr9:61920435-61920822:+	3	207	0.004	-0.057	trans	0.0822464122549906	387	TRUE	0.261738261738262	2000	2000	527	0.263868065967017	0.263868065967017	1	FALSE
1814	ENSG00000231527_FAM27C	chr9:61917488:A>C	chr9:61920822-61920892:+	3	197	-0.001	-0.027	trans	0.625463296825925	70	TRUE	0.415584415584416	2000	2000	816	0.408295852073963	0.408295852073963	1	FALSE
1815	ENSG00000231527_FAM27C	chr9:61917488:A>C	chr9:61920892-61921356:+	3	197	-0.003	-0.015	trans	0.79217314842437	464	TRUE	0.662337662337662	2000	2000	1323	0.661669165417291	0.661669165417291	1	FALSE
1816	ENSG00000231527_FAM27C	chr9:61917488:A>C	chr9:61921356-61922844:+	3	197	-0.001	-0.027	trans	0.625463296825925	1488	TRUE	0.415584415584416	2000	2000	816	0.408295852073963	0.408295852073963	1	FALSE
1817	ENSG00000231527_FAM27C	chr9:61917488:A>C	chr9:61922844-61923002:+	3	196	0.003	-0.071	trans	0.198371983492557	158	TRUE	0.208791208791209	2000	2000	402	0.201399300349825	0.201399300349825	1	FALSE
1818	ENSG00000231527_FAM27C	chr9:61917488:A>C	chr9:61923002-61923364:+	3	196	0.015	-0.098	cis	1.06976967871875e-05	362	TRUE	0.041958041958042	2000	2000	74	0.0374812593703148	0.0374812593703148	0.893143172003742	FALSE
1819	ENSG00000231527_FAM27C	chr9:61917488:A>C	chr9:61923364-61924750:+	3	190	0.016	-0.083	cis	2.48224079030246e-05	1386	TRUE	0.037962037962038	2000	2000	63	0.031984007996002	0.031984007996002	0.813787796367303	FALSE
1820	ENSG00000231527_FAM27C	chr9:61917488:A>C	chr9:61924750-61925087:+	3	189	0.028	-0.096	cis	2.73114864057789e-14	337	TRUE	0.011988011988012	2000	2000	20	0.0104947526236882	0.0104947526236882	0.664985688973695	FALSE
1821	ENSG00000231527_FAM27C	chr9:61917488:A>C	chr9:61925087-61925101:+	3	181	0.026	-0.058	cis	3.80805609268009e-10	14	TRUE	0.026973026973027	2000	2000	50	0.0254872563718141	0.0254872563718141	0.807334650431794	FALSE
1822	ENSG00000231527_FAM27C	chr9:61917488:A>C	chr9:61925101-61925103:+	3	177	-0.001	-0.01	trans	0.602100155445002	2	FALSE	0.546453546453547	2000	2000	1095	0.547726136931534	0.547726136931534	1	FALSE
1823	ENSG00000231527_FAM27C	chr9:61917488:A>C	chr9:61925944-61926019:+	3	176	-0.003	0.022	trans	0.773507971707357	75	TRUE	0.544455544455544	2000	2000	1087	0.543728135932034	0.543728135932034	1	FALSE
1824	ENSG00000231527_FAM27C	chr9:61917488:A>C	chr9:61948888-61948919:+	3	177	0.014	-0.111	amb	0.00423092819021931	31	TRUE	0.046953046953047	2000	2000	89	0.0449775112443778	0.0449775112443778	0.972072103483142	FALSE
1825	ENSG00000231527_FAM27C	chr9:61917488:A>C	chr9:61952972-61953042:+	3	154	-0.003	0.035	trans	0.743455723866679	70	TRUE	0.997002997002997	2000	2000	1996	0.99800099950025	0.99800099950025	1	FALSE
1826	ENSG00000231527_FAM27C	chr9:61917488:A>C	chr9:61953042-61953320:+	3	150	-0.003	0.025	trans	0.718394274680672	278	TRUE	0.964035964035964	2000	2000	1911	0.95552223888056	0.95552223888056	1	FALSE
1827	ENSG00000231527_FAM27C	chr9:61917488:A>C	chr9:61953320-61954499:+	1	34	-0.019	0.042	trans	0.789355997108861	1179	TRUE	0.759240759240759	2000	1938	1464	0.755544094894276	0.76311844077961	1	FALSE
1828	ENSG00000231527_FAM27C	chr9:61917488:A>C	chr9:61968450-61968576:+	1	34	-0.023	0.028	trans	0.840612462559588	126	TRUE	0.858141858141858	2000	1938	1663	0.858174316658071	0.862568715642179	1	FALSE
1829	ENSG00000231527_FAM27C	chr9:61917488:A>C	chr9:61970420-61970553:+	1	34	-0.023	0.028	trans	0.840612462559588	133	TRUE	0.858141858141858	2000	1938	1663	0.858174316658071	0.862568715642179	1	FALSE
1830	ENSG00000231527_FAM27C	chr9:61917488:A>C	chr9:61972189-61972242:+	1	34	0.009	0.218	trans	0.29276051325447	53	TRUE	0.241758241758242	2000	1938	396	0.204744713769985	0.229385307346327	1	FALSE
1831	ENSG00000231527_FAM27C	chr9:61917488:A>C	chr9:61972242-61972268:+	1	34	0.009	0.218	trans	0.29276051325447	26	TRUE	0.241758241758242	2000	1938	396	0.204744713769985	0.229385307346327	1	FALSE
1832	ENSG00000231527_FAM27C	chr9:61917488:A>C	chr9:61972268-61972428:+	1	34	0.009	0.218	trans	0.29276051325447	160	TRUE	0.241758241758242	2000	1938	396	0.204744713769985	0.229385307346327	1	FALSE
1833	ENSG00000231527_FAM27C	chr9:61917488:A>C	chr9:61972428-61972563:+	1	34	0.009	0.218	trans	0.29276051325447	135	TRUE	0.241758241758242	2000	1938	396	0.204744713769985	0.229385307346327	1	FALSE
1834	ENSG00000231527_FAM27C	chr9:61917488:A>C	chr9:61972563-61972670:+	1	34	0.009	0.218	trans	0.29276051325447	107	TRUE	0.241758241758242	2000	1938	396	0.204744713769985	0.229385307346327	1	FALSE
1835	ENSG00000231527_FAM27C	chr9:61917488:A>C	chr9:61972670-61973037:+	1	34	0.006	0.189	trans	0.344303601201733	367	TRUE	0.274725274725275	2000	1938	483	0.249613202681795	0.272863568215892	1	FALSE
1836	ENSG00000231527_FAM27C	chr9:61917488:A>C	chr9:61973037-61973358:+	0	0					321	FALSE		2000	0					FALSE
1837	ENSG00000231527_FAM27C	chr9:61917488:A>C	chr9:61973358-61973502:+	0	0					144	FALSE		2000	0					FALSE
1838	ENSG00000231527_FAM27C	chr9:61917488:A>C	chr9:61973502-61973649:+	0	0					147	FALSE		2000	0					FALSE
1839	ENSG00000231527_FAM27C	chr9:61917488:A>C	chr9:61973649-61973679:+	0	0					30	FALSE		2000	0					FALSE
1840	ENSG00000231527_FAM27C	chr9:61917488:A>C	chr9:61973679-61973904:+	0	0					225	FALSE		2000	0					FALSE
1841	ENSG00000231527_FAM27C	chr9:61917488:A>C	chr9:61973904-61974053:+	0	0					149	FALSE		2000	0					FALSE
1842	ENSG00000231527_FAM27C	chr9:61917488:A>C	chr9:61974053-61974086:+	0	0					33	FALSE		2000	0					FALSE
1843	ENSG00000231527_FAM27C	chr9:61917488:A>C	chr9:61975790-61975912:+	0	0					122	FALSE		2000	0					FALSE
1844	ENSG00000231527_FAM27C	chr9:61917488:A>C	chr9:61975912-61975965:+	0	0					53	FALSE		2000	0					FALSE
1845	ENSG00000231527_FAM27C	chr9:61917488:A>C	chr9:61975965-61975967:+	0	0					2	FALSE		2000	0					FALSE
1846	ENSG00000231527_FAM27C	chr9:61917580:T>C	chr9:61856152-61856195:+	0	0					43	FALSE		2000	0					FALSE
1847	ENSG00000231527_FAM27C	chr9:61917580:T>C	chr9:61856195-61856506:+	4	140	-0.004	0.028	trans	0.776436853831388	311	TRUE	0.627372627372627	2000	2000	1264	0.632183908045977	0.632183908045977	1	FALSE
1848	ENSG00000231527_FAM27C	chr9:61917580:T>C	chr9:61856506-61856533:+	4	150	-0.003	0.032	trans	0.718394274680672	27	TRUE	0.544455544455544	2000	2000	1109	0.55472263868066	0.55472263868066	1	FALSE
1849	ENSG00000231527_FAM27C	chr9:61917580:T>C	chr9:61856533-61856548:+	4	167	0	0.038	trans	0.509472696118445	15	TRUE	0.3996003996004	2000	2000	817	0.408795602198901	0.408795602198901	1	FALSE
1850	ENSG00000231527_FAM27C	chr9:61917580:T>C	chr9:61856548-61856570:+	4	168	0	0.037	trans	0.475896689101621	22	TRUE	0.398601398601399	2000	2000	814	0.407296351824088	0.407296351824088	1	FALSE
1851	ENSG00000231527_FAM27C	chr9:61917580:T>C	chr9:61856570-61856572:+	4	188	0.001	0.039	trans	0.385923905013676	2	FALSE	0.316683316683317	2000	2000	662	0.331334332833583	0.331334332833583	1	FALSE
1852	ENSG00000231527_FAM27C	chr9:61917580:T>C	chr9:61856572-61856607:+	4	199	0.001	0.035	trans	0.37312330945335	35	TRUE	0.312687312687313	2000	2000	656	0.328335832083958	0.328335832083958	1	FALSE
1853	ENSG00000231527_FAM27C	chr9:61917580:T>C	chr9:61856607-61856613:+	4	200	0	0.034	trans	0.4792113417842	6	FALSE	0.417582417582418	2000	2000	841	0.420789605197401	0.420789605197401	1	FALSE
1854	ENSG00000231527_FAM27C	chr9:61917580:T>C	chr9:61856613-61856614:+	4	205	0	0.032	trans	0.50248308762565	1	FALSE	0.423576423576424	2000	2000	850	0.425287356321839	0.425287356321839	1	FALSE
1855	ENSG00000231527_FAM27C	chr9:61917580:T>C	chr9:61856614-61856617:+	4	206	0	0.032	trans	0.513247517291138	3	FALSE	0.41958041958042	2000	2000	840	0.420289855072464	0.420289855072464	1	FALSE
1856	ENSG00000231527_FAM27C	chr9:61917580:T>C	chr9:61856617-61856618:+	4	210	-0.001	0.029	trans	0.624502429417715	1	FALSE	0.55944055944056	2000	2000	1119	0.559720139930035	0.559720139930035	1	FALSE
1857	ENSG00000231527_FAM27C	chr9:61917580:T>C	chr9:61856618-61856622:+	4	211	-0.001	0.028	trans	0.605357163019239	4	FALSE	0.563436563436564	2000	2000	1124	0.562218890554723	0.562218890554723	1	FALSE
1858	ENSG00000231527_FAM27C	chr9:61917580:T>C	chr9:61856622-61856638:+	4	218	-0.001	0.027	trans	0.635072352138788	16	TRUE	0.527472527472528	2000	2000	1073	0.536731634182909	0.536731634182909	1	FALSE
1859	ENSG00000231527_FAM27C	chr9:61917580:T>C	chr9:61856638-61856814:+	4	251	0	0.027	trans	0.473451992271449	176	TRUE	0.442557442557443	2000	2000	883	0.441779110444778	0.441779110444778	1	FALSE
1860	ENSG00000231527_FAM27C	chr9:61917580:T>C	chr9:61917607-61918077:+	4	250	-0.002	0.016	trans	0.744085984532493	470	TRUE	0.801198801198801	2000	2000	1578	0.789105447276362	0.789105447276362	1	FALSE
1861	ENSG00000231527_FAM27C	chr9:61917580:T>C	chr9:61918077-61918141:+	4	245	-0.003	-0.009	trans	0.844807029571469	64	TRUE	1	2000	2000	2000	1	1	1	FALSE
1862	ENSG00000231527_FAM27C	chr9:61917580:T>C	chr9:61920281-61920302:+	4	246	-0.002	0.021	trans	0.766853527742076	21	TRUE	0.856143856143856	2000	2000	1710	0.855072463768116	0.855072463768116	1	FALSE
1863	ENSG00000231527_FAM27C	chr9:61917580:T>C	chr9:61920302-61920435:+	4	246	-0.002	0.004	trans	0.766853527742076	133	TRUE	1	2000	2000	2000	1	1	1	FALSE
1864	ENSG00000231527_FAM27C	chr9:61917580:T>C	chr9:61920435-61920822:+	4	246	0.001	-0.038	trans	0.355871937041657	387	TRUE	0.314685314685315	2000	2000	663	0.331834082958521	0.331834082958521	1	FALSE
1865	ENSG00000231527_FAM27C	chr9:61917580:T>C	chr9:61920822-61920892:+	4	235	-0.004	-0.006	trans	0.890526450359947	70	TRUE	1	2000	2000	2000	1	1	1	FALSE
1866	ENSG00000231527_FAM27C	chr9:61917580:T>C	chr9:61920892-61921356:+	4	235	-0.004	0.004	trans	0.890526450359947	464	TRUE	1	2000	2000	2000	1	1	1	FALSE
1867	ENSG00000231527_FAM27C	chr9:61917580:T>C	chr9:61921356-61922844:+	4	235	-0.004	-0.006	trans	0.890526450359947	1488	TRUE	1	2000	2000	2000	1	1	1	FALSE
1868	ENSG00000231527_FAM27C	chr9:61917580:T>C	chr9:61922844-61923002:+	4	234	-0.002	0.031	trans	0.745845863026529	158	TRUE	0.765234765234765	2000	2000	1546	0.773113443278361	0.773113443278361	1	FALSE
1869	ENSG00000231527_FAM27C	chr9:61917580:T>C	chr9:61923002-61923364:+	4	235	0.009	-0.074	amb	0.00316697633024543	362	TRUE	0.047952047952048	2000	2000	88	0.0444777611194403	0.0444777611194403	0.968781234382809	FALSE
1870	ENSG00000231527_FAM27C	chr9:61917580:T>C	chr9:61923364-61924750:+	4	225	0.015	-0.072	cis	4.98051469340899e-05	1386	TRUE	0.015984015984016	2000	2000	30	0.0154922538730635	0.0154922538730635	0.751941489572674	FALSE
1871	ENSG00000231527_FAM27C	chr9:61917580:T>C	chr9:61924750-61925087:+	4	226	0.025	-0.082	cis	6.62248034188906e-13	337	TRUE	0.002997002997003	2000	2000	3	0.00199900049975013	0.00199900049975013	0.214354361280898	FALSE
1872	ENSG00000231527_FAM27C	chr9:61917580:T>C	chr9:61925087-61925101:+	4	216	0.019	-0.041	cis	1.26797605748408e-09	14	TRUE	0.026973026973027	2000	2000	51	0.0259870064967516	0.0259870064967516	0.807334650431794	FALSE
1873	ENSG00000231527_FAM27C	chr9:61917580:T>C	chr9:61925101-61925103:+	4	212	-0.001	-0.008	trans	0.612641021300922	2	FALSE	0.891108891108891	2000	2000	1774	0.887056471764118	0.887056471764118	1	FALSE
1874	ENSG00000231527_FAM27C	chr9:61917580:T>C	chr9:61925944-61926019:+	4	212	0.029	0.11	cis	0	75	TRUE	0.003996003996004	2000	2000	13	0.00699650174912544	0.00699650174912544	0.500160176322095	TRUE
1875	ENSG00000231527_FAM27C	chr9:61917580:T>C	chr9:61948888-61948919:+	4	210	-0.002	-0.032	trans	0.729659146018185	31	TRUE	0.651348651348651	2000	2000	1292	0.646176911544228	0.646176911544228	1	FALSE
1876	ENSG00000231527_FAM27C	chr9:61917580:T>C	chr9:61952972-61953042:+	4	184	0.014	-0.176	amb	0.0007451857960038	70	TRUE	0.023976023976024	2000	2000	42	0.0214892553723138	0.0214892553723138	0.807334650431794	FALSE
1877	ENSG00000231527_FAM27C	chr9:61917580:T>C	chr9:61953042-61953320:+	4	179	0.014	-0.179	amb	0.000294105095338448	278	TRUE	0.02997002997003	2000	2000	48	0.024487756121939	0.024487756121939	0.807334650431794	FALSE
1878	ENSG00000231527_FAM27C	chr9:61917580:T>C	chr9:61953320-61954499:+	1	31	-0.024	-0.013	trans	0.816098222922699	1179	TRUE	1	2000	1810	1810	1	1	1	FALSE
1879	ENSG00000231527_FAM27C	chr9:61917580:T>C	chr9:61968450-61968576:+	1	31	-0.024	0.043	trans	0.816098222922699	126	TRUE	0.846153846153846	2000	1810	1509	0.833793484262838	0.849575212393803	1	FALSE
1880	ENSG00000231527_FAM27C	chr9:61917580:T>C	chr9:61970420-61970553:+	1	31	-0.024	0.043	trans	0.816098222922699	133	TRUE	0.846153846153846	2000	1810	1509	0.833793484262838	0.849575212393803	1	FALSE
1881	ENSG00000231527_FAM27C	chr9:61917580:T>C	chr9:61972189-61972242:+	1	31	0.019	0.261	trans	0.220304587276801	53	TRUE	0.248751248751249	2000	1810	294	0.162893429044727	0.242378810594703	1	FALSE
1882	ENSG00000231527_FAM27C	chr9:61917580:T>C	chr9:61972242-61972268:+	1	31	0.019	0.261	trans	0.220304587276801	26	TRUE	0.248751248751249	2000	1810	294	0.162893429044727	0.242378810594703	1	FALSE
1883	ENSG00000231527_FAM27C	chr9:61917580:T>C	chr9:61972268-61972428:+	1	31	0.019	0.261	trans	0.220304587276801	160	TRUE	0.248751248751249	2000	1810	294	0.162893429044727	0.242378810594703	1	FALSE
1884	ENSG00000231527_FAM27C	chr9:61917580:T>C	chr9:61972428-61972563:+	1	31	0.019	0.261	trans	0.220304587276801	135	TRUE	0.248751248751249	2000	1810	294	0.162893429044727	0.242378810594703	1	FALSE
1885	ENSG00000231527_FAM27C	chr9:61917580:T>C	chr9:61972563-61972670:+	1	31	0.019	0.261	trans	0.220304587276801	107	TRUE	0.248751248751249	2000	1810	294	0.162893429044727	0.242378810594703	1	FALSE
1886	ENSG00000231527_FAM27C	chr9:61917580:T>C	chr9:61972670-61973037:+	1	31	-0.002	0.162	trans	0.518056377803332	367	TRUE	0.431568431568432	2000	1810	655	0.36223081170624	0.422788605697151	1	FALSE
1887	ENSG00000231527_FAM27C	chr9:61917580:T>C	chr9:61973037-61973358:+	0	0					321	FALSE		2000	0					FALSE
1888	ENSG00000231527_FAM27C	chr9:61917580:T>C	chr9:61973358-61973502:+	0	0					144	FALSE		2000	0					FALSE
1889	ENSG00000231527_FAM27C	chr9:61917580:T>C	chr9:61973502-61973649:+	0	0					147	FALSE		2000	0					FALSE
1890	ENSG00000231527_FAM27C	chr9:61917580:T>C	chr9:61973649-61973679:+	0	0					30	FALSE		2000	0					FALSE
1891	ENSG00000231527_FAM27C	chr9:61917580:T>C	chr9:61973679-61973904:+	0	0					225	FALSE		2000	0					FALSE
1892	ENSG00000231527_FAM27C	chr9:61917580:T>C	chr9:61973904-61974053:+	0	0					149	FALSE		2000	0					FALSE
1893	ENSG00000231527_FAM27C	chr9:61917580:T>C	chr9:61974053-61974086:+	0	0					33	FALSE		2000	0					FALSE
1894	ENSG00000231527_FAM27C	chr9:61917580:T>C	chr9:61975790-61975912:+	0	0					122	FALSE		2000	0					FALSE
1895	ENSG00000231527_FAM27C	chr9:61917580:T>C	chr9:61975912-61975965:+	0	0					53	FALSE		2000	0					FALSE
1896	ENSG00000231527_FAM27C	chr9:61856729:G>C	chr9:61856152-61856195:+	0	0					43	FALSE		2000	0					FALSE
1897	ENSG00000231527_FAM27C	chr9:61856729:G>C	chr9:61856195-61856506:+	1	33	0	0	trans	0.475311972079711	311	TRUE	1	2000	1998	1998	1	1	1	FALSE
1898	ENSG00000231527_FAM27C	chr9:61856729:G>C	chr9:61856506-61856533:+	1	35	0	0	trans	0.43650398648461	27	TRUE	1	2000	2000	2000	1	1	1	FALSE
1899	ENSG00000231527_FAM27C	chr9:61856729:G>C	chr9:61856533-61856548:+	1	39	0	0	trans	0.519357429037164	15	TRUE	1	2000	2000	2000	1	1	1	FALSE
1900	ENSG00000231527_FAM27C	chr9:61856729:G>C	chr9:61856548-61856570:+	1	40	0	0	trans	0.494717558753228	22	TRUE	1	2000	2000	2000	1	1	1	FALSE
1901	ENSG00000231527_FAM27C	chr9:61856729:G>C	chr9:61856570-61856572:+	1	44	0	0	trans	0.495571083079414	2	FALSE	1	2000	2000	2000	1	1	1	FALSE
1902	ENSG00000231527_FAM27C	chr9:61856729:G>C	chr9:61856572-61856607:+	1	49	0	0	trans	0.493589384701721	35	TRUE	1	2000	2000	2000	1	1	1	FALSE
1903	ENSG00000231527_FAM27C	chr9:61856729:G>C	chr9:61856607-61856613:+	1	49	0	0	trans	0.493589384701721	6	FALSE	1	2000	2000	2000	1	1	1	FALSE
1904	ENSG00000231527_FAM27C	chr9:61856729:G>C	chr9:61856613-61856614:+	1	50	0	0	trans	0.48713700712861	1	FALSE	1	2000	2000	2000	1	1	1	FALSE
1905	ENSG00000231527_FAM27C	chr9:61856729:G>C	chr9:61856614-61856617:+	1	50	0	0	trans	0.48713700712861	3	FALSE	1	2000	2000	2000	1	1	1	FALSE
1906	ENSG00000231527_FAM27C	chr9:61856729:G>C	chr9:61856617-61856618:+	1	52	0	0	trans	0.504148115724884	1	FALSE	1	2000	2000	2000	1	1	1	FALSE
1907	ENSG00000231527_FAM27C	chr9:61856729:G>C	chr9:61856618-61856622:+	1	52	0	0	trans	0.504148115724884	4	FALSE	1	2000	2000	2000	1	1	1	FALSE
1908	ENSG00000231527_FAM27C	chr9:61856729:G>C	chr9:61856622-61856638:+	1	52	0	0	trans	0.504148115724884	16	TRUE	1	2000	2000	2000	1	1	1	FALSE
1909	ENSG00000231527_FAM27C	chr9:61856729:G>C	chr9:61856638-61856814:+	1	60	0	0	trans	0.494944656084381	176	TRUE	1	2000	2000	2000	1	1	1	FALSE
1910	ENSG00000231527_FAM27C	chr9:61856729:G>C	chr9:61917607-61918077:+	1	60	-0.011	-0.023	trans	0.816362766228546	470	TRUE	0.866133866133866	2000	2000	1750	0.875062468765617	0.875062468765617	1	FALSE
1911	ENSG00000231527_FAM27C	chr9:61856729:G>C	chr9:61918077-61918141:+	1	59	-0.013	0.002	trans	0.839266787015473	64	TRUE	1	2000	2000	2000	1	1	1	FALSE
1912	ENSG00000231527_FAM27C	chr9:61856729:G>C	chr9:61920281-61920302:+	1	59	-0.005	-0.067	trans	0.662773394770972	21	TRUE	0.438561438561439	2000	2000	900	0.450274862568716	0.450274862568716	1	FALSE
1913	ENSG00000231527_FAM27C	chr9:61856729:G>C	chr9:61920302-61920435:+	1	59	0.054	-0.273	amb	7.41001007972253e-05	133	TRUE	0.017982017982018	2000	2000	33	0.0169915042478761	0.0169915042478761	0.751941489572674	FALSE
1914	ENSG00000231527_FAM27C	chr9:61856729:G>C	chr9:61920435-61920822:+	1	59	0.084	-0.206	cis	1.4528930281088e-09	387	TRUE	0.016983016983017	2000	2000	30	0.0154922538730635	0.0154922538730635	0.751941489572674	TRUE
1915	ENSG00000231527_FAM27C	chr9:61856729:G>C	chr9:61920822-61920892:+	1	56	0.05	-0.129	amb	1.99148566278895e-05	70	TRUE	0.115884115884116	2000	2000	199	0.0999500249875062	0.0999500249875062	1	FALSE
1916	ENSG00000231527_FAM27C	chr9:61856729:G>C	chr9:61920892-61921356:+	1	56	0.05	-0.129	amb	1.99148566278895e-05	464	TRUE	0.115884115884116	2000	2000	199	0.0999500249875062	0.0999500249875062	1	FALSE
1917	ENSG00000231527_FAM27C	chr9:61856729:G>C	chr9:61921356-61922844:+	1	56	0.05	-0.129	amb	1.99148566278895e-05	1488	TRUE	0.115884115884116	2000	2000	199	0.0999500249875062	0.0999500249875062	1	FALSE
1918	ENSG00000231527_FAM27C	chr9:61856729:G>C	chr9:61922844-61923002:+	1	56	0.033	-0.21	trans	0.00323035428645635	158	TRUE	0.0719280719280719	2000	2000	126	0.0634682658670665	0.0634682658670665	1	FALSE
1919	ENSG00000231527_FAM27C	chr9:61856729:G>C	chr9:61923002-61923364:+	1	56	0.05	-0.218	amb	1.99148566278895e-05	362	TRUE	0.032967032967033	2000	2000	54	0.0274862568715642	0.0274862568715642	0.807334650431794	FALSE
1920	ENSG00000231527_FAM27C	chr9:61856729:G>C	chr9:61923364-61924750:+	1	52	0.01	-0.108	trans	0.263879597567295	1386	TRUE	0.232767232767233	2000	2000	471	0.235882058970515	0.235882058970515	1	FALSE
1921	ENSG00000231527_FAM27C	chr9:61856729:G>C	chr9:61924750-61925087:+	1	52	0.01	-0.108	trans	0.263879597567295	337	TRUE	0.232767232767233	2000	2000	471	0.235882058970515	0.235882058970515	1	FALSE
1922	ENSG00000231527_FAM27C	chr9:61856729:G>C	chr9:61925087-61925101:+	1	50	0.043	-0.115	amb	0.0013120983494862	14	TRUE	0.151848151848152	2000	2000	302	0.151424287856072	0.151424287856072	1	FALSE
1923	ENSG00000231527_FAM27C	chr9:61856729:G>C	chr9:61925101-61925103:+	1	48	0	-0.042	trans	0.522727879577405	2	FALSE	0.545454545454545	2000	2000	1100	0.550224887556222	0.550224887556222	1	FALSE
1924	ENSG00000231527_FAM27C	chr9:61856729:G>C	chr9:61925944-61926019:+	1	47	-0.025	-0.002	trans	0.945480503220451	75	TRUE	1	2000	2000	2000	1	1	1	FALSE
1925	ENSG00000231527_FAM27C	chr9:61856729:G>C	chr9:61948888-61948919:+	1	47	-0.012	-0.049	trans	0.778629054057652	31	TRUE	0.716283716283716	2000	2000	1397	0.698650674662669	0.698650674662669	1	FALSE
1926	ENSG00000231527_FAM27C	chr9:61856729:G>C	chr9:61952972-61953042:+	1	40	0.02	0.231	trans	0.135328891436071	70	TRUE	0.131868131868132	2000	2000	259	0.129935032483758	0.129935032483758	1	FALSE
1927	ENSG00000231527_FAM27C	chr9:61856729:G>C	chr9:61953042-61953320:+	1	40	0.02	0.231	trans	0.135328891436071	278	TRUE	0.131868131868132	2000	2000	259	0.129935032483758	0.129935032483758	1	FALSE
1928	ENSG00000147996_ZNG1E	chr9:65682027:G>A	chr9:65675874-65675893:+	1	30	0.01	-0.1	trans	0.356336612067818	19	TRUE	0.819180819180819	2000	681	319	0.469208211143695	0.819090454772614	1	FALSE
1929	ENSG00000147996_ZNG1E	chr9:65682027:G>A	chr9:65675893-65675895:+	1	30	0.01	-0.1	trans	0.356336612067818	2	FALSE	0.819180819180819	2000	681	319	0.469208211143695	0.819090454772614	1	FALSE
1930	ENSG00000147996_ZNG1E	chr9:65682027:G>A	chr9:65675895-65675905:+	1	30	0.01	-0.1	trans	0.356336612067818	10	TRUE	0.819180819180819	2000	681	319	0.469208211143695	0.819090454772614	1	FALSE
1931	ENSG00000147996_ZNG1E	chr9:65682027:G>A	chr9:65675905-65675923:+	1	30	0.01	-0.1	trans	0.356336612067818	18	TRUE	0.819180819180819	2000	681	319	0.469208211143695	0.819090454772614	1	FALSE
1932	ENSG00000147996_ZNG1E	chr9:65682027:G>A	chr9:65675923-65675924:+	1	30	0.01	-0.1	trans	0.356336612067818	1	FALSE	0.819180819180819	2000	681	319	0.469208211143695	0.819090454772614	1	FALSE
1933	ENSG00000147996_ZNG1E	chr9:65682027:G>A	chr9:65675924-65675927:+	1	30	0.01	-0.1	trans	0.356336612067818	3	FALSE	0.819180819180819	2000	681	319	0.469208211143695	0.819090454772614	1	FALSE
1934	ENSG00000147996_ZNG1E	chr9:65682027:G>A	chr9:65675927-65675929:+	1	30	0.01	-0.1	trans	0.356336612067818	2	FALSE	0.819180819180819	2000	681	319	0.469208211143695	0.819090454772614	1	FALSE
1935	ENSG00000147996_ZNG1E	chr9:65682027:G>A	chr9:65675929-65675937:+	1	30	0.01	-0.1	trans	0.356336612067818	8	FALSE	0.819180819180819	2000	681	319	0.469208211143695	0.819090454772614	1	FALSE
1936	ENSG00000147996_ZNG1E	chr9:65682027:G>A	chr9:65675937-65675940:+	1	30	0.01	-0.1	trans	0.356336612067818	3	FALSE	0.819180819180819	2000	681	319	0.469208211143695	0.819090454772614	1	FALSE
1937	ENSG00000147996_ZNG1E	chr9:65682027:G>A	chr9:65675940-65675986:+	1	30	0.01	-0.1	trans	0.356336612067818	46	TRUE	0.819180819180819	2000	681	319	0.469208211143695	0.819090454772614	1	FALSE
1938	ENSG00000147996_ZNG1E	chr9:65682027:G>A	chr9:65675986-65676130:+	1	30	0.01	-0.1	trans	0.356336612067818	144	TRUE	0.819180819180819	2000	681	319	0.469208211143695	0.819090454772614	1	FALSE
1939	ENSG00000147996_ZNG1E	chr9:65682027:G>A	chr9:65677127-65677225:+	1	30	0.364	0.8	cis	0	98	TRUE	0.659340659340659	2000	681	0	0.00146627565982405	0.659670164917541	1	TRUE
1940	ENSG00000147996_ZNG1E	chr9:65682027:G>A	chr9:65677225-65677229:+	1	30	0	0	trans	0.49403254274629	4	FALSE	1	2000	681	681	1	1	1	FALSE
1941	ENSG00000147996_ZNG1E	chr9:65682027:G>A	chr9:65679252-65679544:+	1	30	0	0	trans	0.49403254274629	292	TRUE	1	2000	681	681	1	1	1	FALSE
1942	ENSG00000147996_ZNG1E	chr9:65682027:G>A	chr9:65681670-65682026:+	1	30	0	0	trans	0.49403254274629	356	TRUE	1	2000	681	681	1	1	1	FALSE
1943	ENSG00000198887_SMC5	chr9:70264558:C>T	chr9:70264445-70265482:+	0	0					1037	FALSE		2000	0					FALSE
1944	ENSG00000198887_SMC5	chr9:70282523:T>C	chr9:70264445-70265482:+	3	213	0	0	trans	0.471604766205278	1037	TRUE	1	2000	2000	2000	1	1	1	FALSE
1945	ENSG00000198887_SMC5	chr9:70282523:T>C	chr9:70267975-70269603:+	3	213	0	0	trans	0.471604766205278	1628	TRUE	1	2000	2000	2000	1	1	1	FALSE
1946	ENSG00000198887_SMC5	chr9:70282523:T>C	chr9:70275517-70276668:+	3	213	0	0	trans	0.471604766205278	1151	TRUE	1	2000	2000	2000	1	1	1	FALSE
1947	ENSG00000198887_SMC5	chr9:70282523:T>C	chr9:70276668-70276731:+	3	213	0	0	trans	0.471604766205278	63	TRUE	1	2000	2000	2000	1	1	1	FALSE
1948	ENSG00000198887_SMC5	chr9:70282523:T>C	chr9:70286745-70286784:+	3	213	0.002	0.011	trans	0.223825432379864	39	TRUE	0.384615384615385	2000	2000	752	0.376311844077961	0.376311844077961	1	FALSE
1949	ENSG00000198887_SMC5	chr9:70282523:T>C	chr9:70317947-70318513:+	2	85	0	0	trans	0.503625970032713	566	TRUE	1	2000	2000	2000	1	1	1	FALSE
1950	ENSG00000198887_SMC5	chr9:70282523:T>C	chr9:70344269-70344674:+	2	85	0	0	trans	0.503625970032713	405	TRUE	1	2000	2000	2000	1	1	1	FALSE
1951	ENSG00000198887_SMC5	chr9:70282523:T>C	chr9:70345446-70346391:+	2	85	0	0	trans	0.503625970032713	945	TRUE	1	2000	2000	2000	1	1	1	FALSE
1952	ENSG00000198887_SMC5	chr9:70282523:T>C	chr9:70346391-70346604:+	2	85	0	0	trans	0.503625970032713	213	TRUE	1	2000	2000	2000	1	1	1	FALSE
1953	ENSG00000198887_SMC5	chr9:70318857:A>G	chr9:70264445-70265482:+	2	123	0	0	trans	0.473096070919803	1037	TRUE	1	2000	2000	2000	1	1	1	FALSE
1954	ENSG00000198887_SMC5	chr9:70318857:A>G	chr9:70267975-70269603:+	2	123	0	0	trans	0.473096070919803	1628	TRUE	1	2000	2000	2000	1	1	1	FALSE
1955	ENSG00000198887_SMC5	chr9:70318857:A>G	chr9:70275517-70276668:+	2	123	0	0	trans	0.473096070919803	1151	TRUE	1	2000	2000	2000	1	1	1	FALSE
1956	ENSG00000198887_SMC5	chr9:70318857:A>G	chr9:70276668-70276731:+	2	123	0	0	trans	0.473096070919803	63	TRUE	1	2000	2000	2000	1	1	1	FALSE
1957	ENSG00000198887_SMC5	chr9:70318857:A>G	chr9:70286745-70286784:+	2	123	0	0	trans	0.473096070919803	39	TRUE	1	2000	2000	2000	1	1	1	FALSE
1958	ENSG00000198887_SMC5	chr9:70318857:A>G	chr9:70317947-70318513:+	3	175	0.007	-0.093	trans	0.0642754798568763	566	TRUE	0.156843156843157	2000	2000	299	0.149925037481259	0.149925037481259	1	FALSE
1959	ENSG00000198887_SMC5	chr9:70318857:A>G	chr9:70344269-70344674:+	2	123	0	0	trans	0.473096070919803	405	TRUE	1	2000	2000	2000	1	1	1	FALSE
1960	ENSG00000198887_SMC5	chr9:70318857:A>G	chr9:70345446-70346391:+	2	123	0	0	trans	0.473096070919803	945	TRUE	1	2000	2000	2000	1	1	1	FALSE
1961	ENSG00000198887_SMC5	chr9:70318857:A>G	chr9:70346391-70346604:+	2	123	0	0	trans	0.473096070919803	213	TRUE	1	2000	2000	2000	1	1	1	FALSE
1962	ENSG00000135048_CEMIP2	chr9:71690103:C>T	chr9:71685846-71687428:-	1	32	0	0	trans	0.488432823061255	1582	TRUE	1	2000	1810	1810	1	1	1	FALSE
1963	ENSG00000135048_CEMIP2	chr9:71690103:C>T	chr9:71689564-71690091:-	1	36	-0.016	-0.065	trans	0.760845097584942	527	TRUE	0.526473526473527	2000	1987	1040	0.52364185110664	0.526736631684158	1	FALSE
1964	ENSG00000135048_CEMIP2	chr9:71690103:C>T	chr9:71697827-71697984:-	1	36	0	0	trans	0.53339629130863	157	TRUE	1	2000	1987	1987	1	1	1	FALSE
1965	ENSG00000135048_CEMIP2	chr9:71690103:C>T	chr9:71698204-71698241:-	1	36	-0.002	-0.149	trans	0.564332029412935	37	TRUE	0.380619380619381	2000	1987	748	0.376760563380282	0.380809595202399	1	FALSE
1966	ENSG00000135048_CEMIP2	chr9:71690103:C>T	chr9:71698241-71699049:-	0	0					808	FALSE		2000	0					FALSE
1967	ENSG00000135048_CEMIP2	chr9:71690103:C>T	chr9:71699191-71699449:-	0	0					258	FALSE		2000	0					FALSE
1968	ENSG00000135048_CEMIP2	chr9:71690103:C>T	chr9:71704416-71704594:-	0	0					178	FALSE		2000	0					FALSE
1969	ENSG00000135048_CEMIP2	chr9:71690103:C>T	chr9:71704803-71704813:-	0	0					10	FALSE		2000	0					FALSE
1970	ENSG00000135048_CEMIP2	chr9:71690103:C>T	chr9:71704813-71704932:-	0	0					119	FALSE		2000	0					FALSE
1971	ENSG00000135048_CEMIP2	chr9:71690103:C>T	chr9:71712260-71712443:-	0	0					183	FALSE		2000	0					FALSE
1972	ENSG00000135048_CEMIP2	chr9:71690103:C>T	chr9:71730704-71730738:-	0	0					34	FALSE		2000	0					FALSE
1973	ENSG00000135048_CEMIP2	chr9:71690103:C>T	chr9:71730914-71730984:-	0	0					70	FALSE		2000	0					FALSE
1974	ENSG00000135048_CEMIP2	chr9:71690103:C>T	chr9:71734805-71734994:-	0	0					189	FALSE		2000	0					FALSE
1975	ENSG00000135048_CEMIP2	chr9:71690103:C>T	chr9:71750000-71750042:-	0	0					42	FALSE		2000	0					FALSE
1976	ENSG00000135048_CEMIP2	chr9:71690103:C>T	chr9:71767512-71767831:-	0	0					319	FALSE		2000	0					FALSE
1977	ENSG00000135048_CEMIP2	chr9:71690103:C>T	chr9:71768356-71768386:-	0	0					30	FALSE		2000	0					FALSE
1978	ENSG00000135002_RFK	chr9:76386912:G>A	chr9:76387583-76388182:-	1	34	0	0	trans	0.455585507100522	599	TRUE	1	2000	1992	1992	1	1	1	FALSE
1979	ENSG00000135002_RFK	chr9:76386912:G>A	chr9:76388182-76388286:-	1	34	0.029	0.111	trans	0.0656128863965607	104	TRUE	0.310689310689311	2000	1992	609	0.306071249372805	0.308845577211394	1	FALSE
1980	ENSG00000135002_RFK	chr9:76386912:G>A	chr9:76388286-76388553:-	1	34	0	0	trans	0.455585507100522	267	TRUE	1	2000	1992	1992	1	1	1	FALSE
1981	ENSG00000135002_RFK	chr9:76386912:G>A	chr9:76392417-76392569:-	1	34	0	0	trans	0.455585507100522	152	TRUE	1	2000	1992	1992	1	1	1	FALSE
1982	ENSG00000135002_RFK	chr9:76386912:G>A	chr9:76393713-76393766:-	1	34	0	0	trans	0.455585507100522	53	TRUE	1	2000	1992	1992	1	1	1	FALSE
1983	ENSG00000135002_RFK	chr9:76386912:G>A	chr9:76393799-76393957:-	1	34	0.003	-0.062	trans	0.398916055330673	158	TRUE	0.377622377622378	2000	1992	725	0.364274962368289	0.366816591704148	1	FALSE
1984	ENSG00000135002_RFK	chr9:76386987:C>A	chr9:76387583-76388182:-	2	82	0	0	trans	0.534910340249463	599	TRUE	1	2000	2000	2000	1	1	1	FALSE
1985	ENSG00000135002_RFK	chr9:76386987:C>A	chr9:76388182-76388286:-	2	81	-0.01	-0.022	trans	0.87329611100372	104	TRUE	0.71028971028971	2000	2000	1434	0.717141429285357	0.717141429285357	1	FALSE
1986	ENSG00000135002_RFK	chr9:76386987:C>A	chr9:76388286-76388553:-	2	82	0	0	trans	0.534910340249463	267	TRUE	1	2000	2000	2000	1	1	1	FALSE
1987	ENSG00000135002_RFK	chr9:76386987:C>A	chr9:76392417-76392569:-	2	82	0	0	trans	0.534910340249463	152	TRUE	1	2000	2000	2000	1	1	1	FALSE
1988	ENSG00000135002_RFK	chr9:76386987:C>A	chr9:76393713-76393766:-	2	82	0	0	trans	0.534910340249463	53	TRUE	1	2000	2000	2000	1	1	1	FALSE
1989	ENSG00000135002_RFK	chr9:76386987:C>A	chr9:76393799-76393957:-	2	81	-0.015	0.002	trans	0.954181541546792	158	TRUE	1	2000	2000	2000	1	1	1	FALSE
1990	ENSG00000135002_RFK	chr9:76387144:T>C	chr9:76387583-76388182:-	2	85	0	0	trans	0.503625970032713	599	TRUE	1	2000	2000	2000	1	1	1	FALSE
1991	ENSG00000135002_RFK	chr9:76387144:T>C	chr9:76388182-76388286:-	2	86	-0.008	-0.027	trans	0.792542857829503	104	TRUE	0.471528471528472	2000	2000	966	0.483258370814593	0.483258370814593	1	FALSE
1992	ENSG00000135002_RFK	chr9:76387144:T>C	chr9:76388286-76388553:-	2	85	0	0	trans	0.503625970032713	267	TRUE	1	2000	2000	2000	1	1	1	FALSE
1993	ENSG00000135002_RFK	chr9:76387144:T>C	chr9:76392417-76392569:-	2	85	0	0	trans	0.503625970032713	152	TRUE	1	2000	2000	2000	1	1	1	FALSE
1994	ENSG00000135002_RFK	chr9:76387144:T>C	chr9:76393713-76393766:-	2	85	0	0	trans	0.503625970032713	53	TRUE	1	2000	2000	2000	1	1	1	FALSE
1995	ENSG00000135002_RFK	chr9:76387144:T>C	chr9:76393799-76393957:-	2	85	-0.014	-0.003	trans	0.930382335115054	158	TRUE	0.973026973026973	2000	2000	1944	0.972013993003498	0.972013993003498	1	FALSE
1996	ENSG00000135002_RFK	chr9:76388599:C>G	chr9:76387583-76388182:-	2	194	0.001	0.012	trans	0.351602044413901	599	TRUE	0.307692307692308	2000	2000	589	0.294852573713143	0.294852573713143	1	FALSE
1997	ENSG00000135002_RFK	chr9:76388599:C>G	chr9:76388182-76388286:-	2	194	-0.005	0.005	trans	0.92525253862544	104	TRUE	0.876123876123876	2000	2000	1735	0.867566216891554	0.867566216891554	1	FALSE
1998	ENSG00000135002_RFK	chr9:76388599:C>G	chr9:76388286-76388553:-	2	194	0.001	0.012	trans	0.351602044413901	267	TRUE	0.307692307692308	2000	2000	589	0.294852573713143	0.294852573713143	1	FALSE
1999	ENSG00000135002_RFK	chr9:76388599:C>G	chr9:76392417-76392569:-	2	202	-0.006	-0.002	trans	0.958412622658236	152	TRUE	1	2000	2000	2000	1	1	1	FALSE
2000	ENSG00000135002_RFK	chr9:76388599:C>G	chr9:76393713-76393766:-	2	203	-0.005	-0.007	trans	0.926213174006947	53	TRUE	1	2000	2000	1999	0.999500249875062	0.999500249875062	1	FALSE
2001	ENSG00000135002_RFK	chr9:76388599:C>G	chr9:76393799-76393957:-	2	199	-0.003	0.02	trans	0.817467640362664	158	TRUE	0.717282717282717	2000	2000	1434	0.717141429285357	0.717141429285357	1	FALSE
2002	ENSG00000135002_RFK	chr9:76394222:A>G	chr9:76387583-76388182:-	2	120	0	0	trans	0.471974064010356	599	TRUE	1	2000	2000	2000	1	1	1	FALSE
2003	ENSG00000135002_RFK	chr9:76394222:A>G	chr9:76388182-76388286:-	2	120	0.002	0.019	trans	0.324711320700022	104	TRUE	0.100899100899101	2000	2000	193	0.0969515242378811	0.0969515242378811	1	FALSE
2004	ENSG00000135002_RFK	chr9:76394222:A>G	chr9:76388286-76388553:-	2	120	0	0	trans	0.471974064010356	267	TRUE	1	2000	2000	2000	1	1	1	FALSE
2005	ENSG00000135002_RFK	chr9:76394222:A>G	chr9:76392417-76392569:-	2	150	-0.008	-0.004	trans	0.935750698731483	152	TRUE	0.941058941058941	2000	2000	1898	0.949025487256372	0.949025487256372	1	FALSE
2006	ENSG00000135002_RFK	chr9:76394222:A>G	chr9:76393713-76393766:-	2	150	0	0	trans	0.50514433034648	53	TRUE	1	2000	2000	2000	1	1	1	FALSE
2007	ENSG00000135002_RFK	chr9:76394222:A>G	chr9:76393799-76393957:-	2	150	0	0	trans	0.50514433034648	158	TRUE	1	2000	2000	2000	1	1	1	FALSE
2008	ENSG00000135002_RFK	chr9:76394287:C>T	chr9:76387583-76388182:-	2	148	0	0	trans	0.485497054448319	599	TRUE	1	2000	2000	2000	1	1	1	FALSE
2009	ENSG00000135002_RFK	chr9:76394287:C>T	chr9:76388182-76388286:-	2	148	-0.001	-0.013	trans	0.567185722882734	104	TRUE	0.919080919080919	2000	2000	1838	0.91904047976012	0.91904047976012	1	FALSE
2010	ENSG00000135002_RFK	chr9:76394287:C>T	chr9:76388286-76388553:-	2	148	0	0	trans	0.485497054448319	267	TRUE	1	2000	2000	2000	1	1	1	FALSE
2011	ENSG00000135002_RFK	chr9:76394287:C>T	chr9:76392417-76392569:-	2	178	-0.001	0.01	trans	0.607225274924086	152	TRUE	0.999000999000999	2000	2000	1996	0.99800099950025	0.99800099950025	1	FALSE
2012	ENSG00000135002_RFK	chr9:76394287:C>T	chr9:76393713-76393766:-	2	179	0	0	trans	0.492666326698113	53	TRUE	1	2000	2000	2000	1	1	1	FALSE
2013	ENSG00000135002_RFK	chr9:76394287:C>T	chr9:76393799-76393957:-	2	179	0	0	trans	0.492666326698113	158	TRUE	1	2000	2000	2000	1	1	1	FALSE
2014	ENSG00000135002_RFK	chr9:76394449:G>A	chr9:76387583-76388182:-	0	0					599	FALSE		2000	0					FALSE
2015	ENSG00000135002_RFK	chr9:76394449:G>A	chr9:76388182-76388286:-	0	0					104	FALSE		2000	0					FALSE
2016	ENSG00000135002_RFK	chr9:76394449:G>A	chr9:76388286-76388553:-	0	0					267	FALSE		2000	0					FALSE
2017	ENSG00000135002_RFK	chr9:76394449:G>A	chr9:76392417-76392569:-	0	0					152	FALSE		2000	0					FALSE
2018	ENSG00000135002_RFK	chr9:76394449:G>A	chr9:76393713-76393766:-	0	0					53	FALSE		2000	0					FALSE
2019	ENSG00000135002_RFK	chr9:76394449:G>A	chr9:76393799-76393957:-	0	0					158	FALSE		2000	0					FALSE
2020	ENSG00000135002_RFK	chr9:76394319:G>A	chr9:76387583-76388182:-	1	84	0	-0.024	trans	0.506762103484603	599	TRUE	0.494505494505495	2000	2000	1005	0.502748625687156	0.502748625687156	1	FALSE
2021	ENSG00000135002_RFK	chr9:76394319:G>A	chr9:76388182-76388286:-	1	84	0	-0.024	trans	0.506762103484603	104	TRUE	0.494505494505495	2000	2000	1005	0.502748625687156	0.502748625687156	1	FALSE
2022	ENSG00000135002_RFK	chr9:76394319:G>A	chr9:76388286-76388553:-	1	84	0	-0.024	trans	0.506762103484603	267	TRUE	0.494505494505495	2000	2000	1005	0.502748625687156	0.502748625687156	1	FALSE
2023	ENSG00000135002_RFK	chr9:76394319:G>A	chr9:76392417-76392569:-	1	92	-0.001	0.021	trans	0.562834988268961	152	TRUE	0.742257742257742	2000	2000	1489	0.744627686156922	0.744627686156922	1	FALSE
2024	ENSG00000135002_RFK	chr9:76394319:G>A	chr9:76393713-76393766:-	1	92	0	0	trans	0.511985884324641	53	TRUE	1	2000	2000	2000	1	1	1	FALSE
2025	ENSG00000135002_RFK	chr9:76394319:G>A	chr9:76393799-76393957:-	1	92	0	0	trans	0.511985884324641	158	TRUE	1	2000	2000	2000	1	1	1	FALSE
2026	ENSG00000106772_PRUNE2	chr9:76850538:C>T	chr9:76868935-76869182:-	0	0					247	FALSE		2000	0					FALSE
2027	ENSG00000106772_PRUNE2	chr9:76704081:A>G	chr9:76614288-76614449:-	0	0					161	FALSE		2000	0					FALSE
2028	ENSG00000106772_PRUNE2	chr9:76704081:A>G	chr9:76614449-76614600:-	0	0					151	FALSE		2000	0					FALSE
2029	ENSG00000106772_PRUNE2	chr9:76704081:A>G	chr9:76615096-76615162:-	0	0					66	FALSE		2000	0					FALSE
2030	ENSG00000106772_PRUNE2	chr9:76704081:A>G	chr9:76619339-76619387:-	0	0					48	FALSE		2000	0					FALSE
2031	ENSG00000106772_PRUNE2	chr9:76704081:A>G	chr9:76624451-76624490:-	0	0					39	FALSE		2000	0					FALSE
2032	ENSG00000106772_PRUNE2	chr9:76704081:A>G	chr9:76625022-76625058:-	0	0					36	FALSE		2000	0					FALSE
2033	ENSG00000106772_PRUNE2	chr9:76704081:A>G	chr9:76629191-76629290:-	0	0					99	FALSE		2000	0					FALSE
2034	ENSG00000106772_PRUNE2	chr9:76704081:A>G	chr9:76636470-76636557:-	0	0					87	FALSE		2000	0					FALSE
2035	ENSG00000106772_PRUNE2	chr9:76704081:A>G	chr9:76637417-76637538:-	0	0					121	FALSE		2000	0					FALSE
2036	ENSG00000106772_PRUNE2	chr9:76704081:A>G	chr9:76641946-76641971:-	0	0					25	FALSE		2000	0					FALSE
2037	ENSG00000106772_PRUNE2	chr9:76704081:A>G	chr9:76641971-76641980:-	0	0					9	FALSE		2000	0					FALSE
2038	ENSG00000106772_PRUNE2	chr9:76704081:A>G	chr9:76644496-76644738:-	0	0					242	FALSE		2000	0					FALSE
2039	ENSG00000106772_PRUNE2	chr9:76704081:A>G	chr9:76644909-76644912:-	0	0					3	FALSE		2000	0					FALSE
2040	ENSG00000106772_PRUNE2	chr9:76704081:A>G	chr9:76644912-76645138:-	0	0					226	FALSE		2000	0					FALSE
2041	ENSG00000106772_PRUNE2	chr9:76704081:A>G	chr9:76651967-76652482:-	0	0					515	FALSE		2000	0					FALSE
2042	ENSG00000106772_PRUNE2	chr9:76704081:A>G	chr9:76692073-76692167:-	0	0					94	FALSE		2000	0					FALSE
2043	ENSG00000106772_PRUNE2	chr9:76704081:A>G	chr9:76692167-76692193:-	0	0					26	FALSE		2000	0					FALSE
2044	ENSG00000106772_PRUNE2	chr9:76704081:A>G	chr9:76692193-76692200:-	0	0					7	FALSE		2000	0					FALSE
2045	ENSG00000106772_PRUNE2	chr9:76704081:A>G	chr9:76692200-76692207:-	0	0					7	FALSE		2000	0					FALSE
2046	ENSG00000197969_VPS13A	chr9:77416150:C>A	chr9:77389710-77389994:+	0	0					284	FALSE		2000	0					FALSE
2047	ENSG00000197969_VPS13A	chr9:77416150:C>A	chr9:77389994-77390142:+	0	0					148	FALSE		2000	0					FALSE
2048	ENSG00000197969_VPS13A	chr9:77416150:C>A	chr9:77395709-77395868:+	0	0					159	FALSE		2000	0					FALSE
2049	ENSG00000197969_VPS13A	chr9:77416150:C>A	chr9:77407607-77407659:+	0	0					52	FALSE		2000	0					FALSE
2050	ENSG00000197969_VPS13A	chr9:77416156:C>A	chr9:77211212-77211617:+	0	0					405	FALSE		2000	0					FALSE
2051	ENSG00000197969_VPS13A	chr9:77416156:C>A	chr9:77212266-77212968:+	0	0					702	FALSE		2000	0					FALSE
2052	ENSG00000197969_VPS13A	chr9:77416156:C>A	chr9:77279845-77279959:+	0	0					114	FALSE		2000	0					FALSE
2053	ENSG00000197969_VPS13A	chr9:77416156:C>A	chr9:77283354-77283471:+	0	0					117	FALSE		2000	0					FALSE
2054	ENSG00000197969_VPS13A	chr9:77416156:C>A	chr9:77305556-77305637:+	0	0					81	FALSE		2000	0					FALSE
2055	ENSG00000197969_VPS13A	chr9:77416156:C>A	chr9:77337537-77339182:+	0	0					1645	FALSE		2000	0					FALSE
2056	ENSG00000197969_VPS13A	chr9:77416156:C>A	chr9:77340550-77340711:+	0	0					161	FALSE		2000	0					FALSE
2057	ENSG00000197969_VPS13A	chr9:77416156:C>A	chr9:77350916-77351316:+	0	0					400	FALSE		2000	0					FALSE
2058	ENSG00000197969_VPS13A	chr9:77416156:C>A	chr9:77382278-77383006:+	0	0					728	FALSE		2000	0					FALSE
2059	ENSG00000197969_VPS13A	chr9:77416156:C>A	chr9:77384584-77385191:+	0	0					607	FALSE		2000	0					FALSE
2060	ENSG00000197969_VPS13A	chr9:77416156:C>A	chr9:77389710-77389994:+	0	0					284	FALSE		2000	0					FALSE
2061	ENSG00000197969_VPS13A	chr9:77416156:C>A	chr9:77389994-77390142:+	0	0					148	FALSE		2000	0					FALSE
2062	ENSG00000197969_VPS13A	chr9:77416156:C>A	chr9:77395709-77395868:+	0	0					159	FALSE		2000	0					FALSE
2063	ENSG00000197969_VPS13A	chr9:77416156:C>A	chr9:77407607-77407659:+	0	0					52	FALSE		2000	0					FALSE
2064	ENSG00000197969_VPS13A	chr9:77371140:A>G	chr9:77211212-77211617:+	0	0					405	FALSE		2000	0					FALSE
2065	ENSG00000197969_VPS13A	chr9:77371140:A>G	chr9:77212266-77212968:+	0	0					702	FALSE		2000	0					FALSE
2066	ENSG00000197969_VPS13A	chr9:77371140:A>G	chr9:77279845-77279959:+	0	0					114	FALSE		2000	0					FALSE
2067	ENSG00000197969_VPS13A	chr9:77371140:A>G	chr9:77283354-77283471:+	0	0					117	FALSE		2000	0					FALSE
2068	ENSG00000197969_VPS13A	chr9:77371140:A>G	chr9:77305556-77305637:+	0	0					81	FALSE		2000	0					FALSE
2069	ENSG00000197969_VPS13A	chr9:77371140:A>G	chr9:77337537-77339182:+	0	0					1645	FALSE		2000	0					FALSE
2070	ENSG00000197969_VPS13A	chr9:77371140:A>G	chr9:77340550-77340711:+	0	0					161	FALSE		2000	0					FALSE
2071	ENSG00000197969_VPS13A	chr9:77371140:A>G	chr9:77350916-77351316:+	0	0					400	FALSE		2000	0					FALSE
2072	ENSG00000197969_VPS13A	chr9:77371140:A>G	chr9:77382278-77383006:+	0	0					728	FALSE		2000	0					FALSE
2073	ENSG00000197969_VPS13A	chr9:77371140:A>G	chr9:77384584-77385191:+	0	0					607	FALSE		2000	0					FALSE
2074	ENSG00000197969_VPS13A	chr9:77405957:C>A	chr9:77389994-77390142:+	0	0					148	FALSE		2000	0					FALSE
2075	ENSG00000197969_VPS13A	chr9:77405957:C>A	chr9:77395709-77395868:+	0	0					159	FALSE		2000	0					FALSE
2076	ENSG00000197969_VPS13A	chr9:77405957:C>A	chr9:77407607-77407659:+	0	0					52	FALSE		2000	0					FALSE
2077	ENSG00000197969_VPS13A	chr9:77332044:C>T	chr9:77337537-77339182:+	0	0					1645	FALSE		2000	0					FALSE
2078	ENSG00000148019_CEP78	chr9:78236433:G>C	chr9:78236603-78236659:+	0	0					56	FALSE		2000	0					FALSE
2079	ENSG00000148019_CEP78	chr9:78236433:G>C	chr9:78240022-78240195:+	0	0					173	FALSE		2000	0					FALSE
2080	ENSG00000148019_CEP78	chr9:78236433:G>C	chr9:78240291-78240364:+	0	0					73	FALSE		2000	0					FALSE
2081	ENSG00000148019_CEP78	chr9:78236433:G>C	chr9:78241695-78241799:+	0	0					104	FALSE		2000	0					FALSE
2082	ENSG00000148019_CEP78	chr9:78236433:G>C	chr9:78243461-78243636:+	0	0					175	FALSE		2000	0					FALSE
2083	ENSG00000148019_CEP78	chr9:78236433:G>C	chr9:78243636-78243832:+	0	0					196	FALSE		2000	0					FALSE
2084	ENSG00000148019_CEP78	chr9:78236433:G>C	chr9:78246668-78246782:+	0	0					114	FALSE		2000	0					FALSE
2085	ENSG00000148019_CEP78	chr9:78236433:G>C	chr9:78248290-78248355:+	0	0					65	FALSE		2000	0					FALSE
2086	ENSG00000148019_CEP78	chr9:78236433:G>C	chr9:78248761-78248873:+	0	0					112	FALSE		2000	0					FALSE
2087	ENSG00000148019_CEP78	chr9:78236433:G>C	chr9:78248873-78250245:+	0	0					1372	FALSE		2000	0					FALSE
2088	ENSG00000148019_CEP78	chr9:78236433:G>C	chr9:78250245-78250263:+	0	0					18	FALSE		2000	0					FALSE
2089	ENSG00000148019_CEP78	chr9:78236433:G>C	chr9:78250263-78250453:+	0	0					190	FALSE		2000	0					FALSE
2090	ENSG00000148019_CEP78	chr9:78236433:G>C	chr9:78251904-78251907:+	0	0					3	FALSE		2000	0					FALSE
2091	ENSG00000148019_CEP78	chr9:78236433:G>C	chr9:78251907-78252043:+	0	0					136	FALSE		2000	0					FALSE
2092	ENSG00000148019_CEP78	chr9:78236433:G>C	chr9:78252083-78253231:+	0	0					1148	FALSE		2000	0					FALSE
2093	ENSG00000148019_CEP78	chr9:78236433:G>C	chr9:78253231-78253277:+	0	0					46	FALSE		2000	0					FALSE
2094	ENSG00000148019_CEP78	chr9:78236433:G>C	chr9:78253306-78253942:+	0	0					636	FALSE		2000	0					FALSE
2095	ENSG00000148019_CEP78	chr9:78236433:G>C	chr9:78254002-78254473:+	0	0					471	FALSE		2000	0					FALSE
2096	ENSG00000148019_CEP78	chr9:78236433:G>C	chr9:78254473-78254702:+	0	0					229	FALSE		2000	0					FALSE
2097	ENSG00000148019_CEP78	chr9:78236433:G>C	chr9:78254702-78254835:+	0	0					133	FALSE		2000	0					FALSE
2098	ENSG00000148019_CEP78	chr9:78236433:G>C	chr9:78254835-78254842:+	0	0					7	FALSE		2000	0					FALSE
2099	ENSG00000148019_CEP78	chr9:78236433:G>C	chr9:78254842-78254964:+	0	0					122	FALSE		2000	0					FALSE
2100	ENSG00000148019_CEP78	chr9:78236433:G>C	chr9:78262906-78262933:+	0	0					27	FALSE		2000	0					FALSE
2101	ENSG00000148019_CEP78	chr9:78236433:G>C	chr9:78262933-78262984:+	0	0					51	FALSE		2000	0					FALSE
2102	ENSG00000148019_CEP78	chr9:78236433:G>C	chr9:78264049-78264149:+	0	0					100	FALSE		2000	0					FALSE
2103	ENSG00000148019_CEP78	chr9:78236433:G>C	chr9:78264149-78264228:+	0	0					79	FALSE		2000	0					FALSE
2104	ENSG00000148019_CEP78	chr9:78236433:G>C	chr9:78264228-78264241:+	0	0					13	FALSE		2000	0					FALSE
2105	ENSG00000148019_CEP78	chr9:78236433:G>C	chr9:78264241-78264316:+	0	0					75	FALSE		2000	0					FALSE
2106	ENSG00000148019_CEP78	chr9:78236433:G>C	chr9:78265371-78265401:+	0	0					30	FALSE		2000	0					FALSE
2107	ENSG00000148019_CEP78	chr9:78236433:G>C	chr9:78265401-78265476:+	0	0					75	FALSE		2000	0					FALSE
2108	ENSG00000148019_CEP78	chr9:78236433:G>C	chr9:78265476-78265543:+	0	0					67	FALSE		2000	0					FALSE
2109	ENSG00000148019_CEP78	chr9:78236433:G>C	chr9:78265858-78265906:+	0	0					48	FALSE		2000	0					FALSE
2110	ENSG00000148019_CEP78	chr9:78236433:G>C	chr9:78266441-78266564:+	0	0					123	FALSE		2000	0					FALSE
2111	ENSG00000148019_CEP78	chr9:78236433:G>C	chr9:78266564-78266616:+	0	0					52	FALSE		2000	0					FALSE
2112	ENSG00000148019_CEP78	chr9:78236433:G>C	chr9:78266703-78266726:+	0	0					23	FALSE		2000	0					FALSE
2113	ENSG00000148019_CEP78	chr9:78236433:G>C	chr9:78266726-78266787:+	0	0					61	FALSE		2000	0					FALSE
2114	ENSG00000148019_CEP78	chr9:78236433:G>C	chr9:78266787-78266802:+	0	0					15	FALSE		2000	0					FALSE
2115	ENSG00000148019_CEP78	chr9:78236433:G>C	chr9:78266802-78266931:+	0	0					129	FALSE		2000	0					FALSE
2116	ENSG00000148019_CEP78	chr9:78236433:G>C	chr9:78266931-78266988:+	0	0					57	FALSE		2000	0					FALSE
2117	ENSG00000148019_CEP78	chr9:78236433:G>C	chr9:78266988-78266994:+	0	0					6	FALSE		2000	0					FALSE
2118	ENSG00000196781_TLE1	chr9:81584110:C>T	chr9:81599864-81600116:-	0	0					252	FALSE		2000	0					FALSE
2119	ENSG00000196781_TLE1	chr9:81584110:C>T	chr9:81611956-81611959:-	0	0					3	FALSE		2000	0					FALSE
2120	ENSG00000196781_TLE1	chr9:81584110:C>T	chr9:81612291-81612393:-	0	0					102	FALSE		2000	0					FALSE
2121	ENSG00000196781_TLE1	chr9:81584110:C>T	chr9:81613376-81613421:-	0	0					45	FALSE		2000	0					FALSE
2122	ENSG00000196781_TLE1	chr9:81584110:C>T	chr9:81615981-81616020:-	0	0					39	FALSE		2000	0					FALSE
2123	ENSG00000196781_TLE1	chr9:81584110:C>T	chr9:81616583-81616645:-	0	0					62	FALSE		2000	0					FALSE
2124	ENSG00000196781_TLE1	chr9:81584110:C>T	chr9:81620557-81621464:-	0	0					907	FALSE		2000	0					FALSE
2125	ENSG00000196781_TLE1	chr9:81584110:C>T	chr9:81633468-81634096:-	0	0					628	FALSE		2000	0					FALSE
2126	ENSG00000196781_TLE1	chr9:81584110:C>T	chr9:81652183-81652213:-	0	0					30	FALSE		2000	0					FALSE
2127	ENSG00000196781_TLE1	chr9:81584110:C>T	chr9:81673881-81673991:-	0	0					110	FALSE		2000	0					FALSE
2128	ENSG00000172159_FRMD3	chr9:83538243:T>G	chr9:83309532-83309535:-	0	0					3	FALSE		2000	0					FALSE
2129	ENSG00000172159_FRMD3	chr9:83538243:T>G	chr9:83331851-83331961:-	0	0					110	FALSE		2000	0					FALSE
2130	ENSG00000172159_FRMD3	chr9:83538243:T>G	chr9:83372436-83372912:-	0	0					476	FALSE		2000	0					FALSE
2131	ENSG00000172159_FRMD3	chr9:83538243:T>G	chr9:83383694-83383747:-	0	0					53	FALSE		2000	0					FALSE
2132	ENSG00000172159_FRMD3	chr9:83538243:T>G	chr9:83388942-83389255:-	0	0					313	FALSE		2000	0					FALSE
2133	ENSG00000172159_FRMD3	chr9:83538243:T>G	chr9:83389255-83389603:-	0	0					348	FALSE		2000	0					FALSE
2134	ENSG00000172159_FRMD3	chr9:83538243:T>G	chr9:83467617-83467742:-	0	0					125	FALSE		2000	0					FALSE
2135	ENSG00000135018_UBQLN1	chr9:83663901:C>A	chr9:83665145-83665393:-	4	182	0	0	trans	0.486232181202725	248	TRUE	1	2000	2000	2000	1	1	1	FALSE
2136	ENSG00000135018_UBQLN1	chr9:83663901:C>A	chr9:83666349-83666394:-	4	185	-0.003	0.012	trans	0.789850769097334	45	TRUE	0.842157842157842	2000	2000	1690	0.845077461269365	0.845077461269365	1	FALSE
2137	ENSG00000135018_UBQLN1	chr9:83663901:C>A	chr9:83666394-83666433:-	4	185	-0.003	0.012	trans	0.789850769097334	39	TRUE	0.842157842157842	2000	2000	1690	0.845077461269365	0.845077461269365	1	FALSE
2138	ENSG00000135018_UBQLN1	chr9:83663901:C>A	chr9:83666433-83669184:-	4	183	0	-0.08	trans	0.472268162763348	2751	TRUE	0.392607392607393	2000	2000	757	0.378810594702649	0.378810594702649	1	FALSE
2139	ENSG00000135018_UBQLN1	chr9:83663901:C>A	chr9:83679774-83680037:-	4	182	0	0	trans	0.486232181202725	263	TRUE	1	2000	2000	2000	1	1	1	FALSE
2140	ENSG00000135018_UBQLN1	chr9:83663901:C>A	chr9:83682950-83683066:-	4	182	0	0	trans	0.486232181202725	116	TRUE	1	2000	2000	2000	1	1	1	FALSE
2141	ENSG00000135018_UBQLN1	chr9:83663901:C>A	chr9:83686003-83686053:-	4	182	0	0	trans	0.486232181202725	50	TRUE	1	2000	2000	2000	1	1	1	FALSE
2142	ENSG00000135018_UBQLN1	chr9:83663901:C>A	chr9:83686053-83686085:-	2	60	0	0	trans	0.494944656084381	32	TRUE	1	2000	2000	2000	1	1	1	FALSE
2143	ENSG00000135018_UBQLN1	chr9:83663901:C>A	chr9:83686085-83686155:-	2	60	0	0	trans	0.494944656084381	70	TRUE	1	2000	2000	2000	1	1	1	FALSE
2144	ENSG00000135018_UBQLN1	chr9:83707824:C>G	chr9:83665145-83665393:-	3	156	0	0	trans	0.471897507895256	248	TRUE	1	2000	2000	2000	1	1	1	FALSE
2145	ENSG00000135018_UBQLN1	chr9:83707824:C>G	chr9:83666349-83666394:-	3	157	0	-0.047	trans	0.473910758410356	45	TRUE	0.357642357642358	2000	2000	689	0.344827586206897	0.344827586206897	1	FALSE
2146	ENSG00000135018_UBQLN1	chr9:83707824:C>G	chr9:83666394-83666433:-	3	157	0	-0.047	trans	0.473910758410356	39	TRUE	0.357642357642358	2000	2000	689	0.344827586206897	0.344827586206897	1	FALSE
2147	ENSG00000135018_UBQLN1	chr9:83707824:C>G	chr9:83666433-83669184:-	3	156	0	0	trans	0.471897507895256	2751	TRUE	1	2000	2000	2000	1	1	1	FALSE
2148	ENSG00000135018_UBQLN1	chr9:83707824:C>G	chr9:83679774-83680037:-	3	156	0	0	trans	0.471897507895256	263	TRUE	1	2000	2000	2000	1	1	1	FALSE
2149	ENSG00000135018_UBQLN1	chr9:83707824:C>G	chr9:83682950-83683066:-	3	156	0	0	trans	0.471897507895256	116	TRUE	1	2000	2000	2000	1	1	1	FALSE
2150	ENSG00000135018_UBQLN1	chr9:83707824:C>G	chr9:83686003-83686053:-	3	156	0	0	trans	0.471897507895256	50	TRUE	1	2000	2000	2000	1	1	1	FALSE
2151	ENSG00000135018_UBQLN1	chr9:83707824:C>G	chr9:83686053-83686085:-	3	156	0	0	trans	0.471897507895256	32	TRUE	1	2000	2000	2000	1	1	1	FALSE
2152	ENSG00000135018_UBQLN1	chr9:83707824:C>G	chr9:83686085-83686155:-	4	240	0	0	trans	0.497514068289345	70	TRUE	1	2000	2000	2000	1	1	1	FALSE
2153	ENSG00000135018_UBQLN1	chr9:83669262:C>A	chr9:83665145-83665393:-	2	68	0	0	trans	0.496602510761056	248	TRUE	1	2000	2000	2000	1	1	1	FALSE
2154	ENSG00000135018_UBQLN1	chr9:83669262:C>A	chr9:83666349-83666394:-	2	67	-0.004	-0.063	trans	0.644132481086689	45	TRUE	0.437562437562438	2000	2000	862	0.43128435782109	0.43128435782109	1	FALSE
2155	ENSG00000135018_UBQLN1	chr9:83669262:C>A	chr9:83666394-83666433:-	2	67	-0.004	-0.063	trans	0.644132481086689	39	TRUE	0.437562437562438	2000	2000	862	0.43128435782109	0.43128435782109	1	FALSE
2156	ENSG00000135018_UBQLN1	chr9:83669262:C>A	chr9:83666433-83669184:-	2	68	0.045	-0.322	amb	3.64866486421978e-05	2751	TRUE	0.016983016983017	2000	2000	27	0.0139930034982509	0.0139930034982509	0.751941489572674	FALSE
2157	ENSG00000135018_UBQLN1	chr9:83669262:C>A	chr9:83679774-83680037:-	2	68	0	0	trans	0.496602510761056	263	TRUE	1	2000	2000	2000	1	1	1	FALSE
2158	ENSG00000135018_UBQLN1	chr9:83669262:C>A	chr9:83682950-83683066:-	2	68	0	0	trans	0.496602510761056	116	TRUE	1	2000	2000	2000	1	1	1	FALSE
2159	ENSG00000135018_UBQLN1	chr9:83669262:C>A	chr9:83686003-83686053:-	2	68	0	0	trans	0.496602510761056	50	TRUE	1	2000	2000	2000	1	1	1	FALSE
2160	ENSG00000165113_GKAP1	chr9:83817663:G>T	chr9:83748372-83749155:-	0	0					783	FALSE		2000	0					FALSE
2161	ENSG00000165113_GKAP1	chr9:83817663:G>T	chr9:83768817-83768916:-	0	0					99	FALSE		2000	0					FALSE
2162	ENSG00000165113_GKAP1	chr9:83817663:G>T	chr9:83768916-83768970:-	0	0					54	FALSE		2000	0					FALSE
2163	ENSG00000165113_GKAP1	chr9:83817663:G>T	chr9:83788678-83789105:-	2	74	0	0	trans	0.497550962535023	427	FALSE	1	2000	2000	2000	1	1	1	FALSE
2164	ENSG00000165113_GKAP1	chr9:83817663:G>T	chr9:83792950-83793017:-	2	73	-0.009	-0.006	trans	0.824859894547657	67	FALSE	0.985014985014985	2000	2000	1972	0.986006996501749	0.986006996501749	1	FALSE
2165	ENSG00000165113_GKAP1	chr9:83817663:G>T	chr9:83817231-83817296:-	2	74	0	0	trans	0.497550962535023	65	FALSE	1	2000	2000	2000	1	1	1	FALSE
2166	ENSG00000165113_GKAP1	chr9:83817663:G>T	chr9:83817516-83817632:-	2	74	0	0	trans	0.497550962535023	116	FALSE	1	2000	2000	2000	1	1	1	FALSE
2167	ENSG00000165113_GKAP1	chr9:83817663:G>T	chr9:83817632-83817744:-	1	40	0	0	trans	0.494717558753228	112	FALSE	1	2000	2000	2000	1	1	1	FALSE
2168	ENSG00000165113_GKAP1	chr9:83817663:G>T	chr9:83817744-83817769:-	1	40	-0.02	-0.027	trans	0.858827412311903	25	FALSE	1	2000	2000	2000	1	1	1	FALSE
2169	ENSG00000165113_GKAP1	chr9:83817679:A>G	chr9:83748372-83749155:-	0	0					783	FALSE		2000	0					FALSE
2170	ENSG00000165113_GKAP1	chr9:83817679:A>G	chr9:83768817-83768916:-	0	0					99	FALSE		2000	0					FALSE
2171	ENSG00000165113_GKAP1	chr9:83817679:A>G	chr9:83768916-83768970:-	0	0					54	FALSE		2000	0					FALSE
2172	ENSG00000165113_GKAP1	chr9:83817679:A>G	chr9:83788678-83789105:-	2	74	0	0	trans	0.497550962535023	427	FALSE	1	2000	2000	2000	1	1	1	FALSE
2173	ENSG00000165113_GKAP1	chr9:83817679:A>G	chr9:83792950-83793017:-	2	74	-0.006	0.049	trans	0.737373610054504	67	FALSE	0.693306693306693	2000	2000	1335	0.667666166916542	0.667666166916542	1	FALSE
2174	ENSG00000165113_GKAP1	chr9:83817679:A>G	chr9:83817231-83817296:-	2	74	0	0	trans	0.497550962535023	65	FALSE	1	2000	2000	2000	1	1	1	FALSE
2175	ENSG00000165113_GKAP1	chr9:83817679:A>G	chr9:83817516-83817632:-	2	74	0	0	trans	0.497550962535023	116	FALSE	1	2000	2000	2000	1	1	1	FALSE
2176	ENSG00000165113_GKAP1	chr9:83817679:A>G	chr9:83817632-83817744:-	2	71	0	0	trans	0.492266287423206	112	FALSE	1	2000	2000	2000	1	1	1	FALSE
2177	ENSG00000165113_GKAP1	chr9:83817679:A>G	chr9:83817744-83817769:-	2	71	-0.004	-0.065	trans	0.636149239050866	25	FALSE	0.471528471528472	2000	2000	894	0.447276361819091	0.447276361819091	1	FALSE
2178	ENSG00000165119_HNRNPK	chr9:83978398:G>C	chr9:83969380-83969415:-	3	1120	0.003	0.083	trans	3.12260521884156e-08	35	TRUE	0.017982017982018	2000	2000	33	0.0169915042478761	0.0169915042478761	0.751941489572674	FALSE
2179	ENSG00000165119_HNRNPK	chr9:83978398:G>C	chr9:83969415-83969440:-	3	1120	0.003	0.083	trans	3.12260521884156e-08	25	TRUE	0.017982017982018	2000	2000	33	0.0169915042478761	0.0169915042478761	0.751941489572674	FALSE
2180	ENSG00000165119_HNRNPK	chr9:83978398:G>C	chr9:83969495-83970161:-	3	1119	0	0	trans	0.473597241587479	666	TRUE	1	2000	2000	2000	1	1	1	FALSE
2181	ENSG00000165119_HNRNPK	chr9:83978398:G>C	chr9:83970331-83970736:-	3	1129	0	0	trans	0.48323408897869	405	TRUE	1	2000	2000	2000	1	1	1	FALSE
2182	ENSG00000165119_HNRNPK	chr9:83978398:G>C	chr9:83970804-83970819:-	3	1130	0	0.001	trans	0.48323408897869	15	TRUE	1	2000	2000	2000	1	1	1	FALSE
2183	ENSG00000165119_HNRNPK	chr9:83978398:G>C	chr9:83970912-83971146:-	3	1129	0	0	trans	0.48323408897869	234	TRUE	1	2000	2000	2000	1	1	1	FALSE
2184	ENSG00000165119_HNRNPK	chr9:83978398:G>C	chr9:83973901-83973973:-	3	1131	0	-0.032	trans	0.48323408897869	72	TRUE	1	2000	2000	2000	1	1	1	FALSE
2185	ENSG00000165119_HNRNPK	chr9:83978398:G>C	chr9:83975461-83975505:-	3	1153	0	0.009	trans	0.534911903632511	44	TRUE	0.61038961038961	2000	2000	1236	0.618190904547726	0.618190904547726	1	FALSE
2186	ENSG00000165119_HNRNPK	chr9:83978398:G>C	chr9:83975505-83975770:-	3	1155	0	-0.002	trans	0.488834763457041	265	TRUE	1	2000	2000	2000	1	1	1	FALSE
2187	ENSG00000165119_HNRNPK	chr9:83978398:G>C	chr9:83976507-83976994:-	3	1169	0.001	0.011	trans	0.049841240740636	487	TRUE	0.1998001998002	2000	2000	367	0.183908045977012	0.183908045977012	1	FALSE
2188	ENSG00000165119_HNRNPK	chr9:83978398:G>C	chr9:83978279-83978298:-	3	1170	0.005	0.008	amb	0	19	TRUE	0.00999000999000999	2000	2000	17	0.00899550224887556	0.00899550224887556	0.597130006425359	FALSE
2189	ENSG00000165119_HNRNPK	chr9:83978398:G>C	chr9:83978298-83978327:-	3	1170	0	0	trans	0.513530441062455	29	TRUE	1	2000	2000	2000	1	1	1	FALSE
2190	ENSG00000165119_HNRNPK	chr9:83978398:G>C	chr9:83978372-83978452:-	3	1170	0	-0.004	trans	0.513530441062455	80	TRUE	0.536463536463537	2000	2000	1069	0.534732633683158	0.534732633683158	1	FALSE
2191	ENSG00000165119_HNRNPK	chr9:83978398:G>C	chr9:83979272-83979452:-	3	1169	-0.001	-0.003	trans	0.956757624129009	180	TRUE	1	2000	2000	2000	1	1	1	FALSE
2192	ENSG00000165119_HNRNPK	chr9:83978398:G>C	chr9:83979600-83979621:-	3	1162	0.001	-0.011	trans	0.0293319210818617	21	TRUE	0.197802197802198	2000	2000	396	0.1984007996002	0.1984007996002	1	FALSE
2193	ENSG00000165119_HNRNPK	chr9:83978398:G>C	chr9:83979770-83979942:-	3	1142	0.001	0.008	trans	0.0663279237177817	172	TRUE	0.230769230769231	2000	2000	440	0.220389805097451	0.220389805097451	1	FALSE
2194	ENSG00000165119_HNRNPK	chr9:83978398:G>C	chr9:83979942-83979955:-	3	1142	0	0.007	trans	0.527823662076537	13	TRUE	0.490509490509491	2000	2000	984	0.492253873063468	0.492253873063468	1	FALSE
2195	ENSG00000165119_HNRNPK	chr9:83978398:G>C	chr9:83979955-83979981:-	3	1135	-0.001	0.002	trans	0.955843355969321	26	TRUE	1	2000	2000	2000	1	1	1	FALSE
2196	ENSG00000165119_HNRNPK	chr9:83978398:G>C	chr9:83979981-83980006:-	3	1129	-0.001	0.001	trans	0.959552152394347	25	TRUE	1	2000	2000	2000	1	1	1	FALSE
2197	ENSG00000165119_HNRNPK	chr9:83978398:G>C	chr9:83980118-83980152:-	3	1125	0.021	-0.115	cis	0	34	TRUE	0.000999000999000999	2000	2000	0	0.000499750124937531	0.000499750124937531	0.073331755175044	TRUE
2198	ENSG00000165119_HNRNPK	chr9:83978398:G>C	chr9:83980152-83980185:-	3	1123	0.001	-0.055	trans	0.06481903250944	33	TRUE	0.155844155844156	2000	2000	319	0.15992003998001	0.15992003998001	1	FALSE
2199	ENSG00000165119_HNRNPK	chr9:83978398:G>C	chr9:83980185-83980194:-	3	1116	0.001	-0.049	trans	0.0626141593006018	9	FALSE	0.154845154845155	2000	2000	323	0.16191904047976	0.16191904047976	1	FALSE
2200	ENSG00000165119_HNRNPK	chr9:83978398:G>C	chr9:83980194-83980215:-	3	1071	0	-0.038	trans	0.492887849824378	21	TRUE	1	2000	2000	2000	1	1	1	FALSE
2201	ENSG00000165119_HNRNPK	chr9:83978398:G>C	chr9:83980215-83980219:-	3	926	0.003	-0.083	trans	9.46316142423909e-05	4	FALSE	0.026973026973027	2000	2000	50	0.0254872563718141	0.0254872563718141	0.807334650431794	FALSE
2202	ENSG00000165119_HNRNPK	chr9:83978398:G>C	chr9:83980219-83980221:-	3	882	0.001	-0.054	trans	0.0657079767392759	2	FALSE	0.192807192807193	2000	2000	390	0.195402298850575	0.195402298850575	1	FALSE
2203	ENSG00000165119_HNRNPK	chr9:83978398:G>C	chr9:83980221-83980246:-	3	840	0	-0.015	trans	0.500716675539402	25	TRUE	0.671328671328671	2000	2000	1334	0.667166416791604	0.667166416791604	1	FALSE
2204	ENSG00000165119_HNRNPK	chr9:83978398:G>C	chr9:83980246-83980250:-	3	754	0	-0.024	trans	0.496857311216964	4	FALSE	0.578421578421578	2000	2000	1164	0.582208895552224	0.582208895552224	1	FALSE
2205	ENSG00000165119_HNRNPK	chr9:83978398:G>C	chr9:83980250-83980282:-	3	665	-0.001	0.014	trans	0.838345301257288	32	TRUE	1	2000	2000	2000	1	1	1	FALSE
2206	ENSG00000165119_HNRNPK	chr9:83978398:G>C	chr9:83980463-83980502:-	3	664	-0.001	0	trans	0.814438602600814	39	TRUE	1	2000	2000	2000	1	1	1	FALSE
2207	ENSG00000165119_HNRNPK	chr9:83980154:C>T	chr9:83969380-83969415:-	2	328	0.007	0.127	amb	0.000265389018740403	35	TRUE	0.041958041958042	2000	2000	77	0.0389805097451274	0.0389805097451274	0.898162489003432	FALSE
2208	ENSG00000165119_HNRNPK	chr9:83980154:C>T	chr9:83969415-83969440:-	2	328	0.007	0.127	amb	0.000265389018740403	25	TRUE	0.041958041958042	2000	2000	77	0.0389805097451274	0.0389805097451274	0.898162489003432	FALSE
2209	ENSG00000165119_HNRNPK	chr9:83980154:C>T	chr9:83969495-83970161:-	2	328	0	0	trans	0.500757035979954	666	TRUE	1	2000	2000	2000	1	1	1	FALSE
2210	ENSG00000165119_HNRNPK	chr9:83980154:C>T	chr9:83970331-83970736:-	2	330	0	0	trans	0.542863866239448	405	TRUE	1	2000	2000	2000	1	1	1	FALSE
2211	ENSG00000165119_HNRNPK	chr9:83980154:C>T	chr9:83970804-83970819:-	2	328	0.001	0.052	trans	0.310888341232289	15	TRUE	0.300699300699301	2000	2000	575	0.287856071964018	0.287856071964018	1	FALSE
2212	ENSG00000165119_HNRNPK	chr9:83980154:C>T	chr9:83970912-83971146:-	2	330	0	0	trans	0.542863866239448	234	TRUE	1	2000	2000	2000	1	1	1	FALSE
2213	ENSG00000165119_HNRNPK	chr9:83980154:C>T	chr9:83973901-83973973:-	2	331	0	-0.053	trans	0.509634591235765	72	TRUE	0.433566433566434	2000	2000	859	0.429785107446277	0.429785107446277	1	FALSE
2214	ENSG00000165119_HNRNPK	chr9:83980154:C>T	chr9:83975461-83975505:-	2	330	0	0	trans	0.542863866239448	44	TRUE	1	2000	2000	2000	1	1	1	FALSE
2215	ENSG00000165119_HNRNPK	chr9:83980154:C>T	chr9:83975505-83975770:-	2	330	0	0	trans	0.542863866239448	265	TRUE	1	2000	2000	2000	1	1	1	FALSE
2216	ENSG00000165119_HNRNPK	chr9:83980154:C>T	chr9:83976507-83976994:-	2	331	0.001	0.007	trans	0.334611932979272	487	TRUE	0.185814185814186	2000	2000	330	0.165417291354323	0.165417291354323	1	FALSE
2217	ENSG00000165119_HNRNPK	chr9:83980154:C>T	chr9:83978279-83978298:-	2	332	0	0	trans	0.49426464605558	19	TRUE	1	2000	2000	2000	1	1	1	FALSE
2218	ENSG00000165119_HNRNPK	chr9:83980154:C>T	chr9:83978298-83978327:-	2	332	0	0	trans	0.49426464605558	29	TRUE	1	2000	2000	2000	1	1	1	FALSE
2219	ENSG00000165119_HNRNPK	chr9:83980154:C>T	chr9:83978372-83978452:-	2	332	0.001	-0.015	trans	0.298078033688221	80	TRUE	0.463536463536464	2000	2000	919	0.459770114942529	0.459770114942529	1	FALSE
2220	ENSG00000165119_HNRNPK	chr9:83980154:C>T	chr9:83979272-83979452:-	2	332	0.01	0.02	cis	1.17064932636524e-07	180	TRUE	0.178821178821179	2000	2000	337	0.168915542228886	0.168915542228886	1	FALSE
2221	ENSG00000165119_HNRNPK	chr9:83980154:C>T	chr9:83979600-83979621:-	2	330	0.001	0.007	trans	0.380568633588351	21	TRUE	0.373626373626374	2000	2000	742	0.371314342828586	0.371314342828586	1	FALSE
2222	ENSG00000165119_HNRNPK	chr9:83980154:C>T	chr9:83979770-83979942:-	2	329	-0.002	0.008	trans	0.824335104706674	172	TRUE	0.803196803196803	2000	2000	1615	0.80759620189905	0.80759620189905	1	FALSE
2223	ENSG00000165119_HNRNPK	chr9:83980154:C>T	chr9:83979942-83979955:-	2	330	0.001	0.015	trans	0.380568633588351	13	TRUE	0.45954045954046	2000	2000	873	0.436781609195402	0.436781609195402	1	FALSE
2224	ENSG00000165119_HNRNPK	chr9:83980154:C>T	chr9:83979955-83979981:-	2	327	-0.004	0.002	trans	0.968386367428031	26	TRUE	1	2000	2000	2000	1	1	1	FALSE
2225	ENSG00000165119_HNRNPK	chr9:83980154:C>T	chr9:83979981-83980006:-	2	327	0.001	0.007	trans	0.340994225484807	25	TRUE	0.396603396603397	2000	2000	788	0.394302848575712	0.394302848575712	1	FALSE
2226	ENSG00000165119_HNRNPK	chr9:83980154:C>T	chr9:83980118-83980152:-	2	326	0.048	-0.214	cis	0	34	TRUE	0.000999000999000999	2000	2000	0	0.000499750124937531	0.000499750124937531	0.073331755175044	TRUE
2227	ENSG00000165119_HNRNPK	chr9:83980154:C>T	chr9:83980152-83980185:-	2	325	0.006	-0.032	amb	0.00171081372702264	33	TRUE	0.122877122877123	2000	2000	238	0.11944027986007	0.11944027986007	1	FALSE
2228	ENSG00000165119_HNRNPK	chr9:83980154:C>T	chr9:83980185-83980194:-	2	322	0.006	-0.032	amb	0.0035150134418761	9	FALSE	0.123876123876124	2000	2000	238	0.11944027986007	0.11944027986007	1	FALSE
2229	ENSG00000165119_HNRNPK	chr9:83980154:C>T	chr9:83980194-83980215:-	2	310	0.006	-0.032	amb	0.00558014566324094	21	TRUE	0.12987012987013	2000	2000	252	0.126436781609195	0.126436781609195	1	FALSE
2230	ENSG00000165119_HNRNPK	chr9:83980154:C>T	chr9:83980215-83980219:-	2	218	0.018	-0.066	cis	2.26064511554824e-09	4	FALSE	0.0629370629370629	2000	2000	117	0.0589705147426287	0.0589705147426287	1	FALSE
2231	ENSG00000165119_HNRNPK	chr9:83980154:C>T	chr9:83980219-83980221:-	2	198	0.011	-0.055	amb	0.00198623547235999	2	FALSE	0.103896103896104	2000	2000	193	0.0969515242378811	0.0969515242378811	1	FALSE
2232	ENSG00000165119_HNRNPK	chr9:83980154:C>T	chr9:83980221-83980246:-	2	176	0.012	-0.064	amb	0.00113502870793225	25	TRUE	0.106893106893107	2000	2000	211	0.105947026486757	0.105947026486757	1	FALSE
2233	ENSG00000165119_HNRNPK	chr9:83980154:C>T	chr9:83980246-83980250:-	2	118	0.015	-0.09	amb	0.00933255155899593	4	FALSE	0.133866133866134	2000	2000	245	0.122938530734633	0.122938530734633	1	FALSE
2234	ENSG00000165119_HNRNPK	chr9:83980154:C>T	chr9:83980250-83980282:-	1	36	0.052	-0.174	trans	0.0256994708546028	32	TRUE	0.137862137862138	2000	1910	203	0.106750392464678	0.146926536731634	1	FALSE
2235	ENSG00000165119_HNRNPK	chr9:83980154:C>T	chr9:83980463-83980502:-	1	36	0	0	trans	0.53339629130863	39	TRUE	1	2000	1910	1910	1	1	1	FALSE
2236	ENSG00000165119_HNRNPK	chr9:83980582:G>A	chr9:83969380-83969415:-	3	501	-0.001	0.023	trans	0.770309710443399	35	TRUE	1	2000	2000	2000	1	1	1	FALSE
2237	ENSG00000165119_HNRNPK	chr9:83980582:G>A	chr9:83969415-83969440:-	3	501	-0.001	0.023	trans	0.770309710443399	25	TRUE	1	2000	2000	2000	1	1	1	FALSE
2238	ENSG00000165119_HNRNPK	chr9:83980582:G>A	chr9:83969495-83970161:-	3	502	0	0	trans	0.502353373389567	666	TRUE	1	2000	2000	2000	1	1	1	FALSE
2239	ENSG00000165119_HNRNPK	chr9:83980582:G>A	chr9:83970331-83970736:-	3	506	0	0	trans	0.498081895404949	405	TRUE	1	2000	2000	2000	1	1	1	FALSE
2240	ENSG00000165119_HNRNPK	chr9:83980582:G>A	chr9:83970804-83970819:-	3	508	-0.001	0.002	trans	0.765317440073764	15	TRUE	1	2000	2000	2000	1	1	1	FALSE
2241	ENSG00000165119_HNRNPK	chr9:83980582:G>A	chr9:83970912-83971146:-	3	507	0	0	trans	0.526399252239093	234	TRUE	1	2000	2000	2000	1	1	1	FALSE
2242	ENSG00000165119_HNRNPK	chr9:83980582:G>A	chr9:83973901-83973973:-	3	508	-0.001	0.028	trans	0.765317440073764	72	TRUE	1	2000	2000	2000	1	1	1	FALSE
2243	ENSG00000165119_HNRNPK	chr9:83980582:G>A	chr9:83975461-83975505:-	3	523	0.001	0.035	trans	0.211431327735783	44	TRUE	0.224775224775225	2000	2000	468	0.234382808595702	0.234382808595702	1	FALSE
2244	ENSG00000165119_HNRNPK	chr9:83980582:G>A	chr9:83975505-83975770:-	3	528	0	0	trans	0.49922261222596	265	TRUE	1	2000	2000	2000	1	1	1	FALSE
2245	ENSG00000165119_HNRNPK	chr9:83980582:G>A	chr9:83976507-83976994:-	3	533	-0.002	0.003	trans	0.937005800972553	487	TRUE	1	2000	2000	2000	1	1	1	FALSE
2246	ENSG00000165119_HNRNPK	chr9:83980582:G>A	chr9:83978279-83978298:-	3	532	0.003	0.014	trans	0.0115506604513885	19	TRUE	0.137862137862138	2000	2000	273	0.136931534232884	0.136931534232884	1	FALSE
2247	ENSG00000165119_HNRNPK	chr9:83980582:G>A	chr9:83978298-83978327:-	3	531	0	-0.003	trans	0.475546655359905	29	TRUE	0.931068931068931	2000	2000	1857	0.928535732133933	0.928535732133933	1	FALSE
2248	ENSG00000165119_HNRNPK	chr9:83980582:G>A	chr9:83978372-83978452:-	3	532	0.001	0.017	trans	0.219938091226964	80	TRUE	0.252747252747253	2000	2000	518	0.259370314842579	0.259370314842579	1	FALSE
2249	ENSG00000165119_HNRNPK	chr9:83980582:G>A	chr9:83979272-83979452:-	3	532	0	0	trans	0.490934399596009	180	TRUE	1	2000	2000	2000	1	1	1	FALSE
2250	ENSG00000165119_HNRNPK	chr9:83980582:G>A	chr9:83979600-83979621:-	3	532	0	0	trans	0.490934399596009	21	TRUE	1	2000	2000	2000	1	1	1	FALSE
2251	ENSG00000165119_HNRNPK	chr9:83980582:G>A	chr9:83979770-83979942:-	3	532	0	0	trans	0.490934399596009	172	TRUE	1	2000	2000	2000	1	1	1	FALSE
2252	ENSG00000165119_HNRNPK	chr9:83980582:G>A	chr9:83979942-83979955:-	3	532	0	0	trans	0.490934399596009	13	TRUE	1	2000	2000	2000	1	1	1	FALSE
2253	ENSG00000165119_HNRNPK	chr9:83980582:G>A	chr9:83979955-83979981:-	3	532	0	0	trans	0.490934399596009	26	TRUE	1	2000	2000	2000	1	1	1	FALSE
2254	ENSG00000165119_HNRNPK	chr9:83980582:G>A	chr9:83979981-83980006:-	3	532	0	0	trans	0.490934399596009	25	TRUE	1	2000	2000	2000	1	1	1	FALSE
2255	ENSG00000165119_HNRNPK	chr9:83980582:G>A	chr9:83980118-83980152:-	3	531	-0.002	-0.005	trans	0.945077243626108	34	TRUE	1	2000	2000	2000	1	1	1	FALSE
2256	ENSG00000165119_HNRNPK	chr9:83980582:G>A	chr9:83980152-83980185:-	3	532	0.007	-0.031	cis	6.80411642584033e-08	33	TRUE	0.038961038961039	2000	2000	67	0.0339830084957521	0.0339830084957521	0.816764031777215	FALSE
2257	ENSG00000165119_HNRNPK	chr9:83980582:G>A	chr9:83980185-83980194:-	3	530	0.004	-0.022	amb	0.0030876908876708	9	FALSE	0.0779220779220779	2000	2000	137	0.0689655172413793	0.0689655172413793	1	FALSE
2258	ENSG00000165119_HNRNPK	chr9:83980582:G>A	chr9:83980194-83980215:-	3	528	0.014	-0.027	cis	0	21	TRUE	0.004995004995005	2000	2000	7	0.00399800099950025	0.00399800099950025	0.327836081959021	FALSE
2259	ENSG00000165119_HNRNPK	chr9:83980582:G>A	chr9:83980215-83980219:-	3	523	0.008	-0.017	cis	5.31849009277607e-11	4	FALSE	0.024975024975025	2000	2000	57	0.0289855072463768	0.0289855072463768	0.807334650431794	FALSE
2260	ENSG00000165119_HNRNPK	chr9:83980582:G>A	chr9:83980219-83980221:-	3	523	0.008	-0.017	cis	5.31849009277607e-11	2	FALSE	0.024975024975025	2000	2000	57	0.0289855072463768	0.0289855072463768	0.807334650431794	FALSE
2261	ENSG00000165119_HNRNPK	chr9:83980582:G>A	chr9:83980221-83980246:-	3	523	0.006	-0.014	cis	6.44092464141544e-07	25	TRUE	0.0539460539460539	2000	2000	111	0.0559720139930035	0.0559720139930035	1	FALSE
2262	ENSG00000165119_HNRNPK	chr9:83980582:G>A	chr9:83980246-83980250:-	3	520	0.002	-0.007	trans	0.1108914808322	4	FALSE	0.470529470529471	2000	2000	941	0.470764617691154	0.470764617691154	1	FALSE
2263	ENSG00000165119_HNRNPK	chr9:83980582:G>A	chr9:83980250-83980282:-	3	518	0	0	trans	0.479224038385642	32	TRUE	1	2000	2000	2000	1	1	1	FALSE
2264	ENSG00000165119_HNRNPK	chr9:83980582:G>A	chr9:83980463-83980502:-	3	519	0.002	0.024	trans	0.0701864913921005	39	TRUE	0.208791208791209	2000	2000	398	0.199400299850075	0.199400299850075	1	FALSE
2265	ENSG00000135049_AGTPBP1	chr9:85741827:A>G	chr9:85553872-85554272:-	1	151	0	0	trans	0.476924724835625	400	TRUE	1	2000	2000	2000	1	1	1	FALSE
2266	ENSG00000135049_AGTPBP1	chr9:85741827:A>G	chr9:85655200-85655215:-	1	151	-0.003	0.03	trans	0.73014716424076	15	TRUE	0.58041958041958	2000	2000	1167	0.583708145927036	0.583708145927036	1	FALSE
2267	ENSG00000135049_AGTPBP1	chr9:85741827:A>G	chr9:85655215-85655320:-	1	156	-0.003	0.031	trans	0.740279269728287	105	TRUE	0.591408591408591	2000	2000	1200	0.600199900049975	0.600199900049975	1	FALSE
2268	ENSG00000135049_AGTPBP1	chr9:85741827:A>G	chr9:85657434-85657437:-	1	156	-0.004	-0.02	trans	0.811231203909001	3	FALSE	0.631368631368631	2000	2000	1241	0.620689655172414	0.620689655172414	1	FALSE
2269	ENSG00000135049_AGTPBP1	chr9:85741827:A>G	chr9:85657437-85657453:-	1	156	-0.004	-0.02	trans	0.811231203909001	16	TRUE	0.631368631368631	2000	2000	1241	0.620689655172414	0.620689655172414	1	FALSE
2270	ENSG00000135049_AGTPBP1	chr9:85741827:A>G	chr9:85657453-85657643:-	1	156	-0.004	-0.02	trans	0.811231203909001	190	TRUE	0.631368631368631	2000	2000	1241	0.620689655172414	0.620689655172414	1	FALSE
2271	ENSG00000135049_AGTPBP1	chr9:85741827:A>G	chr9:85660935-85660973:-	1	156	-0.004	-0.02	trans	0.811231203909001	38	TRUE	0.631368631368631	2000	2000	1241	0.620689655172414	0.620689655172414	1	FALSE
2272	ENSG00000135049_AGTPBP1	chr9:85741827:A>G	chr9:85669211-85669484:-	1	303	-0.001	-0.035	trans	0.654770418330083	273	TRUE	0.784215784215784	2000	2000	1545	0.772613693153423	0.772613693153423	1	FALSE
2273	ENSG00000135049_AGTPBP1	chr9:85741827:A>G	chr9:85678334-85678398:-	1	303	0	0	trans	0.489794646510688	64	TRUE	1	2000	2000	2000	1	1	1	FALSE
2274	ENSG00000135049_AGTPBP1	chr9:85741827:A>G	chr9:85711430-85712501:-	1	338	0	0.033	trans	0.510455551188938	1071	TRUE	0.367632367632368	2000	2000	760	0.380309845077461	0.380309845077461	1	FALSE
2275	ENSG00000135049_AGTPBP1	chr9:85741827:A>G	chr9:85712501-85712566:-	1	338	0.002	0.027	trans	0.194166383423593	65	TRUE	0.256743256743257	2000	2000	503	0.251874062968516	0.251874062968516	1	FALSE
2276	ENSG00000290924_ENSG00000290924	chr9:85805376:G>A	chr9:85806133-85806650:+	0	0					517	FALSE		2000	0					FALSE
2277	ENSG00000290924_ENSG00000290924	chr9:85805376:G>A	chr9:85806650-85806825:+	0	0					175	FALSE		2000	0					FALSE
2278	ENSG00000135040_NAA35	chr9:86016657:C>A	chr9:85941273-85941528:+	4	232	0	0	trans	0.48619675051199	255	FALSE	1	2000	2000	2000	1	1	1	FALSE
2279	ENSG00000135040_NAA35	chr9:86016657:C>A	chr9:85941528-85941874:+	4	232	0	0	trans	0.48619675051199	346	FALSE	1	2000	2000	2000	1	1	1	FALSE
2280	ENSG00000135040_NAA35	chr9:86016657:C>A	chr9:85958586-85959401:+	4	232	0	0	trans	0.48619675051199	815	FALSE	1	2000	2000	2000	1	1	1	FALSE
2281	ENSG00000135040_NAA35	chr9:86016657:C>A	chr9:85959867-85959894:+	4	232	0	0	trans	0.48619675051199	27	FALSE	1	2000	2000	2000	1	1	1	FALSE
2282	ENSG00000135040_NAA35	chr9:86016657:C>A	chr9:85966595-85966672:+	4	232	0	0	trans	0.48619675051199	77	FALSE	1	2000	2000	2000	1	1	1	FALSE
2283	ENSG00000135040_NAA35	chr9:86016657:C>A	chr9:85986472-85987041:+	4	232	0	0	trans	0.48619675051199	569	FALSE	1	2000	2000	2000	1	1	1	FALSE
2284	ENSG00000135040_NAA35	chr9:86016661:G>A	chr9:85941273-85941528:+	2	128	0	0	trans	0.520750447615105	255	FALSE	1	2000	2000	2000	1	1	1	FALSE
2285	ENSG00000135040_NAA35	chr9:86016661:G>A	chr9:85941528-85941874:+	2	128	0	0	trans	0.520750447615105	346	FALSE	1	2000	2000	2000	1	1	1	FALSE
2286	ENSG00000135040_NAA35	chr9:86016661:G>A	chr9:85958586-85959401:+	2	128	0	0	trans	0.520750447615105	815	FALSE	1	2000	2000	2000	1	1	1	FALSE
2287	ENSG00000135040_NAA35	chr9:86016661:G>A	chr9:85959867-85959894:+	2	128	0	0	trans	0.520750447615105	27	FALSE	1	2000	2000	2000	1	1	1	FALSE
2288	ENSG00000135040_NAA35	chr9:86016661:G>A	chr9:85966595-85966672:+	2	128	0	0	trans	0.520750447615105	77	FALSE	1	2000	2000	2000	1	1	1	FALSE
2289	ENSG00000135040_NAA35	chr9:86016661:G>A	chr9:85986472-85987041:+	2	128	0	0	trans	0.520750447615105	569	FALSE	1	2000	2000	2000	1	1	1	FALSE
2290	ENSG00000135040_NAA35	chr9:86016670:G>A	chr9:85941273-85941528:+	1	74	0	0	trans	0.497550962535023	255	FALSE	1	2000	2000	2000	1	1	1	FALSE
2291	ENSG00000135040_NAA35	chr9:86016670:G>A	chr9:85941528-85941874:+	1	74	0	0	trans	0.497550962535023	346	FALSE	1	2000	2000	2000	1	1	1	FALSE
2292	ENSG00000135040_NAA35	chr9:86016670:G>A	chr9:85958586-85959401:+	1	74	0	0	trans	0.497550962535023	815	FALSE	1	2000	2000	2000	1	1	1	FALSE
2293	ENSG00000135040_NAA35	chr9:86016670:G>A	chr9:85959867-85959894:+	1	74	0	0	trans	0.497550962535023	27	FALSE	1	2000	2000	2000	1	1	1	FALSE
2294	ENSG00000135040_NAA35	chr9:86016670:G>A	chr9:85966595-85966672:+	1	74	0	0	trans	0.497550962535023	77	FALSE	1	2000	2000	2000	1	1	1	FALSE
2295	ENSG00000135040_NAA35	chr9:86016670:G>A	chr9:85986472-85987041:+	1	74	0	0	trans	0.497550962535023	569	FALSE	1	2000	2000	2000	1	1	1	FALSE
2296	ENSG00000135052_GOLM1	chr9:86100079:G>A	chr9:86036507-86036813:-	1	48	0	0	trans	0.522727879577405	306	TRUE	1	2000	2000	2000	1	1	1	FALSE
2297	ENSG00000135052_GOLM1	chr9:86100079:G>A	chr9:86052536-86052591:-	1	48	0	0	trans	0.522727879577405	55	TRUE	1	2000	2000	2000	1	1	1	FALSE
2298	ENSG00000135052_GOLM1	chr9:86100079:G>A	chr9:86077539-86077591:-	1	48	0	0	trans	0.522727879577405	52	TRUE	1	2000	2000	2000	1	1	1	FALSE
2299	ENSG00000135052_GOLM1	chr9:86100079:G>A	chr9:86077884-86078012:-	1	48	0	0	trans	0.522727879577405	128	TRUE	1	2000	2000	2000	1	1	1	FALSE
2300	ENSG00000135052_GOLM1	chr9:86100079:G>A	chr9:86079191-86079300:-	1	48	0	0	trans	0.522727879577405	109	TRUE	1	2000	2000	2000	1	1	1	FALSE
2301	ENSG00000135052_GOLM1	chr9:86100079:G>A	chr9:86079681-86080165:-	1	48	0	0	trans	0.522727879577405	484	TRUE	1	2000	2000	2000	1	1	1	FALSE
2302	ENSG00000135052_GOLM1	chr9:86100079:G>A	chr9:86084919-86085039:-	1	48	0	0	trans	0.522727879577405	120	TRUE	1	2000	2000	2000	1	1	1	FALSE
2303	ENSG00000135052_GOLM1	chr9:86100079:G>A	chr9:86099410-86099558:-	1	48	0.035	0.095	trans	0.0232726426266668	148	TRUE	0.191808191808192	2000	2000	366	0.183408295852074	0.183408295852074	1	FALSE
2304	ENSG00000135052_GOLM1	chr9:86077339:C>T	chr9:86052536-86052591:-	0	0					55	FALSE		2000	0					FALSE
2305	ENSG00000135052_GOLM1	chr9:86077339:C>T	chr9:86077539-86077591:-	0	0					52	FALSE		2000	0					FALSE
2306	ENSG00000135052_GOLM1	chr9:86077339:C>T	chr9:86077884-86078012:-	0	0					128	FALSE		2000	0					FALSE
2307	ENSG00000135052_GOLM1	chr9:86077339:C>T	chr9:86079191-86079300:-	0	0					109	FALSE		2000	0					FALSE
2308	ENSG00000135052_GOLM1	chr9:86077339:C>T	chr9:86079681-86080165:-	0	0					484	FALSE		2000	0					FALSE
2309	ENSG00000135070_ISCA1	chr9:86264609:G>A	chr9:86266862-86267805:-	2	86	0	0	trans	0.514907067880822	943	TRUE	1	2000	2000	2000	1	1	1	FALSE
2310	ENSG00000135070_ISCA1	chr9:86264609:G>A	chr9:86281968-86282108:-	2	86	0	0	trans	0.514907067880822	140	TRUE	1	2000	2000	2000	1	1	1	FALSE
2311	ENSG00000135070_ISCA1	chr9:86264609:G>A	chr9:86282377-86282538:-	2	86	0	0	trans	0.514907067880822	161	TRUE	1	2000	2000	2000	1	1	1	FALSE
2312	ENSG00000083223_TUT7	chr9:86352813:C>T	chr9:86309462-86309576:-	0	0					114	FALSE		2000	0					FALSE
2313	ENSG00000083223_TUT7	chr9:86352813:C>T	chr9:86318957-86319058:-	0	0					101	FALSE		2000	0					FALSE
2314	ENSG00000083223_TUT7	chr9:86352813:C>T	chr9:86319583-86319644:-	0	0					61	FALSE		2000	0					FALSE
2315	ENSG00000083223_TUT7	chr9:86352813:C>T	chr9:86319644-86319670:-	0	0					26	FALSE		2000	0					FALSE
2316	ENSG00000083223_TUT7	chr9:86352813:C>T	chr9:86322324-86322475:-	0	0					151	FALSE		2000	0					FALSE
2317	ENSG00000083223_TUT7	chr9:86352813:C>T	chr9:86324361-86324653:-	0	0					292	FALSE		2000	0					FALSE
2318	ENSG00000083223_TUT7	chr9:86352813:C>T	chr9:86326370-86326491:-	0	0					121	FALSE		2000	0					FALSE
2319	ENSG00000083223_TUT7	chr9:86352813:C>T	chr9:86336878-86337418:-	0	0					540	FALSE		2000	0					FALSE
2320	ENSG00000083223_TUT7	chr9:86352813:C>T	chr9:86337418-86337538:-	0	0					120	FALSE		2000	0					FALSE
2321	ENSG00000083223_TUT7	chr9:86352813:C>T	chr9:86338822-86338949:-	0	0					127	FALSE		2000	0					FALSE
2322	ENSG00000083223_TUT7	chr9:86352813:C>T	chr9:86340035-86340105:-	0	0					70	FALSE		2000	0					FALSE
2323	ENSG00000083223_TUT7	chr9:86352813:C>T	chr9:86341001-86341053:-	0	0					52	FALSE		2000	0					FALSE
2324	ENSG00000083223_TUT7	chr9:86352813:C>T	chr9:86344869-86344976:-	0	0					107	FALSE		2000	0					FALSE
2325	ENSG00000083223_TUT7	chr9:86352813:C>T	chr9:86354270-86354380:-	0	0					110	FALSE		2000	0					FALSE
2326	ENSG00000135047_CTSL	chr9:87728589:G>A	chr9:87726118-87726121:+	1	32	-0.011	0.05	trans	0.66101136267318	3	FALSE	0.91008991008991	2000	2000	1818	0.909045477261369	0.909045477261369	1	FALSE
2327	ENSG00000135047_CTSL	chr9:87728589:G>A	chr9:87726121-87726154:+	1	34	-0.012	0.045	trans	0.679681018334044	33	TRUE	1	2000	2000	2000	1	1	1	FALSE
2328	ENSG00000135047_CTSL	chr9:87728589:G>A	chr9:87726154-87726165:+	1	34	-0.012	0.045	trans	0.679681018334044	11	TRUE	1	2000	2000	2000	1	1	1	FALSE
2329	ENSG00000135047_CTSL	chr9:87728589:G>A	chr9:87726165-87726169:+	1	36	-0.009	0.045	trans	0.668397588329694	4	FALSE	1	2000	2000	2000	1	1	1	FALSE
2330	ENSG00000135047_CTSL	chr9:87728589:G>A	chr9:87726169-87726175:+	1	36	-0.009	0.045	trans	0.668397588329694	6	FALSE	1	2000	2000	2000	1	1	1	FALSE
2331	ENSG00000135047_CTSL	chr9:87728589:G>A	chr9:87726175-87726181:+	1	36	-0.009	0.045	trans	0.668397588329694	6	FALSE	1	2000	2000	2000	1	1	1	FALSE
2332	ENSG00000135047_CTSL	chr9:87728589:G>A	chr9:87726181-87726185:+	1	36	-0.009	0.045	trans	0.668397588329694	4	FALSE	1	2000	2000	2000	1	1	1	FALSE
2333	ENSG00000135047_CTSL	chr9:87728589:G>A	chr9:87726185-87726192:+	1	36	-0.009	0.045	trans	0.668397588329694	7	FALSE	1	2000	2000	2000	1	1	1	FALSE
2334	ENSG00000135047_CTSL	chr9:87728589:G>A	chr9:87726192-87726212:+	1	36	-0.009	0.045	trans	0.668397588329694	20	TRUE	1	2000	2000	2000	1	1	1	FALSE
2335	ENSG00000135047_CTSL	chr9:87728589:G>A	chr9:87726212-87726222:+	1	36	-0.009	0.045	trans	0.668397588329694	10	TRUE	1	2000	2000	2000	1	1	1	FALSE
2336	ENSG00000135047_CTSL	chr9:87728589:G>A	chr9:87726222-87726235:+	1	36	-0.009	0.045	trans	0.668397588329694	13	TRUE	1	2000	2000	2000	1	1	1	FALSE
2337	ENSG00000135047_CTSL	chr9:87728589:G>A	chr9:87726235-87726249:+	1	36	-0.009	0.045	trans	0.668397588329694	14	TRUE	1	2000	2000	2000	1	1	1	FALSE
2338	ENSG00000135047_CTSL	chr9:87728589:G>A	chr9:87726249-87726251:+	1	36	0.015	0.091	trans	0.307718550184667	2	FALSE	0.514485514485515	2000	2000	1006	0.503248375812094	0.503248375812094	1	FALSE
2339	ENSG00000135047_CTSL	chr9:87728589:G>A	chr9:87726251-87726252:+	1	36	0.015	0.091	trans	0.307718550184667	1	FALSE	0.514485514485515	2000	2000	1006	0.503248375812094	0.503248375812094	1	FALSE
2340	ENSG00000135047_CTSL	chr9:87728589:G>A	chr9:87726252-87726253:+	1	36	0.015	0.091	trans	0.307718550184667	1	FALSE	0.514485514485515	2000	2000	1006	0.503248375812094	0.503248375812094	1	FALSE
2341	ENSG00000135047_CTSL	chr9:87728589:G>A	chr9:87726253-87726308:+	1	36	-0.018	0.039	trans	0.784410383475011	55	TRUE	1	2000	2000	2000	1	1	1	FALSE
2342	ENSG00000135047_CTSL	chr9:87728589:G>A	chr9:87726308-87726398:+	1	36	0.009	0.214	trans	0.39439872429966	90	TRUE	0.325674325674326	2000	2000	611	0.305847076461769	0.305847076461769	1	FALSE
2343	ENSG00000135047_CTSL	chr9:87728589:G>A	chr9:87726398-87726460:+	1	36	0	0	trans	0.53339629130863	62	TRUE	1	2000	2000	2000	1	1	1	FALSE
2344	ENSG00000135047_CTSL	chr9:87728589:G>A	chr9:87726460-87726792:+	1	36	0	0	trans	0.53339629130863	332	TRUE	1	2000	2000	2000	1	1	1	FALSE
2345	ENSG00000135047_CTSL	chr9:87728589:G>A	chr9:87726792-87726838:+	1	36	0	0	trans	0.53339629130863	46	TRUE	1	2000	2000	2000	1	1	1	FALSE
2346	ENSG00000135047_CTSL	chr9:87728589:G>A	chr9:87726838-87726856:+	1	36	0	0	trans	0.53339629130863	18	TRUE	1	2000	2000	2000	1	1	1	FALSE
2347	ENSG00000135047_CTSL	chr9:87728589:G>A	chr9:87726856-87727360:+	1	36	0	0	trans	0.53339629130863	504	TRUE	1	2000	2000	2000	1	1	1	FALSE
2348	ENSG00000135047_CTSL	chr9:87728589:G>A	chr9:87727360-87727395:+	1	36	-0.015	0.039	trans	0.748554465550439	35	TRUE	1	2000	2000	2000	1	1	1	FALSE
2349	ENSG00000135047_CTSL	chr9:87728589:G>A	chr9:87727395-87727468:+	1	36	-0.015	0.058	trans	0.748554465550439	73	TRUE	1	2000	2000	2000	1	1	1	FALSE
2350	ENSG00000135047_CTSL	chr9:87728589:G>A	chr9:87727468-87727593:+	1	36	0	0	trans	0.53339629130863	125	TRUE	1	2000	2000	2000	1	1	1	FALSE
2351	ENSG00000135047_CTSL	chr9:87728589:G>A	chr9:87727593-87727602:+	1	36	0	0	trans	0.53339629130863	9	FALSE	1	2000	2000	2000	1	1	1	FALSE
2352	ENSG00000135047_CTSL	chr9:87728589:G>A	chr9:87727602-87727729:+	1	36	0	0	trans	0.53339629130863	127	TRUE	1	2000	2000	2000	1	1	1	FALSE
2353	ENSG00000135047_CTSL	chr9:87728589:G>A	chr9:87727729-87727957:+	1	36	0	0	trans	0.53339629130863	228	TRUE	1	2000	2000	2000	1	1	1	FALSE
2354	ENSG00000135047_CTSL	chr9:87728589:G>A	chr9:87727957-87728026:+	1	36	-0.005	0.097	trans	0.609950235145798	69	TRUE	0.536463536463537	2000	2000	1091	0.545727136431784	0.545727136431784	1	FALSE
2355	ENSG00000135047_CTSL	chr9:87728589:G>A	chr9:87728026-87728033:+	1	36	0	0	trans	0.53339629130863	7	FALSE	1	2000	2000	2000	1	1	1	FALSE
2356	ENSG00000135047_CTSL	chr9:87728589:G>A	chr9:87728149-87728249:+	1	36	0	0	trans	0.53339629130863	100	TRUE	1	2000	2000	2000	1	1	1	FALSE
2357	ENSG00000135047_CTSL	chr9:87728589:G>A	chr9:87728249-87728254:+	1	36	0	0	trans	0.53339629130863	5	FALSE	1	2000	2000	2000	1	1	1	FALSE
2358	ENSG00000135047_CTSL	chr9:87728589:G>A	chr9:87728254-87728396:+	1	36	0	0	trans	0.53339629130863	142	TRUE	1	2000	2000	2000	1	1	1	FALSE
2359	ENSG00000135047_CTSL	chr9:87728589:G>A	chr9:87728396-87728584:+	1	36	0	0	trans	0.53339629130863	188	TRUE	1	2000	2000	2000	1	1	1	FALSE
2360	ENSG00000135047_CTSL	chr9:87728589:G>A	chr9:87728584-87728809:+	1	36	0	0	trans	0.53339629130863	225	TRUE	1	2000	2000	2000	1	1	1	FALSE
2361	ENSG00000135047_CTSL	chr9:87728589:G>A	chr9:87728809-87729085:+	1	36	0	0	trans	0.53339629130863	276	TRUE	1	2000	2000	2000	1	1	1	FALSE
2362	ENSG00000135047_CTSL	chr9:87728589:G>A	chr9:87729085-87729179:+	1	36	0	0	trans	0.53339629130863	94	TRUE	1	2000	2000	2000	1	1	1	FALSE
2363	ENSG00000135047_CTSL	chr9:87728589:G>A	chr9:87729179-87729572:+	1	36	0	0	trans	0.53339629130863	393	TRUE	1	2000	2000	2000	1	1	1	FALSE
2364	ENSG00000135047_CTSL	chr9:87728589:G>A	chr9:87729572-87729576:+	1	36	0	0	trans	0.53339629130863	4	FALSE	1	2000	2000	2000	1	1	1	FALSE
2365	ENSG00000135047_CTSL	chr9:87728589:G>A	chr9:87729735-87730380:+	1	36	0.059	-0.182	amb	0.0131529821992816	645	TRUE	0.15984015984016	2000	2000	280	0.140429785107446	0.140429785107446	1	FALSE
2366	ENSG00000135047_CTSL	chr9:87728589:G>A	chr9:87730380-87730498:+	1	36	0	0	trans	0.53339629130863	118	TRUE	1	2000	2000	2000	1	1	1	FALSE
2367	ENSG00000135047_CTSL	chr9:87728589:G>A	chr9:87730498-87731007:+	1	36	0.059	-0.182	amb	0.0131529821992816	509	TRUE	0.15984015984016	2000	2000	280	0.140429785107446	0.140429785107446	1	FALSE
2368	ENSG00000148082_SHC3	chr9:89013166:T>C	chr9:89037365-89037526:-	0	0					161	FALSE		2000	0					FALSE
2369	ENSG00000148082_SHC3	chr9:89013166:T>C	chr9:89038288-89039688:-	0	0					1400	FALSE		2000	0					FALSE
2370	ENSG00000187742_SECISBP2	chr9:89319871:A>G	chr9:89318850-89319067:+	3	138	0	0	trans	0.488489362982212	217	TRUE	1	2000	2000	2000	1	1	1	FALSE
2371	ENSG00000187742_SECISBP2	chr9:89319871:A>G	chr9:89319797-89320340:+	3	138	0	0	trans	0.488489362982212	543	TRUE	1	2000	2000	2000	1	1	1	FALSE
2372	ENSG00000187742_SECISBP2	chr9:89319871:A>G	chr9:89320340-89320380:+	3	136	0.006	-0.117	trans	0.128506664482484	40	TRUE	0.124875124875125	2000	2000	241	0.120939530234883	0.120939530234883	1	FALSE
2373	ENSG00000187742_SECISBP2	chr9:89338507:G>A	chr9:89318850-89319067:+	3	165	0.004	-0.089	trans	0.159621546364389	217	FALSE	0.183816183816184	2000	2000	369	0.184907546226887	0.184907546226887	1	FALSE
2374	ENSG00000187742_SECISBP2	chr9:89338507:G>A	chr9:89319797-89320340:+	3	167	0	0	trans	0.509472696118445	543	FALSE	1	2000	2000	2000	1	1	1	FALSE
2375	ENSG00000187742_SECISBP2	chr9:89338507:G>A	chr9:89320340-89320380:+	3	167	0	0	trans	0.509472696118445	40	FALSE	1	2000	2000	2000	1	1	1	FALSE
2376	ENSG00000187742_SECISBP2	chr9:89338507:G>A	chr9:89321377-89321678:+	3	167	0	0	trans	0.509472696118445	301	FALSE	1	2000	2000	2000	1	1	1	FALSE
2377	ENSG00000187742_SECISBP2	chr9:89338507:G>A	chr9:89322199-89325426:+	3	167	0	0	trans	0.509472696118445	3227	FALSE	1	2000	2000	2000	1	1	1	FALSE
2378	ENSG00000187742_SECISBP2	chr9:89338507:G>A	chr9:89325426-89325547:+	3	165	-0.002	-0.044	trans	0.675212029177162	121	FALSE	0.613386613386613	2000	2000	1207	0.603698150924538	0.603698150924538	1	FALSE
2379	ENSG00000187742_SECISBP2	chr9:89338507:G>A	chr9:89328886-89330445:+	3	169	0	0	trans	0.495257800192411	1559	FALSE	1	2000	2000	2000	1	1	1	FALSE
2380	ENSG00000187742_SECISBP2	chr9:89338507:G>A	chr9:89332587-89332907:+	3	171	0	-0.012	trans	0.499147390130888	320	FALSE	0.765234765234765	2000	2000	1533	0.766616691654173	0.766616691654173	1	FALSE
2381	ENSG00000187742_SECISBP2	chr9:89338507:G>A	chr9:89334024-89334155:+	3	181	-0.002	0.026	trans	0.688494696819432	131	FALSE	0.545454545454545	2000	2000	1113	0.55672163918041	0.55672163918041	1	FALSE
2382	ENSG00000187742_SECISBP2	chr9:89338507:G>A	chr9:89334521-89334635:+	3	180	0	0.043	trans	0.531819296454158	114	FALSE	0.296703296703297	2000	2000	619	0.309845077461269	0.309845077461269	1	FALSE
2383	ENSG00000187742_SECISBP2	chr9:89338507:G>A	chr9:89356525-89357284:+	2	79	0	0	trans	0.477590559201542	759	FALSE	1	2000	2000	2000	1	1	1	FALSE
2384	ENSG00000187742_SECISBP2	chr9:89338507:G>A	chr9:89357284-89357410:+	2	79	0	0	trans	0.477590559201542	126	FALSE	1	2000	2000	2000	1	1	1	FALSE
2385	ENSG00000187742_SECISBP2	chr9:89338507:G>A	chr9:89357727-89357998:+	2	79	0	0	trans	0.477590559201542	271	FALSE	1	2000	2000	2000	1	1	1	FALSE
2386	ENSG00000187742_SECISBP2	chr9:89338513:G>A	chr9:89318850-89319067:+	2	113	0.025	-0.193	amb	1.00022508168207e-05	217	FALSE	0.020979020979021	2000	2000	41	0.0209895052473763	0.0209895052473763	0.807334650431794	FALSE
2387	ENSG00000187742_SECISBP2	chr9:89338513:G>A	chr9:89319797-89320340:+	2	112	0	0	trans	0.47615073900482	543	FALSE	1	2000	2000	2000	1	1	1	FALSE
2388	ENSG00000187742_SECISBP2	chr9:89338513:G>A	chr9:89320340-89320380:+	2	112	0	0	trans	0.47615073900482	40	FALSE	1	2000	2000	2000	1	1	1	FALSE
2389	ENSG00000187742_SECISBP2	chr9:89338513:G>A	chr9:89321377-89321678:+	2	112	0	0	trans	0.47615073900482	301	FALSE	1	2000	2000	2000	1	1	1	FALSE
2390	ENSG00000187742_SECISBP2	chr9:89338513:G>A	chr9:89322199-89325426:+	2	112	0	0	trans	0.47615073900482	3227	FALSE	1	2000	2000	2000	1	1	1	FALSE
2391	ENSG00000187742_SECISBP2	chr9:89338513:G>A	chr9:89325426-89325547:+	2	112	0.003	-0.098	trans	0.294285093068677	121	FALSE	0.237762237762238	2000	2000	506	0.253373313343328	0.253373313343328	1	FALSE
2392	ENSG00000187742_SECISBP2	chr9:89338513:G>A	chr9:89328886-89330445:+	2	112	0	0	trans	0.47615073900482	1559	FALSE	1	2000	2000	2000	1	1	1	FALSE
2393	ENSG00000187742_SECISBP2	chr9:89338513:G>A	chr9:89332587-89332907:+	2	115	-0.004	0.013	trans	0.737954144238592	320	FALSE	1	2000	2000	2000	1	1	1	FALSE
2394	ENSG00000187742_SECISBP2	chr9:89338513:G>A	chr9:89334024-89334155:+	3	152	-0.006	0.004	trans	0.891322553402746	131	FALSE	1	2000	2000	2000	1	1	1	FALSE
2395	ENSG00000187742_SECISBP2	chr9:89338513:G>A	chr9:89334521-89334635:+	3	151	-0.004	-0.023	trans	0.798694905942819	114	FALSE	0.772227772227772	2000	2000	1541	0.770614692653673	0.770614692653673	1	FALSE
2396	ENSG00000187742_SECISBP2	chr9:89338513:G>A	chr9:89356525-89357284:+	1	46	0	0	trans	0.525693531431831	759	FALSE	1	2000	1999	1999	1	1	1	FALSE
2397	ENSG00000187742_SECISBP2	chr9:89338513:G>A	chr9:89357284-89357410:+	1	46	0	0	trans	0.525693531431831	126	FALSE	1	2000	1999	1999	1	1	1	FALSE
2398	ENSG00000187742_SECISBP2	chr9:89338513:G>A	chr9:89357727-89357998:+	1	46	0	0	trans	0.525693531431831	271	FALSE	1	2000	1999	1999	1	1	1	FALSE
2399	ENSG00000187742_SECISBP2	chr9:89318529:G>C	chr9:89318850-89319067:+	1	97	0.004	0.024	trans	0.32227695676841	217	TRUE	0.024975024975025	2000	2000	50	0.0254872563718141	0.0254872563718141	0.807334650431794	FALSE
2400	ENSG00000187742_SECISBP2	chr9:89318529:G>C	chr9:89319797-89320340:+	1	97	-0.004	0.053	trans	0.702505204522669	543	TRUE	0.691308691308691	2000	2000	1320	0.660169915042479	0.660169915042479	1	FALSE
2401	ENSG00000187742_SECISBP2	chr9:89318529:G>C	chr9:89320340-89320380:+	1	97	0.032	0.223	amb	4.13043790895573e-05	40	TRUE	0.015984015984016	2000	2000	29	0.0149925037481259	0.0149925037481259	0.751941489572674	FALSE
2402	ENSG00000187742_SECISBP2	chr9:89318529:G>C	chr9:89321377-89321678:+	1	74	0.01	-0.159	trans	0.141153227552214	301	TRUE	0.147852147852148	2000	2000	276	0.138430784607696	0.138430784607696	1	FALSE
2403	ENSG00000187742_SECISBP2	chr9:89318529:G>C	chr9:89322199-89325426:+	1	57	0.01	-0.057	trans	0.243828429718082	3227	TRUE	0.490509490509491	2000	2000	978	0.489255372313843	0.489255372313843	1	FALSE
2404	ENSG00000187742_SECISBP2	chr9:89318529:G>C	chr9:89325426-89325547:+	1	57	0	0	trans	0.510535369770289	121	TRUE	1	2000	2000	2000	1	1	1	FALSE
2405	ENSG00000187742_SECISBP2	chr9:89318529:G>C	chr9:89328886-89330445:+	1	57	0.01	-0.057	trans	0.243828429718082	1559	TRUE	0.490509490509491	2000	2000	978	0.489255372313843	0.489255372313843	1	FALSE
2406	ENSG00000187742_SECISBP2	chr9:89318529:G>C	chr9:89332587-89332907:+	1	55	0	0	trans	0.49552912932619	320	TRUE	1	2000	2000	2000	1	1	1	FALSE
2407	ENSG00000187742_SECISBP2	chr9:89318529:G>C	chr9:89334024-89334155:+	1	55	0	0	trans	0.49552912932619	131	TRUE	1	2000	2000	2000	1	1	1	FALSE
2408	ENSG00000187742_SECISBP2	chr9:89318529:G>C	chr9:89334521-89334635:+	1	55	-0.008	0.061	trans	0.727535953977415	114	TRUE	0.616383616383616	2000	2000	1222	0.611194402798601	0.611194402798601	1	FALSE
2409	ENSG00000187742_SECISBP2	chr9:89318529:G>C	chr9:89356525-89357284:+	0	0					759	FALSE		2000	0					FALSE
2410	ENSG00000187742_SECISBP2	chr9:89318529:G>C	chr9:89357284-89357410:+	0	0					126	FALSE		2000	0					FALSE
2411	ENSG00000187742_SECISBP2	chr9:89318529:G>C	chr9:89357727-89357998:+	0	0					271	FALSE		2000	0					FALSE
2412	ENSG00000187742_SECISBP2	chr9:89320341:T>C	chr9:89318850-89319067:+	0	0					217	FALSE		2000	0					FALSE
2413	ENSG00000187742_SECISBP2	chr9:89320341:T>C	chr9:89319797-89320340:+	0	0					543	FALSE		2000	0					FALSE
2414	ENSG00000187742_SECISBP2	chr9:89320341:T>C	chr9:89320340-89320380:+	0	0					40	FALSE		2000	0					FALSE
2415	ENSG00000187742_SECISBP2	chr9:89338519:G>A	chr9:89318850-89319067:+	0	0					217	FALSE		2000	0					FALSE
2416	ENSG00000187742_SECISBP2	chr9:89338519:G>A	chr9:89334024-89334155:+	0	0					131	FALSE		2000	0					FALSE
2417	ENSG00000187742_SECISBP2	chr9:89338519:G>A	chr9:89334521-89334635:+	0	0					114	FALSE		2000	0					FALSE
2418	ENSG00000187742_SECISBP2	chr9:89338519:G>A	chr9:89356525-89357284:+	0	0					759	FALSE		2000	0					FALSE
2419	ENSG00000187742_SECISBP2	chr9:89338519:G>A	chr9:89357284-89357410:+	0	0					126	FALSE		2000	0					FALSE
2420	ENSG00000187742_SECISBP2	chr9:89338519:G>A	chr9:89357727-89357998:+	0	0					271	FALSE		2000	0					FALSE
2421	ENSG00000187742_SECISBP2	chr9:89338523:G>A	chr9:89318850-89319067:+	0	0					217	FALSE		2000	0					FALSE
2422	ENSG00000187742_SECISBP2	chr9:89338523:G>A	chr9:89334024-89334155:+	0	0					131	FALSE		2000	0					FALSE
2423	ENSG00000187742_SECISBP2	chr9:89338523:G>A	chr9:89334521-89334635:+	0	0					114	FALSE		2000	0					FALSE
2424	ENSG00000187742_SECISBP2	chr9:89338523:G>A	chr9:89356525-89357284:+	0	0					759	FALSE		2000	0					FALSE
2425	ENSG00000187742_SECISBP2	chr9:89338523:G>A	chr9:89357284-89357410:+	0	0					126	FALSE		2000	0					FALSE
2426	ENSG00000187742_SECISBP2	chr9:89338523:G>A	chr9:89357727-89357998:+	0	0					271	FALSE		2000	0					FALSE
2427	ENSG00000130222_GADD45G	chr9:89606286:T>C	chr9:89605174-89605431:+	1	57	0.005	0.04	trans	0.369259752351288	257	TRUE	0.403596403596404	2000	2000	794	0.397301349325337	0.397301349325337	1	FALSE
2428	ENSG00000130222_GADD45G	chr9:89606286:T>C	chr9:89605431-89605533:+	1	57	-0.015	-0.018	trans	0.865872263398538	102	TRUE	1	2000	2000	2000	1	1	1	FALSE
2429	ENSG00000130222_GADD45G	chr9:89606286:T>C	chr9:89605666-89605757:+	1	57	-0.01	0.045	trans	0.772426891324279	91	TRUE	0.475524475524476	2000	2000	964	0.482258870564718	0.482258870564718	1	FALSE
2430	ENSG00000090054_SPTLC1	chr9:92079180:T>C	chr9:92079060-92079433:-	2	87	0	0	trans	0.486618212512164	373	FALSE	1	2000	2000	2000	1	1	1	FALSE
2431	ENSG00000090054_SPTLC1	chr9:92079180:T>C	chr9:92079433-92079566:-	2	87	0	0	trans	0.486618212512164	133	FALSE	1	2000	2000	2000	1	1	1	FALSE
2432	ENSG00000090054_SPTLC1	chr9:92079180:T>C	chr9:92079852-92080015:-	2	87	0	0	trans	0.486618212512164	163	FALSE	1	2000	2000	2000	1	1	1	FALSE
2433	ENSG00000090054_SPTLC1	chr9:92079180:T>C	chr9:92080084-92080088:-	2	87	0	0	trans	0.486618212512164	4	FALSE	1	2000	2000	2000	1	1	1	FALSE
2434	ENSG00000090054_SPTLC1	chr9:92079180:T>C	chr9:92102804-92102939:-	2	87	0	0	trans	0.486618212512164	135	FALSE	1	2000	2000	2000	1	1	1	FALSE
2435	ENSG00000090054_SPTLC1	chr9:92079180:T>C	chr9:92103189-92103415:-	2	87	0	0	trans	0.486618212512164	226	FALSE	1	2000	2000	2000	1	1	1	FALSE
2436	ENSG00000090054_SPTLC1	chr9:92079180:T>C	chr9:92103935-92103998:-	2	87	0	0	trans	0.486618212512164	63	FALSE	1	2000	2000	2000	1	1	1	FALSE
2437	ENSG00000090054_SPTLC1	chr9:92079180:T>C	chr9:92103998-92104029:-	2	87	0	0	trans	0.486618212512164	31	FALSE	1	2000	2000	2000	1	1	1	FALSE
2438	ENSG00000090054_SPTLC1	chr9:92079180:T>C	chr9:92104029-92104030:-	2	87	0	0	trans	0.486618212512164	1	FALSE	1	2000	2000	2000	1	1	1	FALSE
2439	ENSG00000090054_SPTLC1	chr9:92079180:T>C	chr9:92107175-92108069:-	2	87	0	0	trans	0.486618212512164	894	FALSE	1	2000	2000	2000	1	1	1	FALSE
2440	ENSG00000090054_SPTLC1	chr9:92079180:T>C	chr9:92108069-92108739:-	2	87	0	0	trans	0.486618212512164	670	FALSE	1	2000	2000	2000	1	1	1	FALSE
2441	ENSG00000090054_SPTLC1	chr9:92079180:T>C	chr9:92112005-92112454:-	2	87	0	0	trans	0.486618212512164	449	FALSE	1	2000	2000	2000	1	1	1	FALSE
2442	ENSG00000090054_SPTLC1	chr9:92079180:T>C	chr9:92114921-92115066:-	2	87	0	0	trans	0.486618212512164	145	FALSE	1	2000	2000	2000	1	1	1	FALSE
2443	ENSG00000090054_SPTLC1	chr9:92079180:T>C	chr9:92115066-92115075:-	2	87	0	0	trans	0.486618212512164	9	FALSE	1	2000	2000	2000	1	1	1	FALSE
2444	ENSG00000090054_SPTLC1	chr9:92079180:T>C	chr9:92115075-92115313:-	2	87	0	0	trans	0.486618212512164	238	FALSE	1	2000	2000	2000	1	1	1	FALSE
2445	ENSG00000090054_SPTLC1	chr9:92079203:T>C	chr9:92079060-92079433:-	2	85	0	0	trans	0.503625970032713	373	FALSE	1	2000	2000	2000	1	1	1	FALSE
2446	ENSG00000090054_SPTLC1	chr9:92079203:T>C	chr9:92079433-92079566:-	2	85	0	0	trans	0.503625970032713	133	FALSE	1	2000	2000	2000	1	1	1	FALSE
2447	ENSG00000090054_SPTLC1	chr9:92079203:T>C	chr9:92079852-92080015:-	2	85	0	0	trans	0.503625970032713	163	FALSE	1	2000	2000	2000	1	1	1	FALSE
2448	ENSG00000090054_SPTLC1	chr9:92079203:T>C	chr9:92080084-92080088:-	2	85	0	0	trans	0.503625970032713	4	FALSE	1	2000	2000	2000	1	1	1	FALSE
2449	ENSG00000090054_SPTLC1	chr9:92079203:T>C	chr9:92102804-92102939:-	2	85	0	0	trans	0.503625970032713	135	FALSE	1	2000	2000	2000	1	1	1	FALSE
2450	ENSG00000090054_SPTLC1	chr9:92079203:T>C	chr9:92103189-92103415:-	2	85	0	0	trans	0.503625970032713	226	FALSE	1	2000	2000	2000	1	1	1	FALSE
2451	ENSG00000090054_SPTLC1	chr9:92079203:T>C	chr9:92103935-92103998:-	2	85	0	0	trans	0.503625970032713	63	FALSE	1	2000	2000	2000	1	1	1	FALSE
2452	ENSG00000090054_SPTLC1	chr9:92079203:T>C	chr9:92103998-92104029:-	2	85	0	0	trans	0.503625970032713	31	FALSE	1	2000	2000	2000	1	1	1	FALSE
2453	ENSG00000090054_SPTLC1	chr9:92079203:T>C	chr9:92104029-92104030:-	2	85	0	0	trans	0.503625970032713	1	FALSE	1	2000	2000	2000	1	1	1	FALSE
2454	ENSG00000090054_SPTLC1	chr9:92079203:T>C	chr9:92107175-92108069:-	2	85	0	0	trans	0.503625970032713	894	FALSE	1	2000	2000	2000	1	1	1	FALSE
2455	ENSG00000090054_SPTLC1	chr9:92079203:T>C	chr9:92108069-92108739:-	2	85	0	0	trans	0.503625970032713	670	FALSE	1	2000	2000	2000	1	1	1	FALSE
2456	ENSG00000090054_SPTLC1	chr9:92079203:T>C	chr9:92112005-92112454:-	2	85	0	0	trans	0.503625970032713	449	FALSE	1	2000	2000	2000	1	1	1	FALSE
2457	ENSG00000090054_SPTLC1	chr9:92079203:T>C	chr9:92114921-92115066:-	2	85	0	0	trans	0.503625970032713	145	FALSE	1	2000	2000	2000	1	1	1	FALSE
2458	ENSG00000090054_SPTLC1	chr9:92079203:T>C	chr9:92115066-92115075:-	2	85	0	0	trans	0.503625970032713	9	FALSE	1	2000	2000	2000	1	1	1	FALSE
2459	ENSG00000090054_SPTLC1	chr9:92079203:T>C	chr9:92115075-92115313:-	2	85	0	0	trans	0.503625970032713	238	FALSE	1	2000	2000	2000	1	1	1	FALSE
2460	ENSG00000090054_SPTLC1	chr9:92079212:T>C	chr9:92079060-92079433:-	1	46	0	0	trans	0.525693531431831	373	FALSE	1	2000	1914	1914	1	1	1	FALSE
2461	ENSG00000090054_SPTLC1	chr9:92079212:T>C	chr9:92079433-92079566:-	1	46	0	0	trans	0.525693531431831	133	FALSE	1	2000	1914	1914	1	1	1	FALSE
2462	ENSG00000090054_SPTLC1	chr9:92079212:T>C	chr9:92079852-92080015:-	1	46	0	0	trans	0.525693531431831	163	FALSE	1	2000	1914	1914	1	1	1	FALSE
2463	ENSG00000090054_SPTLC1	chr9:92079212:T>C	chr9:92080084-92080088:-	1	46	0	0	trans	0.525693531431831	4	FALSE	1	2000	1914	1914	1	1	1	FALSE
2464	ENSG00000090054_SPTLC1	chr9:92079212:T>C	chr9:92102804-92102939:-	1	46	0	0	trans	0.525693531431831	135	FALSE	1	2000	1914	1914	1	1	1	FALSE
2465	ENSG00000090054_SPTLC1	chr9:92079212:T>C	chr9:92103189-92103415:-	1	46	0	0	trans	0.525693531431831	226	FALSE	1	2000	1914	1914	1	1	1	FALSE
2466	ENSG00000090054_SPTLC1	chr9:92079212:T>C	chr9:92103935-92103998:-	1	46	0	0	trans	0.525693531431831	63	FALSE	1	2000	1914	1914	1	1	1	FALSE
2467	ENSG00000090054_SPTLC1	chr9:92079212:T>C	chr9:92103998-92104029:-	1	46	0	0	trans	0.525693531431831	31	FALSE	1	2000	1914	1914	1	1	1	FALSE
2468	ENSG00000090054_SPTLC1	chr9:92079212:T>C	chr9:92104029-92104030:-	1	46	0	0	trans	0.525693531431831	1	FALSE	1	2000	1914	1914	1	1	1	FALSE
2469	ENSG00000090054_SPTLC1	chr9:92079212:T>C	chr9:92107175-92108069:-	1	46	0	0	trans	0.525693531431831	894	FALSE	1	2000	1914	1914	1	1	1	FALSE
2470	ENSG00000090054_SPTLC1	chr9:92079212:T>C	chr9:92108069-92108739:-	1	46	0	0	trans	0.525693531431831	670	FALSE	1	2000	1914	1914	1	1	1	FALSE
2471	ENSG00000090054_SPTLC1	chr9:92079212:T>C	chr9:92112005-92112454:-	1	46	0	0	trans	0.525693531431831	449	FALSE	1	2000	1914	1914	1	1	1	FALSE
2472	ENSG00000090054_SPTLC1	chr9:92079212:T>C	chr9:92114921-92115066:-	1	46	0	0	trans	0.525693531431831	145	FALSE	1	2000	1914	1914	1	1	1	FALSE
2473	ENSG00000090054_SPTLC1	chr9:92079212:T>C	chr9:92115066-92115075:-	1	46	0	0	trans	0.525693531431831	9	FALSE	1	2000	1914	1914	1	1	1	FALSE
2474	ENSG00000090054_SPTLC1	chr9:92079212:T>C	chr9:92115075-92115313:-	1	46	0	0	trans	0.525693531431831	238	FALSE	1	2000	1914	1914	1	1	1	FALSE
2475	ENSG00000090054_SPTLC1	chr9:92079160:T>C	chr9:92079060-92079433:-	0	0					373	FALSE		2000	0					FALSE
2476	ENSG00000090054_SPTLC1	chr9:92079160:T>C	chr9:92079433-92079566:-	0	0					133	FALSE		2000	0					FALSE
2477	ENSG00000090054_SPTLC1	chr9:92079160:T>C	chr9:92079852-92080015:-	0	0					163	FALSE		2000	0					FALSE
2478	ENSG00000090054_SPTLC1	chr9:92079160:T>C	chr9:92080084-92080088:-	0	0					4	FALSE		2000	0					FALSE
2479	ENSG00000090054_SPTLC1	chr9:92079160:T>C	chr9:92102804-92102939:-	0	0					135	FALSE		2000	0					FALSE
2480	ENSG00000090054_SPTLC1	chr9:92079160:T>C	chr9:92103189-92103415:-	0	0					226	FALSE		2000	0					FALSE
2481	ENSG00000090054_SPTLC1	chr9:92079160:T>C	chr9:92103935-92103998:-	0	0					63	FALSE		2000	0					FALSE
2482	ENSG00000090054_SPTLC1	chr9:92079160:T>C	chr9:92103998-92104029:-	0	0					31	FALSE		2000	0					FALSE
2483	ENSG00000090054_SPTLC1	chr9:92079160:T>C	chr9:92104029-92104030:-	0	0					1	FALSE		2000	0					FALSE
2484	ENSG00000090054_SPTLC1	chr9:92079160:T>C	chr9:92107175-92108069:-	0	0					894	FALSE		2000	0					FALSE
2485	ENSG00000090054_SPTLC1	chr9:92079160:T>C	chr9:92108069-92108739:-	0	0					670	FALSE		2000	0					FALSE
2486	ENSG00000090054_SPTLC1	chr9:92079160:T>C	chr9:92112005-92112454:-	0	0					449	FALSE		2000	0					FALSE
2487	ENSG00000090054_SPTLC1	chr9:92079160:T>C	chr9:92114921-92115066:-	0	0					145	FALSE		2000	0					FALSE
2488	ENSG00000090054_SPTLC1	chr9:92079160:T>C	chr9:92115066-92115075:-	0	0					9	FALSE		2000	0					FALSE
2489	ENSG00000090054_SPTLC1	chr9:92079160:T>C	chr9:92115075-92115313:-	0	0					238	FALSE		2000	0					FALSE
2490	ENSG00000090054_SPTLC1	chr9:92079213:T>C	chr9:92079060-92079433:-	0	0					373	FALSE		2000	0					FALSE
2491	ENSG00000090054_SPTLC1	chr9:92079213:T>C	chr9:92079433-92079566:-	0	0					133	FALSE		2000	0					FALSE
2492	ENSG00000090054_SPTLC1	chr9:92079213:T>C	chr9:92079852-92080015:-	0	0					163	FALSE		2000	0					FALSE
2493	ENSG00000090054_SPTLC1	chr9:92079213:T>C	chr9:92080084-92080088:-	0	0					4	FALSE		2000	0					FALSE
2494	ENSG00000090054_SPTLC1	chr9:92079213:T>C	chr9:92102804-92102939:-	0	0					135	FALSE		2000	0					FALSE
2495	ENSG00000090054_SPTLC1	chr9:92079213:T>C	chr9:92103189-92103415:-	0	0					226	FALSE		2000	0					FALSE
2496	ENSG00000090054_SPTLC1	chr9:92079213:T>C	chr9:92103935-92103998:-	0	0					63	FALSE		2000	0					FALSE
2497	ENSG00000090054_SPTLC1	chr9:92079213:T>C	chr9:92103998-92104029:-	0	0					31	FALSE		2000	0					FALSE
2498	ENSG00000090054_SPTLC1	chr9:92079213:T>C	chr9:92104029-92104030:-	0	0					1	FALSE		2000	0					FALSE
2499	ENSG00000090054_SPTLC1	chr9:92079213:T>C	chr9:92107175-92108069:-	0	0					894	FALSE		2000	0					FALSE
2500	ENSG00000090054_SPTLC1	chr9:92079213:T>C	chr9:92108069-92108739:-	0	0					670	FALSE		2000	0					FALSE
2501	ENSG00000090054_SPTLC1	chr9:92079213:T>C	chr9:92112005-92112454:-	0	0					449	FALSE		2000	0					FALSE
2502	ENSG00000090054_SPTLC1	chr9:92079213:T>C	chr9:92114921-92115066:-	0	0					145	FALSE		2000	0					FALSE
2503	ENSG00000090054_SPTLC1	chr9:92079213:T>C	chr9:92115066-92115075:-	0	0					9	FALSE		2000	0					FALSE
2504	ENSG00000090054_SPTLC1	chr9:92079213:T>C	chr9:92115075-92115313:-	0	0					238	FALSE		2000	0					FALSE
2505	ENSG00000196305_IARS1	chr9:92210633:T>A	chr9:92223429-92223489:-	1	75	0	0	trans	0.482183442785755	60	TRUE	1	2000	2000	2000	1	1	1	FALSE
2506	ENSG00000196305_IARS1	chr9:92210633:T>A	chr9:92223489-92225908:-	1	75	-0.004	-0.023	trans	0.643966109969299	2419	TRUE	1	2000	2000	2000	1	1	1	FALSE
2507	ENSG00000196305_IARS1	chr9:92210633:T>A	chr9:92228686-92229000:-	1	74	0	0	trans	0.497550962535023	314	TRUE	1	2000	2000	2000	1	1	1	FALSE
2508	ENSG00000196305_IARS1	chr9:92210633:T>A	chr9:92229000-92229126:-	1	74	0	0	trans	0.497550962535023	126	TRUE	1	2000	2000	2000	1	1	1	FALSE
2509	ENSG00000196305_IARS1	chr9:92210633:T>A	chr9:92229126-92230365:-	1	74	0	0	trans	0.497550962535023	1239	TRUE	1	2000	2000	2000	1	1	1	FALSE
2510	ENSG00000196305_IARS1	chr9:92210633:T>A	chr9:92240288-92240298:-	1	74	0	0	trans	0.497550962535023	10	TRUE	1	2000	2000	2000	1	1	1	FALSE
2511	ENSG00000196305_IARS1	chr9:92210633:T>A	chr9:92240298-92240583:-	1	74	0	0	trans	0.497550962535023	285	TRUE	1	2000	2000	2000	1	1	1	FALSE
2512	ENSG00000196305_IARS1	chr9:92210633:T>A	chr9:92240583-92240642:-	1	74	0	0	trans	0.497550962535023	59	TRUE	1	2000	2000	2000	1	1	1	FALSE
2513	ENSG00000196305_IARS1	chr9:92210633:T>A	chr9:92240642-92240691:-	1	74	0.065	0.129	cis	1.76625380987616e-12	49	TRUE	0.001998001998002	2000	2000	3	0.00199900049975013	0.00199900049975013	0.214354361280898	TRUE
2514	ENSG00000196305_IARS1	chr9:92210633:T>A	chr9:92240691-92240762:-	1	74	0	0	trans	0.497550962535023	71	TRUE	1	2000	2000	2000	1	1	1	FALSE
2515	ENSG00000196305_IARS1	chr9:92210633:T>A	chr9:92240762-92240855:-	1	74	0	0	trans	0.497550962535023	93	TRUE	1	2000	2000	2000	1	1	1	FALSE
2516	ENSG00000196305_IARS1	chr9:92210633:T>A	chr9:92240855-92240961:-	1	74	0	0	trans	0.497550962535023	106	TRUE	1	2000	2000	2000	1	1	1	FALSE
2517	ENSG00000196305_IARS1	chr9:92210633:T>A	chr9:92242330-92242613:-	1	74	0	0	trans	0.497550962535023	283	TRUE	1	2000	2000	2000	1	1	1	FALSE
2518	ENSG00000196305_IARS1	chr9:92210633:T>A	chr9:92242613-92242687:-	1	74	0	0	trans	0.497550962535023	74	TRUE	1	2000	2000	2000	1	1	1	FALSE
2519	ENSG00000196305_IARS1	chr9:92210633:T>A	chr9:92242687-92243215:-	1	74	0	0	trans	0.497550962535023	528	TRUE	1	2000	2000	2000	1	1	1	FALSE
2520	ENSG00000196305_IARS1	chr9:92210633:T>A	chr9:92243311-92243449:-	1	74	0	0	trans	0.497550962535023	138	TRUE	1	2000	2000	2000	1	1	1	FALSE
2521	ENSG00000196305_IARS1	chr9:92210633:T>A	chr9:92243474-92243799:-	1	74	0	0	trans	0.497550962535023	325	TRUE	1	2000	2000	2000	1	1	1	FALSE
2522	ENSG00000196305_IARS1	chr9:92210633:T>A	chr9:92245071-92245101:-	1	74	0	0	trans	0.497550962535023	30	TRUE	1	2000	2000	2000	1	1	1	FALSE
2523	ENSG00000196305_IARS1	chr9:92210633:T>A	chr9:92247551-92248597:-	1	74	0	0	trans	0.497550962535023	1046	TRUE	1	2000	2000	2000	1	1	1	FALSE
2524	ENSG00000196305_IARS1	chr9:92210633:T>A	chr9:92249941-92249991:-	1	74	0.01	-0.047	trans	0.141153227552214	50	TRUE	0.485514485514486	2000	2000	987	0.493753123438281	0.493753123438281	1	FALSE
2525	ENSG00000196305_IARS1	chr9:92210633:T>A	chr9:92249991-92250186:-	1	74	0	0	trans	0.497550962535023	195	TRUE	1	2000	2000	2000	1	1	1	FALSE
2526	ENSG00000196305_IARS1	chr9:92210633:T>A	chr9:92250284-92250289:-	1	74	0	0.061	trans	0.497550962535023	5	FALSE	0.370629370629371	2000	2000	726	0.363318340829585	0.363318340829585	1	FALSE
2527	ENSG00000196305_IARS1	chr9:92210633:T>A	chr9:92250289-92250712:-	1	74	-0.012	0.018	trans	0.899141936601833	423	TRUE	0.758241758241758	2000	2000	1519	0.759620189905047	0.759620189905047	1	FALSE
2528	ENSG00000196305_IARS1	chr9:92210633:T>A	chr9:92250759-92250834:-	1	74	-0.009	0.029	trans	0.830457166168473	75	TRUE	0.711288711288711	2000	2000	1428	0.714142928535732	0.714142928535732	1	FALSE
2529	ENSG00000196305_IARS1	chr9:92210633:T>A	chr9:92250834-92251067:-	1	74	-0.008	0.036	trans	0.802079398396862	233	TRUE	0.679320679320679	2000	2000	1368	0.68415792103948	0.68415792103948	1	FALSE
2530	ENSG00000196305_IARS1	chr9:92210633:T>A	chr9:92251067-92251807:-	1	74	-0.008	0.036	trans	0.802079398396862	740	TRUE	0.679320679320679	2000	2000	1368	0.68415792103948	0.68415792103948	1	FALSE
2531	ENSG00000196305_IARS1	chr9:92210633:T>A	chr9:92251885-92252546:-	1	74	-0.012	-0.005	trans	0.899141936601833	661	TRUE	1	2000	2000	2000	1	1	1	FALSE
2532	ENSG00000196305_IARS1	chr9:92210633:T>A	chr9:92252546-92252573:-	1	74	-0.012	-0.005	trans	0.899141936601833	27	TRUE	1	2000	2000	2000	1	1	1	FALSE
2533	ENSG00000196305_IARS1	chr9:92210633:T>A	chr9:92252573-92252593:-	1	74	-0.012	-0.005	trans	0.899141936601833	20	TRUE	1	2000	2000	2000	1	1	1	FALSE
2534	ENSG00000196305_IARS1	chr9:92210633:T>A	chr9:92252593-92252746:-	1	74	-0.012	-0.005	trans	0.899141936601833	153	TRUE	1	2000	2000	2000	1	1	1	FALSE
2535	ENSG00000196305_IARS1	chr9:92210633:T>A	chr9:92252746-92252749:-	1	73	-0.012	0.017	trans	0.896567809661096	3	FALSE	0.724275724275724	2000	2000	1437	0.71864067966017	0.71864067966017	1	FALSE
2536	ENSG00000196305_IARS1	chr9:92210633:T>A	chr9:92253361-92253446:-	1	69	-0.013	-0.019	trans	0.871005466387008	85	TRUE	0.889110889110889	2000	2000	1758	0.879060469765117	0.879060469765117	1	FALSE
2537	ENSG00000196305_IARS1	chr9:92210633:T>A	chr9:92253446-92253453:-	1	69	-0.006	-0.057	trans	0.701320558995709	7	FALSE	0.572427572427572	2000	2000	1151	0.575712143928036	0.575712143928036	1	FALSE
2538	ENSG00000196305_IARS1	chr9:92210633:T>A	chr9:92253453-92253820:-	1	69	-0.007	-0.047	trans	0.73050424339891	367	TRUE	0.662337662337662	2000	2000	1264	0.632183908045977	0.632183908045977	1	FALSE
2539	ENSG00000196305_IARS1	chr9:92210633:T>A	chr9:92253820-92255534:-	1	64	-0.014	0.016	trans	0.866574078077101	1714	TRUE	1	2000	2000	2000	1	1	1	FALSE
2540	ENSG00000196305_IARS1	chr9:92210633:T>A	chr9:92255534-92255604:-	1	64	-0.01	-0.032	trans	0.789582096122839	70	TRUE	0.832167832167832	2000	2000	1692	0.846076961519241	0.846076961519241	1	FALSE
2541	ENSG00000196305_IARS1	chr9:92210633:T>A	chr9:92255604-92256679:-	1	64	-0.014	0.016	trans	0.866574078077101	1075	TRUE	1	2000	2000	2000	1	1	1	FALSE
2542	ENSG00000196305_IARS1	chr9:92210633:T>A	chr9:92256679-92256683:-	1	64	-0.014	-0.016	trans	0.866574078077101	4	FALSE	1	2000	2000	2000	1	1	1	FALSE
2543	ENSG00000196305_IARS1	chr9:92210633:T>A	chr9:92256800-92258853:-	1	64	-0.014	0.016	trans	0.866574078077101	2053	TRUE	1	2000	2000	2000	1	1	1	FALSE
2544	ENSG00000196305_IARS1	chr9:92210633:T>A	chr9:92262135-92262232:-	1	64	-0.008	0.044	trans	0.742892063658966	97	TRUE	0.337662337662338	2000	2000	679	0.339830084957521	0.339830084957521	1	FALSE
2545	ENSG00000196305_IARS1	chr9:92210633:T>A	chr9:92267238-92267409:-	1	64	0.004	0.036	trans	0.395958755070848	171	TRUE	0.133866133866134	2000	2000	269	0.134932533733133	0.134932533733133	1	FALSE
2546	ENSG00000196305_IARS1	chr9:92210633:T>A	chr9:92268300-92268317:-	1	64	0	0	trans	0.516570536726138	17	TRUE	1	2000	2000	2000	1	1	1	FALSE
2547	ENSG00000196305_IARS1	chr9:92210633:T>A	chr9:92269877-92269884:-	1	64	-0.014	0.016	trans	0.866574078077101	7	FALSE	1	2000	2000	2000	1	1	1	FALSE
2548	ENSG00000196305_IARS1	chr9:92210633:T>A	chr9:92271758-92271902:-	1	64	0.004	0.036	trans	0.395958755070848	144	TRUE	0.124875124875125	2000	2000	274	0.137431284357821	0.137431284357821	1	FALSE
2549	ENSG00000196305_IARS1	chr9:92210633:T>A	chr9:92280258-92280745:-	1	64	0	0	trans	0.516570536726138	487	TRUE	1	2000	2000	2000	1	1	1	FALSE
2550	ENSG00000196305_IARS1	chr9:92210633:T>A	chr9:92285721-92285839:-	1	64	0	0	trans	0.516570536726138	118	TRUE	1	2000	2000	2000	1	1	1	FALSE
2551	ENSG00000196305_IARS1	chr9:92210633:T>A	chr9:92285839-92286535:-	1	64	0.002	0.095	trans	0.455753989723598	696	TRUE	0.292707292707293	2000	2000	568	0.284357821089455	0.284357821089455	1	FALSE
2552	ENSG00000196305_IARS1	chr9:92210633:T>A	chr9:92286535-92286618:-	1	64	-0.012	0.004	trans	0.8308820856932	83	TRUE	1	2000	2000	2000	1	1	1	FALSE
2553	ENSG00000196305_IARS1	chr9:92210633:T>A	chr9:92286618-92287509:-	1	64	-0.008	0.048	trans	0.742892063658966	891	TRUE	0.716283716283716	2000	2000	1415	0.707646176911544	0.707646176911544	1	FALSE
2554	ENSG00000196305_IARS1	chr9:92210633:T>A	chr9:92287509-92287790:-	1	64	-0.008	0.048	trans	0.742892063658966	281	TRUE	0.716283716283716	2000	2000	1415	0.707646176911544	0.707646176911544	1	FALSE
2555	ENSG00000196305_IARS1	chr9:92210633:T>A	chr9:92288125-92288282:-	1	64	0	0	trans	0.516570536726138	157	TRUE	1	2000	2000	2000	1	1	1	FALSE
2556	ENSG00000196305_IARS1	chr9:92210633:T>A	chr9:92289300-92289426:-	1	64	0	0	trans	0.516570536726138	126	TRUE	1	2000	2000	2000	1	1	1	FALSE
2557	ENSG00000196305_IARS1	chr9:92210633:T>A	chr9:92290835-92290922:-	1	64	-0.008	0.044	trans	0.742892063658966	87	TRUE	0.348651348651349	2000	2000	706	0.353323338330835	0.353323338330835	1	FALSE
2558	ENSG00000196305_IARS1	chr9:92210633:T>A	chr9:92293440-92293610:-	1	64	0.026	-0.218	trans	0.0259866957602188	170	TRUE	0.047952047952048	2000	2000	98	0.0494752623688156	0.0494752623688156	1	FALSE
2559	ENSG00000196305_IARS1	chr9:92210683:A>G	chr9:92223429-92223489:-	2	120	0	0	trans	0.471974064010356	60	TRUE	1	2000	2000	2000	1	1	1	FALSE
2560	ENSG00000196305_IARS1	chr9:92210683:A>G	chr9:92223489-92225908:-	2	120	0.002	-0.019	trans	0.324711320700022	2419	TRUE	0.534465534465535	2000	2000	1076	0.538230884557721	0.538230884557721	1	FALSE
2561	ENSG00000196305_IARS1	chr9:92210683:A>G	chr9:92228686-92229000:-	2	119	0	0	trans	0.482522181259101	314	TRUE	1	2000	2000	2000	1	1	1	FALSE
2562	ENSG00000196305_IARS1	chr9:92210683:A>G	chr9:92229000-92229126:-	2	119	0	0	trans	0.482522181259101	126	TRUE	1	2000	2000	2000	1	1	1	FALSE
2563	ENSG00000196305_IARS1	chr9:92210683:A>G	chr9:92229126-92230365:-	2	119	0	0	trans	0.482522181259101	1239	TRUE	1	2000	2000	2000	1	1	1	FALSE
2564	ENSG00000196305_IARS1	chr9:92210683:A>G	chr9:92240288-92240298:-	2	119	0	0	trans	0.482522181259101	10	TRUE	1	2000	2000	2000	1	1	1	FALSE
2565	ENSG00000196305_IARS1	chr9:92210683:A>G	chr9:92240298-92240583:-	2	119	0	0	trans	0.482522181259101	285	TRUE	1	2000	2000	2000	1	1	1	FALSE
2566	ENSG00000196305_IARS1	chr9:92210683:A>G	chr9:92240583-92240642:-	2	119	0	0	trans	0.482522181259101	59	TRUE	1	2000	2000	2000	1	1	1	FALSE
2567	ENSG00000196305_IARS1	chr9:92210683:A>G	chr9:92240642-92240691:-	2	119	0.035	0.13	cis	5.67717983734895e-10	49	TRUE	0.018981018981019	2000	2000	33	0.0169915042478761	0.0169915042478761	0.751941489572674	TRUE
2568	ENSG00000196305_IARS1	chr9:92210683:A>G	chr9:92240691-92240762:-	2	119	0	0	trans	0.482522181259101	71	TRUE	1	2000	2000	2000	1	1	1	FALSE
2569	ENSG00000196305_IARS1	chr9:92210683:A>G	chr9:92240762-92240855:-	2	119	0	0	trans	0.482522181259101	93	TRUE	1	2000	2000	2000	1	1	1	FALSE
2570	ENSG00000196305_IARS1	chr9:92210683:A>G	chr9:92240855-92240961:-	2	119	0	0	trans	0.482522181259101	106	TRUE	1	2000	2000	2000	1	1	1	FALSE
2571	ENSG00000196305_IARS1	chr9:92210683:A>G	chr9:92242330-92242613:-	2	119	0	0	trans	0.482522181259101	283	TRUE	1	2000	2000	2000	1	1	1	FALSE
2572	ENSG00000196305_IARS1	chr9:92210683:A>G	chr9:92242613-92242687:-	2	119	-0.002	0.015	trans	0.618529192157473	74	TRUE	0.653346653346653	2000	2000	1307	0.653673163418291	0.653673163418291	1	FALSE
2573	ENSG00000196305_IARS1	chr9:92210683:A>G	chr9:92242687-92243215:-	2	119	0	0	trans	0.482522181259101	528	TRUE	1	2000	2000	2000	1	1	1	FALSE
2574	ENSG00000196305_IARS1	chr9:92210683:A>G	chr9:92243311-92243449:-	2	119	0	0	trans	0.482522181259101	138	TRUE	1	2000	2000	2000	1	1	1	FALSE
2575	ENSG00000196305_IARS1	chr9:92210683:A>G	chr9:92243474-92243799:-	2	119	0	0	trans	0.482522181259101	325	TRUE	1	2000	2000	2000	1	1	1	FALSE
2576	ENSG00000196305_IARS1	chr9:92210683:A>G	chr9:92245071-92245101:-	2	119	0	0	trans	0.482522181259101	30	TRUE	1	2000	2000	2000	1	1	1	FALSE
2577	ENSG00000196305_IARS1	chr9:92210683:A>G	chr9:92247551-92248597:-	2	119	0	0	trans	0.482522181259101	1046	TRUE	1	2000	2000	2000	1	1	1	FALSE
2578	ENSG00000196305_IARS1	chr9:92210683:A>G	chr9:92249941-92249991:-	2	119	0.015	-0.038	amb	0.00421109266377284	50	TRUE	0.284715284715285	2000	2000	583	0.291854072963518	0.291854072963518	1	FALSE
2579	ENSG00000196305_IARS1	chr9:92210683:A>G	chr9:92249991-92250186:-	2	119	0	0	trans	0.482522181259101	195	TRUE	1	2000	2000	2000	1	1	1	FALSE
2580	ENSG00000196305_IARS1	chr9:92210683:A>G	chr9:92250284-92250289:-	2	119	-0.004	0.032	trans	0.741204996174632	5	FALSE	0.463536463536464	2000	2000	919	0.459770114942529	0.459770114942529	1	FALSE
2581	ENSG00000196305_IARS1	chr9:92210683:A>G	chr9:92250289-92250712:-	2	119	-0.007	0.002	trans	0.878037393097264	423	TRUE	1	2000	2000	2000	1	1	1	FALSE
2582	ENSG00000196305_IARS1	chr9:92210683:A>G	chr9:92250759-92250834:-	2	120	-0.004	-0.031	trans	0.75747498967522	75	TRUE	0.496503496503497	2000	2000	990	0.495252373813093	0.495252373813093	1	FALSE
2583	ENSG00000196305_IARS1	chr9:92210683:A>G	chr9:92250834-92251067:-	2	118	-0.006	-0.02	trans	0.839114899418815	233	TRUE	0.997002997002997	2000	2000	1994	0.997001499250375	0.997001499250375	1	FALSE
2584	ENSG00000196305_IARS1	chr9:92210683:A>G	chr9:92251067-92251807:-	2	118	-0.006	-0.02	trans	0.839114899418815	740	TRUE	0.997002997002997	2000	2000	1994	0.997001499250375	0.997001499250375	1	FALSE
2585	ENSG00000196305_IARS1	chr9:92210683:A>G	chr9:92251885-92252546:-	2	120	-0.006	0.011	trans	0.86047575342485	661	TRUE	0.913086913086913	2000	2000	1837	0.918540729635182	0.918540729635182	1	FALSE
2586	ENSG00000196305_IARS1	chr9:92210683:A>G	chr9:92252546-92252573:-	2	120	-0.006	0.011	trans	0.86047575342485	27	TRUE	0.913086913086913	2000	2000	1837	0.918540729635182	0.918540729635182	1	FALSE
2587	ENSG00000196305_IARS1	chr9:92210683:A>G	chr9:92252573-92252593:-	2	120	-0.006	0.011	trans	0.86047575342485	20	TRUE	0.913086913086913	2000	2000	1837	0.918540729635182	0.918540729635182	1	FALSE
2588	ENSG00000196305_IARS1	chr9:92210683:A>G	chr9:92252593-92252746:-	2	120	-0.006	0.011	trans	0.86047575342485	153	TRUE	0.913086913086913	2000	2000	1837	0.918540729635182	0.918540729635182	1	FALSE
2589	ENSG00000196305_IARS1	chr9:92210683:A>G	chr9:92252746-92252749:-	2	117	-0.007	0.002	trans	0.873232349718268	3	FALSE	1	2000	2000	2000	1	1	1	FALSE
2590	ENSG00000196305_IARS1	chr9:92210683:A>G	chr9:92253361-92253446:-	2	110	-0.007	0.012	trans	0.849712651246794	85	TRUE	0.793206793206793	2000	2000	1569	0.784607696151924	0.784607696151924	1	FALSE
2591	ENSG00000196305_IARS1	chr9:92210683:A>G	chr9:92253446-92253453:-	2	110	-0.005	0.033	trans	0.768123450585951	7	FALSE	0.76023976023976	2000	2000	1537	0.768615692153923	0.768615692153923	1	FALSE
2592	ENSG00000196305_IARS1	chr9:92210683:A>G	chr9:92253453-92253820:-	2	109	0	-0.064	trans	0.5245212115612	367	TRUE	0.321678321678322	2000	2000	625	0.312843578210895	0.312843578210895	1	FALSE
2593	ENSG00000196305_IARS1	chr9:92210683:A>G	chr9:92253820-92255534:-	2	102	-0.004	-0.034	trans	0.727909037944073	1714	TRUE	0.582417582417583	2000	2000	1159	0.579710144927536	0.579710144927536	1	FALSE
2594	ENSG00000196305_IARS1	chr9:92210683:A>G	chr9:92255534-92255604:-	2	101	-0.002	-0.053	trans	0.613322097517269	70	TRUE	0.378621378621379	2000	2000	746	0.373313343328336	0.373313343328336	1	FALSE
2595	ENSG00000196305_IARS1	chr9:92210683:A>G	chr9:92255604-92256679:-	2	102	-0.004	-0.034	trans	0.727909037944073	1075	TRUE	0.582417582417583	2000	2000	1159	0.579710144927536	0.579710144927536	1	FALSE
2596	ENSG00000196305_IARS1	chr9:92210683:A>G	chr9:92256679-92256683:-	2	102	-0.008	0.016	trans	0.869990026969227	4	FALSE	0.984015984015984	2000	2000	1968	0.984007996001999	0.984007996001999	1	FALSE
2597	ENSG00000196305_IARS1	chr9:92210683:A>G	chr9:92256800-92258853:-	2	102	-0.008	-0.016	trans	0.869990026969227	2053	TRUE	0.984015984015984	2000	2000	1968	0.984007996001999	0.984007996001999	1	FALSE
2598	ENSG00000196305_IARS1	chr9:92210683:A>G	chr9:92262135-92262232:-	2	102	-0.004	-0.034	trans	0.727909037944073	97	TRUE	0.571428571428571	2000	2000	1168	0.584207896051974	0.584207896051974	1	FALSE
2599	ENSG00000196305_IARS1	chr9:92210683:A>G	chr9:92267238-92267409:-	2	102	-0.002	0.017	trans	0.63554654302689	171	TRUE	0.633366633366633	2000	2000	1304	0.652173913043478	0.652173913043478	1	FALSE
2600	ENSG00000196305_IARS1	chr9:92210683:A>G	chr9:92268300-92268317:-	2	102	0	0	trans	0.534528557167327	17	TRUE	1	2000	2000	2000	1	1	1	FALSE
2601	ENSG00000196305_IARS1	chr9:92210683:A>G	chr9:92269877-92269884:-	2	102	-0.007	0.024	trans	0.840468031185278	7	FALSE	0.769230769230769	2000	2000	1547	0.773613193403298	0.773613193403298	1	FALSE
2602	ENSG00000196305_IARS1	chr9:92210683:A>G	chr9:92271758-92271902:-	2	102	0.008	0.034	trans	0.170288249038149	144	TRUE	0.240759240759241	2000	2000	472	0.236381809095452	0.236381809095452	1	FALSE
2603	ENSG00000196305_IARS1	chr9:92210683:A>G	chr9:92280258-92280745:-	2	102	0	0	trans	0.534528557167327	487	TRUE	1	2000	2000	2000	1	1	1	FALSE
2604	ENSG00000196305_IARS1	chr9:92210683:A>G	chr9:92285721-92285839:-	2	102	0	0	trans	0.534528557167327	118	TRUE	1	2000	2000	2000	1	1	1	FALSE
2605	ENSG00000196305_IARS1	chr9:92210683:A>G	chr9:92285839-92286535:-	2	102	-0.006	0.024	trans	0.806870783495264	696	TRUE	0.821178821178821	2000	2000	1638	0.819090454772614	0.819090454772614	1	FALSE
2606	ENSG00000196305_IARS1	chr9:92210683:A>G	chr9:92286535-92286618:-	2	103	-0.005	-0.032	trans	0.75835342038752	83	TRUE	0.581418581418581	2000	2000	1193	0.596701649175412	0.596701649175412	1	FALSE
2607	ENSG00000196305_IARS1	chr9:92210683:A>G	chr9:92286618-92287509:-	2	102	-0.005	-0.032	trans	0.76927519716985	891	TRUE	0.779220779220779	2000	2000	1538	0.769115442278861	0.769115442278861	1	FALSE
2608	ENSG00000196305_IARS1	chr9:92210683:A>G	chr9:92287509-92287790:-	2	102	-0.005	-0.032	trans	0.76927519716985	281	TRUE	0.779220779220779	2000	2000	1538	0.769115442278861	0.769115442278861	1	FALSE
2609	ENSG00000196305_IARS1	chr9:92210683:A>G	chr9:92288125-92288282:-	2	102	-0.002	-0.017	trans	0.63554654302689	157	TRUE	0.494505494505495	2000	2000	971	0.48575712143928	0.48575712143928	1	FALSE
2610	ENSG00000196305_IARS1	chr9:92210683:A>G	chr9:92289300-92289426:-	2	103	0.027	-0.068	amb	2.70653783971397e-05	126	TRUE	0.126873126873127	2000	2000	248	0.124437781109445	0.124437781109445	1	FALSE
2611	ENSG00000196305_IARS1	chr9:92210683:A>G	chr9:92290835-92290922:-	2	102	-0.009	0.006	trans	0.895497233477182	87	TRUE	1	2000	2000	2000	1	1	1	FALSE
2612	ENSG00000196305_IARS1	chr9:92210683:A>G	chr9:92293440-92293610:-	2	103	-0.005	0.01	trans	0.75835342038752	170	TRUE	0.997002997002997	2000	2000	1996	0.99800099950025	0.99800099950025	1	FALSE
2613	ENSG00000196305_IARS1	chr9:92223354:T>C	chr9:92223429-92223489:-	2	101	0	0	trans	0.507686765433804	60	TRUE	1	2000	2000	2000	1	1	1	FALSE
2614	ENSG00000196305_IARS1	chr9:92223354:T>C	chr9:92223489-92225908:-	2	101	0.003	-0.023	trans	0.35055978831868	2419	TRUE	0.464535464535465	2000	2000	936	0.468265867066467	0.468265867066467	1	FALSE
2615	ENSG00000196305_IARS1	chr9:92223354:T>C	chr9:92228686-92229000:-	2	100	0	0	trans	0.489827279327769	314	TRUE	1	2000	2000	2000	1	1	1	FALSE
2616	ENSG00000196305_IARS1	chr9:92223354:T>C	chr9:92229000-92229126:-	2	100	0	0	trans	0.489827279327769	126	TRUE	1	2000	2000	2000	1	1	1	FALSE
2617	ENSG00000196305_IARS1	chr9:92223354:T>C	chr9:92229126-92230365:-	2	100	0	0	trans	0.489827279327769	1239	TRUE	1	2000	2000	2000	1	1	1	FALSE
2618	ENSG00000196305_IARS1	chr9:92223354:T>C	chr9:92240288-92240298:-	2	100	0	0	trans	0.489827279327769	10	TRUE	1	2000	2000	2000	1	1	1	FALSE
2619	ENSG00000196305_IARS1	chr9:92223354:T>C	chr9:92240298-92240583:-	2	100	0	0	trans	0.489827279327769	285	TRUE	1	2000	2000	2000	1	1	1	FALSE
2620	ENSG00000196305_IARS1	chr9:92223354:T>C	chr9:92240583-92240642:-	2	100	0	0	trans	0.489827279327769	59	TRUE	1	2000	2000	2000	1	1	1	FALSE
2621	ENSG00000196305_IARS1	chr9:92223354:T>C	chr9:92240642-92240691:-	2	100	0.012	0.08	trans	0.0372806164845922	49	TRUE	0.221778221778222	2000	2000	416	0.208395802098951	0.208395802098951	1	FALSE
2622	ENSG00000196305_IARS1	chr9:92223354:T>C	chr9:92240691-92240762:-	2	100	0	0	trans	0.489827279327769	71	TRUE	1	2000	2000	2000	1	1	1	FALSE
2623	ENSG00000196305_IARS1	chr9:92223354:T>C	chr9:92240762-92240855:-	2	100	0	0	trans	0.489827279327769	93	TRUE	1	2000	2000	2000	1	1	1	FALSE
2624	ENSG00000196305_IARS1	chr9:92223354:T>C	chr9:92240855-92240961:-	2	100	0	0	trans	0.489827279327769	106	TRUE	1	2000	2000	2000	1	1	1	FALSE
2625	ENSG00000196305_IARS1	chr9:92223354:T>C	chr9:92242330-92242613:-	2	100	-0.003	0.017	trans	0.660530362190688	283	TRUE	0.887112887112887	2000	2000	1782	0.891054472763618	0.891054472763618	1	FALSE
2626	ENSG00000196305_IARS1	chr9:92223354:T>C	chr9:92242613-92242687:-	2	100	0.008	0.034	trans	0.115600663096801	74	TRUE	0.275724275724276	2000	2000	555	0.277861069465267	0.277861069465267	1	FALSE
2627	ENSG00000196305_IARS1	chr9:92223354:T>C	chr9:92242687-92243215:-	2	100	-0.003	0.017	trans	0.660530362190688	528	TRUE	0.887112887112887	2000	2000	1782	0.891054472763618	0.891054472763618	1	FALSE
2628	ENSG00000196305_IARS1	chr9:92223354:T>C	chr9:92243311-92243449:-	2	100	0	0	trans	0.489827279327769	138	TRUE	1	2000	2000	2000	1	1	1	FALSE
2629	ENSG00000196305_IARS1	chr9:92223354:T>C	chr9:92243474-92243799:-	2	100	0	0	trans	0.489827279327769	325	TRUE	1	2000	2000	2000	1	1	1	FALSE
2630	ENSG00000196305_IARS1	chr9:92223354:T>C	chr9:92245071-92245101:-	2	100	0	0	trans	0.489827279327769	30	TRUE	1	2000	2000	2000	1	1	1	FALSE
2631	ENSG00000196305_IARS1	chr9:92223354:T>C	chr9:92247551-92248597:-	2	100	0	0	trans	0.489827279327769	1046	TRUE	1	2000	2000	2000	1	1	1	FALSE
2632	ENSG00000196305_IARS1	chr9:92223354:T>C	chr9:92249941-92249991:-	2	100	0.019	-0.048	amb	0.00248902244880056	50	TRUE	0.236763236763237	2000	2000	468	0.234382808595702	0.234382808595702	1	FALSE
2633	ENSG00000196305_IARS1	chr9:92223354:T>C	chr9:92249991-92250186:-	2	100	0	0	trans	0.489827279327769	195	TRUE	1	2000	2000	2000	1	1	1	FALSE
2634	ENSG00000196305_IARS1	chr9:92223354:T>C	chr9:92250284-92250289:-	2	101	0.003	0.059	trans	0.35055978831868	5	FALSE	0.306693306693307	2000	2000	597	0.298850574712644	0.298850574712644	1	FALSE
2635	ENSG00000196305_IARS1	chr9:92223354:T>C	chr9:92250289-92250712:-	2	100	-0.009	0.004	trans	0.901948988069261	423	TRUE	0.988011988011988	2000	2000	1966	0.983008495752124	0.983008495752124	1	FALSE
2636	ENSG00000196305_IARS1	chr9:92223354:T>C	chr9:92250759-92250834:-	2	101	-0.008	0.018	trans	0.863054405520339	75	TRUE	0.958041958041958	2000	2000	1920	0.960019990004998	0.960019990004998	1	FALSE
2637	ENSG00000196305_IARS1	chr9:92223354:T>C	chr9:92250834-92251067:-	2	100	-0.007	0.015	trans	0.841295144082491	233	TRUE	0.857142857142857	2000	2000	1722	0.861069465267366	0.861069465267366	1	FALSE
2638	ENSG00000196305_IARS1	chr9:92223354:T>C	chr9:92251067-92251807:-	2	100	-0.007	0.015	trans	0.841295144082491	740	TRUE	0.857142857142857	2000	2000	1722	0.861069465267366	0.861069465267366	1	FALSE
2639	ENSG00000196305_IARS1	chr9:92223354:T>C	chr9:92251885-92252546:-	2	100	-0.008	-0.002	trans	0.874157453484308	661	TRUE	1	2000	2000	2000	1	1	1	FALSE
2640	ENSG00000196305_IARS1	chr9:92223354:T>C	chr9:92252546-92252573:-	2	100	-0.008	-0.002	trans	0.874157453484308	27	TRUE	1	2000	2000	2000	1	1	1	FALSE
2641	ENSG00000196305_IARS1	chr9:92223354:T>C	chr9:92252573-92252593:-	2	100	-0.008	-0.002	trans	0.874157453484308	20	TRUE	1	2000	2000	2000	1	1	1	FALSE
2642	ENSG00000196305_IARS1	chr9:92223354:T>C	chr9:92252593-92252746:-	2	100	-0.008	-0.002	trans	0.874157453484308	153	TRUE	1	2000	2000	2000	1	1	1	FALSE
2643	ENSG00000196305_IARS1	chr9:92223354:T>C	chr9:92252746-92252749:-	2	98	-0.009	0.004	trans	0.881070206236517	3	FALSE	0.812187812187812	2000	2000	1666	0.833083458270865	0.833083458270865	1	FALSE
2644	ENSG00000196305_IARS1	chr9:92223354:T>C	chr9:92253361-92253446:-	2	93	-0.003	-0.044	trans	0.67114962939571	85	TRUE	0.417582417582418	2000	2000	837	0.418790604697651	0.418790604697651	1	FALSE
2645	ENSG00000196305_IARS1	chr9:92223354:T>C	chr9:92253446-92253453:-	2	92	-0.007	0.01	trans	0.822993672212633	7	FALSE	1	2000	2000	2000	1	1	1	FALSE
2646	ENSG00000196305_IARS1	chr9:92223354:T>C	chr9:92253453-92253820:-	2	93	-0.003	-0.05	trans	0.67114962939571	367	TRUE	0.426573426573427	2000	2000	846	0.423288355822089	0.423288355822089	1	FALSE
2647	ENSG00000196305_IARS1	chr9:92223354:T>C	chr9:92253820-92255534:-	2	87	-0.012	0.01	trans	0.933334826079826	1714	TRUE	0.881118881118881	2000	2000	1783	0.891554222888556	0.891554222888556	1	FALSE
2648	ENSG00000196305_IARS1	chr9:92223354:T>C	chr9:92255534-92255604:-	2	86	-0.008	0.003	trans	0.792542857829503	70	TRUE	1	2000	2000	2000	1	1	1	FALSE
2649	ENSG00000196305_IARS1	chr9:92223354:T>C	chr9:92255604-92256679:-	2	87	-0.012	0.01	trans	0.933334826079826	1075	TRUE	0.881118881118881	2000	2000	1783	0.891554222888556	0.891554222888556	1	FALSE
2650	ENSG00000196305_IARS1	chr9:92223354:T>C	chr9:92256679-92256683:-	2	86	-0.009	-0.021	trans	0.81925082445674	4	FALSE	0.994005994005994	2000	2000	1989	0.994502748625687	0.994502748625687	1	FALSE
2651	ENSG00000196305_IARS1	chr9:92223354:T>C	chr9:92256800-92258853:-	2	86	-0.009	0.021	trans	0.81925082445674	2053	TRUE	0.994005994005994	2000	2000	1989	0.994502748625687	0.994502748625687	1	FALSE
2652	ENSG00000196305_IARS1	chr9:92223354:T>C	chr9:92262135-92262232:-	2	87	-0.011	0.001	trans	0.915156502099374	97	TRUE	1	2000	2000	2000	1	1	1	FALSE
2653	ENSG00000196305_IARS1	chr9:92223354:T>C	chr9:92267238-92267409:-	2	87	0	0	trans	0.486618212512164	171	TRUE	1	2000	2000	2000	1	1	1	FALSE
2654	ENSG00000196305_IARS1	chr9:92223354:T>C	chr9:92268300-92268317:-	2	87	0	0	trans	0.486618212512164	17	TRUE	1	2000	2000	2000	1	1	1	FALSE
2655	ENSG00000196305_IARS1	chr9:92223354:T>C	chr9:92269877-92269884:-	2	88	-0.001	0.049	trans	0.554022470162783	7	FALSE	0.301698301698302	2000	2000	611	0.305847076461769	0.305847076461769	1	FALSE
2656	ENSG00000196305_IARS1	chr9:92223354:T>C	chr9:92271758-92271902:-	2	88	0.008	0.038	trans	0.220246587818722	144	TRUE	0.30969030969031	2000	2000	632	0.316341829085457	0.316341829085457	1	FALSE
2657	ENSG00000196305_IARS1	chr9:92223354:T>C	chr9:92280258-92280745:-	2	87	0	0	trans	0.486618212512164	487	TRUE	1	2000	2000	2000	1	1	1	FALSE
2658	ENSG00000196305_IARS1	chr9:92223354:T>C	chr9:92285721-92285839:-	2	87	0	0	trans	0.486618212512164	118	TRUE	1	2000	2000	2000	1	1	1	FALSE
2659	ENSG00000196305_IARS1	chr9:92223354:T>C	chr9:92285839-92286535:-	2	86	-0.007	-0.025	trans	0.763633221874928	696	TRUE	0.782217782217782	2000	2000	1596	0.798100949525237	0.798100949525237	1	FALSE
2660	ENSG00000196305_IARS1	chr9:92223354:T>C	chr9:92286535-92286618:-	2	87	-0.007	-0.02	trans	0.805563025530224	83	TRUE	0.819180819180819	2000	2000	1647	0.823588205897052	0.823588205897052	1	FALSE
2661	ENSG00000196305_IARS1	chr9:92223354:T>C	chr9:92286618-92287509:-	2	87	-0.007	0.012	trans	0.805563025530224	891	TRUE	1	2000	2000	2000	1	1	1	FALSE
2662	ENSG00000196305_IARS1	chr9:92223354:T>C	chr9:92287509-92287790:-	2	87	-0.007	0.012	trans	0.805563025530224	281	TRUE	1	2000	2000	2000	1	1	1	FALSE
2663	ENSG00000196305_IARS1	chr9:92223354:T>C	chr9:92288125-92288282:-	2	87	0	0	trans	0.486618212512164	157	TRUE	1	2000	2000	2000	1	1	1	FALSE
2664	ENSG00000196305_IARS1	chr9:92223354:T>C	chr9:92289300-92289426:-	2	86	0.02	-0.06	trans	0.0282358839751447	126	TRUE	0.166833166833167	2000	2000	339	0.169915042478761	0.169915042478761	1	FALSE
2665	ENSG00000196305_IARS1	chr9:92223354:T>C	chr9:92290835-92290922:-	2	88	-0.007	0.03	trans	0.770539601879315	87	TRUE	0.480519480519481	2000	2000	980	0.490254872563718	0.490254872563718	1	FALSE
2666	ENSG00000196305_IARS1	chr9:92223354:T>C	chr9:92293440-92293610:-	2	87	-0.006	-0.007	trans	0.768456760101614	170	TRUE	0.995004995004995	2000	2000	1989	0.994502748625687	0.994502748625687	1	FALSE
2667	ENSG00000165233_CARD19	chr9:93113273:G>A	chr9:93107816-93107827:+	3	392	0	-0.056	trans	0.508490796450013	11	TRUE	0.467532467532468	2000	2000	911	0.455772113943029	0.455772113943029	1	FALSE
2668	ENSG00000165233_CARD19	chr9:93113273:G>A	chr9:93108990-93109092:+	3	391	0	0	trans	0.522330011282619	102	TRUE	1	2000	2000	2000	1	1	1	FALSE
2669	ENSG00000165233_CARD19	chr9:93113273:G>A	chr9:93109891-93110567:+	3	407	-0.002	0.008	trans	0.868001291056912	676	TRUE	1	2000	2000	2000	1	1	1	FALSE
2670	ENSG00000165233_CARD19	chr9:93113273:G>A	chr9:93110721-93111187:+	3	406	0	0.038	trans	0.483068957892936	466	TRUE	0.425574425574426	2000	2000	880	0.440279860069965	0.440279860069965	1	FALSE
2671	ENSG00000165233_CARD19	chr9:93113273:G>A	chr9:93111187-93111214:+	3	406	0	0.038	trans	0.483068957892936	27	TRUE	0.425574425574426	2000	2000	880	0.440279860069965	0.440279860069965	1	FALSE
2672	ENSG00000165233_CARD19	chr9:93113273:G>A	chr9:93111214-93111878:+	3	406	0	0.038	trans	0.483068957892936	664	TRUE	0.425574425574426	2000	2000	880	0.440279860069965	0.440279860069965	1	FALSE
2673	ENSG00000165233_CARD19	chr9:93113273:G>A	chr9:93111878-93111938:+	3	406	-0.001	0.029	trans	0.724455579084669	60	TRUE	0.806193806193806	2000	2000	1597	0.798600699650175	0.798600699650175	1	FALSE
2674	ENSG00000165233_CARD19	chr9:93113273:G>A	chr9:93111938-93112217:+	3	407	0	-0.052	trans	0.496085939048043	279	TRUE	0.488511488511489	2000	2000	954	0.477261369315342	0.477261369315342	1	FALSE
2675	ENSG00000165233_CARD19	chr9:93110602:C>T	chr9:93107816-93107827:+	1	100	0	0.106	trans	0.489827279327769	11	TRUE	0.353646353646354	2000	2000	712	0.35632183908046	0.35632183908046	1	FALSE
2676	ENSG00000165233_CARD19	chr9:93110602:C>T	chr9:93108990-93109092:+	1	100	0	0	trans	0.489827279327769	102	TRUE	1	2000	2000	2000	1	1	1	FALSE
2677	ENSG00000165233_CARD19	chr9:93110602:C>T	chr9:93109891-93110567:+	1	100	0	0	trans	0.489827279327769	676	TRUE	1	2000	2000	2000	1	1	1	FALSE
2678	ENSG00000165233_CARD19	chr9:93110602:C>T	chr9:93110721-93111187:+	1	100	0.005	-0.12	trans	0.224268294582445	466	TRUE	0.173826173826174	2000	2000	357	0.178910544727636	0.178910544727636	1	FALSE
2679	ENSG00000165233_CARD19	chr9:93110602:C>T	chr9:93111187-93111214:+	1	100	0.005	-0.12	trans	0.224268294582445	27	TRUE	0.173826173826174	2000	2000	357	0.178910544727636	0.178910544727636	1	FALSE
2680	ENSG00000165233_CARD19	chr9:93110602:C>T	chr9:93111214-93111878:+	1	100	0.005	-0.12	trans	0.224268294582445	664	TRUE	0.173826173826174	2000	2000	357	0.178910544727636	0.178910544727636	1	FALSE
2681	ENSG00000165233_CARD19	chr9:93110602:C>T	chr9:93111878-93111938:+	1	100	0.021	-0.152	amb	0.000963062149437088	60	TRUE	0.040959040959041	2000	2000	67	0.0339830084957521	0.0339830084957521	0.816764031777215	FALSE
2682	ENSG00000165233_CARD19	chr9:93110602:C>T	chr9:93111938-93112217:+	1	100	-0.005	-0.008	trans	0.760171090002326	279	TRUE	1	2000	2000	2000	1	1	1	FALSE
2683	ENSG00000165233_CARD19	chr9:93113164:C>T	chr9:93107816-93107827:+	1	148	-0.002	0.05	trans	0.646091266506949	11	TRUE	0.613386613386613	2000	2000	1231	0.615692153923038	0.615692153923038	1	FALSE
2684	ENSG00000165233_CARD19	chr9:93113164:C>T	chr9:93108990-93109092:+	1	148	0	0	trans	0.485497054448319	102	TRUE	1	2000	2000	2000	1	1	1	FALSE
2685	ENSG00000165233_CARD19	chr9:93113164:C>T	chr9:93109891-93110567:+	1	159	-0.004	-0.016	trans	0.800535382769212	676	TRUE	0.722277722277722	2000	2000	1465	0.732633683158421	0.732633683158421	1	FALSE
2686	ENSG00000165233_CARD19	chr9:93113164:C>T	chr9:93110721-93111187:+	1	159	-0.003	-0.025	trans	0.737585143136059	466	TRUE	1	2000	2000	2000	1	1	1	FALSE
2687	ENSG00000165233_CARD19	chr9:93113164:C>T	chr9:93111187-93111214:+	1	159	-0.003	-0.025	trans	0.737585143136059	27	TRUE	1	2000	2000	2000	1	1	1	FALSE
2688	ENSG00000165233_CARD19	chr9:93113164:C>T	chr9:93111214-93111878:+	1	159	-0.003	-0.025	trans	0.737585143136059	664	TRUE	1	2000	2000	2000	1	1	1	FALSE
2689	ENSG00000165233_CARD19	chr9:93113164:C>T	chr9:93111878-93111938:+	1	159	0.015	-0.122	amb	0.000963737345592408	60	TRUE	0.033966033966034	2000	2000	64	0.0324837581209395	0.0324837581209395	0.813787796367303	FALSE
2690	ENSG00000165233_CARD19	chr9:93113164:C>T	chr9:93111938-93112217:+	1	159	-0.003	0.019	trans	0.737585143136059	279	TRUE	1	2000	2000	2000	1	1	1	FALSE
2691	ENSG00000165238_WNK2	chr9:93320565:G>A	chr9:93204974-93205003:+	0	0					29	FALSE		2000	0					FALSE
2692	ENSG00000165238_WNK2	chr9:93320565:G>A	chr9:93234775-93234807:+	0	0					32	FALSE		2000	0					FALSE
2693	ENSG00000165238_WNK2	chr9:93320565:G>A	chr9:93256298-93256454:+	0	0					156	FALSE		2000	0					FALSE
2694	ENSG00000165238_WNK2	chr9:93320565:G>A	chr9:93256725-93256769:+	0	0					44	FALSE		2000	0					FALSE
2695	ENSG00000165238_WNK2	chr9:93320565:G>A	chr9:93263265-93263324:+	0	0					59	FALSE		2000	0					FALSE
2696	ENSG00000165238_WNK2	chr9:93320565:G>A	chr9:93267019-93267244:+	0	0					225	FALSE		2000	0					FALSE
2697	ENSG00000165238_WNK2	chr9:93320565:G>A	chr9:93268839-93268950:+	0	0					111	FALSE		2000	0					FALSE
2698	ENSG00000165238_WNK2	chr9:93320565:G>A	chr9:93292307-93292310:+	0	0					3	FALSE		2000	0					FALSE
2699	ENSG00000165238_WNK2	chr9:93320565:G>A	chr9:93299069-93299261:+	0	0					192	FALSE		2000	0					FALSE
2700	ENSG00000165238_WNK2	chr9:93320565:G>A	chr9:93300050-93300149:+	0	0					99	FALSE		2000	0					FALSE
2701	ENSG00000165238_WNK2	chr9:93320565:G>A	chr9:93300149-93300326:+	0	0					177	FALSE		2000	0					FALSE
2702	ENSG00000165238_WNK2	chr9:93320565:G>A	chr9:93306018-93306636:+	0	0					618	FALSE		2000	0					FALSE
2703	ENSG00000165238_WNK2	chr9:93320565:G>A	chr9:93306636-93306776:+	0	0					140	FALSE		2000	0					FALSE
2704	ENSG00000165238_WNK2	chr9:93320565:G>A	chr9:93306776-93306821:+	0	0					45	FALSE		2000	0					FALSE
2705	ENSG00000165238_WNK2	chr9:93320565:G>A	chr9:93306821-93308327:+	0	0					1506	FALSE		2000	0					FALSE
2706	ENSG00000165238_WNK2	chr9:93320565:G>A	chr9:93308720-93309195:+	0	0					475	FALSE		2000	0					FALSE
2707	ENSG00000165238_WNK2	chr9:93320565:G>A	chr9:93315487-93317519:+	1	31	-0.012	0.103	trans	0.667876668578899	2032	TRUE	0.709290709290709	2000	2000	1422	0.711144427786107	0.711144427786107	1	FALSE
2708	ENSG00000165238_WNK2	chr9:93320565:G>A	chr9:93317631-93317872:+	1	31	0	0	trans	0.487044554019432	241	TRUE	1	2000	2000	2000	1	1	1	FALSE
2709	ENSG00000165238_WNK2	chr9:93320565:G>A	chr9:93317872-93318027:+	1	31	0	0	trans	0.487044554019432	155	TRUE	1	2000	2000	2000	1	1	1	FALSE
2710	ENSG00000165238_WNK2	chr9:93320565:G>A	chr9:93318027-93319204:+	1	31	0	0	trans	0.487044554019432	1177	TRUE	1	2000	2000	2000	1	1	1	FALSE
2711	ENSG00000165238_WNK2	chr9:93320565:G>A	chr9:93319204-93319205:+	1	31	0	0	trans	0.487044554019432	1	FALSE	1	2000	2000	2000	1	1	1	FALSE
2712	ENSG00000165238_WNK2	chr9:93320565:G>A	chr9:93319205-93319208:+	1	31	0	0	trans	0.487044554019432	3	FALSE	1	2000	2000	2000	1	1	1	FALSE
2713	ENSG00000188938_FAM120AOS	chr9:93447660:T>C	chr9:93446923-93447257:-	0	0					334	FALSE		2000	0					FALSE
2714	ENSG00000188938_FAM120AOS	chr9:93447660:T>C	chr9:93448368-93448489:-	0	0					121	FALSE		2000	0					FALSE
2715	ENSG00000188938_FAM120AOS	chr9:93447660:T>C	chr9:93450474-93450478:-	0	0					4	FALSE		2000	0					FALSE
2716	ENSG00000188938_FAM120AOS	chr9:93447660:T>C	chr9:93450587-93450599:-	0	0					12	FALSE		2000	0					FALSE
2717	ENSG00000188938_FAM120AOS	chr9:93447660:T>C	chr9:93450741-93450944:-	0	0					203	FALSE		2000	0					FALSE
2718	ENSG00000188938_FAM120AOS	chr9:93447660:T>C	chr9:93450944-93450983:-	0	0					39	FALSE		2000	0					FALSE
2719	ENSG00000188938_FAM120AOS	chr9:93447660:T>C	chr9:93450983-93451087:-	0	0					104	FALSE		2000	0					FALSE
2720	ENSG00000188938_FAM120AOS	chr9:93447660:T>C	chr9:93451087-93451114:-	0	0					27	FALSE		2000	0					FALSE
2721	ENSG00000188938_FAM120AOS	chr9:93447660:T>C	chr9:93451114-93451208:-	0	0					94	FALSE		2000	0					FALSE
2722	ENSG00000188938_FAM120AOS	chr9:93447660:T>C	chr9:93451208-93451480:-	0	0					272	FALSE		2000	0					FALSE
2723	ENSG00000188938_FAM120AOS	chr9:93447660:T>C	chr9:93451480-93451512:-	0	0					32	FALSE		2000	0					FALSE
2724	ENSG00000188938_FAM120AOS	chr9:93447660:T>C	chr9:93451512-93451524:-	0	0					12	FALSE		2000	0					FALSE
2725	ENSG00000188938_FAM120AOS	chr9:93447660:T>C	chr9:93451524-93451530:-	0	0					6	FALSE		2000	0					FALSE
2726	ENSG00000188938_FAM120AOS	chr9:93447660:T>C	chr9:93451530-93451562:-	0	0					32	FALSE		2000	0					FALSE
2727	ENSG00000188938_FAM120AOS	chr9:93451246:A>G	chr9:93446493-93446524:-	0	0					31	FALSE		2000	0					FALSE
2728	ENSG00000188938_FAM120AOS	chr9:93451246:A>G	chr9:93446524-93446532:-	0	0					8	FALSE		2000	0					FALSE
2729	ENSG00000188938_FAM120AOS	chr9:93451246:A>G	chr9:93446532-93446904:-	0	0					372	FALSE		2000	0					FALSE
2730	ENSG00000188938_FAM120AOS	chr9:93451246:A>G	chr9:93446904-93446923:-	0	0					19	FALSE		2000	0					FALSE
2731	ENSG00000188938_FAM120AOS	chr9:93451246:A>G	chr9:93446923-93447257:-	0	0					334	FALSE		2000	0					FALSE
2732	ENSG00000188938_FAM120AOS	chr9:93451246:A>G	chr9:93448368-93448489:-	0	0					121	FALSE		2000	0					FALSE
2733	ENSG00000188938_FAM120AOS	chr9:93451246:A>G	chr9:93450474-93450478:-	0	0					4	FALSE		2000	0					FALSE
2734	ENSG00000188938_FAM120AOS	chr9:93451246:A>G	chr9:93450587-93450599:-	0	0					12	FALSE		2000	0					FALSE
2735	ENSG00000188938_FAM120AOS	chr9:93451246:A>G	chr9:93450741-93450944:-	0	0					203	FALSE		2000	0					FALSE
2736	ENSG00000188938_FAM120AOS	chr9:93451246:A>G	chr9:93450944-93450983:-	0	0					39	FALSE		2000	0					FALSE
2737	ENSG00000188938_FAM120AOS	chr9:93451246:A>G	chr9:93450983-93451087:-	0	0					104	FALSE		2000	0					FALSE
2738	ENSG00000188938_FAM120AOS	chr9:93451246:A>G	chr9:93451087-93451114:-	0	0					27	FALSE		2000	0					FALSE
2739	ENSG00000188938_FAM120AOS	chr9:93451246:A>G	chr9:93451114-93451208:-	0	0					94	FALSE		2000	0					FALSE
2740	ENSG00000188938_FAM120AOS	chr9:93451246:A>G	chr9:93451208-93451480:-	0	0					272	FALSE		2000	0					FALSE
2741	ENSG00000188938_FAM120AOS	chr9:93451246:A>G	chr9:93451480-93451512:-	0	0					32	FALSE		2000	0					FALSE
2742	ENSG00000188938_FAM120AOS	chr9:93451246:A>G	chr9:93451512-93451524:-	0	0					12	FALSE		2000	0					FALSE
2743	ENSG00000188938_FAM120AOS	chr9:93451246:A>G	chr9:93451524-93451530:-	0	0					6	FALSE		2000	0					FALSE
2744	ENSG00000188938_FAM120AOS	chr9:93451246:A>G	chr9:93451530-93451562:-	0	0					32	FALSE		2000	0					FALSE
2745	ENSG00000148120_AOPEP	chr9:95086807:A>G	chr9:94759349-94759450:+	0	0					101	FALSE		2000	0					FALSE
2746	ENSG00000148120_AOPEP	chr9:95086807:A>G	chr9:94760580-94760733:+	0	0					153	FALSE		2000	0					FALSE
2747	ENSG00000148120_AOPEP	chr9:95086807:A>G	chr9:94763126-94763411:+	0	0					285	FALSE		2000	0					FALSE
2748	ENSG00000148120_AOPEP	chr9:95086807:A>G	chr9:94773168-94773355:+	0	0					187	FALSE		2000	0					FALSE
2749	ENSG00000148120_AOPEP	chr9:95086807:A>G	chr9:94773355-94773791:+	0	0					436	FALSE		2000	0					FALSE
2750	ENSG00000148120_AOPEP	chr9:95086807:A>G	chr9:94773791-94774060:+	0	0					269	FALSE		2000	0					FALSE
2751	ENSG00000148120_AOPEP	chr9:95086807:A>G	chr9:94774295-94774404:+	0	0					109	FALSE		2000	0					FALSE
2752	ENSG00000148120_AOPEP	chr9:95086807:A>G	chr9:94792453-94792764:+	0	0					311	FALSE		2000	0					FALSE
2753	ENSG00000148120_AOPEP	chr9:95086807:A>G	chr9:94792918-94793331:+	0	0					413	FALSE		2000	0					FALSE
2754	ENSG00000148120_AOPEP	chr9:95086807:A>G	chr9:94800756-94801002:+	0	0					246	FALSE		2000	0					FALSE
2755	ENSG00000148120_AOPEP	chr9:95086807:A>G	chr9:94852019-94852761:+	0	0					742	FALSE		2000	0					FALSE
2756	ENSG00000148120_AOPEP	chr9:95086807:A>G	chr9:94853384-94854342:+	0	0					958	FALSE		2000	0					FALSE
2757	ENSG00000148120_AOPEP	chr9:95086807:A>G	chr9:94855616-94855716:+	0	0					100	FALSE		2000	0					FALSE
2758	ENSG00000148120_AOPEP	chr9:95086807:A>G	chr9:94859100-94859126:+	0	0					26	FALSE		2000	0					FALSE
2759	ENSG00000148120_AOPEP	chr9:95086807:A>G	chr9:94898517-94898661:+	0	0					144	FALSE		2000	0					FALSE
2760	ENSG00000148120_AOPEP	chr9:95086807:A>G	chr9:94920214-94920335:+	0	0					121	FALSE		2000	0					FALSE
2761	ENSG00000148120_AOPEP	chr9:95086807:A>G	chr9:94921203-94921208:+	0	0					5	FALSE		2000	0					FALSE
2762	ENSG00000148120_AOPEP	chr9:95086807:A>G	chr9:94921208-94921259:+	0	0					51	FALSE		2000	0					FALSE
2763	ENSG00000148120_AOPEP	chr9:95086807:A>G	chr9:94921259-94921345:+	0	0					86	FALSE		2000	0					FALSE
2764	ENSG00000148120_AOPEP	chr9:95086807:A>G	chr9:94923985-94924175:+	0	0					190	FALSE		2000	0					FALSE
2765	ENSG00000148120_AOPEP	chr9:95086807:A>G	chr9:94928424-94928531:+	0	0					107	FALSE		2000	0					FALSE
2766	ENSG00000148120_AOPEP	chr9:95086807:A>G	chr9:94931714-94931833:+	0	0					119	FALSE		2000	0					FALSE
2767	ENSG00000148120_AOPEP	chr9:95086807:A>G	chr9:94931833-94933671:+	0	0					1838	FALSE		2000	0					FALSE
2768	ENSG00000148120_AOPEP	chr9:95086807:A>G	chr9:94934563-94935356:+	0	0					793	FALSE		2000	0					FALSE
2769	ENSG00000148120_AOPEP	chr9:95086807:A>G	chr9:95003916-95004286:+	0	0					370	FALSE		2000	0					FALSE
2770	ENSG00000148120_AOPEP	chr9:95086807:A>G	chr9:95004979-95004995:+	0	0					16	FALSE		2000	0					FALSE
2771	ENSG00000148120_AOPEP	chr9:95086807:A>G	chr9:95004995-95005007:+	0	0					12	FALSE		2000	0					FALSE
2772	ENSG00000148120_AOPEP	chr9:95086807:A>G	chr9:95005007-95005009:+	0	0					2	FALSE		2000	0					FALSE
2773	ENSG00000148120_AOPEP	chr9:95086807:A>G	chr9:95005009-95005012:+	0	0					3	FALSE		2000	0					FALSE
2774	ENSG00000148120_AOPEP	chr9:95086807:A>G	chr9:95005012-95005065:+	0	0					53	FALSE		2000	0					FALSE
2775	ENSG00000148120_AOPEP	chr9:95086807:A>G	chr9:95005089-95005096:+	0	0					7	FALSE		2000	0					FALSE
2776	ENSG00000148120_AOPEP	chr9:95086807:A>G	chr9:95005096-95005157:+	0	0					61	FALSE		2000	0					FALSE
2777	ENSG00000148120_AOPEP	chr9:95086807:A>G	chr9:95005616-95005736:+	0	0					120	FALSE		2000	0					FALSE
2778	ENSG00000148120_AOPEP	chr9:95086807:A>G	chr9:95005999-95006200:+	0	0					201	FALSE		2000	0					FALSE
2779	ENSG00000148120_AOPEP	chr9:95086807:A>G	chr9:95018890-95019449:+	0	0					559	FALSE		2000	0					FALSE
2780	ENSG00000148120_AOPEP	chr9:95086807:A>G	chr9:95019449-95020233:+	0	0					784	FALSE		2000	0					FALSE
2781	ENSG00000148120_AOPEP	chr9:95086807:A>G	chr9:95021677-95022277:+	0	0					600	FALSE		2000	0					FALSE
2782	ENSG00000148120_AOPEP	chr9:95086807:A>G	chr9:95022277-95022285:+	0	0					8	FALSE		2000	0					FALSE
2783	ENSG00000148120_AOPEP	chr9:95086807:A>G	chr9:95048767-95049055:+	0	0					288	FALSE		2000	0					FALSE
2784	ENSG00000148120_AOPEP	chr9:95086807:A>G	chr9:95056229-95056269:+	0	0					40	FALSE		2000	0					FALSE
2785	ENSG00000148120_AOPEP	chr9:95086807:A>G	chr9:95056269-95056406:+	0	0					137	FALSE		2000	0					FALSE
2786	ENSG00000148120_AOPEP	chr9:95086807:A>G	chr9:95056406-95056532:+	0	0					126	FALSE		2000	0					FALSE
2787	ENSG00000148120_AOPEP	chr9:95086807:A>G	chr9:95060693-95060810:+	0	0					117	FALSE		2000	0					FALSE
2788	ENSG00000148120_AOPEP	chr9:95086807:A>G	chr9:95060810-95060919:+	0	0					109	FALSE		2000	0					FALSE
2789	ENSG00000148120_AOPEP	chr9:95086807:A>G	chr9:95060919-95060987:+	0	0					68	FALSE		2000	0					FALSE
2790	ENSG00000148120_AOPEP	chr9:95086807:A>G	chr9:95082574-95082592:+	0	0					18	FALSE		2000	0					FALSE
2791	ENSG00000148120_AOPEP	chr9:95086807:A>G	chr9:95082592-95082719:+	0	0					127	FALSE		2000	0					FALSE
2792	ENSG00000148120_AOPEP	chr9:95086807:A>G	chr9:95082719-95082728:+	0	0					9	FALSE		2000	0					FALSE
2793	ENSG00000148120_AOPEP	chr9:95086807:A>G	chr9:95082728-95083035:+	0	0					307	FALSE		2000	0					FALSE
2794	ENSG00000148120_AOPEP	chr9:95086807:A>G	chr9:95085929-95086119:+	0	0					190	FALSE		2000	0					FALSE
2795	ENSG00000148120_AOPEP	chr9:95086807:A>G	chr9:95086681-95086731:+	0	0					50	FALSE		2000	0					FALSE
2796	ENSG00000148120_AOPEP	chr9:95086807:A>G	chr9:95086731-95086841:+	0	0					110	FALSE		2000	0					FALSE
2797	ENSG00000148120_AOPEP	chr9:95086807:A>G	chr9:95086841-95086918:+	0	0					77	FALSE		2000	0					FALSE
2798	ENSG00000148120_AOPEP	chr9:95086807:A>G	chr9:95086918-95087052:+	0	0					134	FALSE		2000	0					FALSE
2799	ENSG00000148120_AOPEP	chr9:95086807:A>G	chr9:95087052-95087159:+	0	0					107	FALSE		2000	0					FALSE
2800	ENSG00000175611_ERCC6L2-AS1	chr9:95875147:C>T	chr9:95869051-95869839:-	0	0					788	FALSE		2000	0					FALSE
2801	ENSG00000175611_ERCC6L2-AS1	chr9:95875147:C>T	chr9:95869839-95870087:-	0	0					248	FALSE		2000	0					FALSE
2802	ENSG00000175611_ERCC6L2-AS1	chr9:95875147:C>T	chr9:95870087-95870246:-	1	34	-0.015	0.045	trans	0.729532320296428	159	TRUE	0.851148851148851	2000	1978	1682	0.850429509853461	0.852073963018491	1	FALSE
2803	ENSG00000175611_ERCC6L2-AS1	chr9:95875147:C>T	chr9:95870246-95870282:-	1	40	-0.014	0	trans	0.77294292273503	36	TRUE	1	2000	2000	2000	1	1	1	FALSE
2804	ENSG00000175611_ERCC6L2-AS1	chr9:95875147:C>T	chr9:95870282-95870283:-	1	44	-0.012	-0.017	trans	0.743509743330813	1	FALSE	0.946053946053946	2000	2000	1895	0.947526236881559	0.947526236881559	1	FALSE
2805	ENSG00000175611_ERCC6L2-AS1	chr9:95875147:C>T	chr9:95870283-95870441:-	2	79	-0.007	0.026	trans	0.764482142810321	158	TRUE	1	2000	2000	2000	1	1	1	FALSE
2806	ENSG00000175611_ERCC6L2-AS1	chr9:95875147:C>T	chr9:95874508-95874548:-	2	79	0.006	-0.141	trans	0.235086129095574	40	TRUE	0.225774225774226	2000	2000	442	0.221389305347326	0.221389305347326	1	FALSE
2807	ENSG00000175611_ERCC6L2-AS1	chr9:95875147:C>T	chr9:95874548-95874622:-	2	79	0.002	-0.105	trans	0.390429132661438	74	TRUE	0.336663336663337	2000	2000	672	0.336331834082959	0.336331834082959	1	FALSE
2808	ENSG00000175611_ERCC6L2-AS1	chr9:95875147:C>T	chr9:95874622-95874979:-	2	78	-0.011	-0.015	trans	0.870757567409617	357	TRUE	0.93006993006993	2000	2000	1856	0.928035982008996	0.928035982008996	1	FALSE
2809	ENSG00000175611_ERCC6L2-AS1	chr9:95875147:C>T	chr9:95874979-95875079:-	2	79	0	0	trans	0.477590559201542	100	TRUE	1	2000	2000	2000	1	1	1	FALSE
2810	ENSG00000175611_ERCC6L2-AS1	chr9:95875147:C>T	chr9:95875079-95875147:-	2	79	0	0	trans	0.477590559201542	68	TRUE	1	2000	2000	2000	1	1	1	FALSE
2811	ENSG00000175611_ERCC6L2-AS1	chr9:95875147:C>T	chr9:95875147-95875154:-	2	79	0	0	trans	0.477590559201542	7	FALSE	1	2000	2000	2000	1	1	1	FALSE
2812	ENSG00000175611_ERCC6L2-AS1	chr9:95875147:C>T	chr9:95875154-95875225:-	2	79	0.014	-0.058	trans	0.0536776539690945	71	TRUE	0.437562437562438	2000	2000	900	0.450274862568716	0.450274862568716	1	FALSE
2813	ENSG00000175611_ERCC6L2-AS1	chr9:95875147:C>T	chr9:95875225-95875270:-	2	79	0	0	trans	0.477590559201542	45	TRUE	1	2000	2000	2000	1	1	1	FALSE
2814	ENSG00000175611_ERCC6L2-AS1	chr9:95875147:C>T	chr9:95875270-95875461:-	2	79	0	0	trans	0.477590559201542	191	TRUE	1	2000	2000	2000	1	1	1	FALSE
2815	ENSG00000175611_ERCC6L2-AS1	chr9:95875147:C>T	chr9:95875461-95875478:-	1	43	0	0	trans	0.44868968574436	17	TRUE	1	2000	2000	2000	1	1	1	FALSE
2816	ENSG00000175611_ERCC6L2-AS1	chr9:95875147:C>T	chr9:95875478-95875480:-	1	43	0	0	trans	0.44868968574436	2	FALSE	1	2000	2000	2000	1	1	1	FALSE
2817	ENSG00000175611_ERCC6L2-AS1	chr9:95875147:C>T	chr9:95875480-95875551:-	1	42	0	0	trans	0.48128695669642	71	TRUE	1	2000	2000	2000	1	1	1	FALSE
2818	ENSG00000175611_ERCC6L2-AS1	chr9:95875147:C>T	chr9:95875551-95875556:-	1	34	0	0	trans	0.455585507100522	5	FALSE	1	2000	1980	1980	1	1	1	FALSE
2819	ENSG00000175611_ERCC6L2-AS1	chr9:95875147:C>T	chr9:95875556-95875583:-	1	34	0	0	trans	0.455585507100522	27	TRUE	1	2000	1980	1980	1	1	1	FALSE
2820	ENSG00000175611_ERCC6L2-AS1	chr9:95875147:C>T	chr9:95875583-95875586:-	0	0					3	FALSE		2000	0					FALSE
2821	ENSG00000175611_ERCC6L2-AS1	chr9:95875147:C>T	chr9:95875586-95875587:-	0	0					1	FALSE		2000	0					FALSE
2822	ENSG00000175611_ERCC6L2-AS1	chr9:95875147:C>T	chr9:95875587-95875864:-	0	0					277	FALSE		2000	0					FALSE
2823	ENSG00000182150_ERCC6L2	chr9:95972387:C>T	chr9:95875712-95875762:+	0	0					50	FALSE		2000	0					FALSE
2824	ENSG00000182150_ERCC6L2	chr9:95972387:C>T	chr9:95875762-95876005:+	0	0					243	FALSE		2000	0					FALSE
2825	ENSG00000182150_ERCC6L2	chr9:95972387:C>T	chr9:95876005-95876084:+	0	0					79	FALSE		2000	0					FALSE
2826	ENSG00000182150_ERCC6L2	chr9:95972387:C>T	chr9:95876142-95877105:+	0	0					963	FALSE		2000	0					FALSE
2827	ENSG00000182150_ERCC6L2	chr9:95972387:C>T	chr9:95880868-95881293:+	0	0					425	FALSE		2000	0					FALSE
2828	ENSG00000182150_ERCC6L2	chr9:95972387:C>T	chr9:95881293-95882677:+	0	0					1384	FALSE		2000	0					FALSE
2829	ENSG00000182150_ERCC6L2	chr9:95972387:C>T	chr9:95882677-95883331:+	0	0					654	FALSE		2000	0					FALSE
2830	ENSG00000182150_ERCC6L2	chr9:95972387:C>T	chr9:95906587-95906710:+	0	0					123	FALSE		2000	0					FALSE
2831	ENSG00000182150_ERCC6L2	chr9:95972387:C>T	chr9:95907077-95907122:+	0	0					45	FALSE		2000	0					FALSE
2832	ENSG00000182150_ERCC6L2	chr9:95972387:C>T	chr9:95907122-95907179:+	0	0					57	FALSE		2000	0					FALSE
2833	ENSG00000182150_ERCC6L2	chr9:95972387:C>T	chr9:95907179-95907271:+	0	0					92	FALSE		2000	0					FALSE
2834	ENSG00000182150_ERCC6L2	chr9:95972387:C>T	chr9:95928078-95928150:+	0	0					72	FALSE		2000	0					FALSE
2835	ENSG00000182150_ERCC6L2	chr9:95972387:C>T	chr9:95928150-95928277:+	0	0					127	FALSE		2000	0					FALSE
2836	ENSG00000182150_ERCC6L2	chr9:95972387:C>T	chr9:95928864-95929117:+	0	0					253	FALSE		2000	0					FALSE
2837	ENSG00000182150_ERCC6L2	chr9:95972387:C>T	chr9:95941549-95942518:+	0	0					969	FALSE		2000	0					FALSE
2838	ENSG00000182150_ERCC6L2	chr9:95972387:C>T	chr9:95954727-95954922:+	0	0					195	FALSE		2000	0					FALSE
2839	ENSG00000182150_ERCC6L2	chr9:95972387:C>T	chr9:95966561-95966714:+	0	0					153	FALSE		2000	0					FALSE
2840	ENSG00000182150_ERCC6L2	chr9:95972387:C>T	chr9:95966714-95967160:+	0	0					446	FALSE		2000	0					FALSE
2841	ENSG00000182150_ERCC6L2	chr9:95972387:C>T	chr9:95967160-95967318:+	0	0					158	FALSE		2000	0					FALSE
2842	ENSG00000182150_ERCC6L2	chr9:95972387:C>T	chr9:95967318-95967458:+	0	0					140	FALSE		2000	0					FALSE
2843	ENSG00000182150_ERCC6L2	chr9:95972387:C>T	chr9:95967458-95967625:+	0	0					167	FALSE		2000	0					FALSE
2844	ENSG00000182150_ERCC6L2	chr9:95972387:C>T	chr9:95967625-95968840:+	0	0					1215	FALSE		2000	0					FALSE
2845	ENSG00000182150_ERCC6L2	chr9:95972387:C>T	chr9:95970390-95970575:+	0	0					185	FALSE		2000	0					FALSE
2846	ENSG00000182150_ERCC6L2	chr9:95972387:C>T	chr9:95970575-95970656:+	0	0					81	FALSE		2000	0					FALSE
2847	ENSG00000182150_ERCC6L2	chr9:95972387:C>T	chr9:95970656-95971543:+	0	0					887	FALSE		2000	0					FALSE
2848	ENSG00000182150_ERCC6L2	chr9:95972387:C>T	chr9:95971543-95971595:+	0	0					52	FALSE		2000	0					FALSE
2849	ENSG00000182150_ERCC6L2	chr9:95972387:C>T	chr9:95971595-95971932:+	0	0					337	FALSE		2000	0					FALSE
2850	ENSG00000182150_ERCC6L2	chr9:95972387:C>T	chr9:95971932-95973088:+	0	0					1156	FALSE		2000	0					FALSE
2851	ENSG00000182150_ERCC6L2	chr9:95972387:C>T	chr9:95978215-95979714:+	0	0					1499	FALSE		2000	0					FALSE
2852	ENSG00000182150_ERCC6L2	chr9:95972387:C>T	chr9:95979714-95980693:+	0	0					979	FALSE		2000	0					FALSE
2853	ENSG00000182150_ERCC6L2	chr9:95972387:C>T	chr9:95980693-95981064:+	0	0					371	FALSE		2000	0					FALSE
2854	ENSG00000182150_ERCC6L2	chr9:95876005:A>G	chr9:95875617-95875649:+	0	0					32	FALSE		2000	0					FALSE
2855	ENSG00000182150_ERCC6L2	chr9:95876005:A>G	chr9:95875649-95875655:+	2	65	0	0	trans	0.50412204294023	6	FALSE	1	2000	2000	2000	1	1	1	FALSE
2856	ENSG00000182150_ERCC6L2	chr9:95876005:A>G	chr9:95875655-95875660:+	2	80	0	0	trans	0.524528926742936	5	FALSE	1	2000	2000	2000	1	1	1	FALSE
2857	ENSG00000182150_ERCC6L2	chr9:95876005:A>G	chr9:95875660-95875676:+	3	120	0	0	trans	0.471974064010356	16	FALSE	1	2000	2000	2000	1	1	1	FALSE
2858	ENSG00000182150_ERCC6L2	chr9:95876005:A>G	chr9:95875676-95875683:+	3	138	0	0	trans	0.488489362982212	7	FALSE	1	2000	2000	2000	1	1	1	FALSE
2859	ENSG00000182150_ERCC6L2	chr9:95876005:A>G	chr9:95875683-95875690:+	3	192	0	0	trans	0.508444557428303	7	FALSE	1	2000	2000	2000	1	1	1	FALSE
2860	ENSG00000182150_ERCC6L2	chr9:95876005:A>G	chr9:95875690-95875701:+	3	210	0	0	trans	0.509124005115951	11	FALSE	1	2000	2000	2000	1	1	1	FALSE
2861	ENSG00000182150_ERCC6L2	chr9:95876005:A>G	chr9:95875701-95875712:+	3	220	0	0	trans	0.534646963582711	11	FALSE	1	2000	2000	2000	1	1	1	FALSE
2862	ENSG00000182150_ERCC6L2	chr9:95876005:A>G	chr9:95875712-95875762:+	3	221	0	0	trans	0.481814618261287	50	FALSE	1	2000	2000	2000	1	1	1	FALSE
2863	ENSG00000182150_ERCC6L2	chr9:95876005:A>G	chr9:95875762-95876005:+	3	223	0	0	trans	0.500022996284139	243	FALSE	1	2000	2000	2000	1	1	1	FALSE
2864	ENSG00000182150_ERCC6L2	chr9:95876005:A>G	chr9:95876005-95876084:+	3	223	0	0	trans	0.500022996284139	79	FALSE	1	2000	2000	2000	1	1	1	FALSE
2865	ENSG00000182150_ERCC6L2	chr9:95876005:A>G	chr9:95876142-95877105:+	3	223	0	0	trans	0.500022996284139	963	FALSE	1	2000	2000	2000	1	1	1	FALSE
2866	ENSG00000182150_ERCC6L2	chr9:95876005:A>G	chr9:95880868-95881293:+	3	223	0	0	trans	0.500022996284139	425	FALSE	1	2000	2000	2000	1	1	1	FALSE
2867	ENSG00000182150_ERCC6L2	chr9:95876005:A>G	chr9:95881293-95882677:+	3	222	0.001	-0.06	trans	0.406232440095359	1384	FALSE	0.295704295704296	2000	2000	601	0.300849575212394	0.300849575212394	1	FALSE
2868	ENSG00000182150_ERCC6L2	chr9:95876005:A>G	chr9:95882677-95883331:+	3	222	0.001	-0.06	trans	0.406232440095359	654	FALSE	0.295704295704296	2000	2000	601	0.300849575212394	0.300849575212394	1	FALSE
2869	ENSG00000182150_ERCC6L2	chr9:95876005:A>G	chr9:95906587-95906710:+	3	186	0	0	trans	0.504117896733019	123	FALSE	1	2000	2000	2000	1	1	1	FALSE
2870	ENSG00000182150_ERCC6L2	chr9:95876005:A>G	chr9:95907077-95907122:+	3	185	-0.002	0.035	trans	0.707398236965705	45	FALSE	0.709290709290709	2000	2000	1388	0.694152923538231	0.694152923538231	1	FALSE
2871	ENSG00000182150_ERCC6L2	chr9:95876005:A>G	chr9:95907122-95907179:+	3	187	0.007	0.09	amb	0.115618229707426	57	FALSE	0.101898101898102	2000	2000	209	0.104947526236882	0.104947526236882	1	FALSE
2872	ENSG00000182150_ERCC6L2	chr9:95876005:A>G	chr9:95907179-95907271:+	3	166	0.009	0.109	amb	0.0122556517069975	92	FALSE	0.0929070929070929	2000	2000	187	0.0939530234882559	0.0939530234882559	1	FALSE
2873	ENSG00000182150_ERCC6L2	chr9:95876005:A>G	chr9:95928078-95928150:+	3	166	0	0	trans	0.497396355023535	72	FALSE	1	2000	2000	2000	1	1	1	FALSE
2874	ENSG00000182150_ERCC6L2	chr9:95876005:A>G	chr9:95928150-95928277:+	3	166	0	0	trans	0.497396355023535	127	FALSE	1	2000	2000	2000	1	1	1	FALSE
2875	ENSG00000182150_ERCC6L2	chr9:95876005:A>G	chr9:95928864-95929117:+	3	166	0	0	trans	0.497396355023535	253	FALSE	1	2000	2000	2000	1	1	1	FALSE
2876	ENSG00000182150_ERCC6L2	chr9:95876005:A>G	chr9:95941549-95942518:+	3	166	-0.006	-0.003	trans	0.931686304373453	969	FALSE	1	2000	2000	2000	1	1	1	FALSE
2877	ENSG00000182150_ERCC6L2	chr9:95876005:A>G	chr9:95954727-95954922:+	3	160	-0.002	-0.033	trans	0.686569144461174	195	FALSE	0.530469530469531	2000	2000	1051	0.525737131434283	0.525737131434283	1	FALSE
2878	ENSG00000182150_ERCC6L2	chr9:95876005:A>G	chr9:95966561-95966714:+	3	159	-0.008	0.001	trans	0.952934958317083	153	FALSE	1	2000	2000	2000	1	1	1	FALSE
2879	ENSG00000182150_ERCC6L2	chr9:95876005:A>G	chr9:95966714-95967160:+	3	160	-0.003	0.028	trans	0.761058169431701	446	FALSE	0.878121878121878	2000	2000	1746	0.873063468265867	0.873063468265867	1	FALSE
2880	ENSG00000182150_ERCC6L2	chr9:95876005:A>G	chr9:95967160-95967318:+	3	160	-0.003	0.028	trans	0.761058169431701	158	FALSE	0.878121878121878	2000	2000	1746	0.873063468265867	0.873063468265867	1	FALSE
2881	ENSG00000182150_ERCC6L2	chr9:95876005:A>G	chr9:95967318-95967458:+	3	160	-0.002	0.039	trans	0.686569144461174	140	FALSE	0.618381618381618	2000	2000	1200	0.600199900049975	0.600199900049975	1	FALSE
2882	ENSG00000182150_ERCC6L2	chr9:95876005:A>G	chr9:95967458-95967625:+	3	160	-0.002	0.05	trans	0.686569144461174	167	FALSE	0.625374625374625	2000	2000	1254	0.627186406796602	0.627186406796602	1	FALSE
2883	ENSG00000182150_ERCC6L2	chr9:95876005:A>G	chr9:95967625-95968840:+	3	160	-0.003	0.028	trans	0.761058169431701	1215	FALSE	0.878121878121878	2000	2000	1746	0.873063468265867	0.873063468265867	1	FALSE
2884	ENSG00000182150_ERCC6L2	chr9:95876005:A>G	chr9:95970390-95970575:+	2	102	0	0	trans	0.534528557167327	185	FALSE	1	2000	2000	2000	1	1	1	FALSE
2885	ENSG00000182150_ERCC6L2	chr9:95876005:A>G	chr9:95970575-95970656:+	2	103	-0.012	0.005	trans	0.958847404075413	81	FALSE	1	2000	2000	2000	1	1	1	FALSE
2886	ENSG00000182150_ERCC6L2	chr9:95876005:A>G	chr9:95970656-95971543:+	2	103	-0.003	0.042	trans	0.657219916288356	887	FALSE	0.451548451548452	2000	2000	900	0.450274862568716	0.450274862568716	1	FALSE
2887	ENSG00000182150_ERCC6L2	chr9:95876005:A>G	chr9:95971543-95971595:+	2	103	-0.007	0.015	trans	0.840652698705063	52	FALSE	1	2000	2000	2000	1	1	1	FALSE
2888	ENSG00000182150_ERCC6L2	chr9:95876005:A>G	chr9:95971595-95971932:+	2	103	-0.003	0.042	trans	0.657219916288356	337	FALSE	0.451548451548452	2000	2000	900	0.450274862568716	0.450274862568716	1	FALSE
2889	ENSG00000182150_ERCC6L2	chr9:95876005:A>G	chr9:95971932-95973088:+	2	103	-0.012	0.005	trans	0.958847404075413	1156	FALSE	1	2000	2000	2000	1	1	1	FALSE
2890	ENSG00000182150_ERCC6L2	chr9:95876005:A>G	chr9:95978215-95979714:+	2	103	-0.005	0.032	trans	0.75835342038752	1499	FALSE	0.686313686313686	2000	2000	1363	0.681659170414793	0.681659170414793	1	FALSE
2891	ENSG00000182150_ERCC6L2	chr9:95876005:A>G	chr9:95979714-95980693:+	2	103	0.002	0.098	trans	0.368649222283156	979	FALSE	0.300699300699301	2000	2000	570	0.28535732133933	0.28535732133933	1	FALSE
2892	ENSG00000182150_ERCC6L2	chr9:95876005:A>G	chr9:95980693-95981064:+	2	89	-0.005	0.043	trans	0.742594452088654	371	FALSE	0.614385614385614	2000	2000	1215	0.607696151924038	0.607696151924038	1	FALSE
2893	ENSG00000182150_ERCC6L2	chr9:95876005:A>G	chr9:95982909-95984665:+	2	78	-0.008	-0.016	trans	0.792353236470567	1756	FALSE	0.991008991008991	2000	2000	1975	0.987506246876562	0.987506246876562	1	FALSE
2894	ENSG00000182150_ERCC6L2	chr9:95876005:A>G	chr9:95994213-95997245:+	2	66	0	0	trans	0.507790515635534	3032	FALSE	1	2000	2000	2000	1	1	1	FALSE
2895	ENSG00000182150_ERCC6L2	chr9:95876005:A>G	chr9:95997245-95997413:+	2	66	0.002	-0.032	trans	0.436336046738407	168	FALSE	0.323676323676324	2000	2000	642	0.321339330334833	0.321339330334833	1	FALSE
2896	ENSG00000182150_ERCC6L2	chr9:95876005:A>G	chr9:96004519-96004701:+	2	66	0	0	trans	0.507790515635534	182	FALSE	1	2000	2000	2000	1	1	1	FALSE
2897	ENSG00000182150_ERCC6L2	chr9:95876005:A>G	chr9:96004701-96004749:+	2	66	-0.01	-0.018	trans	0.82082181290193	48	FALSE	0.998001998001998	2000	2000	1998	0.999000499750125	0.999000499750125	1	FALSE
2898	ENSG00000182150_ERCC6L2	chr9:95876005:A>G	chr9:96004749-96004848:+	2	66	-0.01	-0.018	trans	0.82082181290193	99	FALSE	0.998001998001998	2000	2000	1998	0.999000499750125	0.999000499750125	1	FALSE
2899	ENSG00000182150_ERCC6L2	chr9:95876005:A>G	chr9:96004848-96004855:+	0	0					7	FALSE		2000	0					FALSE
2900	ENSG00000182150_ERCC6L2	chr9:95876005:A>G	chr9:96004855-96005383:+	0	0					528	FALSE		2000	0					FALSE
2901	ENSG00000182150_ERCC6L2	chr9:95876005:A>G	chr9:96005383-96005415:+	0	0					32	FALSE		2000	0					FALSE
2902	ENSG00000182150_ERCC6L2	chr9:95876005:A>G	chr9:96012224-96012444:+	0	0					220	FALSE		2000	0					FALSE
2903	ENSG00000182150_ERCC6L2	chr9:95876005:A>G	chr9:96012444-96013647:+	0	0					1203	FALSE		2000	0					FALSE
2904	ENSG00000182150_ERCC6L2	chr9:95876005:A>G	chr9:96013647-96013918:+	0	0					271	FALSE		2000	0					FALSE
2905	ENSG00000182150_ERCC6L2	chr9:95876005:A>G	chr9:96013918-96014527:+	0	0					609	FALSE		2000	0					FALSE
2906	ENSG00000182150_ERCC6L2	chr9:95876005:A>G	chr9:96014527-96014557:+	0	0					30	FALSE		2000	0					FALSE
2907	ENSG00000182150_ERCC6L2	chr9:95876023:C>T	chr9:95875649-95875655:+	0	0					6	FALSE		2000	0					FALSE
2908	ENSG00000182150_ERCC6L2	chr9:95876023:C>T	chr9:95875655-95875660:+	0	0					5	FALSE		2000	0					FALSE
2909	ENSG00000182150_ERCC6L2	chr9:95876023:C>T	chr9:95875660-95875676:+	1	31	0	0	trans	0.487044554019432	16	FALSE	1	2000	2000	2000	1	1	1	FALSE
2910	ENSG00000182150_ERCC6L2	chr9:95876023:C>T	chr9:95875676-95875683:+	1	34	0	0	trans	0.455585507100522	7	FALSE	1	2000	2000	2000	1	1	1	FALSE
2911	ENSG00000182150_ERCC6L2	chr9:95876023:C>T	chr9:95875683-95875690:+	1	45	0	0	trans	0.491208409889844	7	FALSE	1	2000	2000	2000	1	1	1	FALSE
2912	ENSG00000182150_ERCC6L2	chr9:95876023:C>T	chr9:95875690-95875701:+	1	48	0	0	trans	0.522727879577405	11	FALSE	1	2000	2000	2000	1	1	1	FALSE
2913	ENSG00000182150_ERCC6L2	chr9:95876023:C>T	chr9:95875701-95875712:+	1	49	0	0	trans	0.493589384701721	11	FALSE	1	2000	2000	2000	1	1	1	FALSE
2914	ENSG00000182150_ERCC6L2	chr9:95876023:C>T	chr9:95875712-95875762:+	1	49	0	0	trans	0.493589384701721	50	FALSE	1	2000	2000	2000	1	1	1	FALSE
2915	ENSG00000182150_ERCC6L2	chr9:95876023:C>T	chr9:95875762-95876005:+	1	50	0	0	trans	0.48713700712861	243	FALSE	1	2000	2000	2000	1	1	1	FALSE
2916	ENSG00000182150_ERCC6L2	chr9:95876023:C>T	chr9:95876005-95876084:+	1	50	0	0	trans	0.48713700712861	79	FALSE	1	2000	2000	2000	1	1	1	FALSE
2917	ENSG00000182150_ERCC6L2	chr9:95876023:C>T	chr9:95876142-95877105:+	1	50	0	0	trans	0.48713700712861	963	FALSE	1	2000	2000	2000	1	1	1	FALSE
2918	ENSG00000182150_ERCC6L2	chr9:95876023:C>T	chr9:95880868-95881293:+	1	50	0	0	trans	0.48713700712861	425	FALSE	1	2000	2000	2000	1	1	1	FALSE
2919	ENSG00000182150_ERCC6L2	chr9:95876023:C>T	chr9:95881293-95882677:+	1	50	0.002	0.109	trans	0.432235665093212	1384	FALSE	0.43956043956044	2000	2000	848	0.424287856071964	0.424287856071964	1	FALSE
2920	ENSG00000182150_ERCC6L2	chr9:95876023:C>T	chr9:95882677-95883331:+	1	50	0.002	0.109	trans	0.432235665093212	654	FALSE	0.43956043956044	2000	2000	848	0.424287856071964	0.424287856071964	1	FALSE
2921	ENSG00000182150_ERCC6L2	chr9:95876023:C>T	chr9:95906587-95906710:+	1	43	0	0	trans	0.44868968574436	123	FALSE	1	2000	2000	2000	1	1	1	FALSE
2922	ENSG00000182150_ERCC6L2	chr9:95876023:C>T	chr9:95907077-95907122:+	1	43	0.005	-0.149	trans	0.316366074626003	45	FALSE	0.27972027972028	2000	2000	547	0.273863068465767	0.273863068465767	1	FALSE
2923	ENSG00000182150_ERCC6L2	chr9:95876023:C>T	chr9:95907122-95907179:+	1	43	0.105	-0.238	cis	4.45199432874688e-14	57	FALSE	0.013986013986014	2000	2000	33	0.0169915042478761	0.0169915042478761	0.751941489572674	FALSE
2924	ENSG00000182150_ERCC6L2	chr9:95876023:C>T	chr9:95907179-95907271:+	1	40	0.118	-0.263	cis	6.20398177275661e-11	92	FALSE	0.00999000999000999	2000	2000	23	0.0119940029985007	0.0119940029985007	0.743095119107113	FALSE
2925	ENSG00000182150_ERCC6L2	chr9:95876023:C>T	chr9:95928078-95928150:+	1	40	0	0	trans	0.494717558753228	72	FALSE	1	2000	2000	2000	1	1	1	FALSE
2926	ENSG00000182150_ERCC6L2	chr9:95876023:C>T	chr9:95928150-95928277:+	1	40	0	0	trans	0.494717558753228	127	FALSE	1	2000	2000	2000	1	1	1	FALSE
2927	ENSG00000182150_ERCC6L2	chr9:95876023:C>T	chr9:95928864-95929117:+	1	40	0	0	trans	0.494717558753228	253	FALSE	1	2000	2000	2000	1	1	1	FALSE
2928	ENSG00000182150_ERCC6L2	chr9:95876023:C>T	chr9:95941549-95942518:+	1	40	0.002	0.053	trans	0.451420897411844	969	FALSE	0.358641358641359	2000	2000	693	0.346826586706647	0.346826586706647	1	FALSE
2929	ENSG00000182150_ERCC6L2	chr9:95876023:C>T	chr9:95954727-95954922:+	1	39	0.038	0.111	trans	0.0486344216170175	195	FALSE	0.112887112887113	2000	2000	208	0.104447776111944	0.104447776111944	1	FALSE
2930	ENSG00000182150_ERCC6L2	chr9:95876023:C>T	chr9:95966561-95966714:+	1	39	0	0	trans	0.519357429037164	153	FALSE	1	2000	2000	2000	1	1	1	FALSE
2931	ENSG00000182150_ERCC6L2	chr9:95876023:C>T	chr9:95966714-95967160:+	1	39	0.008	-0.198	trans	0.37798334194466	446	FALSE	0.253746253746254	2000	2000	491	0.245877061469265	0.245877061469265	1	FALSE
2932	ENSG00000182150_ERCC6L2	chr9:95876023:C>T	chr9:95967160-95967318:+	1	39	0.008	-0.198	trans	0.37798334194466	158	FALSE	0.253746253746254	2000	2000	491	0.245877061469265	0.245877061469265	1	FALSE
2933	ENSG00000182150_ERCC6L2	chr9:95876023:C>T	chr9:95967318-95967458:+	1	39	0.008	-0.198	trans	0.37798334194466	140	FALSE	0.253746253746254	2000	2000	491	0.245877061469265	0.245877061469265	1	FALSE
2934	ENSG00000182150_ERCC6L2	chr9:95876023:C>T	chr9:95967458-95967625:+	1	39	0.019	-0.246	trans	0.210453120568228	167	FALSE	0.142857142857143	2000	2000	288	0.144427786106947	0.144427786106947	1	FALSE
2935	ENSG00000182150_ERCC6L2	chr9:95876023:C>T	chr9:95967625-95968840:+	1	39	0.008	-0.198	trans	0.37798334194466	1215	FALSE	0.253746253746254	2000	2000	491	0.245877061469265	0.245877061469265	1	FALSE
2936	ENSG00000182150_ERCC6L2	chr9:95876023:C>T	chr9:95970390-95970575:+	0	0					185	FALSE		2000	0					FALSE
2937	ENSG00000182150_ERCC6L2	chr9:95876023:C>T	chr9:95970575-95970656:+	0	0					81	FALSE		2000	0					FALSE
2938	ENSG00000182150_ERCC6L2	chr9:95876023:C>T	chr9:95970656-95971543:+	0	0					887	FALSE		2000	0					FALSE
2939	ENSG00000182150_ERCC6L2	chr9:95876023:C>T	chr9:95971543-95971595:+	0	0					52	FALSE		2000	0					FALSE
2940	ENSG00000182150_ERCC6L2	chr9:95876023:C>T	chr9:95971595-95971932:+	0	0					337	FALSE		2000	0					FALSE
2941	ENSG00000182150_ERCC6L2	chr9:95876023:C>T	chr9:95971932-95973088:+	0	0					1156	FALSE		2000	0					FALSE
2942	ENSG00000182150_ERCC6L2	chr9:95876023:C>T	chr9:95978215-95979714:+	0	0					1499	FALSE		2000	0					FALSE
2943	ENSG00000182150_ERCC6L2	chr9:95876023:C>T	chr9:95979714-95980693:+	0	0					979	FALSE		2000	0					FALSE
2944	ENSG00000182150_ERCC6L2	chr9:95876023:C>T	chr9:95980693-95981064:+	0	0					371	FALSE		2000	0					FALSE
2945	ENSG00000182150_ERCC6L2	chr9:95876023:C>T	chr9:95982909-95984665:+	0	0					1756	FALSE		2000	0					FALSE
2946	ENSG00000182150_ERCC6L2	chr9:95876023:C>T	chr9:95994213-95997245:+	0	0					3032	FALSE		2000	0					FALSE
2947	ENSG00000182150_ERCC6L2	chr9:95876023:C>T	chr9:95997245-95997413:+	0	0					168	FALSE		2000	0					FALSE
2948	ENSG00000182150_ERCC6L2	chr9:95876023:C>T	chr9:96004519-96004701:+	0	0					182	FALSE		2000	0					FALSE
2949	ENSG00000182150_ERCC6L2	chr9:95876023:C>T	chr9:96004701-96004749:+	0	0					48	FALSE		2000	0					FALSE
2950	ENSG00000182150_ERCC6L2	chr9:95876023:C>T	chr9:96004749-96004848:+	0	0					99	FALSE		2000	0					FALSE
2951	ENSG00000182150_ERCC6L2	chr9:95876023:C>T	chr9:96004848-96004855:+	0	0					7	FALSE		2000	0					FALSE
2952	ENSG00000182150_ERCC6L2	chr9:95876023:C>T	chr9:96004855-96005383:+	0	0					528	FALSE		2000	0					FALSE
2953	ENSG00000182150_ERCC6L2	chr9:95876023:C>T	chr9:96005383-96005415:+	0	0					32	FALSE		2000	0					FALSE
2954	ENSG00000182150_ERCC6L2	chr9:95876023:C>T	chr9:96012224-96012444:+	0	0					220	FALSE		2000	0					FALSE
2955	ENSG00000182150_ERCC6L2	chr9:95876023:C>T	chr9:96012444-96013647:+	0	0					1203	FALSE		2000	0					FALSE
2956	ENSG00000182150_ERCC6L2	chr9:95876023:C>T	chr9:96013647-96013918:+	0	0					271	FALSE		2000	0					FALSE
2957	ENSG00000182150_ERCC6L2	chr9:95876023:C>T	chr9:96013918-96014527:+	0	0					609	FALSE		2000	0					FALSE
2958	ENSG00000182150_ERCC6L2	chr9:95876023:C>T	chr9:96014527-96014557:+	0	0					30	FALSE		2000	0					FALSE
2959	ENSG00000130956_HABP4	chr9:96490181:A>G	chr9:96465336-96465498:+	0	0					162	FALSE		2000	0					FALSE
2960	ENSG00000130956_HABP4	chr9:96490181:A>G	chr9:96465709-96465778:+	0	0					69	FALSE		2000	0					FALSE
2961	ENSG00000130956_HABP4	chr9:96490181:A>G	chr9:96471010-96471094:+	0	0					84	FALSE		2000	0					FALSE
2962	ENSG00000130956_HABP4	chr9:96490181:A>G	chr9:96483024-96484461:+	1	36	-0.009	-0.107	trans	0.668397588329694	1437	TRUE	0.508491508491509	2000	2000	1027	0.513743128435782	0.513743128435782	1	FALSE
2963	ENSG00000136925_TSTD2	chr9:97625936:C>T	chr9:97602767-97603155:-	0	0					388	FALSE		2000	0					FALSE
2964	ENSG00000136925_TSTD2	chr9:97625936:C>T	chr9:97604068-97604726:-	0	0					658	FALSE		2000	0					FALSE
2965	ENSG00000136925_TSTD2	chr9:97625936:C>T	chr9:97610209-97610345:-	0	0					136	FALSE		2000	0					FALSE
2966	ENSG00000136925_TSTD2	chr9:97625936:C>T	chr9:97610345-97610451:-	0	0					106	FALSE		2000	0					FALSE
2967	ENSG00000136925_TSTD2	chr9:97625936:C>T	chr9:97610844-97611122:-	0	0					278	FALSE		2000	0					FALSE
2968	ENSG00000136925_TSTD2	chr9:97625936:C>T	chr9:97611573-97611699:-	0	0					126	FALSE		2000	0					FALSE
2969	ENSG00000136925_TSTD2	chr9:97625936:C>T	chr9:97626924-97627115:-	0	0					191	FALSE		2000	0					FALSE
2970	ENSG00000136925_TSTD2	chr9:97625936:C>T	chr9:97627115-97627305:-	0	0					190	FALSE		2000	0					FALSE
2971	ENSG00000136925_TSTD2	chr9:97625936:C>T	chr9:97627305-97627397:-	0	0					92	FALSE		2000	0					FALSE
2972	ENSG00000136925_TSTD2	chr9:97627421:C>T	chr9:97602767-97603155:-	1	43	0	0	trans	0.44868968574436	388	TRUE	1	2000	2000	2000	1	1	1	FALSE
2973	ENSG00000136925_TSTD2	chr9:97627421:C>T	chr9:97604068-97604726:-	1	43	0	0	trans	0.44868968574436	658	TRUE	1	2000	2000	2000	1	1	1	FALSE
2974	ENSG00000136925_TSTD2	chr9:97627421:C>T	chr9:97610209-97610345:-	1	43	0	0	trans	0.44868968574436	136	TRUE	1	2000	2000	2000	1	1	1	FALSE
2975	ENSG00000136925_TSTD2	chr9:97627421:C>T	chr9:97610345-97610451:-	1	43	0	0	trans	0.44868968574436	106	TRUE	1	2000	2000	2000	1	1	1	FALSE
2976	ENSG00000136925_TSTD2	chr9:97627421:C>T	chr9:97610844-97611122:-	1	43	0	0	trans	0.44868968574436	278	TRUE	1	2000	2000	2000	1	1	1	FALSE
2977	ENSG00000136925_TSTD2	chr9:97627421:C>T	chr9:97611573-97611699:-	1	43	0	0	trans	0.44868968574436	126	TRUE	1	2000	2000	2000	1	1	1	FALSE
2978	ENSG00000136925_TSTD2	chr9:97627421:C>T	chr9:97626924-97627115:-	1	101	0	-0.096	trans	0.507686765433804	191	TRUE	0.343656343656344	2000	2000	660	0.330334832583708	0.330334832583708	1	FALSE
2979	ENSG00000136925_TSTD2	chr9:97627421:C>T	chr9:97627115-97627305:-	1	134	-0.003	0.033	trans	0.717795654140808	190	TRUE	0.704295704295704	2000	2000	1410	0.705147426286857	0.705147426286857	1	FALSE
2980	ENSG00000136925_TSTD2	chr9:97627421:C>T	chr9:97627305-97627397:-	1	134	-0.004	-0.008	trans	0.777131245012366	92	TRUE	1	2000	2000	2000	1	1	1	FALSE
2981	ENSG00000136936_XPA	chr9:97697295:T>C	chr9:97675770-97675955:-	2	114	0	0	trans	0.494559239635951	185	TRUE	1	2000	2000	2000	1	1	1	FALSE
2982	ENSG00000136936_XPA	chr9:97697295:T>C	chr9:97682199-97682430:-	2	114	0.072	0.311	cis	0	231	TRUE	0.000999000999000999	2000	2000	0	0.000499750124937531	0.000499750124937531	0.073331755175044	TRUE
2983	ENSG00000136936_XPA	chr9:97697295:T>C	chr9:97687095-97687261:-	2	154	0.008	0.101	trans	0.0299382650350318	166	TRUE	0.10989010989011	2000	2000	194	0.0974512743628186	0.0974512743628186	1	FALSE
2984	ENSG00000136936_XPA	chr9:97697295:T>C	chr9:97689533-97689639:-	2	154	0.008	0.101	trans	0.0299382650350318	106	TRUE	0.10989010989011	2000	2000	194	0.0974512743628186	0.0974512743628186	1	FALSE
2985	ENSG00000136936_XPA	chr9:97697295:T>C	chr9:97693050-97693648:-	2	183	-0.002	0.04	trans	0.696328211257134	598	TRUE	0.574425574425574	2000	2000	1153	0.576711644177911	0.576711644177911	1	FALSE
2986	ENSG00000136936_XPA	chr9:97697295:T>C	chr9:97697120-97697223:-	2	182	0	0	trans	0.486232181202725	103	TRUE	1	2000	2000	2000	1	1	1	FALSE
2987	ENSG00000095380_NANS	chr9:98056909:C>T	chr9:98060997-98061259:+	2	170	-0.008	0.001	trans	0.97811129150189	262	TRUE	1	2000	2000	2000	1	1	1	FALSE
2988	ENSG00000095380_NANS	chr9:98056909:C>T	chr9:98074642-98075569:+	2	168	0	0	trans	0.475896689101621	927	TRUE	1	2000	2000	2000	1	1	1	FALSE
2989	ENSG00000095380_NANS	chr9:98056909:C>T	chr9:98075569-98075732:+	2	168	0	-0.012	trans	0.475896689101621	163	TRUE	0.92007992007992	2000	2000	1832	0.916041979010495	0.916041979010495	1	FALSE
2990	ENSG00000095380_NANS	chr9:98056909:C>T	chr9:98075732-98076828:+	2	168	0	0	trans	0.475896689101621	1096	TRUE	1	2000	2000	2000	1	1	1	FALSE
2991	ENSG00000095380_NANS	chr9:98056909:C>T	chr9:98076828-98076917:+	2	168	0	0	trans	0.475896689101621	89	TRUE	1	2000	2000	2000	1	1	1	FALSE
2992	ENSG00000095380_NANS	chr9:98056909:C>T	chr9:98078061-98078192:+	2	168	0	0	trans	0.475896689101621	131	TRUE	1	2000	2000	2000	1	1	1	FALSE
2993	ENSG00000095380_NANS	chr9:98056909:C>T	chr9:98081082-98082166:+	2	167	0	0	trans	0.509472696118445	1084	TRUE	1	2000	2000	2000	1	1	1	FALSE
2994	ENSG00000095380_NANS	chr9:98060801:T>C	chr9:98060997-98061259:+	0	0					262	FALSE		2000	0					FALSE
2995	ENSG00000095380_NANS	chr9:98060801:T>C	chr9:98074642-98075569:+	0	0					927	FALSE		2000	0					FALSE
2996	ENSG00000095380_NANS	chr9:98060801:T>C	chr9:98075569-98075732:+	0	0					163	FALSE		2000	0					FALSE
2997	ENSG00000095380_NANS	chr9:98060801:T>C	chr9:98075732-98076828:+	0	0					1096	FALSE		2000	0					FALSE
2998	ENSG00000095380_NANS	chr9:98060801:T>C	chr9:98076828-98076917:+	0	0					89	FALSE		2000	0					FALSE
2999	ENSG00000095380_NANS	chr9:98060801:T>C	chr9:98078061-98078192:+	0	0					131	FALSE		2000	0					FALSE
3000	ENSG00000095380_NANS	chr9:98060801:T>C	chr9:98081082-98082166:+	0	0					1084	FALSE		2000	0					FALSE
3001	ENSG00000095380_NANS	chr9:98060852:G>C	chr9:98060997-98061259:+	2	165	-0.008	0.003	trans	0.971591583730123	262	TRUE	1	2000	2000	2000	1	1	1	FALSE
3002	ENSG00000095380_NANS	chr9:98060852:G>C	chr9:98074642-98075569:+	2	164	0	0	trans	0.502864311443526	927	TRUE	1	2000	2000	2000	1	1	1	FALSE
3003	ENSG00000095380_NANS	chr9:98060852:G>C	chr9:98075569-98075732:+	2	164	0	0	trans	0.502864311443526	163	TRUE	1	2000	2000	2000	1	1	1	FALSE
3004	ENSG00000095380_NANS	chr9:98060852:G>C	chr9:98075732-98076828:+	2	164	0	0	trans	0.502864311443526	1096	TRUE	1	2000	2000	2000	1	1	1	FALSE
3005	ENSG00000095380_NANS	chr9:98060852:G>C	chr9:98076828-98076917:+	2	164	0	0	trans	0.502864311443526	89	TRUE	1	2000	2000	2000	1	1	1	FALSE
3006	ENSG00000095380_NANS	chr9:98060852:G>C	chr9:98078061-98078192:+	2	164	0	0	trans	0.502864311443526	131	TRUE	1	2000	2000	2000	1	1	1	FALSE
3007	ENSG00000095380_NANS	chr9:98060852:G>C	chr9:98081082-98082166:+	2	164	0	0	trans	0.502864311443526	1084	TRUE	1	2000	2000	2000	1	1	1	FALSE
3008	ENSG00000136928_GABBR2	chr9:98293839:T>C	chr9:98302842-98302896:-	1	114	0	0	trans	0.494559239635951	54	TRUE	1	2000	2000	2000	1	1	1	FALSE
3009	ENSG00000136928_GABBR2	chr9:98293839:T>C	chr9:98304177-98304289:-	1	114	0	0	trans	0.494559239635951	112	TRUE	1	2000	2000	2000	1	1	1	FALSE
3010	ENSG00000136928_GABBR2	chr9:98293839:T>C	chr9:98306345-98306571:-	1	114	0	0	trans	0.494559239635951	226	TRUE	1	2000	2000	2000	1	1	1	FALSE
3011	ENSG00000136928_GABBR2	chr9:98293839:T>C	chr9:98311094-98311205:-	1	114	0	0	trans	0.494559239635951	111	TRUE	1	2000	2000	2000	1	1	1	FALSE
3012	ENSG00000136928_GABBR2	chr9:98293839:T>C	chr9:98362554-98362714:-	1	114	0	0	trans	0.494559239635951	160	TRUE	1	2000	2000	2000	1	1	1	FALSE
3013	ENSG00000136928_GABBR2	chr9:98293839:T>C	chr9:98375150-98375307:-	1	114	0	0	trans	0.494559239635951	157	TRUE	1	2000	2000	2000	1	1	1	FALSE
3014	ENSG00000136928_GABBR2	chr9:98293839:T>C	chr9:98495965-98496067:-	1	114	0	0	trans	0.494559239635951	102	TRUE	1	2000	2000	2000	1	1	1	FALSE
3015	ENSG00000136928_GABBR2	chr9:98293839:T>C	chr9:98515993-98516299:-	1	114	0	0	trans	0.494559239635951	306	TRUE	1	2000	2000	2000	1	1	1	FALSE
3016	ENSG00000136928_GABBR2	chr9:98293839:T>C	chr9:98552049-98552118:-	1	114	0	0	trans	0.494559239635951	69	TRUE	1	2000	2000	2000	1	1	1	FALSE
3017	ENSG00000136928_GABBR2	chr9:98293839:T>C	chr9:98555652-98555898:-	1	114	0	0	trans	0.494559239635951	246	TRUE	1	2000	2000	2000	1	1	1	FALSE
3018	ENSG00000136928_GABBR2	chr9:98293839:T>C	chr9:98581080-98581179:-	1	114	0.006	0.053	trans	0.175875712301268	99	TRUE	0.215784215784216	2000	2000	439	0.219890054972514	0.219890054972514	1	FALSE
3019	ENSG00000136928_GABBR2	chr9:98293839:T>C	chr9:98607555-98607650:-	1	109	0	0	trans	0.5245212115612	95	TRUE	1	2000	2000	2000	1	1	1	FALSE
3020	ENSG00000136928_GABBR2	chr9:98293839:T>C	chr9:98707243-98707461:-	1	109	0	0	trans	0.5245212115612	218	TRUE	1	2000	2000	2000	1	1	1	FALSE
3021	ENSG00000136891_TEX10	chr9:100302247:G>A	chr9:100303785-100303842:-	0	0					57	FALSE		2000	0					FALSE
3022	ENSG00000136891_TEX10	chr9:100302247:G>A	chr9:100303842-100307869:-	0	0					4027	FALSE		2000	0					FALSE
3023	ENSG00000136891_TEX10	chr9:100302247:G>A	chr9:100329275-100329930:-	0	0					655	FALSE		2000	0					FALSE
3024	ENSG00000136891_TEX10	chr9:100302247:G>A	chr9:100330169-100330258:-	0	0					89	FALSE		2000	0					FALSE
3025	ENSG00000136891_TEX10	chr9:100302247:G>A	chr9:100346693-100347166:-	0	0					473	FALSE		2000	0					FALSE
3026	ENSG00000136891_TEX10	chr9:100302247:G>A	chr9:100349369-100349372:-	0	0					3	FALSE		2000	0					FALSE
3027	ENSG00000136891_TEX10	chr9:100302247:G>A	chr9:100352418-100352571:-	0	0					153	FALSE		2000	0					FALSE
3028	ENSG00000066697_MSANTD3	chr9:100442294:C>G	chr9:100427428-100427436:+	0	0					8	FALSE		2000	0					FALSE
3029	ENSG00000066697_MSANTD3	chr9:100442294:C>G	chr9:100427436-100427570:+	0	0					134	FALSE		2000	0					FALSE
3030	ENSG00000066697_MSANTD3	chr9:100442294:C>G	chr9:100429505-100429513:+	0	0					8	FALSE		2000	0					FALSE
3031	ENSG00000066697_MSANTD3	chr9:100442294:C>G	chr9:100429513-100429662:+	0	0					149	FALSE		2000	0					FALSE
3032	ENSG00000066697_MSANTD3	chr9:100442294:C>G	chr9:100442356-100442829:+	1	31	0.011	-0.077	trans	0.322707945057983	473	TRUE	0.442557442557443	2000	2000	886	0.44327836081959	0.44327836081959	1	FALSE
3033	ENSG00000066697_MSANTD3	chr9:100442294:C>G	chr9:100442829-100443413:+	1	31	0.011	-0.077	trans	0.322707945057983	584	TRUE	0.442557442557443	2000	2000	886	0.44327836081959	0.44327836081959	1	FALSE
3034	ENSG00000066697_MSANTD3	chr9:100442294:C>G	chr9:100444127-100445168:+	1	30	-0.023	-0.056	trans	0.787464081744891	1041	TRUE	0.776223776223776	2000	2000	1556	0.778110944527736	0.778110944527736	1	FALSE
3035	ENSG00000066697_MSANTD3	chr9:100442294:C>G	chr9:100445168-100445237:+	1	30	-0.021	-0.028	trans	0.766384322196896	69	TRUE	1	2000	2000	2000	1	1	1	FALSE
3036	ENSG00000148123_PLPPR1	chr9:101185994:G>A	chr9:101131521-101131639:+	2	64	0	0	trans	0.516570536726138	118	FALSE	1	2000	2000	2000	1	1	1	FALSE
3037	ENSG00000148123_PLPPR1	chr9:101185994:G>A	chr9:101185034-101185255:+	2	64	0	0	trans	0.516570536726138	221	FALSE	1	2000	2000	2000	1	1	1	FALSE
3038	ENSG00000148123_PLPPR1	chr9:101185994:G>A	chr9:101185557-101185599:+	2	64	0	0	trans	0.516570536726138	42	FALSE	1	2000	2000	2000	1	1	1	FALSE
3039	ENSG00000148123_PLPPR1	chr9:101185994:G>A	chr9:101185599-101185679:+	2	64	0	0	trans	0.516570536726138	80	FALSE	1	2000	2000	2000	1	1	1	FALSE
3040	ENSG00000148123_PLPPR1	chr9:101185994:G>A	chr9:101185679-101185870:+	2	64	0	0	trans	0.516570536726138	191	FALSE	1	2000	2000	2000	1	1	1	FALSE
3041	ENSG00000148123_PLPPR1	chr9:101185994:G>A	chr9:101185870-101186000:+	2	63	0	0	trans	0.507911938704936	130	FALSE	1	2000	2000	2000	1	1	1	FALSE
3042	ENSG00000148123_PLPPR1	chr9:101185994:G>A	chr9:101186000-101186235:+	0	0					235	FALSE		2000	0					FALSE
3043	ENSG00000148123_PLPPR1	chr9:101028937:C>T	chr9:101131521-101131639:+	1	74	0	0	trans	0.497550962535023	118	TRUE	1	2000	2000	2000	1	1	1	FALSE
3044	ENSG00000148123_PLPPR1	chr9:101028937:C>T	chr9:101185034-101185255:+	1	74	0	0	trans	0.497550962535023	221	TRUE	1	2000	2000	2000	1	1	1	FALSE
3045	ENSG00000148123_PLPPR1	chr9:101028937:C>T	chr9:101185557-101185599:+	1	74	-0.007	-0.021	trans	0.771008035776473	42	TRUE	1	2000	2000	2000	1	1	1	FALSE
3046	ENSG00000148123_PLPPR1	chr9:101028937:C>T	chr9:101185599-101185679:+	1	70	-0.007	-0.029	trans	0.753211383258734	80	TRUE	0.999000999000999	2000	2000	1999	0.999500249875062	0.999500249875062	1	FALSE
3047	ENSG00000148123_PLPPR1	chr9:101028937:C>T	chr9:101185679-101185870:+	1	64	-0.007	-0.044	trans	0.717673778609528	191	TRUE	0.78021978021978	2000	2000	1553	0.776611694152924	0.776611694152924	1	FALSE
3048	ENSG00000148123_PLPPR1	chr9:101028937:C>T	chr9:101185870-101186000:+	1	60	-0.009	0.022	trans	0.768940127996862	130	TRUE	1	2000	2000	2000	1	1	1	FALSE
3049	ENSG00000148123_PLPPR1	chr9:101028937:C>T	chr9:101186000-101186235:+	1	49	0.002	-0.145	trans	0.443567310620302	235	TRUE	0.301698301698302	2000	2000	610	0.305347326336832	0.305347326336832	1	FALSE
3050	ENSG00000148123_PLPPR1	chr9:101028937:C>T	chr9:101187269-101188026:+	1	35	0	0	trans	0.43650398648461	757	TRUE	1	2000	1997	1997	1	1	1	FALSE
3051	ENSG00000148123_PLPPR1	chr9:101028937:C>T	chr9:101230936-101231975:+	1	35	0	0	trans	0.43650398648461	1039	TRUE	1	2000	1997	1997	1	1	1	FALSE
3052	ENSG00000148123_PLPPR1	chr9:101028937:C>T	chr9:101233296-101233353:+	1	35	0	0	trans	0.43650398648461	57	TRUE	1	2000	1997	1997	1	1	1	FALSE
3053	ENSG00000148123_PLPPR1	chr9:101028937:C>T	chr9:101269801-101269879:+	1	35	0	0	trans	0.43650398648461	78	TRUE	1	2000	1997	1997	1	1	1	FALSE
3054	ENSG00000148123_PLPPR1	chr9:101185527:T>G	chr9:101131521-101131639:+	1	82	0	0	trans	0.534910340249463	118	TRUE	1	2000	2000	2000	1	1	1	FALSE
3055	ENSG00000148123_PLPPR1	chr9:101185527:T>G	chr9:101185034-101185255:+	1	84	-0.014	0.005	trans	0.930808428961334	221	TRUE	0.762237762237762	2000	2000	1536	0.768115942028986	0.768115942028986	1	FALSE
3056	ENSG00000148123_PLPPR1	chr9:101185527:T>G	chr9:101185557-101185599:+	1	84	-0.004	0.061	trans	0.66839672825862	42	TRUE	0.612387612387613	2000	2000	1190	0.5952023988006	0.5952023988006	1	FALSE
3057	ENSG00000148123_PLPPR1	chr9:101185527:T>G	chr9:101185599-101185679:+	1	83	-0.003	0.074	trans	0.648118343616586	80	TRUE	0.527472527472528	2000	2000	1019	0.509745127436282	0.509745127436282	1	FALSE
3058	ENSG00000148123_PLPPR1	chr9:101185527:T>G	chr9:101185679-101185870:+	1	79	-0.004	0.072	trans	0.650916627296032	191	TRUE	0.56943056943057	2000	2000	1115	0.557721139430285	0.557721139430285	1	FALSE
3059	ENSG00000148123_PLPPR1	chr9:101185527:T>G	chr9:101185870-101186000:+	1	76	-0.007	0.022	trans	0.757048746457472	130	TRUE	1	2000	2000	2000	1	1	1	FALSE
3060	ENSG00000148123_PLPPR1	chr9:101185527:T>G	chr9:101186000-101186235:+	1	65	-0.001	0.105	trans	0.539481968842146	235	TRUE	0.386613386613387	2000	2000	735	0.367816091954023	0.367816091954023	1	FALSE
3061	ENSG00000148123_PLPPR1	chr9:101185527:T>G	chr9:101187269-101188026:+	1	47	0	0	trans	0.498740346575215	757	TRUE	1	2000	2000	2000	1	1	1	FALSE
3062	ENSG00000148123_PLPPR1	chr9:101185527:T>G	chr9:101230936-101231975:+	1	47	0	0	trans	0.498740346575215	1039	TRUE	1	2000	2000	2000	1	1	1	FALSE
3063	ENSG00000148123_PLPPR1	chr9:101185527:T>G	chr9:101233296-101233353:+	1	47	0	0	trans	0.498740346575215	57	TRUE	1	2000	2000	2000	1	1	1	FALSE
3064	ENSG00000148123_PLPPR1	chr9:101185527:T>G	chr9:101269801-101269879:+	1	47	0	0	trans	0.498740346575215	78	TRUE	1	2000	2000	2000	1	1	1	FALSE
3065	ENSG00000155827_RNF20	chr9:101554740:G>A	chr9:101533914-101533957:+	0	0					43	FALSE		2000	0					FALSE
3066	ENSG00000155827_RNF20	chr9:101554740:G>A	chr9:101533957-101533968:+	0	0					11	FALSE		2000	0					FALSE
3067	ENSG00000155827_RNF20	chr9:101554740:G>A	chr9:101533968-101533978:+	0	0					10	FALSE		2000	0					FALSE
3068	ENSG00000155827_RNF20	chr9:101554740:G>A	chr9:101533978-101534300:+	0	0					322	FALSE		2000	0					FALSE
3069	ENSG00000155827_RNF20	chr9:101554740:G>A	chr9:101535552-101535616:+	0	0					64	FALSE		2000	0					FALSE
3070	ENSG00000155827_RNF20	chr9:101554740:G>A	chr9:101535616-101536226:+	0	0					610	FALSE		2000	0					FALSE
3071	ENSG00000155827_RNF20	chr9:101554740:G>A	chr9:101540176-101540202:+	0	0					26	FALSE		2000	0					FALSE
3072	ENSG00000155827_RNF20	chr9:101554740:G>A	chr9:101560680-101560800:+	0	0					120	FALSE		2000	0					FALSE
3073	ENSG00000155827_RNF20	chr9:101554740:G>A	chr9:101561230-101561452:+	0	0					222	FALSE		2000	0					FALSE
3074	ENSG00000155827_RNF20	chr9:101554744:G>A	chr9:101533914-101533957:+	0	0					43	FALSE		2000	0					FALSE
3075	ENSG00000155827_RNF20	chr9:101554744:G>A	chr9:101533957-101533968:+	0	0					11	FALSE		2000	0					FALSE
3076	ENSG00000155827_RNF20	chr9:101554744:G>A	chr9:101533968-101533978:+	0	0					10	FALSE		2000	0					FALSE
3077	ENSG00000155827_RNF20	chr9:101554744:G>A	chr9:101533978-101534300:+	0	0					322	FALSE		2000	0					FALSE
3078	ENSG00000155827_RNF20	chr9:101554744:G>A	chr9:101535552-101535616:+	0	0					64	FALSE		2000	0					FALSE
3079	ENSG00000155827_RNF20	chr9:101554744:G>A	chr9:101535616-101536226:+	0	0					610	FALSE		2000	0					FALSE
3080	ENSG00000155827_RNF20	chr9:101554744:G>A	chr9:101540176-101540202:+	0	0					26	FALSE		2000	0					FALSE
3081	ENSG00000155827_RNF20	chr9:101554744:G>A	chr9:101560680-101560800:+	0	0					120	FALSE		2000	0					FALSE
3082	ENSG00000155827_RNF20	chr9:101554744:G>A	chr9:101561230-101561452:+	0	0					222	FALSE		2000	0					FALSE
3083	ENSG00000155827_RNF20	chr9:101554746:G>A	chr9:101533914-101533957:+	0	0					43	FALSE		2000	0					FALSE
3084	ENSG00000155827_RNF20	chr9:101554746:G>A	chr9:101533957-101533968:+	0	0					11	FALSE		2000	0					FALSE
3085	ENSG00000155827_RNF20	chr9:101554746:G>A	chr9:101533968-101533978:+	0	0					10	FALSE		2000	0					FALSE
3086	ENSG00000155827_RNF20	chr9:101554746:G>A	chr9:101533978-101534300:+	0	0					322	FALSE		2000	0					FALSE
3087	ENSG00000155827_RNF20	chr9:101554746:G>A	chr9:101535552-101535616:+	0	0					64	FALSE		2000	0					FALSE
3088	ENSG00000155827_RNF20	chr9:101554746:G>A	chr9:101535616-101536226:+	0	0					610	FALSE		2000	0					FALSE
3089	ENSG00000155827_RNF20	chr9:101554746:G>A	chr9:101540176-101540202:+	0	0					26	FALSE		2000	0					FALSE
3090	ENSG00000155827_RNF20	chr9:101554746:G>A	chr9:101560680-101560800:+	0	0					120	FALSE		2000	0					FALSE
3091	ENSG00000155827_RNF20	chr9:101554746:G>A	chr9:101561230-101561452:+	0	0					222	FALSE		2000	0					FALSE
3092	ENSG00000155827_RNF20	chr9:101554752:G>A	chr9:101533914-101533957:+	0	0					43	FALSE		2000	0					FALSE
3093	ENSG00000155827_RNF20	chr9:101554752:G>A	chr9:101533957-101533968:+	0	0					11	FALSE		2000	0					FALSE
3094	ENSG00000155827_RNF20	chr9:101554752:G>A	chr9:101533968-101533978:+	0	0					10	FALSE		2000	0					FALSE
3095	ENSG00000155827_RNF20	chr9:101554752:G>A	chr9:101533978-101534300:+	0	0					322	FALSE		2000	0					FALSE
3096	ENSG00000155827_RNF20	chr9:101554752:G>A	chr9:101535552-101535616:+	0	0					64	FALSE		2000	0					FALSE
3097	ENSG00000155827_RNF20	chr9:101554752:G>A	chr9:101535616-101536226:+	0	0					610	FALSE		2000	0					FALSE
3098	ENSG00000155827_RNF20	chr9:101554752:G>A	chr9:101540176-101540202:+	0	0					26	FALSE		2000	0					FALSE
3099	ENSG00000155827_RNF20	chr9:101554752:G>A	chr9:101560680-101560800:+	0	0					120	FALSE		2000	0					FALSE
3100	ENSG00000155827_RNF20	chr9:101554752:G>A	chr9:101561230-101561452:+	0	0					222	FALSE		2000	0					FALSE
3101	ENSG00000136824_SMC2	chr9:104094351:C>T	chr9:104094448-104094473:+	0	0					25	FALSE		2000	0					FALSE
3102	ENSG00000136824_SMC2	chr9:104094351:C>T	chr9:104094473-104094477:+	0	0					4	FALSE		2000	0					FALSE
3103	ENSG00000136824_SMC2	chr9:104094351:C>T	chr9:104094477-104094563:+	0	0					86	FALSE		2000	0					FALSE
3104	ENSG00000136824_SMC2	chr9:104094351:C>T	chr9:104094563-104094838:+	1	30	-0.002	0.139	trans	0.52221085263069	275	TRUE	0.375624375624376	2000	1921	639	0.332986472424558	0.359320339830085	1	FALSE
3105	ENSG00000136824_SMC2	chr9:104094351:C>T	chr9:104095298-104095323:+	1	30	-0.017	0.056	trans	0.720950472914676	25	TRUE	0.85014985014985	2000	1921	1601	0.833506763787721	0.84007996001999	1	FALSE
3106	ENSG00000136824_SMC2	chr9:104094351:C>T	chr9:104095323-104095552:+	1	30	0	0	trans	0.49403254274629	229	TRUE	1	2000	1921	1921	1	1	1	FALSE
3107	ENSG00000136824_SMC2	chr9:104094351:C>T	chr9:104096147-104096297:+	1	30	0	0	trans	0.49403254274629	150	TRUE	1	2000	1921	1921	1	1	1	FALSE
3108	ENSG00000136824_SMC2	chr9:104094351:C>T	chr9:104135867-104136060:+	0	0					193	FALSE		2000	0					FALSE
3109	ENSG00000136824_SMC2	chr9:104094409:T>G	chr9:104094448-104094473:+	0	0					25	FALSE		2000	0					FALSE
3110	ENSG00000136824_SMC2	chr9:104094409:T>G	chr9:104094473-104094477:+	0	0					4	FALSE		2000	0					FALSE
3111	ENSG00000136824_SMC2	chr9:104094409:T>G	chr9:104094477-104094563:+	0	0					86	FALSE		2000	0					FALSE
3112	ENSG00000136824_SMC2	chr9:104094409:T>G	chr9:104094563-104094838:+	1	31	-0.026	0.046	trans	0.836049759272057	275	FALSE	0.774225774225774	2000	1957	1463	0.747701736465781	0.75312343828086	1	FALSE
3113	ENSG00000136824_SMC2	chr9:104094409:T>G	chr9:104095298-104095323:+	1	31	-0.014	0.088	trans	0.695609341820907	25	FALSE	0.676323676323676	2000	1957	1277	0.65270684371808	0.660169915042479	1	FALSE
3114	ENSG00000136824_SMC2	chr9:104094409:T>G	chr9:104095323-104095552:+	1	31	0	0	trans	0.487044554019432	229	FALSE	1	2000	1957	1957	1	1	1	FALSE
3115	ENSG00000136824_SMC2	chr9:104094409:T>G	chr9:104096147-104096297:+	1	31	0	0	trans	0.487044554019432	150	FALSE	1	2000	1957	1957	1	1	1	FALSE
3116	ENSG00000136824_SMC2	chr9:104094409:T>G	chr9:104135867-104136060:+	0	0					193	FALSE		2000	0					FALSE
3117	ENSG00000136824_SMC2	chr9:104094410:T>C	chr9:104094448-104094473:+	0	0					25	FALSE		2000	0					FALSE
3118	ENSG00000136824_SMC2	chr9:104094410:T>C	chr9:104094473-104094477:+	0	0					4	FALSE		2000	0					FALSE
3119	ENSG00000136824_SMC2	chr9:104094410:T>C	chr9:104094477-104094563:+	0	0					86	FALSE		2000	0					FALSE
3120	ENSG00000136824_SMC2	chr9:104094410:T>C	chr9:104094563-104094838:+	1	31	-0.026	0.046	trans	0.836049759272057	275	FALSE	0.774225774225774	2000	1957	1463	0.747701736465781	0.75312343828086	1	FALSE
3121	ENSG00000136824_SMC2	chr9:104094410:T>C	chr9:104095298-104095323:+	1	31	-0.014	0.088	trans	0.695609341820907	25	FALSE	0.676323676323676	2000	1957	1277	0.65270684371808	0.660169915042479	1	FALSE
3122	ENSG00000136824_SMC2	chr9:104094410:T>C	chr9:104095323-104095552:+	1	31	0	0	trans	0.487044554019432	229	FALSE	1	2000	1957	1957	1	1	1	FALSE
3123	ENSG00000136824_SMC2	chr9:104094410:T>C	chr9:104096147-104096297:+	1	31	0	0	trans	0.487044554019432	150	FALSE	1	2000	1957	1957	1	1	1	FALSE
3124	ENSG00000136824_SMC2	chr9:104094410:T>C	chr9:104135867-104136060:+	0	0					193	FALSE		2000	0					FALSE
3125	ENSG00000136824_SMC2	chr9:104102182:G>A	chr9:104094448-104094473:+	0	0					25	FALSE		2000	0					FALSE
3126	ENSG00000136824_SMC2	chr9:104102182:G>A	chr9:104094473-104094477:+	1	31	-0.015	-0.048	trans	0.709077573327349	4	FALSE	1	2000	884	884	1	1	1	FALSE
3127	ENSG00000136824_SMC2	chr9:104102182:G>A	chr9:104094477-104094563:+	1	31	0.086	0.286	amb	0.00036773879933838	86	TRUE	0.582417582417583	2000	884	40	0.0463276836158192	0.578210894552724	1	FALSE
3128	ENSG00000136824_SMC2	chr9:104102182:G>A	chr9:104094563-104094838:+	2	80	0.006	0.157	trans	0.289956157393151	275	TRUE	0.201798201798202	2000	2000	400	0.20039980009995	0.20039980009995	1	FALSE
3129	ENSG00000136824_SMC2	chr9:104102182:G>A	chr9:104095298-104095323:+	2	80	0.053	-0.312	cis	3.90857993748384e-08	25	TRUE	0.000999000999000999	2000	2000	4	0.00249875062468766	0.00249875062468766	0.2488041693439	TRUE
3130	ENSG00000136824_SMC2	chr9:104102182:G>A	chr9:104095323-104095552:+	2	80	0.014	-0.057	trans	0.0847889330821098	229	TRUE	0.213786213786214	2000	2000	434	0.217391304347826	0.217391304347826	1	FALSE
3131	ENSG00000136824_SMC2	chr9:104102182:G>A	chr9:104096147-104096297:+	2	80	0.014	-0.057	trans	0.0847889330821098	150	TRUE	0.213786213786214	2000	2000	434	0.217391304347826	0.217391304347826	1	FALSE
3132	ENSG00000136824_SMC2	chr9:104102182:G>A	chr9:104135867-104136060:+	1	31	0	0	trans	0.487044554019432	193	TRUE	1	2000	697	697	1	1	1	FALSE
3133	ENSG00000136783_NIPSNAP3A	chr9:104752932:G>A	chr9:104751166-104751327:+	2	139	0	0	trans	0.508951691789362	161	TRUE	1	2000	2000	2000	1	1	1	FALSE
3134	ENSG00000136783_NIPSNAP3A	chr9:104752932:G>A	chr9:104753064-104753241:+	2	139	0.004	-0.098	trans	0.249903764668174	177	TRUE	0.178821178821179	2000	2000	337	0.168915542228886	0.168915542228886	1	FALSE
3135	ENSG00000136783_NIPSNAP3A	chr9:104752932:G>A	chr9:104753598-104754550:+	2	110	0	0	trans	0.49057730969848	952	TRUE	1	2000	2000	2000	1	1	1	FALSE
3136	ENSG00000136783_NIPSNAP3A	chr9:104752932:G>A	chr9:104759171-104759261:+	2	110	-0.004	-0.023	trans	0.719521428951238	90	TRUE	0.82017982017982	2000	2000	1652	0.826086956521739	0.826086956521739	1	FALSE
3137	ENSG00000165028_NIPSNAP3B	chr9:104768870:G>C	chr9:104766324-104766535:+	0	0					211	FALSE		2000	0					FALSE
3138	ENSG00000165028_NIPSNAP3B	chr9:104768870:G>C	chr9:104769021-104769471:+	0	0					450	FALSE		2000	0					FALSE
3139	ENSG00000106701_FSD1L	chr9:105534514:CG>ACC	chr9:105530507-105530963:+	0	0					456	FALSE		2000	0					FALSE
3140	ENSG00000106701_FSD1L	chr9:105534514:CG>ACC	chr9:105533416-105534492:+	0	0					1076	FALSE		2000	0					FALSE
3141	ENSG00000106701_FSD1L	chr9:105534514:CG>ACC	chr9:105534492-105534495:+	0	0					3	FALSE		2000	0					FALSE
3142	ENSG00000106701_FSD1L	chr9:105534514:CG>ACC	chr9:105535318-105535806:+	0	0					488	FALSE		2000	0					FALSE
3143	ENSG00000095209_TMEM38B	chr9:105694606:A>C	chr9:105700983-105701643:+	0	0					660	FALSE		2000	0					FALSE
3144	ENSG00000095209_TMEM38B	chr9:105694606:A>C	chr9:105702706-105702822:+	0	0					116	FALSE		2000	0					FALSE
3145	ENSG00000095209_TMEM38B	chr9:105694606:A>C	chr9:105705753-105705889:+	0	0					136	FALSE		2000	0					FALSE
3146	ENSG00000095209_TMEM38B	chr9:105694606:A>C	chr9:105705889-105707224:+	0	0					1335	FALSE		2000	0					FALSE
3147	ENSG00000070061_ELP1	chr9:108898570:C>T	chr9:108870453-108870553:-	1	31	0	0	trans	0.487044554019432	100	TRUE	1	2000	1997	1997	1	1	1	FALSE
3148	ENSG00000070061_ELP1	chr9:108898570:C>T	chr9:108874894-108874963:-	1	31	0	0	trans	0.487044554019432	69	TRUE	1	2000	1997	1997	1	1	1	FALSE
3149	ENSG00000070061_ELP1	chr9:108898570:C>T	chr9:108874963-108874970:-	1	31	-0.011	-0.053	trans	0.653644748606912	7	FALSE	0.972027972027972	2000	1997	1943	0.972972972972973	0.973013493253373	1	FALSE
3150	ENSG00000070061_ELP1	chr9:108898570:C>T	chr9:108874970-108875632:-	1	31	0	0	trans	0.487044554019432	662	TRUE	1	2000	1997	1997	1	1	1	FALSE
3151	ENSG00000070061_ELP1	chr9:108898570:C>T	chr9:108875632-108875735:-	1	31	0	0	trans	0.487044554019432	103	TRUE	1	2000	1997	1997	1	1	1	FALSE
3152	ENSG00000070061_ELP1	chr9:108898570:C>T	chr9:108875735-108876701:-	1	31	0	0	trans	0.487044554019432	966	TRUE	1	2000	1997	1997	1	1	1	FALSE
3153	ENSG00000070061_ELP1	chr9:108898570:C>T	chr9:108876897-108876986:-	1	31	0	0	trans	0.487044554019432	89	TRUE	1	2000	1997	1997	1	1	1	FALSE
3154	ENSG00000070061_ELP1	chr9:108898570:C>T	chr9:108876986-108877612:-	1	31	0	0	trans	0.487044554019432	626	TRUE	1	2000	1997	1997	1	1	1	FALSE
3155	ENSG00000070061_ELP1	chr9:108898570:C>T	chr9:108877612-108877800:-	1	31	0	0	trans	0.487044554019432	188	TRUE	1	2000	1997	1997	1	1	1	FALSE
3156	ENSG00000070061_ELP1	chr9:108898570:C>T	chr9:108877800-108877994:-	1	31	0	0	trans	0.487044554019432	194	TRUE	1	2000	1997	1997	1	1	1	FALSE
3157	ENSG00000070061_ELP1	chr9:108898570:C>T	chr9:108878750-108878988:-	1	31	0	0	trans	0.487044554019432	238	TRUE	1	2000	1997	1997	1	1	1	FALSE
3158	ENSG00000070061_ELP1	chr9:108898570:C>T	chr9:108879445-108879460:-	1	31	0	0	trans	0.487044554019432	15	TRUE	1	2000	1997	1997	1	1	1	FALSE
3159	ENSG00000070061_ELP1	chr9:108898570:C>T	chr9:108879460-108879557:-	1	31	0	0	trans	0.487044554019432	97	TRUE	1	2000	1997	1997	1	1	1	FALSE
3160	ENSG00000070061_ELP1	chr9:108898570:C>T	chr9:108880165-108880557:-	1	31	0.068	-0.167	amb	0.00372317642280173	392	TRUE	0.024975024975025	2000	1997	50	0.0255255255255255	0.0269865067466267	0.807334650431794	FALSE
3161	ENSG00000070061_ELP1	chr9:108898570:C>T	chr9:108880557-108880943:-	1	31	0.068	-0.167	amb	0.00372317642280173	386	TRUE	0.024975024975025	2000	1997	50	0.0255255255255255	0.0269865067466267	0.807334650431794	FALSE
3162	ENSG00000070061_ELP1	chr9:108898570:C>T	chr9:108880943-108881018:-	1	31	0.068	-0.167	amb	0.00372317642280173	75	TRUE	0.024975024975025	2000	1997	50	0.0255255255255255	0.0269865067466267	0.807334650431794	FALSE
3163	ENSG00000070061_ELP1	chr9:108898570:C>T	chr9:108881018-108881662:-	1	31	0.068	-0.167	amb	0.00372317642280173	644	TRUE	0.024975024975025	2000	1997	50	0.0255255255255255	0.0269865067466267	0.807334650431794	FALSE
3164	ENSG00000070061_ELP1	chr9:108898570:C>T	chr9:108881662-108881704:-	1	31	0.065	-0.281	amb	0.0052402446327926	42	TRUE	0.0659340659340659	2000	1997	129	0.0650650650650651	0.0664667666166917	1	FALSE
3165	ENSG00000070061_ELP1	chr9:108898570:C>T	chr9:108882187-108882562:-	1	31	0	0	trans	0.487044554019432	375	TRUE	1	2000	1997	1997	1	1	1	FALSE
3166	ENSG00000070061_ELP1	chr9:108898570:C>T	chr9:108884795-108884912:-	1	31	0	0	trans	0.487044554019432	117	TRUE	1	2000	1997	1997	1	1	1	FALSE
3167	ENSG00000070061_ELP1	chr9:108898570:C>T	chr9:108885767-108885872:-	1	31	0	0	trans	0.487044554019432	105	TRUE	1	2000	1997	1997	1	1	1	FALSE
3168	ENSG00000070061_ELP1	chr9:108898570:C>T	chr9:108889644-108889684:-	1	31	0	0	trans	0.487044554019432	40	TRUE	1	2000	1997	1997	1	1	1	FALSE
3169	ENSG00000070061_ELP1	chr9:108898570:C>T	chr9:108893083-108893942:-	1	31	0.017	-0.083	trans	0.244026568270613	859	TRUE	0.0599400599400599	2000	1997	120	0.0605605605605606	0.0619690154922539	1	FALSE
3170	ENSG00000070061_ELP1	chr9:108898570:C>T	chr9:108894066-108894088:-	1	31	0.017	-0.083	trans	0.244026568270613	22	TRUE	0.0539460539460539	2000	1997	105	0.0530530530530531	0.0544727636181909	1	FALSE
3171	ENSG00000070061_ELP1	chr9:108898570:C>T	chr9:108896644-108896890:-	1	31	0	0	trans	0.487044554019432	246	TRUE	1	2000	1997	1997	1	1	1	FALSE
3172	ENSG00000070061_ELP1	chr9:108898570:C>T	chr9:108896890-108896952:-	1	31	-0.03	0.022	trans	0.871574226865957	62	TRUE	0.982017982017982	2000	1997	1966	0.984484484484484	0.984507746126937	1	FALSE
3173	ENSG00000070061_ELP1	chr9:108898570:C>T	chr9:108897283-108897285:-	1	31	0	0	trans	0.487044554019432	2	FALSE	1	2000	1997	1997	1	1	1	FALSE
3174	ENSG00000070061_ELP1	chr9:108898570:C>T	chr9:108897285-108898135:-	1	31	-0.033	-0.031	trans	0.894441259588995	850	TRUE	0.551448551448551	2000	1997	1111	0.556556556556557	0.557221389305347	1	FALSE
3175	ENSG00000070061_ELP1	chr9:108898570:C>T	chr9:108898135-108898234:-	1	31	-0.033	-0.031	trans	0.894441259588995	99	TRUE	0.551448551448551	2000	1997	1111	0.556556556556557	0.557221389305347	1	FALSE
3176	ENSG00000070061_ELP1	chr9:108898570:C>T	chr9:108898234-108898501:-	1	31	-0.033	-0.031	trans	0.894441259588995	267	TRUE	0.551448551448551	2000	1997	1111	0.556556556556557	0.557221389305347	1	FALSE
3177	ENSG00000070061_ELP1	chr9:108898570:C>T	chr9:108903658-108903669:-	1	31	0	0	trans	0.487044554019432	11	TRUE	1	2000	1997	1997	1	1	1	FALSE
3178	ENSG00000070061_ELP1	chr9:108898570:C>T	chr9:108906485-108908304:-	1	31	0.017	0.105	trans	0.244026568270613	1819	TRUE	0.465534465534466	2000	1997	961	0.481481481481482	0.482258870564718	1	FALSE
3179	ENSG00000070061_ELP1	chr9:108898570:C>T	chr9:108911009-108911180:-	1	31	-0.011	-0.053	trans	0.653644748606912	171	TRUE	0.972027972027972	2000	1997	1949	0.975975975975976	0.976011994002999	1	FALSE
3180	ENSG00000070061_ELP1	chr9:108898570:C>T	chr9:108911180-108911211:-	1	31	0.017	0.105	trans	0.244026568270613	31	TRUE	0.446553446553447	2000	1997	915	0.458458458458459	0.459270364817591	1	FALSE
3181	ENSG00000070061_ELP1	chr9:108898570:C>T	chr9:108912263-108912494:-	1	31	-0.011	-0.053	trans	0.653644748606912	231	TRUE	0.972027972027972	2000	1997	1949	0.975975975975976	0.976011994002999	1	FALSE
3182	ENSG00000070061_ELP1	chr9:108898570:C>T	chr9:108916203-108916297:-	1	31	-0.011	-0.053	trans	0.653644748606912	94	TRUE	0.972027972027972	2000	1997	1949	0.975975975975976	0.976011994002999	1	FALSE
3183	ENSG00000070061_ELP1	chr9:108898570:C>T	chr9:108916297-108917546:-	1	31	-0.006	-0.114	trans	0.579568087883397	1249	TRUE	0.292707292707293	2000	1997	564	0.282782782782783	0.283858070964518	1	FALSE
3184	ENSG00000070061_ELP1	chr9:108898570:C>T	chr9:108917546-108917598:-	1	31	-0.011	-0.053	trans	0.653644748606912	52	TRUE	0.972027972027972	2000	1997	1949	0.975975975975976	0.976011994002999	1	FALSE
3185	ENSG00000070061_ELP1	chr9:108898570:C>T	chr9:108917598-108917662:-	1	31	-0.011	-0.053	trans	0.653644748606912	64	TRUE	0.972027972027972	2000	1997	1949	0.975975975975976	0.976011994002999	1	FALSE
3186	ENSG00000070061_ELP1	chr9:108898570:C>T	chr9:108917662-108917670:-	1	31	-0.011	-0.053	trans	0.653644748606912	8	FALSE	0.972027972027972	2000	1997	1949	0.975975975975976	0.976011994002999	1	FALSE
3187	ENSG00000070061_ELP1	chr9:108898570:C>T	chr9:108917670-108918810:-	1	31	-0.01	0.118	trans	0.639192511301736	1140	TRUE	0.47952047952048	2000	1997	981	0.491491491491492	0.492253873063468	1	FALSE
3188	ENSG00000070061_ELP1	chr9:108898570:C>T	chr9:108918810-108918901:-	1	31	-0.024	0.009	trans	0.816098222922699	91	TRUE	1	2000	1997	1997	1	1	1	FALSE
3189	ENSG00000070061_ELP1	chr9:108898570:C>T	chr9:108918901-108919252:-	1	31	-0.01	0.118	trans	0.639192511301736	351	TRUE	0.47952047952048	2000	1997	981	0.491491491491492	0.492253873063468	1	FALSE
3190	ENSG00000070061_ELP1	chr9:108898570:C>T	chr9:108919252-108919349:-	1	31	-0.022	0.061	trans	0.794700215145522	97	TRUE	0.664335664335664	2000	1997	1315	0.658658658658659	0.659170414792604	1	FALSE
3191	ENSG00000070061_ELP1	chr9:108898570:C>T	chr9:108920315-108920690:-	1	31	0	0	trans	0.487044554019432	375	TRUE	1	2000	1997	1997	1	1	1	FALSE
3192	ENSG00000070061_ELP1	chr9:108898570:C>T	chr9:108920690-108920783:-	1	31	-0.03	0.022	trans	0.871574226865957	93	TRUE	0.984015984015984	2000	1997	1965	0.983983983983984	0.984007996001999	1	FALSE
3193	ENSG00000070061_ELP1	chr9:108898570:C>T	chr9:108920783-108922841:-	1	31	0	0	trans	0.487044554019432	2058	TRUE	1	2000	1997	1997	1	1	1	FALSE
3194	ENSG00000070061_ELP1	chr9:108898570:C>T	chr9:108922841-108922927:-	1	31	-0.006	0.114	trans	0.579568087883397	86	TRUE	0.250749250749251	2000	1997	550	0.275775775775776	0.276861569215392	1	FALSE
3195	ENSG00000070061_ELP1	chr9:108898570:C>T	chr9:108926522-108926595:-	1	31	-0.006	0.114	trans	0.579568087883397	73	TRUE	0.250749250749251	2000	1997	550	0.275775775775776	0.276861569215392	1	FALSE
3196	ENSG00000070061_ELP1	chr9:108898570:C>T	chr9:108926595-108926603:-	1	31	-0.006	0.114	trans	0.579568087883397	8	FALSE	0.250749250749251	2000	1997	550	0.275775775775776	0.276861569215392	1	FALSE
3197	ENSG00000070061_ELP1	chr9:108898570:C>T	chr9:108927371-108927453:-	1	31	-0.006	0.114	trans	0.579568087883397	82	TRUE	0.250749250749251	2000	1997	550	0.275775775775776	0.276861569215392	1	FALSE
3198	ENSG00000070061_ELP1	chr9:108898570:C>T	chr9:108929768-108929921:-	1	31	-0.006	0.114	trans	0.579568087883397	153	TRUE	0.250749250749251	2000	1997	550	0.275775775775776	0.276861569215392	1	FALSE
3199	ENSG00000070061_ELP1	chr9:108898570:C>T	chr9:108930996-108931056:-	1	31	-0.022	0.061	trans	0.794700215145522	60	TRUE	0.678321678321678	2000	1997	1349	0.675675675675676	0.67616191904048	1	FALSE
3200	ENSG00000070061_ELP1	chr9:108898570:C>T	chr9:108931056-108931146:-	1	31	-0.01	0.123	trans	0.639192511301736	90	TRUE	0.515484515484515	2000	1997	1054	0.528028028028028	0.528735632183908	1	FALSE
3201	ENSG00000070061_ELP1	chr9:108898570:C>T	chr9:108931146-108931199:-	0	0					53	FALSE		2000	0					FALSE
3202	ENSG00000070061_ELP1	chr9:108898570:C>T	chr9:108931199-108931201:-	0	0					2	FALSE		2000	0					FALSE
3203	ENSG00000070061_ELP1	chr9:108898570:C>T	chr9:108931201-108933863:-	0	0					2662	FALSE		2000	0					FALSE
3204	ENSG00000070061_ELP1	chr9:108879544:G>A	chr9:108870453-108870553:-	0	0					100	FALSE		2000	0					FALSE
3205	ENSG00000070061_ELP1	chr9:108879544:G>A	chr9:108874894-108874963:-	0	0					69	FALSE		2000	0					FALSE
3206	ENSG00000070061_ELP1	chr9:108879544:G>A	chr9:108874963-108874970:-	0	0					7	FALSE		2000	0					FALSE
3207	ENSG00000070061_ELP1	chr9:108879544:G>A	chr9:108874970-108875632:-	0	0					662	FALSE		2000	0					FALSE
3208	ENSG00000070061_ELP1	chr9:108879544:G>A	chr9:108875632-108875735:-	0	0					103	FALSE		2000	0					FALSE
3209	ENSG00000070061_ELP1	chr9:108879544:G>A	chr9:108875735-108876701:-	0	0					966	FALSE		2000	0					FALSE
3210	ENSG00000070061_ELP1	chr9:108879544:G>A	chr9:108876897-108876986:-	0	0					89	FALSE		2000	0					FALSE
3211	ENSG00000070061_ELP1	chr9:108879544:G>A	chr9:108876986-108877612:-	0	0					626	FALSE		2000	0					FALSE
3212	ENSG00000070061_ELP1	chr9:108879544:G>A	chr9:108877612-108877800:-	0	0					188	FALSE		2000	0					FALSE
3213	ENSG00000070061_ELP1	chr9:108879544:G>A	chr9:108877800-108877994:-	0	0					194	FALSE		2000	0					FALSE
3214	ENSG00000070061_ELP1	chr9:108879544:G>A	chr9:108878750-108878988:-	0	0					238	FALSE		2000	0					FALSE
3215	ENSG00000070061_ELP1	chr9:108879544:G>A	chr9:108879445-108879460:-	0	0					15	FALSE		2000	0					FALSE
3216	ENSG00000070061_ELP1	chr9:108879544:G>A	chr9:108879460-108879557:-	0	0					97	FALSE		2000	0					FALSE
3217	ENSG00000070061_ELP1	chr9:108879544:G>A	chr9:108880165-108880557:-	0	0					392	FALSE		2000	0					FALSE
3218	ENSG00000070061_ELP1	chr9:108879544:G>A	chr9:108880557-108880943:-	0	0					386	FALSE		2000	0					FALSE
3219	ENSG00000070061_ELP1	chr9:108879544:G>A	chr9:108880943-108881018:-	0	0					75	FALSE		2000	0					FALSE
3220	ENSG00000070061_ELP1	chr9:108879544:G>A	chr9:108881018-108881662:-	0	0					644	FALSE		2000	0					FALSE
3221	ENSG00000070061_ELP1	chr9:108879544:G>A	chr9:108881662-108881704:-	0	0					42	FALSE		2000	0					FALSE
3222	ENSG00000070061_ELP1	chr9:108879544:G>A	chr9:108882187-108882562:-	0	0					375	FALSE		2000	0					FALSE
3223	ENSG00000070061_ELP1	chr9:108879544:G>A	chr9:108884795-108884912:-	0	0					117	FALSE		2000	0					FALSE
3224	ENSG00000070061_ELP1	chr9:108879544:G>A	chr9:108885767-108885872:-	0	0					105	FALSE		2000	0					FALSE
3225	ENSG00000070061_ELP1	chr9:108879544:G>A	chr9:108889644-108889684:-	0	0					40	FALSE		2000	0					FALSE
3226	ENSG00000070061_ELP1	chr9:108879544:G>A	chr9:108893083-108893942:-	0	0					859	FALSE		2000	0					FALSE
3227	ENSG00000070061_ELP1	chr9:108879544:G>A	chr9:108894066-108894088:-	0	0					22	FALSE		2000	0					FALSE
3228	ENSG00000070061_ELP1	chr9:108879544:G>A	chr9:108896644-108896890:-	0	0					246	FALSE		2000	0					FALSE
3229	ENSG00000070061_ELP1	chr9:108879544:G>A	chr9:108896890-108896952:-	0	0					62	FALSE		2000	0					FALSE
3230	ENSG00000070061_ELP1	chr9:108879544:G>A	chr9:108897283-108897285:-	0	0					2	FALSE		2000	0					FALSE
3231	ENSG00000070061_ELP1	chr9:108879544:G>A	chr9:108897285-108898135:-	0	0					850	FALSE		2000	0					FALSE
3232	ENSG00000070061_ELP1	chr9:108879544:G>A	chr9:108898135-108898234:-	0	0					99	FALSE		2000	0					FALSE
3233	ENSG00000070061_ELP1	chr9:108879544:G>A	chr9:108898234-108898501:-	0	0					267	FALSE		2000	0					FALSE
3234	ENSG00000070061_ELP1	chr9:108879544:G>A	chr9:108903658-108903669:-	0	0					11	FALSE		2000	0					FALSE
3235	ENSG00000070061_ELP1	chr9:108879544:G>A	chr9:108906485-108908304:-	0	0					1819	FALSE		2000	0					FALSE
3236	ENSG00000070061_ELP1	chr9:108879544:G>A	chr9:108911009-108911180:-	0	0					171	FALSE		2000	0					FALSE
3237	ENSG00000070061_ELP1	chr9:108879544:G>A	chr9:108911180-108911211:-	0	0					31	FALSE		2000	0					FALSE
3238	ENSG00000070061_ELP1	chr9:108879544:G>A	chr9:108912263-108912494:-	0	0					231	FALSE		2000	0					FALSE
3239	ENSG00000070061_ELP1	chr9:108879544:G>A	chr9:108916203-108916297:-	0	0					94	FALSE		2000	0					FALSE
3240	ENSG00000070061_ELP1	chr9:108879544:G>A	chr9:108916297-108917546:-	0	0					1249	FALSE		2000	0					FALSE
3241	ENSG00000070061_ELP1	chr9:108879544:G>A	chr9:108917546-108917598:-	0	0					52	FALSE		2000	0					FALSE
3242	ENSG00000070061_ELP1	chr9:108879544:G>A	chr9:108917598-108917662:-	0	0					64	FALSE		2000	0					FALSE
3243	ENSG00000070061_ELP1	chr9:108879544:G>A	chr9:108917662-108917670:-	0	0					8	FALSE		2000	0					FALSE
3244	ENSG00000070061_ELP1	chr9:108879544:G>A	chr9:108917670-108918810:-	0	0					1140	FALSE		2000	0					FALSE
3245	ENSG00000070061_ELP1	chr9:108879544:G>A	chr9:108918810-108918901:-	0	0					91	FALSE		2000	0					FALSE
3246	ENSG00000070061_ELP1	chr9:108879544:G>A	chr9:108918901-108919252:-	0	0					351	FALSE		2000	0					FALSE
3247	ENSG00000070061_ELP1	chr9:108879544:G>A	chr9:108919252-108919349:-	0	0					97	FALSE		2000	0					FALSE
3248	ENSG00000070061_ELP1	chr9:108879544:G>A	chr9:108920315-108920690:-	0	0					375	FALSE		2000	0					FALSE
3249	ENSG00000070061_ELP1	chr9:108879544:G>A	chr9:108920690-108920783:-	0	0					93	FALSE		2000	0					FALSE
3250	ENSG00000070061_ELP1	chr9:108879544:G>A	chr9:108920783-108922841:-	0	0					2058	FALSE		2000	0					FALSE
3251	ENSG00000070061_ELP1	chr9:108879544:G>A	chr9:108922841-108922927:-	0	0					86	FALSE		2000	0					FALSE
3252	ENSG00000070061_ELP1	chr9:108879544:G>A	chr9:108926522-108926595:-	0	0					73	FALSE		2000	0					FALSE
3253	ENSG00000070061_ELP1	chr9:108879544:G>A	chr9:108926595-108926603:-	0	0					8	FALSE		2000	0					FALSE
3254	ENSG00000070061_ELP1	chr9:108879544:G>A	chr9:108927371-108927453:-	0	0					82	FALSE		2000	0					FALSE
3255	ENSG00000070061_ELP1	chr9:108879544:G>A	chr9:108929768-108929921:-	0	0					153	FALSE		2000	0					FALSE
3256	ENSG00000070061_ELP1	chr9:108879544:G>A	chr9:108930996-108931056:-	0	0					60	FALSE		2000	0					FALSE
3257	ENSG00000070061_ELP1	chr9:108879544:G>A	chr9:108931056-108931146:-	0	0					90	FALSE		2000	0					FALSE
3258	ENSG00000070061_ELP1	chr9:108879544:G>A	chr9:108931146-108931199:-	0	0					53	FALSE		2000	0					FALSE
3259	ENSG00000070061_ELP1	chr9:108879544:G>A	chr9:108931199-108931201:-	0	0					2	FALSE		2000	0					FALSE
3260	ENSG00000070061_ELP1	chr9:108879544:G>A	chr9:108931201-108933863:-	0	0					2662	FALSE		2000	0					FALSE
3261	ENSG00000070061_ELP1	chr9:108897202:T>G	chr9:108870453-108870553:-	0	0					100	FALSE		2000	0					FALSE
3262	ENSG00000070061_ELP1	chr9:108897202:T>G	chr9:108874894-108874963:-	0	0					69	FALSE		2000	0					FALSE
3263	ENSG00000070061_ELP1	chr9:108897202:T>G	chr9:108874963-108874970:-	0	0					7	FALSE		2000	0					FALSE
3264	ENSG00000070061_ELP1	chr9:108897202:T>G	chr9:108874970-108875632:-	0	0					662	FALSE		2000	0					FALSE
3265	ENSG00000070061_ELP1	chr9:108897202:T>G	chr9:108875632-108875735:-	0	0					103	FALSE		2000	0					FALSE
3266	ENSG00000070061_ELP1	chr9:108897202:T>G	chr9:108875735-108876701:-	0	0					966	FALSE		2000	0					FALSE
3267	ENSG00000070061_ELP1	chr9:108897202:T>G	chr9:108876897-108876986:-	0	0					89	FALSE		2000	0					FALSE
3268	ENSG00000070061_ELP1	chr9:108897202:T>G	chr9:108876986-108877612:-	0	0					626	FALSE		2000	0					FALSE
3269	ENSG00000070061_ELP1	chr9:108897202:T>G	chr9:108877612-108877800:-	0	0					188	FALSE		2000	0					FALSE
3270	ENSG00000070061_ELP1	chr9:108897202:T>G	chr9:108877800-108877994:-	0	0					194	FALSE		2000	0					FALSE
3271	ENSG00000070061_ELP1	chr9:108897202:T>G	chr9:108878750-108878988:-	0	0					238	FALSE		2000	0					FALSE
3272	ENSG00000070061_ELP1	chr9:108897202:T>G	chr9:108879445-108879460:-	0	0					15	FALSE		2000	0					FALSE
3273	ENSG00000070061_ELP1	chr9:108897202:T>G	chr9:108879460-108879557:-	0	0					97	FALSE		2000	0					FALSE
3274	ENSG00000070061_ELP1	chr9:108897202:T>G	chr9:108880165-108880557:-	0	0					392	FALSE		2000	0					FALSE
3275	ENSG00000070061_ELP1	chr9:108897202:T>G	chr9:108880557-108880943:-	0	0					386	FALSE		2000	0					FALSE
3276	ENSG00000070061_ELP1	chr9:108897202:T>G	chr9:108880943-108881018:-	0	0					75	FALSE		2000	0					FALSE
3277	ENSG00000070061_ELP1	chr9:108897202:T>G	chr9:108881018-108881662:-	0	0					644	FALSE		2000	0					FALSE
3278	ENSG00000070061_ELP1	chr9:108897202:T>G	chr9:108881662-108881704:-	0	0					42	FALSE		2000	0					FALSE
3279	ENSG00000070061_ELP1	chr9:108897202:T>G	chr9:108882187-108882562:-	0	0					375	FALSE		2000	0					FALSE
3280	ENSG00000070061_ELP1	chr9:108897202:T>G	chr9:108884795-108884912:-	0	0					117	FALSE		2000	0					FALSE
3281	ENSG00000070061_ELP1	chr9:108897202:T>G	chr9:108885767-108885872:-	0	0					105	FALSE		2000	0					FALSE
3282	ENSG00000070061_ELP1	chr9:108897202:T>G	chr9:108889644-108889684:-	0	0					40	FALSE		2000	0					FALSE
3283	ENSG00000070061_ELP1	chr9:108897202:T>G	chr9:108893083-108893942:-	0	0					859	FALSE		2000	0					FALSE
3284	ENSG00000070061_ELP1	chr9:108897202:T>G	chr9:108894066-108894088:-	0	0					22	FALSE		2000	0					FALSE
3285	ENSG00000070061_ELP1	chr9:108897202:T>G	chr9:108896644-108896890:-	0	0					246	FALSE		2000	0					FALSE
3286	ENSG00000070061_ELP1	chr9:108897202:T>G	chr9:108896890-108896952:-	0	0					62	FALSE		2000	0					FALSE
3287	ENSG00000070061_ELP1	chr9:108897202:T>G	chr9:108897283-108897285:-	0	0					2	FALSE		2000	0					FALSE
3288	ENSG00000070061_ELP1	chr9:108897202:T>G	chr9:108897285-108898135:-	0	0					850	FALSE		2000	0					FALSE
3289	ENSG00000070061_ELP1	chr9:108897202:T>G	chr9:108898135-108898234:-	0	0					99	FALSE		2000	0					FALSE
3290	ENSG00000070061_ELP1	chr9:108897202:T>G	chr9:108898234-108898501:-	0	0					267	FALSE		2000	0					FALSE
3291	ENSG00000070061_ELP1	chr9:108897202:T>G	chr9:108903658-108903669:-	0	0					11	FALSE		2000	0					FALSE
3292	ENSG00000070061_ELP1	chr9:108897202:T>G	chr9:108906485-108908304:-	0	0					1819	FALSE		2000	0					FALSE
3293	ENSG00000070061_ELP1	chr9:108897202:T>G	chr9:108911009-108911180:-	0	0					171	FALSE		2000	0					FALSE
3294	ENSG00000070061_ELP1	chr9:108897202:T>G	chr9:108911180-108911211:-	0	0					31	FALSE		2000	0					FALSE
3295	ENSG00000070061_ELP1	chr9:108897202:T>G	chr9:108912263-108912494:-	0	0					231	FALSE		2000	0					FALSE
3296	ENSG00000070061_ELP1	chr9:108897202:T>G	chr9:108916203-108916297:-	0	0					94	FALSE		2000	0					FALSE
3297	ENSG00000070061_ELP1	chr9:108897202:T>G	chr9:108916297-108917546:-	0	0					1249	FALSE		2000	0					FALSE
3298	ENSG00000070061_ELP1	chr9:108897202:T>G	chr9:108917546-108917598:-	0	0					52	FALSE		2000	0					FALSE
3299	ENSG00000070061_ELP1	chr9:108897202:T>G	chr9:108917598-108917662:-	0	0					64	FALSE		2000	0					FALSE
3300	ENSG00000070061_ELP1	chr9:108897202:T>G	chr9:108917662-108917670:-	0	0					8	FALSE		2000	0					FALSE
3301	ENSG00000070061_ELP1	chr9:108897202:T>G	chr9:108917670-108918810:-	0	0					1140	FALSE		2000	0					FALSE
3302	ENSG00000070061_ELP1	chr9:108897202:T>G	chr9:108918810-108918901:-	0	0					91	FALSE		2000	0					FALSE
3303	ENSG00000070061_ELP1	chr9:108897202:T>G	chr9:108918901-108919252:-	0	0					351	FALSE		2000	0					FALSE
3304	ENSG00000070061_ELP1	chr9:108897202:T>G	chr9:108919252-108919349:-	0	0					97	FALSE		2000	0					FALSE
3305	ENSG00000070061_ELP1	chr9:108897202:T>G	chr9:108920315-108920690:-	0	0					375	FALSE		2000	0					FALSE
3306	ENSG00000070061_ELP1	chr9:108897202:T>G	chr9:108920690-108920783:-	0	0					93	FALSE		2000	0					FALSE
3307	ENSG00000070061_ELP1	chr9:108897202:T>G	chr9:108920783-108922841:-	0	0					2058	FALSE		2000	0					FALSE
3308	ENSG00000070061_ELP1	chr9:108897202:T>G	chr9:108922841-108922927:-	0	0					86	FALSE		2000	0					FALSE
3309	ENSG00000070061_ELP1	chr9:108897202:T>G	chr9:108926522-108926595:-	0	0					73	FALSE		2000	0					FALSE
3310	ENSG00000070061_ELP1	chr9:108897202:T>G	chr9:108926595-108926603:-	0	0					8	FALSE		2000	0					FALSE
3311	ENSG00000070061_ELP1	chr9:108897202:T>G	chr9:108927371-108927453:-	0	0					82	FALSE		2000	0					FALSE
3312	ENSG00000070061_ELP1	chr9:108897202:T>G	chr9:108929768-108929921:-	0	0					153	FALSE		2000	0					FALSE
3313	ENSG00000070061_ELP1	chr9:108897202:T>G	chr9:108930996-108931056:-	0	0					60	FALSE		2000	0					FALSE
3314	ENSG00000070061_ELP1	chr9:108897202:T>G	chr9:108931056-108931146:-	0	0					90	FALSE		2000	0					FALSE
3315	ENSG00000070061_ELP1	chr9:108897202:T>G	chr9:108931146-108931199:-	0	0					53	FALSE		2000	0					FALSE
3316	ENSG00000070061_ELP1	chr9:108897202:T>G	chr9:108931199-108931201:-	0	0					2	FALSE		2000	0					FALSE
3317	ENSG00000070061_ELP1	chr9:108897202:T>G	chr9:108931201-108933863:-	0	0					2662	FALSE		2000	0					FALSE
3318	ENSG00000119326_CTNNAL1	chr9:108992727:C>T	chr9:108942834-108942871:-	0	0					37	FALSE		2000	0					FALSE
3319	ENSG00000119326_CTNNAL1	chr9:108992727:C>T	chr9:108955789-108955827:-	0	0					38	FALSE		2000	0					FALSE
3320	ENSG00000119326_CTNNAL1	chr9:108992727:C>T	chr9:108963497-108963555:-	0	0					58	FALSE		2000	0					FALSE
3321	ENSG00000119326_CTNNAL1	chr9:108992727:C>T	chr9:108977048-108977420:-	0	0					372	FALSE		2000	0					FALSE
3322	ENSG00000119326_CTNNAL1	chr9:108992727:C>T	chr9:108990724-108990725:-	1	37	-0.01	0.096	trans	0.686022101732691	1	FALSE	0.61038961038961	2000	2000	1174	0.587206396801599	0.587206396801599	1	FALSE
3323	ENSG00000119326_CTNNAL1	chr9:108992727:C>T	chr9:108991895-108992067:-	1	38	-0.01	-0.042	trans	0.679616667658566	172	TRUE	0.948051948051948	2000	2000	1903	0.951524237881059	0.951524237881059	1	FALSE
3324	ENSG00000119326_CTNNAL1	chr9:108992727:C>T	chr9:108992385-108992631:-	1	45	-0.002	0.111	trans	0.538094979708619	246	TRUE	0.415584415584416	2000	2000	822	0.411294352823588	0.411294352823588	1	FALSE
3325	ENSG00000119326_CTNNAL1	chr9:108992727:C>T	chr9:108999066-108999256:-	1	45	0.01	-0.056	trans	0.270794501526251	190	TRUE	0.390609390609391	2000	2000	801	0.4007996001999	0.4007996001999	1	FALSE
3326	ENSG00000119326_CTNNAL1	chr9:109013486:C>T	chr9:108942834-108942871:-	1	77	0	0.113	trans	0.53472056387862	37	TRUE	0.325674325674326	2000	2000	664	0.332333833083458	0.332333833083458	1	FALSE
3327	ENSG00000119326_CTNNAL1	chr9:109013486:C>T	chr9:108955789-108955827:-	1	77	0	0	trans	0.53472056387862	38	TRUE	1	2000	2000	2000	1	1	1	FALSE
3328	ENSG00000119326_CTNNAL1	chr9:109013486:C>T	chr9:108963497-108963555:-	1	77	0	0	trans	0.53472056387862	58	TRUE	1	2000	2000	2000	1	1	1	FALSE
3329	ENSG00000119326_CTNNAL1	chr9:109013486:C>T	chr9:108977048-108977420:-	1	78	-0.001	0.025	trans	0.531388170058956	372	TRUE	0.733266733266733	2000	2000	1460	0.730134932533733	0.730134932533733	1	FALSE
3330	ENSG00000119326_CTNNAL1	chr9:109013486:C>T	chr9:108990724-108990725:-	1	138	-0.003	-0.047	trans	0.72191980655699	1	FALSE	0.804195804195804	2000	2000	1630	0.815092453773113	0.815092453773113	1	FALSE
3331	ENSG00000119326_CTNNAL1	chr9:109013486:C>T	chr9:108991895-108992067:-	1	157	0.002	0.062	trans	0.283477619426431	172	TRUE	0.240759240759241	2000	2000	485	0.24287856071964	0.24287856071964	1	FALSE
3332	ENSG00000119326_CTNNAL1	chr9:109013486:C>T	chr9:108992385-108992631:-	1	207	-0.002	-0.032	trans	0.721255064573559	246	TRUE	0.753246753246753	2000	2000	1533	0.766616691654173	0.766616691654173	1	FALSE
3333	ENSG00000119326_CTNNAL1	chr9:109013486:C>T	chr9:108999066-108999256:-	1	207	0	0.01	trans	0.47117219156426	190	TRUE	1	2000	2000	2000	1	1	1	FALSE
3334	ENSG00000136810_TXN	chr9:110244139:A>G	chr9:110244843-110245116:-	3	1575	0.001	0.007	trans	0.0115970956046966	273	TRUE	0.213786213786214	2000	2000	424	0.212393803098451	0.212393803098451	1	FALSE
3335	ENSG00000136810_TXN	chr9:110244139:A>G	chr9:110250819-110250879:-	3	1561	0	0.007	trans	0.509419887710677	60	TRUE	0.75024975024975	2000	2000	1481	0.740629685157421	0.740629685157421	1	FALSE
3336	ENSG00000136813_ECPAS	chr9:111421978:G>C	chr9:111362053-111362169:-	0	0					116	FALSE		2000	0					FALSE
3337	ENSG00000136813_ECPAS	chr9:111421978:G>C	chr9:111363587-111363659:-	0	0					72	FALSE		2000	0					FALSE
3338	ENSG00000136813_ECPAS	chr9:111421978:G>C	chr9:111365553-111366238:-	0	0					685	FALSE		2000	0					FALSE
3339	ENSG00000136813_ECPAS	chr9:111421978:G>C	chr9:111366238-111366327:-	0	0					89	FALSE		2000	0					FALSE
3340	ENSG00000136813_ECPAS	chr9:111421978:G>C	chr9:111366521-111366627:-	0	0					106	FALSE		2000	0					FALSE
3341	ENSG00000136813_ECPAS	chr9:111421978:G>C	chr9:111369034-111369173:-	0	0					139	FALSE		2000	0					FALSE
3342	ENSG00000136813_ECPAS	chr9:111421978:G>C	chr9:111372620-111373169:-	0	0					549	FALSE		2000	0					FALSE
3343	ENSG00000136813_ECPAS	chr9:111421978:G>C	chr9:111373406-111373971:-	0	0					565	FALSE		2000	0					FALSE
3344	ENSG00000136813_ECPAS	chr9:111421978:G>C	chr9:111374038-111375112:-	0	0					1074	FALSE		2000	0					FALSE
3345	ENSG00000136813_ECPAS	chr9:111421978:G>C	chr9:111375202-111375429:-	0	0					227	FALSE		2000	0					FALSE
3346	ENSG00000136813_ECPAS	chr9:111421978:G>C	chr9:111451035-111451424:-	0	0					389	FALSE		2000	0					FALSE
3347	ENSG00000136813_ECPAS	chr9:111421978:G>C	chr9:111472664-111472896:-	0	0					232	FALSE		2000	0					FALSE
3348	ENSG00000136813_ECPAS	chr9:111421978:G>C	chr9:111472896-111473000:-	0	0					104	FALSE		2000	0					FALSE
3349	ENSG00000136813_ECPAS	chr9:111421978:G>C	chr9:111483503-111483565:-	0	0					62	FALSE		2000	0					FALSE
3350	ENSG00000136813_ECPAS	chr9:111421978:G>C	chr9:111483565-111483574:-	0	0					9	FALSE		2000	0					FALSE
3351	ENSG00000136813_ECPAS	chr9:111421978:G>C	chr9:111483574-111483664:-	0	0					90	FALSE		2000	0					FALSE
3352	ENSG00000136813_ECPAS	chr9:111421978:G>C	chr9:111483664-111483676:-	0	0					12	FALSE		2000	0					FALSE
3353	ENSG00000136813_ECPAS	chr9:111421978:G>C	chr9:111483676-111483679:-	0	0					3	FALSE		2000	0					FALSE
3354	ENSG00000136813_ECPAS	chr9:111421978:G>C	chr9:111483984-111484057:-	0	0					73	FALSE		2000	0					FALSE
3355	ENSG00000136813_ECPAS	chr9:111421978:G>C	chr9:111484057-111484115:-	0	0					58	FALSE		2000	0					FALSE
3356	ENSG00000136813_ECPAS	chr9:111421978:G>C	chr9:111484261-111484353:-	0	0					92	FALSE		2000	0					FALSE
3357	ENSG00000136813_ECPAS	chr9:111428056:G>A	chr9:111451035-111451424:-	0	0					389	FALSE		2000	0					FALSE
3358	ENSG00000136813_ECPAS	chr9:111428056:G>A	chr9:111472664-111472896:-	0	0					232	FALSE		2000	0					FALSE
3359	ENSG00000136813_ECPAS	chr9:111428056:G>A	chr9:111472896-111473000:-	0	0					104	FALSE		2000	0					FALSE
3360	ENSG00000136813_ECPAS	chr9:111428056:G>A	chr9:111483503-111483565:-	0	0					62	FALSE		2000	0					FALSE
3361	ENSG00000136813_ECPAS	chr9:111428056:G>A	chr9:111483565-111483574:-	0	0					9	FALSE		2000	0					FALSE
3362	ENSG00000136813_ECPAS	chr9:111428056:G>A	chr9:111483574-111483664:-	0	0					90	FALSE		2000	0					FALSE
3363	ENSG00000136813_ECPAS	chr9:111428056:G>A	chr9:111483664-111483676:-	0	0					12	FALSE		2000	0					FALSE
3364	ENSG00000136813_ECPAS	chr9:111428056:G>A	chr9:111483676-111483679:-	0	0					3	FALSE		2000	0					FALSE
3365	ENSG00000136813_ECPAS	chr9:111412134:T>C	chr9:111362053-111362169:-	0	0					116	FALSE		2000	0					FALSE
3366	ENSG00000136813_ECPAS	chr9:111412134:T>C	chr9:111363587-111363659:-	0	0					72	FALSE		2000	0					FALSE
3367	ENSG00000136813_ECPAS	chr9:111412134:T>C	chr9:111365553-111366238:-	0	0					685	FALSE		2000	0					FALSE
3368	ENSG00000136813_ECPAS	chr9:111412134:T>C	chr9:111366238-111366327:-	0	0					89	FALSE		2000	0					FALSE
3369	ENSG00000136813_ECPAS	chr9:111412134:T>C	chr9:111366521-111366627:-	0	0					106	FALSE		2000	0					FALSE
3370	ENSG00000136813_ECPAS	chr9:111412134:T>C	chr9:111369034-111369173:-	0	0					139	FALSE		2000	0					FALSE
3371	ENSG00000136813_ECPAS	chr9:111412134:T>C	chr9:111372620-111373169:-	0	0					549	FALSE		2000	0					FALSE
3372	ENSG00000136813_ECPAS	chr9:111412134:T>C	chr9:111373406-111373971:-	0	0					565	FALSE		2000	0					FALSE
3373	ENSG00000136813_ECPAS	chr9:111412134:T>C	chr9:111374038-111375112:-	0	0					1074	FALSE		2000	0					FALSE
3374	ENSG00000136813_ECPAS	chr9:111412134:T>C	chr9:111375202-111375429:-	0	0					227	FALSE		2000	0					FALSE
3375	ENSG00000136813_ECPAS	chr9:111412134:T>C	chr9:111451035-111451424:-	0	0					389	FALSE		2000	0					FALSE
3376	ENSG00000136813_ECPAS	chr9:111412134:T>C	chr9:111472664-111472896:-	0	0					232	FALSE		2000	0					FALSE
3377	ENSG00000136813_ECPAS	chr9:111412134:T>C	chr9:111472896-111473000:-	0	0					104	FALSE		2000	0					FALSE
3378	ENSG00000136813_ECPAS	chr9:111412134:T>C	chr9:111483503-111483565:-	0	0					62	FALSE		2000	0					FALSE
3379	ENSG00000136813_ECPAS	chr9:111412134:T>C	chr9:111483565-111483574:-	0	0					9	FALSE		2000	0					FALSE
3380	ENSG00000136813_ECPAS	chr9:111412134:T>C	chr9:111483574-111483664:-	0	0					90	FALSE		2000	0					FALSE
3381	ENSG00000136813_ECPAS	chr9:111412134:T>C	chr9:111483664-111483676:-	0	0					12	FALSE		2000	0					FALSE
3382	ENSG00000136813_ECPAS	chr9:111412134:T>C	chr9:111483676-111483679:-	0	0					3	FALSE		2000	0					FALSE
3383	ENSG00000136813_ECPAS	chr9:111412134:T>C	chr9:111483984-111484057:-	0	0					73	FALSE		2000	0					FALSE
3384	ENSG00000136813_ECPAS	chr9:111412134:T>C	chr9:111484057-111484115:-	0	0					58	FALSE		2000	0					FALSE
3385	ENSG00000136813_ECPAS	chr9:111412134:T>C	chr9:111484261-111484353:-	0	0					92	FALSE		2000	0					FALSE
3386	ENSG00000106853_PTGR1	chr9:111597364:T>C	chr9:111562971-111562972:-	0	0					1	FALSE		2000	0					FALSE
3387	ENSG00000106853_PTGR1	chr9:111597364:T>C	chr9:111562972-111563231:-	1	30	0	0	trans	0.49403254274629	259	TRUE	1	2000	1569	1569	1	1	1	FALSE
3388	ENSG00000106853_PTGR1	chr9:111597364:T>C	chr9:111563231-111564156:-	1	30	0.022	0.091	trans	0.214110478218075	925	TRUE	0.424575424575425	2000	1569	389	0.248407643312102	0.410294852573713	1	FALSE
3389	ENSG00000106853_PTGR1	chr9:111597364:T>C	chr9:111564156-111564262:-	1	30	-0.007	0.148	trans	0.591869974292529	106	TRUE	0.583416583416583	2000	1569	706	0.45031847133758	0.568715642178911	1	FALSE
3390	ENSG00000106853_PTGR1	chr9:111597364:T>C	chr9:111570090-111570209:-	1	30	-0.022	0.067	trans	0.777066116897591	119	TRUE	0.807192807192807	2000	1569	1176	0.74968152866242	0.80359820089955	1	FALSE
3391	ENSG00000106853_PTGR1	chr9:111597364:T>C	chr9:111589263-111589382:-	1	30	0.022	0.091	trans	0.214110478218075	119	TRUE	0.424575424575425	2000	1569	389	0.248407643312102	0.410294852573713	1	FALSE
3392	ENSG00000106853_PTGR1	chr9:111597364:T>C	chr9:111592297-111592366:-	1	36	-0.014	0.078	trans	0.735937873269742	69	TRUE	0.648351648351648	2000	2000	1288	0.644177911044478	0.644177911044478	1	FALSE
3393	ENSG00000106853_PTGR1	chr9:111597364:T>C	chr9:111592366-111592690:-	1	40	-0.014	-0.055	trans	0.77294292273503	324	TRUE	1	2000	2000	2000	1	1	1	FALSE
3394	ENSG00000106853_PTGR1	chr9:111597364:T>C	chr9:111592690-111592925:-	1	40	-0.014	-0.055	trans	0.77294292273503	235	TRUE	1	2000	2000	2000	1	1	1	FALSE
3395	ENSG00000106853_PTGR1	chr9:111597364:T>C	chr9:111592925-111592982:-	1	40	0	0	trans	0.494717558753228	57	TRUE	1	2000	2000	2000	1	1	1	FALSE
3396	ENSG00000106853_PTGR1	chr9:111597364:T>C	chr9:111593900-111594221:-	1	40	0	0	trans	0.494717558753228	321	TRUE	1	2000	2000	2000	1	1	1	FALSE
3397	ENSG00000106853_PTGR1	chr9:111597364:T>C	chr9:111594221-111594267:-	1	40	0	0	trans	0.494717558753228	46	TRUE	1	2000	2000	2000	1	1	1	FALSE
3398	ENSG00000106853_PTGR1	chr9:111597364:T>C	chr9:111597299-111597316:-	1	40	0	0	trans	0.494717558753228	17	TRUE	1	2000	2000	2000	1	1	1	FALSE
3399	ENSG00000106853_PTGR1	chr9:111597364:T>C	chr9:111599338-111599407:-	1	39	0.004	-0.192	trans	0.447840064975413	69	TRUE	0.316683316683317	2000	2000	622	0.311344327836082	0.311344327836082	1	FALSE
3400	ENSG00000106853_PTGR1	chr9:111597364:T>C	chr9:111599407-111599441:-	1	32	-0.018	-0.008	trans	0.757384080883485	34	TRUE	0.938061938061938	2000	1837	1719	0.935799782372144	0.941029485257371	1	FALSE
3401	ENSG00000106853_PTGR1	chr9:111599378:G>C	chr9:111562971-111562972:-	0	0					1	FALSE		2000	0					FALSE
3402	ENSG00000106853_PTGR1	chr9:111599378:G>C	chr9:111562972-111563231:-	0	0					259	FALSE		2000	0					FALSE
3403	ENSG00000106853_PTGR1	chr9:111599378:G>C	chr9:111563231-111564156:-	0	0					925	FALSE		2000	0					FALSE
3404	ENSG00000106853_PTGR1	chr9:111599378:G>C	chr9:111564156-111564262:-	0	0					106	FALSE		2000	0					FALSE
3405	ENSG00000106853_PTGR1	chr9:111599378:G>C	chr9:111570090-111570209:-	0	0					119	FALSE		2000	0					FALSE
3406	ENSG00000106853_PTGR1	chr9:111599378:G>C	chr9:111589263-111589382:-	0	0					119	FALSE		2000	0					FALSE
3407	ENSG00000106853_PTGR1	chr9:111599378:G>C	chr9:111592297-111592366:-	0	0					69	FALSE		2000	0					FALSE
3408	ENSG00000106853_PTGR1	chr9:111599378:G>C	chr9:111592366-111592690:-	0	0					324	FALSE		2000	0					FALSE
3409	ENSG00000106853_PTGR1	chr9:111599378:G>C	chr9:111592690-111592925:-	0	0					235	FALSE		2000	0					FALSE
3410	ENSG00000106853_PTGR1	chr9:111599378:G>C	chr9:111592925-111592982:-	0	0					57	FALSE		2000	0					FALSE
3411	ENSG00000106853_PTGR1	chr9:111599378:G>C	chr9:111593900-111594221:-	0	0					321	FALSE		2000	0					FALSE
3412	ENSG00000106853_PTGR1	chr9:111599378:G>C	chr9:111594221-111594267:-	0	0					46	FALSE		2000	0					FALSE
3413	ENSG00000106853_PTGR1	chr9:111599378:G>C	chr9:111597299-111597316:-	0	0					17	FALSE		2000	0					FALSE
3414	ENSG00000106853_PTGR1	chr9:111599378:G>C	chr9:111599338-111599407:-	0	0					69	FALSE		2000	0					FALSE
3415	ENSG00000242616_GNG10	chr9:111669644:T>C	chr9:111666908-111666946:+	2	118	0	0	trans	0.514235106979798	38	TRUE	1	2000	2000	2000	1	1	1	FALSE
3416	ENSG00000242616_GNG10	chr9:111669644:T>C	chr9:111666946-111666950:+	2	118	0	0	trans	0.514235106979798	4	FALSE	1	2000	2000	2000	1	1	1	FALSE
3417	ENSG00000242616_GNG10	chr9:111669644:T>C	chr9:111669268-111669868:+	2	118	0	0	trans	0.514235106979798	600	TRUE	1	2000	2000	2000	1	1	1	FALSE
3418	ENSG00000242616_GNG10	chr9:111669644:T>C	chr9:111669868-111670002:+	2	118	0	0	trans	0.514235106979798	134	TRUE	1	2000	2000	2000	1	1	1	FALSE
3419	ENSG00000148154_UGCG	chr9:111932205:A>G	chr9:111914746-111914993:+	3	501	0	0	trans	0.493739060522033	247	TRUE	1	2000	2000	2000	1	1	1	FALSE
3420	ENSG00000148154_UGCG	chr9:111932205:A>G	chr9:111915758-111915836:+	3	501	0	0	trans	0.493739060522033	78	TRUE	1	2000	2000	2000	1	1	1	FALSE
3421	ENSG00000148154_UGCG	chr9:111932205:A>G	chr9:111922816-111922848:+	3	501	0	0	trans	0.493739060522033	32	TRUE	1	2000	2000	2000	1	1	1	FALSE
3422	ENSG00000148154_UGCG	chr9:111932205:A>G	chr9:111929248-111929499:+	3	501	0	0	trans	0.493739060522033	251	TRUE	1	2000	2000	2000	1	1	1	FALSE
3423	ENSG00000148154_UGCG	chr9:111933545:T>C	chr9:111914746-111914993:+	0	0					247	FALSE		2000	0					FALSE
3424	ENSG00000148154_UGCG	chr9:111933545:T>C	chr9:111915758-111915836:+	0	0					78	FALSE		2000	0					FALSE
3425	ENSG00000148154_UGCG	chr9:111933545:T>C	chr9:111922816-111922848:+	0	0					32	FALSE		2000	0					FALSE
3426	ENSG00000148154_UGCG	chr9:111933545:T>C	chr9:111929248-111929499:+	0	0					251	FALSE		2000	0					FALSE
3427	ENSG00000148154_UGCG	chr9:111933149:T>C	chr9:111914746-111914993:+	1	110	0	0	trans	0.49057730969848	247	TRUE	1	2000	2000	2000	1	1	1	FALSE
3428	ENSG00000148154_UGCG	chr9:111933149:T>C	chr9:111915758-111915836:+	1	110	0	0	trans	0.49057730969848	78	TRUE	1	2000	2000	2000	1	1	1	FALSE
3429	ENSG00000148154_UGCG	chr9:111933149:T>C	chr9:111922816-111922848:+	1	110	0	0	trans	0.49057730969848	32	TRUE	1	2000	2000	2000	1	1	1	FALSE
3430	ENSG00000148154_UGCG	chr9:111933149:T>C	chr9:111929248-111929499:+	1	110	0	0	trans	0.49057730969848	251	TRUE	1	2000	2000	2000	1	1	1	FALSE
3431	ENSG00000176386_CDC26	chr9:113273415:A>G	chr9:113266991-113267439:-	2	70	-0.003	-0.051	trans	0.601291465558697	448	TRUE	0.384615384615385	2000	2000	780	0.390304847576212	0.390304847576212	1	FALSE
3432	ENSG00000148229_POLE3	chr9:113408921:G>T	chr9:113409728-113410054:-	3	134	-0.008	0	trans	0.934156188753069	326	FALSE	1	2000	2000	2000	1	1	1	FALSE
3433	ENSG00000148229_POLE3	chr9:113408921:G>T	chr9:113410140-113410227:-	3	134	0.014	0.104	amb	0.00480314358287692	87	FALSE	0.058941058941059	2000	2000	122	0.0614692653673163	0.0614692653673163	1	FALSE
3434	ENSG00000148229_POLE3	chr9:113408923:C>T	chr9:113409728-113410054:-	2	86	-0.011	-0.004	trans	0.865850647109089	326	FALSE	1	2000	2000	2000	1	1	1	FALSE
3435	ENSG00000148229_POLE3	chr9:113408923:C>T	chr9:113410140-113410227:-	2	86	-0.002	0.06	trans	0.591672898548667	87	FALSE	0.428571428571429	2000	2000	821	0.410794602698651	0.410794602698651	1	FALSE
3436	ENSG00000148229_POLE3	chr9:113408927:G>T	chr9:113409728-113410054:-	2	87	-0.011	0.003	trans	0.915156502099374	326	FALSE	1	2000	2000	2000	1	1	1	FALSE
3437	ENSG00000148229_POLE3	chr9:113408927:G>T	chr9:113410140-113410227:-	2	87	0.002	0.076	trans	0.386166742665775	87	FALSE	0.274725274725275	2000	2000	522	0.261369315342329	0.261369315342329	1	FALSE
3438	ENSG00000148229_POLE3	chr9:113408933:C>T	chr9:113409728-113410054:-	1	48	-0.019	-0.026	trans	0.878688455737436	326	FALSE	0.6003996003996	2000	2000	1243	0.621689155422289	0.621689155422289	1	FALSE
3439	ENSG00000148229_POLE3	chr9:113408933:C>T	chr9:113410140-113410227:-	1	48	-0.016	-0.016	trans	0.839635932909734	87	FALSE	0.769230769230769	2000	2000	1525	0.762618690654673	0.762618690654673	1	FALSE
3440	ENSG00000148229_POLE3	chr9:113408936:C>T	chr9:113409728-113410054:-	1	54	-0.014	-0.037	trans	0.835362996399091	326	FALSE	0.538461538461538	2000	2000	1130	0.565217391304348	0.565217391304348	1	FALSE
3441	ENSG00000148229_POLE3	chr9:113408936:C>T	chr9:113410140-113410227:-	1	54	-0.012	-0.037	trans	0.799085225789672	87	FALSE	0.651348651348651	2000	2000	1285	0.642678660669665	0.642678660669665	1	FALSE
3442	ENSG00000119397_CNTRL	chr9:121088491:G>A	chr9:121080305-121080307:+	1	33	0.094	-0.456	amb	1.97508310849637e-05	2	FALSE	0.015984015984016	2000	2000	27	0.0139930034982509	0.0139930034982509	0.751941489572674	FALSE
3443	ENSG00000119397_CNTRL	chr9:121088491:G>A	chr9:121080307-121080427:+	1	33	0.094	-0.456	amb	1.97508310849637e-05	120	TRUE	0.015984015984016	2000	2000	27	0.0139930034982509	0.0139930034982509	0.751941489572674	FALSE
3444	ENSG00000119397_CNTRL	chr9:121088491:G>A	chr9:121080427-121080478:+	1	33	0.094	-0.456	amb	1.97508310849637e-05	51	TRUE	0.015984015984016	2000	2000	27	0.0139930034982509	0.0139930034982509	0.751941489572674	FALSE
3445	ENSG00000119397_CNTRL	chr9:121088491:G>A	chr9:121080478-121080566:+	1	33	0	0	trans	0.475311972079711	88	TRUE	1	2000	2000	2000	1	1	1	FALSE
3446	ENSG00000119397_CNTRL	chr9:121088491:G>A	chr9:121080566-121080640:+	1	33	0	0	trans	0.475311972079711	74	TRUE	1	2000	2000	2000	1	1	1	FALSE
3447	ENSG00000119397_CNTRL	chr9:121088491:G>A	chr9:121080640-121080708:+	1	33	0	0	trans	0.475311972079711	68	TRUE	1	2000	2000	2000	1	1	1	FALSE
3448	ENSG00000119397_CNTRL	chr9:121088491:G>A	chr9:121080708-121080950:+	1	33	0	0	trans	0.475311972079711	242	TRUE	1	2000	2000	2000	1	1	1	FALSE
3449	ENSG00000119397_CNTRL	chr9:121088491:G>A	chr9:121087700-121088295:+	1	35	-0.032	0.003	trans	0.949865835870565	595	TRUE	1	2000	2000	2000	1	1	1	FALSE
3450	ENSG00000119397_CNTRL	chr9:121088491:G>A	chr9:121088295-121088543:+	1	35	0	0	trans	0.43650398648461	248	TRUE	1	2000	2000	2000	1	1	1	FALSE
3451	ENSG00000119397_CNTRL	chr9:121088491:G>A	chr9:121090405-121090477:+	1	35	-0.024	0.007	trans	0.883507712229201	72	TRUE	1	2000	2000	2000	1	1	1	FALSE
3452	ENSG00000119397_CNTRL	chr9:121088491:G>A	chr9:121094887-121095018:+	1	31	0.018	0.183	trans	0.231996769526478	131	TRUE	0.248751248751249	2000	2000	535	0.267866066966517	0.267866066966517	1	FALSE
3453	ENSG00000119397_CNTRL	chr9:121088491:G>A	chr9:121098572-121098850:+	0	0					278	FALSE		2000	0					FALSE
3454	ENSG00000119397_CNTRL	chr9:121088491:G>A	chr9:121107995-121108459:+	0	0					464	FALSE		2000	0					FALSE
3455	ENSG00000119397_CNTRL	chr9:121088491:G>A	chr9:121110514-121110536:+	0	0					22	FALSE		2000	0					FALSE
3456	ENSG00000119397_CNTRL	chr9:121088491:G>A	chr9:121110536-121110571:+	0	0					35	FALSE		2000	0					FALSE
3457	ENSG00000119397_CNTRL	chr9:121088491:G>A	chr9:121110571-121111062:+	0	0					491	FALSE		2000	0					FALSE
3458	ENSG00000119397_CNTRL	chr9:121088491:G>A	chr9:121111062-121111274:+	0	0					212	FALSE		2000	0					FALSE
3459	ENSG00000119397_CNTRL	chr9:121088491:G>A	chr9:121111274-121112164:+	0	0					890	FALSE		2000	0					FALSE
3460	ENSG00000119397_CNTRL	chr9:121088491:G>A	chr9:121112164-121112458:+	0	0					294	FALSE		2000	0					FALSE
3461	ENSG00000119397_CNTRL	chr9:121088491:G>A	chr9:121112578-121113501:+	0	0					923	FALSE		2000	0					FALSE
3462	ENSG00000119397_CNTRL	chr9:121088491:G>A	chr9:121121792-121121808:+	0	0					16	FALSE		2000	0					FALSE
3463	ENSG00000119397_CNTRL	chr9:121088491:G>A	chr9:121121808-121121875:+	0	0					67	FALSE		2000	0					FALSE
3464	ENSG00000119397_CNTRL	chr9:121088491:G>A	chr9:121121875-121121951:+	0	0					76	FALSE		2000	0					FALSE
3465	ENSG00000119397_CNTRL	chr9:121088491:G>A	chr9:121122394-121122426:+	0	0					32	FALSE		2000	0					FALSE
3466	ENSG00000119397_CNTRL	chr9:121088491:G>A	chr9:121141380-121141429:+	0	0					49	FALSE		2000	0					FALSE
3467	ENSG00000119397_CNTRL	chr9:121088491:G>A	chr9:121141429-121141588:+	0	0					159	FALSE		2000	0					FALSE
3468	ENSG00000119397_CNTRL	chr9:121098410:C>T	chr9:121080305-121080307:+	0	0					2	FALSE		2000	0					FALSE
3469	ENSG00000119397_CNTRL	chr9:121098410:C>T	chr9:121080307-121080427:+	0	0					120	FALSE		2000	0					FALSE
3470	ENSG00000119397_CNTRL	chr9:121098410:C>T	chr9:121080427-121080478:+	0	0					51	FALSE		2000	0					FALSE
3471	ENSG00000119397_CNTRL	chr9:121098410:C>T	chr9:121080478-121080566:+	0	0					88	FALSE		2000	0					FALSE
3472	ENSG00000119397_CNTRL	chr9:121098410:C>T	chr9:121080566-121080640:+	0	0					74	FALSE		2000	0					FALSE
3473	ENSG00000119397_CNTRL	chr9:121098410:C>T	chr9:121080640-121080708:+	0	0					68	FALSE		2000	0					FALSE
3474	ENSG00000119397_CNTRL	chr9:121098410:C>T	chr9:121080708-121080950:+	0	0					242	FALSE		2000	0					FALSE
3475	ENSG00000119397_CNTRL	chr9:121098410:C>T	chr9:121087700-121088295:+	0	0					595	FALSE		2000	0					FALSE
3476	ENSG00000119397_CNTRL	chr9:121098410:C>T	chr9:121088295-121088543:+	0	0					248	FALSE		2000	0					FALSE
3477	ENSG00000119397_CNTRL	chr9:121098410:C>T	chr9:121090405-121090477:+	0	0					72	FALSE		2000	0					FALSE
3478	ENSG00000119397_CNTRL	chr9:121098410:C>T	chr9:121094887-121095018:+	0	0					131	FALSE		2000	0					FALSE
3479	ENSG00000119397_CNTRL	chr9:121098410:C>T	chr9:121098572-121098850:+	0	0					278	FALSE		2000	0					FALSE
3480	ENSG00000119397_CNTRL	chr9:121098410:C>T	chr9:121107995-121108459:+	0	0					464	FALSE		2000	0					FALSE
3481	ENSG00000119397_CNTRL	chr9:121098410:C>T	chr9:121110514-121110536:+	0	0					22	FALSE		2000	0					FALSE
3482	ENSG00000119397_CNTRL	chr9:121098410:C>T	chr9:121110536-121110571:+	0	0					35	FALSE		2000	0					FALSE
3483	ENSG00000119397_CNTRL	chr9:121098410:C>T	chr9:121110571-121111062:+	0	0					491	FALSE		2000	0					FALSE
3484	ENSG00000119397_CNTRL	chr9:121098410:C>T	chr9:121111062-121111274:+	0	0					212	FALSE		2000	0					FALSE
3485	ENSG00000119397_CNTRL	chr9:121098410:C>T	chr9:121111274-121112164:+	0	0					890	FALSE		2000	0					FALSE
3486	ENSG00000119397_CNTRL	chr9:121098410:C>T	chr9:121112164-121112458:+	0	0					294	FALSE		2000	0					FALSE
3487	ENSG00000119397_CNTRL	chr9:121098410:C>T	chr9:121112578-121113501:+	0	0					923	FALSE		2000	0					FALSE
3488	ENSG00000119396_RAB14	chr9:121181281:C>T	chr9:121183382-121183398:-	0	0					16	FALSE		2000	0					FALSE
3489	ENSG00000119396_RAB14	chr9:121181281:C>T	chr9:121190553-121190731:-	0	0					178	FALSE		2000	0					FALSE
3490	ENSG00000119396_RAB14	chr9:121181281:C>T	chr9:121192170-121192224:-	0	0					54	FALSE		2000	0					FALSE
3491	ENSG00000119396_RAB14	chr9:121181281:C>T	chr9:121193360-121193412:-	0	0					52	FALSE		2000	0					FALSE
3492	ENSG00000119396_RAB14	chr9:121181281:C>T	chr9:121193412-121193419:-	0	0					7	FALSE		2000	0					FALSE
3493	ENSG00000119396_RAB14	chr9:121181281:C>T	chr9:121193419-121193443:-	0	0					24	FALSE		2000	0					FALSE
3494	ENSG00000119396_RAB14	chr9:121181281:C>T	chr9:121200875-121201238:-	0	0					363	FALSE		2000	0					FALSE
3495	ENSG00000119396_RAB14	chr9:121181281:C>T	chr9:121201638-121201688:-	0	0					50	FALSE		2000	0					FALSE
3496	ENSG00000119396_RAB14	chr9:121181281:C>T	chr9:121201688-121201712:-	0	0					24	FALSE		2000	0					FALSE
3497	ENSG00000119396_RAB14	chr9:121181281:C>T	chr9:121201712-121201724:-	0	0					12	FALSE		2000	0					FALSE
3498	ENSG00000119396_RAB14	chr9:121181281:C>T	chr9:121201724-121201869:-	0	0					145	FALSE		2000	0					FALSE
3499	ENSG00000119396_RAB14	chr9:121181292:A>G	chr9:121183382-121183398:-	3	461	-0.002	-0.003	trans	0.874667778557014	16	FALSE	1	2000	2000	2000	1	1	1	FALSE
3500	ENSG00000119396_RAB14	chr9:121181292:A>G	chr9:121190553-121190731:-	3	461	-0.001	-0.008	trans	0.72278687624995	178	FALSE	0.874125874125874	2000	2000	1765	0.88255872063968	0.88255872063968	1	FALSE
3501	ENSG00000119396_RAB14	chr9:121181292:A>G	chr9:121192170-121192224:-	3	461	-0.002	0.004	trans	0.874667778557014	54	FALSE	1	2000	2000	2000	1	1	1	FALSE
3502	ENSG00000119396_RAB14	chr9:121181292:A>G	chr9:121193360-121193412:-	3	461	-0.001	0.021	trans	0.72278687624995	52	FALSE	1	2000	2000	2000	1	1	1	FALSE
3503	ENSG00000119396_RAB14	chr9:121181292:A>G	chr9:121193412-121193419:-	3	446	-0.001	0.018	trans	0.741398434772612	7	FALSE	1	2000	2000	2000	1	1	1	FALSE
3504	ENSG00000119396_RAB14	chr9:121181292:A>G	chr9:121193419-121193443:-	3	448	0	-0.025	trans	0.520081758825397	24	FALSE	0.425574425574426	2000	2000	849	0.424787606196902	0.424787606196902	1	FALSE
3505	ENSG00000119396_RAB14	chr9:121181292:A>G	chr9:121200875-121201238:-	3	447	-0.002	0.002	trans	0.907688487303954	363	FALSE	1	2000	2000	2000	1	1	1	FALSE
3506	ENSG00000119396_RAB14	chr9:121181292:A>G	chr9:121201638-121201688:-	3	403	0	0	trans	0.479478620733741	50	FALSE	1	2000	2000	2000	1	1	1	FALSE
3507	ENSG00000119396_RAB14	chr9:121181292:A>G	chr9:121201688-121201712:-	3	354	0	0	trans	0.501970127656327	24	FALSE	1	2000	2000	2000	1	1	1	FALSE
3508	ENSG00000119396_RAB14	chr9:121181292:A>G	chr9:121201712-121201724:-	3	309	0	0	trans	0.505087444443471	12	FALSE	1	2000	2000	2000	1	1	1	FALSE
3509	ENSG00000119396_RAB14	chr9:121181292:A>G	chr9:121201724-121201869:-	3	267	0	0	trans	0.515012356631253	145	FALSE	1	2000	2000	2000	1	1	1	FALSE
3510	ENSG00000148180_GSN	chr9:121331410:T>C	chr9:121268161-121268162:+	0	0					1	FALSE		2000	0					FALSE
3511	ENSG00000148180_GSN	chr9:121331410:T>C	chr9:121268162-121268167:+	0	0					5	FALSE		2000	0					FALSE
3512	ENSG00000148180_GSN	chr9:121331410:T>C	chr9:121268167-121268219:+	1	31					52	FALSE		2000	1434					FALSE
3513	ENSG00000148180_GSN	chr9:121331410:T>C	chr9:121281469-121281471:+	1	32					2	FALSE		2000	1601					FALSE
3514	ENSG00000148180_GSN	chr9:121331410:T>C	chr9:121281471-121281562:+	1	32					91	FALSE		2000	1601					FALSE
3515	ENSG00000148180_GSN	chr9:121331410:T>C	chr9:121282438-121282550:+	1	32					112	FALSE		2000	1601					FALSE
3516	ENSG00000148180_GSN	chr9:121331410:T>C	chr9:121283318-121283392:+	1	32					74	FALSE		2000	1601					FALSE
3517	ENSG00000148180_GSN	chr9:121331410:T>C	chr9:121286122-121286185:+	1	32					63	FALSE		2000	1601					FALSE
3518	ENSG00000148180_GSN	chr9:121331410:T>C	chr9:121286591-121286761:+	1	32					170	FALSE		2000	1601					FALSE
3519	ENSG00000148180_GSN	chr9:121331410:T>C	chr9:121297765-121297842:+	1	32					77	FALSE		2000	1601					FALSE
3520	ENSG00000148180_GSN	chr9:121331410:T>C	chr9:121299792-121300005:+	3	112	-0.004	-0.04	trans	0.71959523610895	213	FALSE	0.72027972027972	2000	2000	1450	0.725137431284358	0.725137431284358	1	FALSE
3521	ENSG00000148180_GSN	chr9:121331410:T>C	chr9:121300049-121300055:+	3	134	0.01	-0.114	trans	0.0325370608905061	6	FALSE	0.10989010989011	2000	2000	215	0.107946026986507	0.107946026986507	1	FALSE
3522	ENSG00000148180_GSN	chr9:121331410:T>C	chr9:121300055-121300126:+	3	133	0.016	0.182	amb	0.000647379897035894	71	FALSE	0.02997002997003	2000	2000	65	0.0329835082458771	0.0329835082458771	0.813787796367303	FALSE
3523	ENSG00000148180_GSN	chr9:121331410:T>C	chr9:121301923-121301962:+	3	134	0.046	0.125	cis	0	39	FALSE	0.004995004995005	2000	2000	6	0.00349825087456272	0.00349825087456272	0.29554919509942	FALSE
3524	ENSG00000148180_GSN	chr9:121331410:T>C	chr9:121302149-121302167:+	3	133	0	0	trans	0.478012763538152	18	FALSE	1	2000	2000	2000	1	1	1	FALSE
3525	ENSG00000148180_GSN	chr9:121331410:T>C	chr9:121302910-121303065:+	3	133	0	0	trans	0.478012763538152	155	FALSE	1	2000	2000	2000	1	1	1	FALSE
3526	ENSG00000148180_GSN	chr9:121331410:T>C	chr9:121308370-121310683:+	3	133	0	0	trans	0.478012763538152	2313	FALSE	1	2000	2000	2000	1	1	1	FALSE
3527	ENSG00000148180_GSN	chr9:121331410:T>C	chr9:121310683-121310845:+	3	133	0	0	trans	0.478012763538152	162	FALSE	1	2000	2000	2000	1	1	1	FALSE
3528	ENSG00000148180_GSN	chr9:121331410:T>C	chr9:121310845-121311470:+	3	133	0	0	trans	0.478012763538152	625	FALSE	1	2000	2000	2000	1	1	1	FALSE
3529	ENSG00000148180_GSN	chr9:121331410:T>C	chr9:121311470-121312338:+	3	133	0	0	trans	0.478012763538152	868	FALSE	1	2000	2000	2000	1	1	1	FALSE
3530	ENSG00000148180_GSN	chr9:121331410:T>C	chr9:121312338-121312475:+	3	133	0	0	trans	0.478012763538152	137	FALSE	1	2000	2000	2000	1	1	1	FALSE
3531	ENSG00000148180_GSN	chr9:121331410:T>C	chr9:121312475-121312488:+	3	133	0	0	trans	0.478012763538152	13	FALSE	1	2000	2000	2000	1	1	1	FALSE
3532	ENSG00000148180_GSN	chr9:121331410:T>C	chr9:121312488-121313933:+	3	133	0	0	trans	0.478012763538152	1445	FALSE	1	2000	2000	2000	1	1	1	FALSE
3533	ENSG00000148180_GSN	chr9:121331410:T>C	chr9:121313933-121314023:+	3	133	0	0	trans	0.478012763538152	90	FALSE	1	2000	2000	2000	1	1	1	FALSE
3534	ENSG00000148180_GSN	chr9:121331410:T>C	chr9:121317085-121317218:+	3	133	0	0	trans	0.478012763538152	133	FALSE	1	2000	2000	2000	1	1	1	FALSE
3535	ENSG00000148180_GSN	chr9:121331410:T>C	chr9:121317218-121317886:+	3	133	0	0	trans	0.478012763538152	668	FALSE	1	2000	2000	2000	1	1	1	FALSE
3536	ENSG00000148180_GSN	chr9:121331410:T>C	chr9:121318405-121318494:+	3	133	0	0	trans	0.478012763538152	89	FALSE	1	2000	2000	2000	1	1	1	FALSE
3537	ENSG00000148180_GSN	chr9:121331410:T>C	chr9:121318664-121318734:+	3	133	0	0	trans	0.478012763538152	70	FALSE	1	2000	2000	2000	1	1	1	FALSE
3538	ENSG00000148180_GSN	chr9:121331410:T>C	chr9:121326682-121326792:+	3	136	0.018	0.038	amb	0.000326655160185818	110	FALSE	0.0599400599400599	2000	2000	123	0.0619690154922539	0.0619690154922539	1	FALSE
3539	ENSG00000148180_GSN	chr9:121331410:T>C	chr9:121328852-121328890:+	3	136	0	0	trans	0.501600292653774	38	FALSE	1	2000	2000	2000	1	1	1	FALSE
3540	ENSG00000148180_GSN	chr9:121331410:T>C	chr9:121329015-121329237:+	3	136	0	0	trans	0.501600292653774	222	FALSE	1	2000	2000	2000	1	1	1	FALSE
3541	ENSG00000148180_GSN	chr9:121331410:T>C	chr9:121331448-121331890:+	3	136	0	0	trans	0.501600292653774	442	FALSE	1	2000	2000	2000	1	1	1	FALSE
3542	ENSG00000148180_GSN	chr9:121331416:A>G	chr9:121268161-121268162:+	0	0					1	FALSE		2000	0					FALSE
3543	ENSG00000148180_GSN	chr9:121331416:A>G	chr9:121268162-121268167:+	0	0					5	FALSE		2000	0					FALSE
3544	ENSG00000148180_GSN	chr9:121331416:A>G	chr9:121268167-121268219:+	1	31					52	FALSE		2000	1434					FALSE
3545	ENSG00000148180_GSN	chr9:121331416:A>G	chr9:121281469-121281471:+	1	32					2	FALSE		2000	1601					FALSE
3546	ENSG00000148180_GSN	chr9:121331416:A>G	chr9:121281471-121281562:+	1	32					91	FALSE		2000	1601					FALSE
3547	ENSG00000148180_GSN	chr9:121331416:A>G	chr9:121282438-121282550:+	1	32					112	FALSE		2000	1601					FALSE
3548	ENSG00000148180_GSN	chr9:121331416:A>G	chr9:121283318-121283392:+	1	32					74	FALSE		2000	1601					FALSE
3549	ENSG00000148180_GSN	chr9:121331416:A>G	chr9:121286122-121286185:+	1	32					63	FALSE		2000	1601					FALSE
3550	ENSG00000148180_GSN	chr9:121331416:A>G	chr9:121286591-121286761:+	1	32					170	FALSE		2000	1601					FALSE
3551	ENSG00000148180_GSN	chr9:121331416:A>G	chr9:121297765-121297842:+	1	32					77	FALSE		2000	1601					FALSE
3552	ENSG00000148180_GSN	chr9:121331416:A>G	chr9:121299792-121300005:+	3	112	-0.004	-0.04	trans	0.71959523610895	213	FALSE	0.72027972027972	2000	2000	1450	0.725137431284358	0.725137431284358	1	FALSE
3553	ENSG00000148180_GSN	chr9:121331416:A>G	chr9:121300049-121300055:+	3	134	0.01	-0.114	trans	0.0325370608905061	6	FALSE	0.10989010989011	2000	2000	215	0.107946026986507	0.107946026986507	1	FALSE
3554	ENSG00000148180_GSN	chr9:121331416:A>G	chr9:121300055-121300126:+	3	133	0.016	0.182	amb	0.000647379897035894	71	FALSE	0.02997002997003	2000	2000	65	0.0329835082458771	0.0329835082458771	0.813787796367303	FALSE
3555	ENSG00000148180_GSN	chr9:121331416:A>G	chr9:121301923-121301962:+	3	134	0.046	0.125	cis	0	39	FALSE	0.004995004995005	2000	2000	6	0.00349825087456272	0.00349825087456272	0.29554919509942	FALSE
3556	ENSG00000148180_GSN	chr9:121331416:A>G	chr9:121302149-121302167:+	3	133	0	0	trans	0.478012763538152	18	FALSE	1	2000	2000	2000	1	1	1	FALSE
3557	ENSG00000148180_GSN	chr9:121331416:A>G	chr9:121302910-121303065:+	3	133	0	0	trans	0.478012763538152	155	FALSE	1	2000	2000	2000	1	1	1	FALSE
3558	ENSG00000148180_GSN	chr9:121331416:A>G	chr9:121308370-121310683:+	3	133	0	0	trans	0.478012763538152	2313	FALSE	1	2000	2000	2000	1	1	1	FALSE
3559	ENSG00000148180_GSN	chr9:121331416:A>G	chr9:121310683-121310845:+	3	133	0	0	trans	0.478012763538152	162	FALSE	1	2000	2000	2000	1	1	1	FALSE
3560	ENSG00000148180_GSN	chr9:121331416:A>G	chr9:121310845-121311470:+	3	133	0	0	trans	0.478012763538152	625	FALSE	1	2000	2000	2000	1	1	1	FALSE
3561	ENSG00000148180_GSN	chr9:121331416:A>G	chr9:121311470-121312338:+	3	133	0	0	trans	0.478012763538152	868	FALSE	1	2000	2000	2000	1	1	1	FALSE
3562	ENSG00000148180_GSN	chr9:121331416:A>G	chr9:121312338-121312475:+	3	133	0	0	trans	0.478012763538152	137	FALSE	1	2000	2000	2000	1	1	1	FALSE
3563	ENSG00000148180_GSN	chr9:121331416:A>G	chr9:121312475-121312488:+	3	133	0	0	trans	0.478012763538152	13	FALSE	1	2000	2000	2000	1	1	1	FALSE
3564	ENSG00000148180_GSN	chr9:121331416:A>G	chr9:121312488-121313933:+	3	133	0	0	trans	0.478012763538152	1445	FALSE	1	2000	2000	2000	1	1	1	FALSE
3565	ENSG00000148180_GSN	chr9:121331416:A>G	chr9:121313933-121314023:+	3	133	0	0	trans	0.478012763538152	90	FALSE	1	2000	2000	2000	1	1	1	FALSE
3566	ENSG00000148180_GSN	chr9:121331416:A>G	chr9:121317085-121317218:+	3	133	0	0	trans	0.478012763538152	133	FALSE	1	2000	2000	2000	1	1	1	FALSE
3567	ENSG00000148180_GSN	chr9:121331416:A>G	chr9:121317218-121317886:+	3	133	0	0	trans	0.478012763538152	668	FALSE	1	2000	2000	2000	1	1	1	FALSE
3568	ENSG00000148180_GSN	chr9:121331416:A>G	chr9:121318405-121318494:+	3	133	0	0	trans	0.478012763538152	89	FALSE	1	2000	2000	2000	1	1	1	FALSE
3569	ENSG00000148180_GSN	chr9:121331416:A>G	chr9:121318664-121318734:+	3	133	0	0	trans	0.478012763538152	70	FALSE	1	2000	2000	2000	1	1	1	FALSE
3570	ENSG00000148180_GSN	chr9:121331416:A>G	chr9:121326682-121326792:+	3	136	0.018	0.038	amb	0.000326655160185818	110	FALSE	0.0599400599400599	2000	2000	123	0.0619690154922539	0.0619690154922539	1	FALSE
3571	ENSG00000148180_GSN	chr9:121331416:A>G	chr9:121328852-121328890:+	3	136	0	0	trans	0.501600292653774	38	FALSE	1	2000	2000	2000	1	1	1	FALSE
3572	ENSG00000148180_GSN	chr9:121331416:A>G	chr9:121329015-121329237:+	3	136	0	0	trans	0.501600292653774	222	FALSE	1	2000	2000	2000	1	1	1	FALSE
3573	ENSG00000148180_GSN	chr9:121331416:A>G	chr9:121331448-121331890:+	3	136	0	0	trans	0.501600292653774	442	FALSE	1	2000	2000	2000	1	1	1	FALSE
3574	ENSG00000148180_GSN	chr9:121331422:A>G	chr9:121268161-121268162:+	0	0					1	FALSE		2000	0					FALSE
3575	ENSG00000148180_GSN	chr9:121331422:A>G	chr9:121268162-121268167:+	0	0					5	FALSE		2000	0					FALSE
3576	ENSG00000148180_GSN	chr9:121331422:A>G	chr9:121268167-121268219:+	1	31					52	FALSE		2000	1434					FALSE
3577	ENSG00000148180_GSN	chr9:121331422:A>G	chr9:121281469-121281471:+	1	32					2	FALSE		2000	1601					FALSE
3578	ENSG00000148180_GSN	chr9:121331422:A>G	chr9:121281471-121281562:+	1	32					91	FALSE		2000	1601					FALSE
3579	ENSG00000148180_GSN	chr9:121331422:A>G	chr9:121282438-121282550:+	1	32					112	FALSE		2000	1601					FALSE
3580	ENSG00000148180_GSN	chr9:121331422:A>G	chr9:121283318-121283392:+	1	32					74	FALSE		2000	1601					FALSE
3581	ENSG00000148180_GSN	chr9:121331422:A>G	chr9:121286122-121286185:+	1	32					63	FALSE		2000	1601					FALSE
3582	ENSG00000148180_GSN	chr9:121331422:A>G	chr9:121286591-121286761:+	1	32					170	FALSE		2000	1601					FALSE
3583	ENSG00000148180_GSN	chr9:121331422:A>G	chr9:121297765-121297842:+	1	32					77	FALSE		2000	1601					FALSE
3584	ENSG00000148180_GSN	chr9:121331422:A>G	chr9:121299792-121300005:+	3	112	-0.004	-0.04	trans	0.71959523610895	213	FALSE	0.72027972027972	2000	2000	1450	0.725137431284358	0.725137431284358	1	FALSE
3585	ENSG00000148180_GSN	chr9:121331422:A>G	chr9:121300049-121300055:+	3	134	0.01	-0.114	trans	0.0325370608905061	6	FALSE	0.10989010989011	2000	2000	215	0.107946026986507	0.107946026986507	1	FALSE
3586	ENSG00000148180_GSN	chr9:121331422:A>G	chr9:121300055-121300126:+	3	133	0.016	0.182	amb	0.000647379897035894	71	FALSE	0.02997002997003	2000	2000	65	0.0329835082458771	0.0329835082458771	0.813787796367303	FALSE
3587	ENSG00000148180_GSN	chr9:121331422:A>G	chr9:121301923-121301962:+	3	134	0.046	0.125	cis	0	39	FALSE	0.004995004995005	2000	2000	6	0.00349825087456272	0.00349825087456272	0.29554919509942	FALSE
3588	ENSG00000148180_GSN	chr9:121331422:A>G	chr9:121302149-121302167:+	3	133	0	0	trans	0.478012763538152	18	FALSE	1	2000	2000	2000	1	1	1	FALSE
3589	ENSG00000148180_GSN	chr9:121331422:A>G	chr9:121302910-121303065:+	3	133	0	0	trans	0.478012763538152	155	FALSE	1	2000	2000	2000	1	1	1	FALSE
3590	ENSG00000148180_GSN	chr9:121331422:A>G	chr9:121308370-121310683:+	3	133	0	0	trans	0.478012763538152	2313	FALSE	1	2000	2000	2000	1	1	1	FALSE
3591	ENSG00000148180_GSN	chr9:121331422:A>G	chr9:121310683-121310845:+	3	133	0	0	trans	0.478012763538152	162	FALSE	1	2000	2000	2000	1	1	1	FALSE
3592	ENSG00000148180_GSN	chr9:121331422:A>G	chr9:121310845-121311470:+	3	133	0	0	trans	0.478012763538152	625	FALSE	1	2000	2000	2000	1	1	1	FALSE
3593	ENSG00000148180_GSN	chr9:121331422:A>G	chr9:121311470-121312338:+	3	133	0	0	trans	0.478012763538152	868	FALSE	1	2000	2000	2000	1	1	1	FALSE
3594	ENSG00000148180_GSN	chr9:121331422:A>G	chr9:121312338-121312475:+	3	133	0	0	trans	0.478012763538152	137	FALSE	1	2000	2000	2000	1	1	1	FALSE
3595	ENSG00000148180_GSN	chr9:121331422:A>G	chr9:121312475-121312488:+	3	133	0	0	trans	0.478012763538152	13	FALSE	1	2000	2000	2000	1	1	1	FALSE
3596	ENSG00000148180_GSN	chr9:121331422:A>G	chr9:121312488-121313933:+	3	133	0	0	trans	0.478012763538152	1445	FALSE	1	2000	2000	2000	1	1	1	FALSE
3597	ENSG00000148180_GSN	chr9:121331422:A>G	chr9:121313933-121314023:+	3	133	0	0	trans	0.478012763538152	90	FALSE	1	2000	2000	2000	1	1	1	FALSE
3598	ENSG00000148180_GSN	chr9:121331422:A>G	chr9:121317085-121317218:+	3	133	0	0	trans	0.478012763538152	133	FALSE	1	2000	2000	2000	1	1	1	FALSE
3599	ENSG00000148180_GSN	chr9:121331422:A>G	chr9:121317218-121317886:+	3	133	0	0	trans	0.478012763538152	668	FALSE	1	2000	2000	2000	1	1	1	FALSE
3600	ENSG00000148180_GSN	chr9:121331422:A>G	chr9:121318405-121318494:+	3	133	0	0	trans	0.478012763538152	89	FALSE	1	2000	2000	2000	1	1	1	FALSE
3601	ENSG00000148180_GSN	chr9:121331422:A>G	chr9:121318664-121318734:+	3	133	0	0	trans	0.478012763538152	70	FALSE	1	2000	2000	2000	1	1	1	FALSE
3602	ENSG00000148180_GSN	chr9:121331422:A>G	chr9:121326682-121326792:+	3	136	0.018	0.038	amb	0.000326655160185818	110	FALSE	0.0599400599400599	2000	2000	123	0.0619690154922539	0.0619690154922539	1	FALSE
3603	ENSG00000148180_GSN	chr9:121331422:A>G	chr9:121328852-121328890:+	3	136	0	0	trans	0.501600292653774	38	FALSE	1	2000	2000	2000	1	1	1	FALSE
3604	ENSG00000148180_GSN	chr9:121331422:A>G	chr9:121329015-121329237:+	3	136	0	0	trans	0.501600292653774	222	FALSE	1	2000	2000	2000	1	1	1	FALSE
3605	ENSG00000148180_GSN	chr9:121331422:A>G	chr9:121331448-121331890:+	3	136	0	0	trans	0.501600292653774	442	FALSE	1	2000	2000	2000	1	1	1	FALSE
3606	ENSG00000148180_GSN	chr9:121331443:T>C	chr9:121268161-121268162:+	0	0					1	FALSE		2000	0					FALSE
3607	ENSG00000148180_GSN	chr9:121331443:T>C	chr9:121268162-121268167:+	0	0					5	FALSE		2000	0					FALSE
3608	ENSG00000148180_GSN	chr9:121331443:T>C	chr9:121268167-121268219:+	1	31					52	FALSE		2000	1434					FALSE
3609	ENSG00000148180_GSN	chr9:121331443:T>C	chr9:121281469-121281471:+	1	33	0	0	trans	0.475311972079711	2	FALSE	1	2000	1732	1732	1	1	1	FALSE
3610	ENSG00000148180_GSN	chr9:121331443:T>C	chr9:121281471-121281562:+	1	33	0	0	trans	0.475311972079711	91	FALSE	1	2000	1732	1732	1	1	1	FALSE
3611	ENSG00000148180_GSN	chr9:121331443:T>C	chr9:121282438-121282550:+	1	33	0.09	-0.304	amb	4.10645620332328e-05	112	FALSE	0.174825174825175	2000	1732	84	0.0490478938257357	0.176411794102949	1	FALSE
3612	ENSG00000148180_GSN	chr9:121331443:T>C	chr9:121283318-121283392:+	1	33	0	0	trans	0.475311972079711	74	FALSE	1	2000	1732	1732	1	1	1	FALSE
3613	ENSG00000148180_GSN	chr9:121331443:T>C	chr9:121286122-121286185:+	1	33	0	0	trans	0.475311972079711	63	FALSE	1	2000	1732	1732	1	1	1	FALSE
3614	ENSG00000148180_GSN	chr9:121331443:T>C	chr9:121286591-121286761:+	1	33	0	0	trans	0.475311972079711	170	FALSE	1	2000	1732	1732	1	1	1	FALSE
3615	ENSG00000148180_GSN	chr9:121331443:T>C	chr9:121297765-121297842:+	1	33	0	0	trans	0.475311972079711	77	FALSE	1	2000	1732	1732	1	1	1	FALSE
3616	ENSG00000148180_GSN	chr9:121331443:T>C	chr9:121299792-121300005:+	3	112	-0.002	-0.064	trans	0.602919548670306	213	FALSE	0.474525474525475	2000	2000	958	0.479260369815092	0.479260369815092	1	FALSE
3617	ENSG00000148180_GSN	chr9:121331443:T>C	chr9:121300049-121300055:+	3	133	0.003	-0.082	trans	0.258487239411165	6	FALSE	0.225774225774226	2000	2000	453	0.226886556721639	0.226886556721639	1	FALSE
3618	ENSG00000148180_GSN	chr9:121331443:T>C	chr9:121300055-121300126:+	3	134	0.027	0.224	cis	2.71102291948822e-07	71	FALSE	0.00999000999000999	2000	2000	14	0.00749625187406297	0.00749625187406297	0.522488755622189	FALSE
3619	ENSG00000148180_GSN	chr9:121331443:T>C	chr9:121301923-121301962:+	3	134	0.052	0.139	cis	0	39	FALSE	0.00699300699300699	2000	2000	15	0.0079960019990005	0.0079960019990005	0.543728135932034	FALSE
3620	ENSG00000148180_GSN	chr9:121331443:T>C	chr9:121302149-121302167:+	3	134	0	0	trans	0.507021313068687	18	FALSE	1	2000	2000	2000	1	1	1	FALSE
3621	ENSG00000148180_GSN	chr9:121331443:T>C	chr9:121302910-121303065:+	3	134	0	0	trans	0.507021313068687	155	FALSE	1	2000	2000	2000	1	1	1	FALSE
3622	ENSG00000148180_GSN	chr9:121331443:T>C	chr9:121308370-121310683:+	3	134	0	0	trans	0.507021313068687	2313	FALSE	1	2000	2000	2000	1	1	1	FALSE
3623	ENSG00000148180_GSN	chr9:121331443:T>C	chr9:121310683-121310845:+	3	134	0	0	trans	0.507021313068687	162	FALSE	1	2000	2000	2000	1	1	1	FALSE
3624	ENSG00000148180_GSN	chr9:121331443:T>C	chr9:121310845-121311470:+	3	134	0	0	trans	0.507021313068687	625	FALSE	1	2000	2000	2000	1	1	1	FALSE
3625	ENSG00000148180_GSN	chr9:121331443:T>C	chr9:121311470-121312338:+	3	134	0	0	trans	0.507021313068687	868	FALSE	1	2000	2000	2000	1	1	1	FALSE
3626	ENSG00000148180_GSN	chr9:121331443:T>C	chr9:121312338-121312475:+	3	134	0	0	trans	0.507021313068687	137	FALSE	1	2000	2000	2000	1	1	1	FALSE
3627	ENSG00000148180_GSN	chr9:121331443:T>C	chr9:121312475-121312488:+	3	134	0	0	trans	0.507021313068687	13	FALSE	1	2000	2000	2000	1	1	1	FALSE
3628	ENSG00000148180_GSN	chr9:121331443:T>C	chr9:121312488-121313933:+	3	134	0	0	trans	0.507021313068687	1445	FALSE	1	2000	2000	2000	1	1	1	FALSE
3629	ENSG00000148180_GSN	chr9:121331443:T>C	chr9:121313933-121314023:+	3	134	0	0	trans	0.507021313068687	90	FALSE	1	2000	2000	2000	1	1	1	FALSE
3630	ENSG00000148180_GSN	chr9:121331443:T>C	chr9:121317085-121317218:+	3	134	0	0	trans	0.507021313068687	133	FALSE	1	2000	2000	2000	1	1	1	FALSE
3631	ENSG00000148180_GSN	chr9:121331443:T>C	chr9:121317218-121317886:+	3	134	0	0	trans	0.507021313068687	668	FALSE	1	2000	2000	2000	1	1	1	FALSE
3632	ENSG00000148180_GSN	chr9:121331443:T>C	chr9:121318405-121318494:+	3	134	0	0	trans	0.507021313068687	89	FALSE	1	2000	2000	2000	1	1	1	FALSE
3633	ENSG00000148180_GSN	chr9:121331443:T>C	chr9:121318664-121318734:+	3	134	0	0	trans	0.507021313068687	70	FALSE	1	2000	2000	2000	1	1	1	FALSE
3634	ENSG00000148180_GSN	chr9:121331443:T>C	chr9:121326682-121326792:+	3	137	0.016	0.036	amb	0.000631300418396097	110	FALSE	0.120879120879121	2000	2000	251	0.125937031484258	0.125937031484258	1	FALSE
3635	ENSG00000148180_GSN	chr9:121331443:T>C	chr9:121328852-121328890:+	3	137	0	0	trans	0.49373325098125	38	FALSE	1	2000	2000	2000	1	1	1	FALSE
3636	ENSG00000148180_GSN	chr9:121331443:T>C	chr9:121329015-121329237:+	3	137	0	0	trans	0.49373325098125	222	FALSE	1	2000	2000	2000	1	1	1	FALSE
3637	ENSG00000148180_GSN	chr9:121331443:T>C	chr9:121331448-121331890:+	3	137	0	0	trans	0.49373325098125	442	FALSE	1	2000	2000	2000	1	1	1	FALSE
3638	ENSG00000119421_NDUFA8	chr9:122152333:C>T	chr9:122152244-122152408:-	2	386	0	0	trans	0.479423608569525	164	TRUE	1	2000	2000	2000	1	1	1	FALSE
3639	ENSG00000165209_STRBP	chr9:123125409:C>T	chr9:123121630-123122192:-	0	0					562	FALSE		2000	0					FALSE
3640	ENSG00000165209_STRBP	chr9:123125409:C>T	chr9:123122192-123122223:-	0	0					31	FALSE		2000	0					FALSE
3641	ENSG00000165209_STRBP	chr9:123125409:C>T	chr9:123122223-123122326:-	0	0					103	FALSE		2000	0					FALSE
3642	ENSG00000165209_STRBP	chr9:123125409:C>T	chr9:123122326-123125038:-	0	0					2712	FALSE		2000	0					FALSE
3643	ENSG00000165209_STRBP	chr9:123125409:C>T	chr9:123125038-123125219:-	0	0					181	FALSE		2000	0					FALSE
3644	ENSG00000165209_STRBP	chr9:123125409:C>T	chr9:123125219-123125673:-	0	0					454	FALSE		2000	0					FALSE
3645	ENSG00000165209_STRBP	chr9:123125409:C>T	chr9:123135806-123136040:-	0	0					234	FALSE		2000	0					FALSE
3646	ENSG00000165209_STRBP	chr9:123125409:C>T	chr9:123168188-123168258:-	0	0					70	FALSE		2000	0					FALSE
3647	ENSG00000165209_STRBP	chr9:123125409:C>T	chr9:123173834-123173842:-	0	0					8	FALSE		2000	0					FALSE
3648	ENSG00000165209_STRBP	chr9:123125409:C>T	chr9:123180867-123180975:-	0	0					108	FALSE		2000	0					FALSE
3649	ENSG00000165209_STRBP	chr9:123125409:C>T	chr9:123184298-123184310:-	0	0					12	FALSE		2000	0					FALSE
3650	ENSG00000165209_STRBP	chr9:123125409:C>T	chr9:123212584-123212708:-	0	0					124	FALSE		2000	0					FALSE
3651	ENSG00000165209_STRBP	chr9:123125409:C>T	chr9:123213588-123213908:-	0	0					320	FALSE		2000	0					FALSE
3652	ENSG00000165209_STRBP	chr9:123125409:C>T	chr9:123236829-123236966:-	0	0					137	FALSE		2000	0					FALSE
3653	ENSG00000165209_STRBP	chr9:123158096:G>A	chr9:123121630-123122192:-	0	0					562	FALSE		2000	0					FALSE
3654	ENSG00000165209_STRBP	chr9:123158096:G>A	chr9:123122192-123122223:-	0	0					31	FALSE		2000	0					FALSE
3655	ENSG00000165209_STRBP	chr9:123158096:G>A	chr9:123122223-123122326:-	0	0					103	FALSE		2000	0					FALSE
3656	ENSG00000165209_STRBP	chr9:123158096:G>A	chr9:123122326-123125038:-	0	0					2712	FALSE		2000	0					FALSE
3657	ENSG00000165209_STRBP	chr9:123158096:G>A	chr9:123125038-123125219:-	1	30	0	0	trans	0.49403254274629	181	TRUE	1	2000	1893	1893	1	1	1	FALSE
3658	ENSG00000165209_STRBP	chr9:123158096:G>A	chr9:123125219-123125673:-	1	41	0	0	trans	0.517319060542444	454	TRUE	1	2000	2000	2000	1	1	1	FALSE
3659	ENSG00000165209_STRBP	chr9:123158096:G>A	chr9:123135806-123136040:-	1	41	0	0	trans	0.517319060542444	234	TRUE	1	2000	2000	2000	1	1	1	FALSE
3660	ENSG00000165209_STRBP	chr9:123158096:G>A	chr9:123168188-123168258:-	1	43	-0.013	0.034	trans	0.781774293368008	70	TRUE	1	2000	2000	2000	1	1	1	FALSE
3661	ENSG00000165209_STRBP	chr9:123158096:G>A	chr9:123173834-123173842:-	1	43	-0.013	-0.034	trans	0.781774293368008	8	FALSE	1	2000	2000	2000	1	1	1	FALSE
3662	ENSG00000165209_STRBP	chr9:123158096:G>A	chr9:123180867-123180975:-	1	43	-0.013	0.034	trans	0.781774293368008	108	TRUE	1	2000	2000	2000	1	1	1	FALSE
3663	ENSG00000165209_STRBP	chr9:123158096:G>A	chr9:123184298-123184310:-	1	43	-0.013	-0.043	trans	0.781774293368008	12	TRUE	1	2000	2000	2000	1	1	1	FALSE
3664	ENSG00000165209_STRBP	chr9:123158096:G>A	chr9:123212584-123212708:-	1	34	0	0	trans	0.455585507100522	124	TRUE	1	2000	1998	1998	1	1	1	FALSE
3665	ENSG00000165209_STRBP	chr9:123158096:G>A	chr9:123213588-123213908:-	1	34	0	0	trans	0.455585507100522	320	TRUE	1	2000	1998	1998	1	1	1	FALSE
3666	ENSG00000165209_STRBP	chr9:123158096:G>A	chr9:123236829-123236966:-	1	34	-0.011	0.103	trans	0.662249271437768	137	TRUE	0.598401598401599	2000	1998	1173	0.587293646823412	0.587706146926537	1	FALSE
3667	ENSG00000165209_STRBP	chr9:123125423:A>G	chr9:123125038-123125219:-	1	49	0	0	trans	0.493589384701721	181	FALSE	1	2000	2000	2000	1	1	1	FALSE
3668	ENSG00000165209_STRBP	chr9:123125423:A>G	chr9:123125219-123125673:-	1	60	0	0	trans	0.494944656084381	454	FALSE	1	2000	2000	2000	1	1	1	FALSE
3669	ENSG00000165209_STRBP	chr9:123125423:A>G	chr9:123135806-123136040:-	1	60	0	0	trans	0.494944656084381	234	FALSE	1	2000	2000	2000	1	1	1	FALSE
3670	ENSG00000165209_STRBP	chr9:123125423:A>G	chr9:123168188-123168258:-	1	60	-0.01	0.04	trans	0.793457182674284	70	FALSE	0.884115884115884	2000	2000	1788	0.894052973513244	0.894052973513244	1	FALSE
3671	ENSG00000165209_STRBP	chr9:123125423:A>G	chr9:123173834-123173842:-	1	60	-0.01	-0.04	trans	0.793457182674284	8	FALSE	0.884115884115884	2000	2000	1788	0.894052973513244	0.894052973513244	1	FALSE
3672	ENSG00000165209_STRBP	chr9:123125423:A>G	chr9:123180867-123180975:-	1	60	-0.001	0.125	trans	0.52807929910665	108	FALSE	0.387612387612388	2000	2000	751	0.375812093953024	0.375812093953024	1	FALSE
3673	ENSG00000165209_STRBP	chr9:123125423:A>G	chr9:123184298-123184310:-	1	60	0.012	-0.184	trans	0.156235752074676	12	FALSE	0.168831168831169	2000	2000	328	0.164417791104448	0.164417791104448	1	FALSE
3674	ENSG00000165209_STRBP	chr9:123125423:A>G	chr9:123212584-123212708:-	1	43	0	0	trans	0.44868968574436	124	FALSE	1	2000	2000	2000	1	1	1	FALSE
3675	ENSG00000165209_STRBP	chr9:123125423:A>G	chr9:123213588-123213908:-	1	43	0	0	trans	0.44868968574436	320	FALSE	1	2000	2000	2000	1	1	1	FALSE
3676	ENSG00000165209_STRBP	chr9:123125423:A>G	chr9:123236829-123236966:-	1	43	-0.011	-0.058	trans	0.738469655768483	137	FALSE	0.751248751248751	2000	2000	1494	0.747126436781609	0.747126436781609	1	FALSE
3677	ENSG00000136930_PSMB7	chr9:124414881:A>G	chr9:124383595-124383621:-	1	365	0	0	trans	0.517000884148879	26	TRUE	1	2000	2000	2000	1	1	1	FALSE
3678	ENSG00000136930_PSMB7	chr9:124414881:A>G	chr9:124383621-124383950:-	1	365	0	0	trans	0.517000884148879	329	TRUE	1	2000	2000	2000	1	1	1	FALSE
3679	ENSG00000136930_PSMB7	chr9:124414881:A>G	chr9:124384076-124384208:-	1	365	0	0	trans	0.517000884148879	132	TRUE	1	2000	2000	2000	1	1	1	FALSE
3680	ENSG00000136930_PSMB7	chr9:124414881:A>G	chr9:124396759-124396847:-	1	378	-0.001	0.013	trans	0.708459997386764	88	TRUE	0.571428571428571	2000	2000	1115	0.557721139430285	0.557721139430285	1	FALSE
3681	ENSG00000136930_PSMB7	chr9:124414881:A>G	chr9:124398440-124398472:-	1	378	-0.001	0.013	trans	0.708459997386764	32	TRUE	0.571428571428571	2000	2000	1115	0.557721139430285	0.557721139430285	1	FALSE
3682	ENSG00000136930_PSMB7	chr9:124414881:A>G	chr9:124405316-124405432:-	1	378	0	0	trans	0.519051666555998	116	TRUE	1	2000	2000	2000	1	1	1	FALSE
3683	ENSG00000136930_PSMB7	chr9:124414881:A>G	chr9:124415112-124415130:-	1	378	0	0	trans	0.519051666555998	18	TRUE	1	2000	2000	2000	1	1	1	FALSE
3684	ENSG00000136930_PSMB7	chr9:124414881:A>G	chr9:124415130-124415291:-	1	378	0	0	trans	0.519051666555998	161	TRUE	1	2000	2000	2000	1	1	1	FALSE
3685	ENSG00000136930_PSMB7	chr9:124414881:A>G	chr9:124415291-124415307:-	1	378	0	0	trans	0.519051666555998	16	TRUE	1	2000	2000	2000	1	1	1	FALSE
3686	ENSG00000148200_NR6A1	chr9:124732895:T>C	chr9:124732697-124732863:-	2	62	0	0	trans	0.520759649186922	166	TRUE	1	2000	2000	2000	1	1	1	FALSE
3687	ENSG00000148200_NR6A1	chr9:124732895:T>C	chr9:124732863-124732994:-	2	65	0	0	trans	0.50412204294023	131	TRUE	1	2000	2000	2000	1	1	1	FALSE
3688	ENSG00000148200_NR6A1	chr9:124732895:T>C	chr9:124732994-124733007:-	2	67	-0.006	-0.059	trans	0.710431956693404	13	TRUE	0.526473526473527	2000	2000	1030	0.515242378810595	0.515242378810595	1	FALSE
3689	ENSG00000148200_NR6A1	chr9:124732895:T>C	chr9:124733007-124733285:-	2	66	-0.005	-0.064	trans	0.68047066218382	278	TRUE	0.490509490509491	2000	2000	961	0.480759620189905	0.480759620189905	1	FALSE
3690	ENSG00000148200_NR6A1	chr9:124732895:T>C	chr9:124733285-124733307:-	2	66	-0.005	-0.064	trans	0.68047066218382	22	TRUE	0.490509490509491	2000	2000	961	0.480759620189905	0.480759620189905	1	FALSE
3691	ENSG00000148200_NR6A1	chr9:124733228:C>T	chr9:124732697-124732863:-	2	68	0.002	0.031	trans	0.426841488782156	166	TRUE	0.266733266733267	2000	2000	523	0.261869065467266	0.261869065467266	1	FALSE
3692	ENSG00000148200_NR6A1	chr9:124733228:C>T	chr9:124732863-124732994:-	2	84	-0.001	0.023	trans	0.548386452424912	131	TRUE	0.786213786213786	2000	2000	1589	0.794602698650675	0.794602698650675	1	FALSE
3693	ENSG00000148200_NR6A1	chr9:124733228:C>T	chr9:124732994-124733007:-	2	84	-0.001	0.023	trans	0.548386452424912	13	TRUE	0.786213786213786	2000	2000	1589	0.794602698650675	0.794602698650675	1	FALSE
3694	ENSG00000148200_NR6A1	chr9:124733228:C>T	chr9:124733007-124733285:-	2	98	0	0.02	trans	0.504249996842584	278	TRUE	0.621378621378621	2000	2000	1238	0.619190404797601	0.619190404797601	1	FALSE
3695	ENSG00000148200_NR6A1	chr9:124733228:C>T	chr9:124733285-124733307:-	2	98	0	0.02	trans	0.504249996842584	22	TRUE	0.621378621378621	2000	2000	1238	0.619190404797601	0.619190404797601	1	FALSE
3696	ENSG00000136950_ARPC5L	chr9:124877415:C>T	chr9:124872588-124873691:+	0	0					1103	FALSE		2000	0					FALSE
3697	ENSG00000173611_SCAI	chr9:125142460:G>C	chr9:125142253-125142632:-	1	40	0	0	trans	0.494717558753228	379	TRUE	1	2000	2000	2000	1	1	1	FALSE
3698	ENSG00000173611_SCAI	chr9:125055996:C>T	chr9:125055703-125055875:-	0	0					172	FALSE		2000	0					FALSE
3699	ENSG00000173611_SCAI	chr9:125055996:C>T	chr9:125065989-125066058:-	0	0					69	FALSE		2000	0					FALSE
3700	ENSG00000173611_SCAI	chr9:125055996:C>T	chr9:125142253-125142632:-	0	0					379	FALSE		2000	0					FALSE
3701	ENSG00000136933_RABEPK	chr9:125233766:A>G	chr9:125200577-125200604:+	0	0					27	FALSE		2000	0					FALSE
3702	ENSG00000136933_RABEPK	chr9:125233766:A>G	chr9:125200604-125200779:+	0	0					175	FALSE		2000	0					FALSE
3703	ENSG00000136933_RABEPK	chr9:125233766:A>G	chr9:125203007-125203066:+	0	0					59	FALSE		2000	0					FALSE
3704	ENSG00000136933_RABEPK	chr9:125233766:A>G	chr9:125207563-125207721:+	0	0					158	FALSE		2000	0					FALSE
3705	ENSG00000136933_RABEPK	chr9:125233766:A>G	chr9:125213369-125213522:+	0	0					153	FALSE		2000	0					FALSE
3706	ENSG00000136933_RABEPK	chr9:125233766:A>G	chr9:125220326-125220397:+	0	0					71	FALSE		2000	0					FALSE
3707	ENSG00000136933_RABEPK	chr9:125233766:A>G	chr9:125220538-125220658:+	0	0					120	FALSE		2000	0					FALSE
3708	ENSG00000136933_RABEPK	chr9:125233766:A>G	chr9:125220658-125220700:+	0	0					42	FALSE		2000	0					FALSE
3709	ENSG00000136933_RABEPK	chr9:125233766:A>G	chr9:125220700-125222387:+	0	0					1687	FALSE		2000	0					FALSE
3710	ENSG00000044574_HSPA5	chr9:125236886:T>C	chr9:125236392-125236488:-	1	815	0	0	trans	0.482383192344327	96	TRUE	1	2000	2000	2000	1	1	1	FALSE
3711	ENSG00000044574_HSPA5	chr9:125236886:T>C	chr9:125236488-125236504:-	1	816	0	0	trans	0.490297542213584	16	TRUE	1	2000	2000	2000	1	1	1	FALSE
3712	ENSG00000044574_HSPA5	chr9:125236886:T>C	chr9:125237061-125237154:-	1	820	0	0.002	trans	0.48020779124843	93	TRUE	1	2000	2000	2000	1	1	1	FALSE
3713	ENSG00000044574_HSPA5	chr9:125236886:T>C	chr9:125237154-125238140:-	1	820	-0.001	-0.004	trans	0.888535433900907	986	TRUE	1	2000	2000	2000	1	1	1	FALSE
3714	ENSG00000044574_HSPA5	chr9:125236886:T>C	chr9:125238308-125238589:-	1	820	-0.001	0.012	trans	0.888535433900907	281	TRUE	1	2000	2000	2000	1	1	1	FALSE
3715	ENSG00000044574_HSPA5	chr9:125236886:T>C	chr9:125238713-125238827:-	1	820	0.001	0.019	trans	0.093745062399046	114	TRUE	0.1998001998002	2000	2000	409	0.204897551224388	0.204897551224388	1	FALSE
3716	ENSG00000044574_HSPA5	chr9:125236886:T>C	chr9:125238827-125238940:-	1	820	0.001	0.042	trans	0.093745062399046	113	TRUE	0.184815184815185	2000	2000	363	0.181909045477261	0.181909045477261	1	FALSE
3717	ENSG00000044574_HSPA5	chr9:125236886:T>C	chr9:125239331-125239420:-	1	820	-0.001	-0.006	trans	0.888535433900907	89	TRUE	1	2000	2000	2000	1	1	1	FALSE
3718	ENSG00000044574_HSPA5	chr9:125236886:T>C	chr9:125239533-125240171:-	1	820	-0.001	0.014	trans	0.888535433900907	638	TRUE	1	2000	2000	2000	1	1	1	FALSE
3719	ENSG00000044574_HSPA5	chr9:125236886:T>C	chr9:125240309-125240675:-	1	820	0	0.034	trans	0.48020779124843	366	TRUE	0.553446553446554	2000	2000	1109	0.55472263868066	0.55472263868066	1	FALSE
3720	ENSG00000044574_HSPA5	chr9:125236886:T>C	chr9:125240907-125241004:-	1	820	-0.001	-0.006	trans	0.888535433900907	97	TRUE	1	2000	2000	2000	1	1	1	FALSE
3721	ENSG00000165219_GAPVD1	chr9:125342237:G>A	chr9:125263550-125263700:+	0	0					150	FALSE		2000	0					FALSE
3722	ENSG00000165219_GAPVD1	chr9:125342237:G>A	chr9:125268935-125268984:+	0	0					49	FALSE		2000	0					FALSE
3723	ENSG00000165219_GAPVD1	chr9:125342237:G>A	chr9:125268984-125269054:+	0	0					70	FALSE		2000	0					FALSE
3724	ENSG00000165219_GAPVD1	chr9:125342237:G>A	chr9:125269054-125269271:+	0	0					217	FALSE		2000	0					FALSE
3725	ENSG00000165219_GAPVD1	chr9:125342237:G>A	chr9:125287761-125287883:+	0	0					122	FALSE		2000	0					FALSE
3726	ENSG00000165219_GAPVD1	chr9:125342237:G>A	chr9:125295457-125295522:+	0	0					65	FALSE		2000	0					FALSE
3727	ENSG00000165219_GAPVD1	chr9:125342237:G>A	chr9:125295522-125295574:+	0	0					52	FALSE		2000	0					FALSE
3728	ENSG00000165219_GAPVD1	chr9:125342237:G>A	chr9:125298885-125298889:+	0	0					4	FALSE		2000	0					FALSE
3729	ENSG00000165219_GAPVD1	chr9:125342237:G>A	chr9:125299106-125299182:+	0	0					76	FALSE		2000	0					FALSE
3730	ENSG00000165219_GAPVD1	chr9:125342237:G>A	chr9:125307880-125309300:+	0	0					1420	FALSE		2000	0					FALSE
3731	ENSG00000165219_GAPVD1	chr9:125342237:G>A	chr9:125309928-125310009:+	0	0					81	FALSE		2000	0					FALSE
3732	ENSG00000165219_GAPVD1	chr9:125342237:G>A	chr9:125321499-125321562:+	0	0					63	FALSE		2000	0					FALSE
3733	ENSG00000165219_GAPVD1	chr9:125342237:G>A	chr9:125332017-125332060:+	0	0					43	FALSE		2000	0					FALSE
3734	ENSG00000165219_GAPVD1	chr9:125342237:G>A	chr9:125335171-125335252:+	0	0					81	FALSE		2000	0					FALSE
3735	ENSG00000165219_GAPVD1	chr9:125342237:G>A	chr9:125336708-125337017:+	0	0					309	FALSE		2000	0					FALSE
3736	ENSG00000165219_GAPVD1	chr9:125342237:G>A	chr9:125337017-125337095:+	0	0					78	FALSE		2000	0					FALSE
3737	ENSG00000165219_GAPVD1	chr9:125342237:G>A	chr9:125341264-125341751:+	0	0					487	FALSE		2000	0					FALSE
3738	ENSG00000165219_GAPVD1	chr9:125342237:G>A	chr9:125341751-125341864:+	0	0					113	FALSE		2000	0					FALSE
3739	ENSG00000165219_GAPVD1	chr9:125342237:G>A	chr9:125341864-125342106:+	0	0					242	FALSE		2000	0					FALSE
3740	ENSG00000165219_GAPVD1	chr9:125342237:G>A	chr9:125342218-125342234:+	0	0					16	FALSE		2000	0					FALSE
3741	ENSG00000165219_GAPVD1	chr9:125342237:G>A	chr9:125342234-125342255:+	0	0					21	FALSE		2000	0					FALSE
3742	ENSG00000165219_GAPVD1	chr9:125342237:G>A	chr9:125342255-125342299:+	0	0					44	FALSE		2000	0					FALSE
3743	ENSG00000165219_GAPVD1	chr9:125342237:G>A	chr9:125345889-125346818:+	0	0					929	FALSE		2000	0					FALSE
3744	ENSG00000165219_GAPVD1	chr9:125342237:G>A	chr9:125346941-125346995:+	0	0					54	FALSE		2000	0					FALSE
3745	ENSG00000165219_GAPVD1	chr9:125342237:G>A	chr9:125359492-125359847:+	0	0					355	FALSE		2000	0					FALSE
3746	ENSG00000165219_GAPVD1	chr9:125363400:C>A	chr9:125298885-125298889:+	0	0					4	FALSE		2000	0					FALSE
3747	ENSG00000165219_GAPVD1	chr9:125363400:C>A	chr9:125299106-125299182:+	0	0					76	FALSE		2000	0					FALSE
3748	ENSG00000165219_GAPVD1	chr9:125363400:C>A	chr9:125307880-125309300:+	0	0					1420	FALSE		2000	0					FALSE
3749	ENSG00000165219_GAPVD1	chr9:125363400:C>A	chr9:125309928-125310009:+	0	0					81	FALSE		2000	0					FALSE
3750	ENSG00000165219_GAPVD1	chr9:125363400:C>A	chr9:125321499-125321562:+	0	0					63	FALSE		2000	0					FALSE
3751	ENSG00000165219_GAPVD1	chr9:125363400:C>A	chr9:125332017-125332060:+	0	0					43	FALSE		2000	0					FALSE
3752	ENSG00000165219_GAPVD1	chr9:125363400:C>A	chr9:125335171-125335252:+	0	0					81	FALSE		2000	0					FALSE
3753	ENSG00000165219_GAPVD1	chr9:125363400:C>A	chr9:125336708-125337017:+	0	0					309	FALSE		2000	0					FALSE
3754	ENSG00000165219_GAPVD1	chr9:125363400:C>A	chr9:125337017-125337095:+	0	0					78	FALSE		2000	0					FALSE
3755	ENSG00000165219_GAPVD1	chr9:125363400:C>A	chr9:125341264-125341751:+	0	0					487	FALSE		2000	0					FALSE
3756	ENSG00000165219_GAPVD1	chr9:125363400:C>A	chr9:125341751-125341864:+	0	0					113	FALSE		2000	0					FALSE
3757	ENSG00000165219_GAPVD1	chr9:125363400:C>A	chr9:125341864-125342106:+	0	0					242	FALSE		2000	0					FALSE
3758	ENSG00000165219_GAPVD1	chr9:125363400:C>A	chr9:125342218-125342234:+	0	0					16	FALSE		2000	0					FALSE
3759	ENSG00000165219_GAPVD1	chr9:125363400:C>A	chr9:125342234-125342255:+	0	0					21	FALSE		2000	0					FALSE
3760	ENSG00000165219_GAPVD1	chr9:125363400:C>A	chr9:125342255-125342299:+	0	0					44	FALSE		2000	0					FALSE
3761	ENSG00000165219_GAPVD1	chr9:125363400:C>A	chr9:125345889-125346818:+	0	0					929	FALSE		2000	0					FALSE
3762	ENSG00000165219_GAPVD1	chr9:125363400:C>A	chr9:125346941-125346995:+	0	0					54	FALSE		2000	0					FALSE
3763	ENSG00000165219_GAPVD1	chr9:125363400:C>A	chr9:125359492-125359847:+	0	0					355	FALSE		2000	0					FALSE
3764	ENSG00000165219_GAPVD1	chr9:125363400:C>A	chr9:125364195-125364270:+	0	0					75	FALSE		2000	0					FALSE
3765	ENSG00000165219_GAPVD1	chr9:125336888:C>T	chr9:125336708-125337017:+	0	0					309	FALSE		2000	0					FALSE
3766	ENSG00000165219_GAPVD1	chr9:125336888:C>T	chr9:125337017-125337095:+	0	0					78	FALSE		2000	0					FALSE
3767	ENSG00000119487_MAPKAP1	chr9:125669834:C>T	chr9:125447324-125447487:-	0	0					163	FALSE		2000	0					FALSE
3768	ENSG00000119487_MAPKAP1	chr9:125669834:C>T	chr9:125451057-125451101:-	0	0					44	FALSE		2000	0					FALSE
3769	ENSG00000119487_MAPKAP1	chr9:125669834:C>T	chr9:125467971-125468109:-	0	0					138	FALSE		2000	0					FALSE
3770	ENSG00000119487_MAPKAP1	chr9:125669834:C>T	chr9:125471082-125471237:-	0	0					155	FALSE		2000	0					FALSE
3771	ENSG00000119487_MAPKAP1	chr9:125669834:C>T	chr9:125471237-125471905:-	0	0					668	FALSE		2000	0					FALSE
3772	ENSG00000119487_MAPKAP1	chr9:125669834:C>T	chr9:125478079-125478182:-	0	0					103	FALSE		2000	0					FALSE
3773	ENSG00000119487_MAPKAP1	chr9:125669834:C>T	chr9:125484442-125484501:-	0	0					59	FALSE		2000	0					FALSE
3774	ENSG00000119487_MAPKAP1	chr9:125669834:C>T	chr9:125484501-125484583:-	0	0					82	FALSE		2000	0					FALSE
3775	ENSG00000119487_MAPKAP1	chr9:125669834:C>T	chr9:125505943-125506309:-	0	0					366	FALSE		2000	0					FALSE
3776	ENSG00000119487_MAPKAP1	chr9:125669834:C>T	chr9:125506309-125506366:-	0	0					57	FALSE		2000	0					FALSE
3777	ENSG00000119487_MAPKAP1	chr9:125669834:C>T	chr9:125506366-125506417:-	0	0					51	FALSE		2000	0					FALSE
3778	ENSG00000119487_MAPKAP1	chr9:125669834:C>T	chr9:125521467-125521765:-	1	32	-0.011	-0.103	trans	0.66101136267318	298	FALSE	0.565434565434565	2000	1996	1124	0.563345017526289	0.564217891054473	1	FALSE
3779	ENSG00000119487_MAPKAP1	chr9:125669834:C>T	chr9:125559113-125559632:-	1	32	0	0	trans	0.488432823061255	519	FALSE	1	2000	1996	1996	1	1	1	FALSE
3780	ENSG00000119487_MAPKAP1	chr9:125669834:C>T	chr9:125565365-125565737:-	1	32	0	0	trans	0.488432823061255	372	FALSE	1	2000	1996	1996	1	1	1	FALSE
3781	ENSG00000119487_MAPKAP1	chr9:125669834:C>T	chr9:125595509-125595646:-	1	32	0	0	trans	0.488432823061255	137	FALSE	1	2000	1996	1996	1	1	1	FALSE
3782	ENSG00000119487_MAPKAP1	chr9:125669834:C>T	chr9:125599834-125599927:-	1	32	0	0	trans	0.488432823061255	93	FALSE	1	2000	1996	1996	1	1	1	FALSE
3783	ENSG00000119487_MAPKAP1	chr9:125669834:C>T	chr9:125650363-125650417:-	1	32	0	0	trans	0.488432823061255	54	FALSE	1	2000	1996	1996	1	1	1	FALSE
3784	ENSG00000119487_MAPKAP1	chr9:125669834:C>T	chr9:125650417-125650461:-	1	32	0	0	trans	0.488432823061255	44	FALSE	1	2000	1996	1996	1	1	1	FALSE
3785	ENSG00000119487_MAPKAP1	chr9:125669834:C>T	chr9:125652116-125652257:-	1	32	0	0	trans	0.488432823061255	141	FALSE	1	2000	1996	1996	1	1	1	FALSE
3786	ENSG00000119487_MAPKAP1	chr9:125669834:C>T	chr9:125669817-125669845:-	1	32	0	0	trans	0.488432823061255	28	FALSE	1	2000	1996	1996	1	1	1	FALSE
3787	ENSG00000119487_MAPKAP1	chr9:125669834:C>T	chr9:125669845-125669886:-	1	32	0	0	trans	0.488432823061255	41	FALSE	1	2000	1996	1996	1	1	1	FALSE
3788	ENSG00000119487_MAPKAP1	chr9:125669834:C>T	chr9:125669886-125669907:-	1	34	0	0	trans	0.455585507100522	21	FALSE	1	2000	2000	2000	1	1	1	FALSE
3789	ENSG00000119487_MAPKAP1	chr9:125669834:C>T	chr9:125672315-125672399:-	1	34	0	0	trans	0.455585507100522	84	FALSE	1	2000	2000	2000	1	1	1	FALSE
3790	ENSG00000119487_MAPKAP1	chr9:125669834:C>T	chr9:125672399-125672643:-	1	34	0	0	trans	0.455585507100522	244	FALSE	1	2000	2000	2000	1	1	1	FALSE
3791	ENSG00000119487_MAPKAP1	chr9:125669834:C>T	chr9:125696216-125696404:-	1	34	0.019	0.1	trans	0.152136807306327	188	FALSE	0.30969030969031	2000	2000	606	0.303348325837081	0.303348325837081	1	FALSE
3792	ENSG00000119487_MAPKAP1	chr9:125669834:C>T	chr9:125706779-125706970:-	1	34	-0.017	0.057	trans	0.760463381099361	191	FALSE	0.786213786213786	2000	2000	1561	0.780609695152424	0.780609695152424	1	FALSE
3793	ENSG00000119487_MAPKAP1	chr9:125669838:C>T	chr9:125447324-125447487:-	0	0					163	FALSE		2000	0					FALSE
3794	ENSG00000119487_MAPKAP1	chr9:125669838:C>T	chr9:125451057-125451101:-	0	0					44	FALSE		2000	0					FALSE
3795	ENSG00000119487_MAPKAP1	chr9:125669838:C>T	chr9:125467971-125468109:-	0	0					138	FALSE		2000	0					FALSE
3796	ENSG00000119487_MAPKAP1	chr9:125669838:C>T	chr9:125471082-125471237:-	0	0					155	FALSE		2000	0					FALSE
3797	ENSG00000119487_MAPKAP1	chr9:125669838:C>T	chr9:125471237-125471905:-	0	0					668	FALSE		2000	0					FALSE
3798	ENSG00000119487_MAPKAP1	chr9:125669838:C>T	chr9:125478079-125478182:-	0	0					103	FALSE		2000	0					FALSE
3799	ENSG00000119487_MAPKAP1	chr9:125669838:C>T	chr9:125484442-125484501:-	0	0					59	FALSE		2000	0					FALSE
3800	ENSG00000119487_MAPKAP1	chr9:125669838:C>T	chr9:125484501-125484583:-	0	0					82	FALSE		2000	0					FALSE
3801	ENSG00000119487_MAPKAP1	chr9:125669838:C>T	chr9:125505943-125506309:-	0	0					366	FALSE		2000	0					FALSE
3802	ENSG00000119487_MAPKAP1	chr9:125669838:C>T	chr9:125506309-125506366:-	0	0					57	FALSE		2000	0					FALSE
3803	ENSG00000119487_MAPKAP1	chr9:125669838:C>T	chr9:125506366-125506417:-	0	0					51	FALSE		2000	0					FALSE
3804	ENSG00000119487_MAPKAP1	chr9:125669838:C>T	chr9:125521467-125521765:-	1	32	-0.011	-0.103	trans	0.66101136267318	298	FALSE	0.565434565434565	2000	1996	1124	0.563345017526289	0.564217891054473	1	FALSE
3805	ENSG00000119487_MAPKAP1	chr9:125669838:C>T	chr9:125559113-125559632:-	1	32	0	0	trans	0.488432823061255	519	FALSE	1	2000	1996	1996	1	1	1	FALSE
3806	ENSG00000119487_MAPKAP1	chr9:125669838:C>T	chr9:125565365-125565737:-	1	32	0	0	trans	0.488432823061255	372	FALSE	1	2000	1996	1996	1	1	1	FALSE
3807	ENSG00000119487_MAPKAP1	chr9:125669838:C>T	chr9:125595509-125595646:-	1	32	0	0	trans	0.488432823061255	137	FALSE	1	2000	1996	1996	1	1	1	FALSE
3808	ENSG00000119487_MAPKAP1	chr9:125669838:C>T	chr9:125599834-125599927:-	1	32	0	0	trans	0.488432823061255	93	FALSE	1	2000	1996	1996	1	1	1	FALSE
3809	ENSG00000119487_MAPKAP1	chr9:125669838:C>T	chr9:125650363-125650417:-	1	32	0	0	trans	0.488432823061255	54	FALSE	1	2000	1996	1996	1	1	1	FALSE
3810	ENSG00000119487_MAPKAP1	chr9:125669838:C>T	chr9:125650417-125650461:-	1	32	0	0	trans	0.488432823061255	44	FALSE	1	2000	1996	1996	1	1	1	FALSE
3811	ENSG00000119487_MAPKAP1	chr9:125669838:C>T	chr9:125652116-125652257:-	1	32	0	0	trans	0.488432823061255	141	FALSE	1	2000	1996	1996	1	1	1	FALSE
3812	ENSG00000119487_MAPKAP1	chr9:125669838:C>T	chr9:125669817-125669845:-	1	32	0	0	trans	0.488432823061255	28	FALSE	1	2000	1996	1996	1	1	1	FALSE
3813	ENSG00000119487_MAPKAP1	chr9:125669838:C>T	chr9:125669845-125669886:-	1	32	0	0	trans	0.488432823061255	41	FALSE	1	2000	1996	1996	1	1	1	FALSE
3814	ENSG00000119487_MAPKAP1	chr9:125669838:C>T	chr9:125669886-125669907:-	1	34	0	0	trans	0.455585507100522	21	FALSE	1	2000	2000	2000	1	1	1	FALSE
3815	ENSG00000119487_MAPKAP1	chr9:125669838:C>T	chr9:125672315-125672399:-	1	34	0	0	trans	0.455585507100522	84	FALSE	1	2000	2000	2000	1	1	1	FALSE
3816	ENSG00000119487_MAPKAP1	chr9:125669838:C>T	chr9:125672399-125672643:-	1	34	0	0	trans	0.455585507100522	244	FALSE	1	2000	2000	2000	1	1	1	FALSE
3817	ENSG00000119487_MAPKAP1	chr9:125669838:C>T	chr9:125696216-125696404:-	1	34	0.019	0.1	trans	0.152136807306327	188	FALSE	0.30969030969031	2000	2000	606	0.303348325837081	0.303348325837081	1	FALSE
3818	ENSG00000119487_MAPKAP1	chr9:125669838:C>T	chr9:125706779-125706970:-	1	34	-0.017	0.057	trans	0.760463381099361	191	FALSE	0.786213786213786	2000	2000	1561	0.780609695152424	0.780609695152424	1	FALSE
3819	ENSG00000167081_PBX3	chr9:125834965:A>G	chr9:125833603-125834448:+	0	0					845	FALSE		2000	0					FALSE
3820	ENSG00000167081_PBX3	chr9:125834965:A>G	chr9:125834448-125834492:+	0	0					44	FALSE		2000	0					FALSE
3821	ENSG00000167081_PBX3	chr9:125834965:A>G	chr9:125834924-125834950:+	0	0					26	FALSE		2000	0					FALSE
3822	ENSG00000167081_PBX3	chr9:125834965:A>G	chr9:125834950-125835045:+	0	0					95	FALSE		2000	0					FALSE
3823	ENSG00000167081_PBX3	chr9:125966179:A>G	chr9:125748198-125748428:+	1	32	0.014	-0.215	trans	0.276130952518091	230	TRUE	0.203796203796204	2000	1966	379	0.193187595322827	0.206896551724138	1	FALSE
3824	ENSG00000167081_PBX3	chr9:125966179:A>G	chr9:125748428-125748549:+	1	32	0	0	trans	0.488432823061255	121	TRUE	1	2000	1966	1966	1	1	1	FALSE
3825	ENSG00000167081_PBX3	chr9:125966179:A>G	chr9:125748623-125748771:+	1	32	0	0	trans	0.488432823061255	148	TRUE	1	2000	1966	1966	1	1	1	FALSE
3826	ENSG00000167081_PBX3	chr9:125966179:A>G	chr9:125748771-125748930:+	1	32	0	0	trans	0.488432823061255	159	TRUE	1	2000	1966	1966	1	1	1	FALSE
3827	ENSG00000167081_PBX3	chr9:125966179:A>G	chr9:125748930-125749537:+	1	32	0	0	trans	0.488432823061255	607	TRUE	1	2000	1966	1966	1	1	1	FALSE
3828	ENSG00000167081_PBX3	chr9:125966179:A>G	chr9:125749537-125749641:+	1	32	0	0	trans	0.488432823061255	104	TRUE	1	2000	1966	1966	1	1	1	FALSE
3829	ENSG00000167081_PBX3	chr9:125966179:A>G	chr9:125749641-125750473:+	1	32	0	0	trans	0.488432823061255	832	TRUE	1	2000	1966	1966	1	1	1	FALSE
3830	ENSG00000167081_PBX3	chr9:125966179:A>G	chr9:125750473-125750510:+	1	33	-0.01	-0.05	trans	0.643847853158519	37	TRUE	0.918081918081918	2000	1975	1810	0.916497975708502	0.917541229385307	1	FALSE
3831	ENSG00000167081_PBX3	chr9:125966179:A>G	chr9:125750510-125750533:+	1	33	0	0	trans	0.475311972079711	23	TRUE	1	2000	1975	1975	1	1	1	FALSE
3832	ENSG00000167081_PBX3	chr9:125966179:A>G	chr9:125750533-125751309:+	1	33	0	0	trans	0.475311972079711	776	TRUE	1	2000	1975	1975	1	1	1	FALSE
3833	ENSG00000167081_PBX3	chr9:125966179:A>G	chr9:125777981-125778103:+	1	33	0.017	-0.1	trans	0.213571486787358	122	TRUE	0.447552447552448	2000	1975	847	0.42914979757085	0.436281859070465	1	FALSE
3834	ENSG00000167081_PBX3	chr9:125966179:A>G	chr9:125782303-125782409:+	1	33	0	0	trans	0.475311972079711	106	TRUE	1	2000	1975	1975	1	1	1	FALSE
3835	ENSG00000167081_PBX3	chr9:125966179:A>G	chr9:125782409-125783343:+	1	33	0	0	trans	0.475311972079711	934	TRUE	1	2000	1975	1975	1	1	1	FALSE
3836	ENSG00000167081_PBX3	chr9:125966179:A>G	chr9:125783943-125784022:+	1	33	0	0	trans	0.475311972079711	79	TRUE	1	2000	1975	1975	1	1	1	FALSE
3837	ENSG00000167081_PBX3	chr9:125966179:A>G	chr9:125784022-125784704:+	1	33	0	0	trans	0.475311972079711	682	TRUE	1	2000	1975	1975	1	1	1	FALSE
3838	ENSG00000167081_PBX3	chr9:125966179:A>G	chr9:125785455-125785654:+	1	33	0.017	-0.1	trans	0.213571486787358	199	TRUE	0.447552447552448	2000	1975	847	0.42914979757085	0.436281859070465	1	FALSE
3839	ENSG00000167081_PBX3	chr9:125966179:A>G	chr9:125797394-125797465:+	1	33	-0.01	-0.05	trans	0.643847853158519	71	TRUE	0.918081918081918	2000	1975	1810	0.916497975708502	0.917541229385307	1	FALSE
3840	ENSG00000167081_PBX3	chr9:125966179:A>G	chr9:125833349-125833384:+	1	33	0	0	trans	0.475311972079711	35	TRUE	1	2000	1975	1975	1	1	1	FALSE
3841	ENSG00000167081_PBX3	chr9:125966179:A>G	chr9:125833384-125833603:+	1	33	0	0	trans	0.475311972079711	219	TRUE	1	2000	1975	1975	1	1	1	FALSE
3842	ENSG00000167081_PBX3	chr9:125966179:A>G	chr9:125833603-125834448:+	1	33	0	0	trans	0.475311972079711	845	TRUE	1	2000	1975	1975	1	1	1	FALSE
3843	ENSG00000167081_PBX3	chr9:125966179:A>G	chr9:125834448-125834492:+	1	33	0	0	trans	0.475311972079711	44	TRUE	1	2000	1975	1975	1	1	1	FALSE
3844	ENSG00000167081_PBX3	chr9:125966179:A>G	chr9:125834924-125834950:+	1	33	0	0	trans	0.475311972079711	26	TRUE	1	2000	1975	1975	1	1	1	FALSE
3845	ENSG00000167081_PBX3	chr9:125966179:A>G	chr9:125834950-125835045:+	1	33	0	0	trans	0.475311972079711	95	TRUE	1	2000	1975	1975	1	1	1	FALSE
3846	ENSG00000167081_PBX3	chr9:125966179:A>G	chr9:125835045-125835051:+	1	33	0	0	trans	0.475311972079711	6	FALSE	1	2000	1975	1975	1	1	1	FALSE
3847	ENSG00000167081_PBX3	chr9:125966179:A>G	chr9:125835051-125835532:+	1	33	0	0	trans	0.475311972079711	481	TRUE	1	2000	1975	1975	1	1	1	FALSE
3848	ENSG00000167081_PBX3	chr9:125966179:A>G	chr9:125843712-125843734:+	1	33	0	0	trans	0.475311972079711	22	TRUE	1	2000	1975	1975	1	1	1	FALSE
3849	ENSG00000167081_PBX3	chr9:125966179:A>G	chr9:125843734-125843812:+	1	33	0	0	trans	0.475311972079711	78	TRUE	1	2000	1975	1975	1	1	1	FALSE
3850	ENSG00000167081_PBX3	chr9:125966179:A>G	chr9:125844565-125844982:+	1	33	0	0	trans	0.475311972079711	417	TRUE	1	2000	1975	1975	1	1	1	FALSE
3851	ENSG00000167081_PBX3	chr9:125966179:A>G	chr9:125865270-125865305:+	1	33	0	0	trans	0.475311972079711	35	TRUE	1	2000	1975	1975	1	1	1	FALSE
3852	ENSG00000167081_PBX3	chr9:125966179:A>G	chr9:125868625-125869025:+	1	33	0	0	trans	0.475311972079711	400	TRUE	1	2000	1975	1975	1	1	1	FALSE
3853	ENSG00000167081_PBX3	chr9:125966179:A>G	chr9:125869695-125869777:+	1	33	0	0	trans	0.475311972079711	82	TRUE	1	2000	1975	1975	1	1	1	FALSE
3854	ENSG00000167081_PBX3	chr9:125966179:A>G	chr9:125915685-125915869:+	1	33	-0.01	0.05	trans	0.643847853158519	184	TRUE	0.918081918081918	2000	1975	1810	0.916497975708502	0.917541229385307	1	FALSE
3855	ENSG00000167081_PBX3	chr9:125966179:A>G	chr9:125915869-125915927:+	1	33	-0.01	0.05	trans	0.643847853158519	58	TRUE	0.918081918081918	2000	1975	1810	0.916497975708502	0.917541229385307	1	FALSE
3856	ENSG00000167081_PBX3	chr9:125966179:A>G	chr9:125949377-125949440:+	1	33	-0.021	0.054	trans	0.8002510063256	63	TRUE	0.7002997002997	2000	1975	1383	0.700404858299595	0.704147926036982	1	FALSE
3857	ENSG00000167081_PBX3	chr9:125966179:A>G	chr9:125962101-125962214:+	1	33	-0.016	0.042	trans	0.734727720343416	113	TRUE	0.884115884115884	2000	1975	1750	0.886133603238866	0.887556221889055	1	FALSE
3858	ENSG00000167081_PBX3	chr9:125834966:A>G	chr9:125833603-125834448:+	0	0					845	FALSE		2000	0					FALSE
3859	ENSG00000167081_PBX3	chr9:125834966:A>G	chr9:125834448-125834492:+	0	0					44	FALSE		2000	0					FALSE
3860	ENSG00000167081_PBX3	chr9:125834966:A>G	chr9:125834924-125834950:+	0	0					26	FALSE		2000	0					FALSE
3861	ENSG00000167081_PBX3	chr9:125834966:A>G	chr9:125834950-125835045:+	0	0					95	FALSE		2000	0					FALSE
3862	ENSG00000167081_PBX3	chr9:125915817:C>T	chr9:125748164-125748181:+	1	41	0.014	-0.08	trans	0.241495462444298	17	TRUE	0.41958041958042	2000	1999	840	0.4205	0.420789605197401	1	FALSE
3863	ENSG00000167081_PBX3	chr9:125915817:C>T	chr9:125748181-125748198:+	1	44	-0.018	-0.004	trans	0.838143538135948	17	TRUE	0.969030969030969	2000	1999	1938	0.9695	0.969515242378811	1	FALSE
3864	ENSG00000167081_PBX3	chr9:125915817:C>T	chr9:125748198-125748428:+	1	54	-0.008	-0.065	trans	0.713595768417256	230	TRUE	0.664335664335664	2000	2000	1328	0.664167916041979	0.664167916041979	1	FALSE
3865	ENSG00000167081_PBX3	chr9:125915817:C>T	chr9:125748428-125748549:+	1	54	-0.004	0.065	trans	0.613893769957523	121	TRUE	0.294705294705295	2000	2000	575	0.287856071964018	0.287856071964018	1	FALSE
3866	ENSG00000167081_PBX3	chr9:125915817:C>T	chr9:125748623-125748771:+	1	54	0	0	trans	0.506001490187952	148	TRUE	1	2000	2000	2000	1	1	1	FALSE
3867	ENSG00000167081_PBX3	chr9:125915817:C>T	chr9:125748771-125748930:+	1	54	0	0	trans	0.506001490187952	159	TRUE	1	2000	2000	2000	1	1	1	FALSE
3868	ENSG00000167081_PBX3	chr9:125915817:C>T	chr9:125748930-125749537:+	1	54	0	0	trans	0.506001490187952	607	TRUE	1	2000	2000	2000	1	1	1	FALSE
3869	ENSG00000167081_PBX3	chr9:125915817:C>T	chr9:125749537-125749641:+	1	54	0	0	trans	0.506001490187952	104	TRUE	1	2000	2000	2000	1	1	1	FALSE
3870	ENSG00000167081_PBX3	chr9:125915817:C>T	chr9:125749641-125750473:+	1	54	0	0	trans	0.506001490187952	832	TRUE	1	2000	2000	2000	1	1	1	FALSE
3871	ENSG00000167081_PBX3	chr9:125915817:C>T	chr9:125750473-125750510:+	1	54	0	0	trans	0.506001490187952	37	TRUE	1	2000	2000	2000	1	1	1	FALSE
3872	ENSG00000167081_PBX3	chr9:125915817:C>T	chr9:125750510-125750533:+	1	54	0	0	trans	0.506001490187952	23	TRUE	1	2000	2000	2000	1	1	1	FALSE
3873	ENSG00000167081_PBX3	chr9:125915817:C>T	chr9:125750533-125751309:+	1	54	0	0	trans	0.506001490187952	776	TRUE	1	2000	2000	2000	1	1	1	FALSE
3874	ENSG00000167081_PBX3	chr9:125915817:C>T	chr9:125777981-125778103:+	1	54	0.01	-0.061	trans	0.251094004987938	122	TRUE	0.438561438561439	2000	2000	889	0.444777611194403	0.444777611194403	1	FALSE
3875	ENSG00000167081_PBX3	chr9:125915817:C>T	chr9:125782303-125782409:+	1	54	0	0	trans	0.506001490187952	106	TRUE	1	2000	2000	2000	1	1	1	FALSE
3876	ENSG00000167081_PBX3	chr9:125915817:C>T	chr9:125782409-125783343:+	1	54	0	0	trans	0.506001490187952	934	TRUE	1	2000	2000	2000	1	1	1	FALSE
3877	ENSG00000167081_PBX3	chr9:125915817:C>T	chr9:125783943-125784022:+	1	54	0	0	trans	0.506001490187952	79	TRUE	1	2000	2000	2000	1	1	1	FALSE
3878	ENSG00000167081_PBX3	chr9:125915817:C>T	chr9:125784022-125784704:+	1	54	0	0	trans	0.506001490187952	682	TRUE	1	2000	2000	2000	1	1	1	FALSE
3879	ENSG00000167081_PBX3	chr9:125915817:C>T	chr9:125785455-125785654:+	1	54	0.01	-0.061	trans	0.251094004987938	199	TRUE	0.438561438561439	2000	2000	889	0.444777611194403	0.444777611194403	1	FALSE
3880	ENSG00000167081_PBX3	chr9:125915817:C>T	chr9:125797394-125797465:+	1	54	0	0	trans	0.506001490187952	71	TRUE	1	2000	2000	2000	1	1	1	FALSE
3881	ENSG00000167081_PBX3	chr9:125915817:C>T	chr9:125833349-125833384:+	1	54	0	0	trans	0.506001490187952	35	TRUE	1	2000	2000	2000	1	1	1	FALSE
3882	ENSG00000167081_PBX3	chr9:125915817:C>T	chr9:125833384-125833603:+	1	54	0	0	trans	0.506001490187952	219	TRUE	1	2000	2000	2000	1	1	1	FALSE
3883	ENSG00000167081_PBX3	chr9:125915817:C>T	chr9:125833603-125834448:+	1	54	0	0	trans	0.506001490187952	845	TRUE	1	2000	2000	2000	1	1	1	FALSE
3884	ENSG00000167081_PBX3	chr9:125915817:C>T	chr9:125834448-125834492:+	1	54	0	0	trans	0.506001490187952	44	TRUE	1	2000	2000	2000	1	1	1	FALSE
3885	ENSG00000167081_PBX3	chr9:125915817:C>T	chr9:125834924-125834950:+	1	54	0	0	trans	0.506001490187952	26	TRUE	1	2000	2000	2000	1	1	1	FALSE
3886	ENSG00000167081_PBX3	chr9:125915817:C>T	chr9:125834950-125835045:+	1	54	0	0	trans	0.506001490187952	95	TRUE	1	2000	2000	2000	1	1	1	FALSE
3887	ENSG00000167081_PBX3	chr9:125915817:C>T	chr9:125835045-125835051:+	1	54	0	0	trans	0.506001490187952	6	FALSE	1	2000	2000	2000	1	1	1	FALSE
3888	ENSG00000167081_PBX3	chr9:125915817:C>T	chr9:125835051-125835532:+	1	54	0	0	trans	0.506001490187952	481	TRUE	1	2000	2000	2000	1	1	1	FALSE
3889	ENSG00000167081_PBX3	chr9:125915817:C>T	chr9:125843712-125843734:+	1	55	-0.006	-0.029	trans	0.674088639331636	22	TRUE	0.957042957042957	2000	2000	1913	0.956521739130435	0.956521739130435	1	FALSE
3890	ENSG00000167081_PBX3	chr9:125915817:C>T	chr9:125843734-125843812:+	1	55	-0.006	-0.029	trans	0.674088639331636	78	TRUE	0.957042957042957	2000	2000	1913	0.956521739130435	0.956521739130435	1	FALSE
3891	ENSG00000167081_PBX3	chr9:125915817:C>T	chr9:125844565-125844982:+	1	55	0	0	trans	0.49552912932619	417	TRUE	1	2000	2000	2000	1	1	1	FALSE
3892	ENSG00000167081_PBX3	chr9:125915817:C>T	chr9:125865270-125865305:+	1	55	0	0	trans	0.49552912932619	35	TRUE	1	2000	2000	2000	1	1	1	FALSE
3893	ENSG00000167081_PBX3	chr9:125915817:C>T	chr9:125868625-125869025:+	1	55	0	0	trans	0.49552912932619	400	TRUE	1	2000	2000	2000	1	1	1	FALSE
3894	ENSG00000167081_PBX3	chr9:125915817:C>T	chr9:125869695-125869777:+	1	55	0	0	trans	0.49552912932619	82	TRUE	1	2000	2000	2000	1	1	1	FALSE
3895	ENSG00000167081_PBX3	chr9:125915817:C>T	chr9:125915685-125915869:+	1	55	0	0	trans	0.49552912932619	184	TRUE	1	2000	2000	2000	1	1	1	FALSE
3896	ENSG00000167081_PBX3	chr9:125915817:C>T	chr9:125915869-125915927:+	1	55	0	0	trans	0.49552912932619	58	TRUE	1	2000	2000	2000	1	1	1	FALSE
3897	ENSG00000167081_PBX3	chr9:125915817:C>T	chr9:125949377-125949440:+	1	46	-0.012	0.05	trans	0.750620138022343	63	TRUE	0.803196803196803	2000	2000	1600	0.800099950024988	0.800099950024988	1	FALSE
3898	ENSG00000167081_PBX3	chr9:125915817:C>T	chr9:125962101-125962214:+	1	46	-0.004	0.112	trans	0.605822234806903	113	TRUE	0.461538461538462	2000	2000	884	0.442278860569715	0.442278860569715	1	FALSE
3899	ENSG00000167081_PBX3	chr9:125966114:T>C	chr9:125748164-125748181:+	0	0					17	FALSE		2000	0					FALSE
3900	ENSG00000167081_PBX3	chr9:125966114:T>C	chr9:125748181-125748198:+	0	0					17	FALSE		2000	0					FALSE
3901	ENSG00000167081_PBX3	chr9:125966114:T>C	chr9:125748198-125748428:+	1	39	0.022	0.257	trans	0.173712428864424	230	TRUE	0.125874125874126	2000	1998	245	0.123061530765383	0.123938030984508	1	FALSE
3902	ENSG00000167081_PBX3	chr9:125966114:T>C	chr9:125748428-125748549:+	1	39	0	0	trans	0.519357429037164	121	TRUE	1	2000	1998	1998	1	1	1	FALSE
3903	ENSG00000167081_PBX3	chr9:125966114:T>C	chr9:125748623-125748771:+	1	39	0	0	trans	0.519357429037164	148	TRUE	1	2000	1998	1998	1	1	1	FALSE
3904	ENSG00000167081_PBX3	chr9:125966114:T>C	chr9:125748771-125748930:+	1	39	0	0	trans	0.519357429037164	159	TRUE	1	2000	1998	1998	1	1	1	FALSE
3905	ENSG00000167081_PBX3	chr9:125966114:T>C	chr9:125748930-125749537:+	1	39	0	0	trans	0.519357429037164	607	TRUE	1	2000	1998	1998	1	1	1	FALSE
3906	ENSG00000167081_PBX3	chr9:125966114:T>C	chr9:125749537-125749641:+	1	39	0	0	trans	0.519357429037164	104	TRUE	1	2000	1998	1998	1	1	1	FALSE
3907	ENSG00000167081_PBX3	chr9:125966114:T>C	chr9:125749641-125750473:+	1	39	0	0	trans	0.519357429037164	832	TRUE	1	2000	1998	1998	1	1	1	FALSE
3908	ENSG00000167081_PBX3	chr9:125966114:T>C	chr9:125750473-125750510:+	1	40	-0.006	-0.043	trans	0.622954918215847	37	TRUE	0.793206793206793	2000	1999	1580	0.7905	0.790604697651174	1	FALSE
3909	ENSG00000167081_PBX3	chr9:125966114:T>C	chr9:125750510-125750533:+	1	40	0	0	trans	0.494717558753228	23	TRUE	1	2000	1999	1999	1	1	1	FALSE
3910	ENSG00000167081_PBX3	chr9:125966114:T>C	chr9:125750533-125751309:+	1	40	0	0	trans	0.494717558753228	776	TRUE	1	2000	1999	1999	1	1	1	FALSE
3911	ENSG00000167081_PBX3	chr9:125966114:T>C	chr9:125777981-125778103:+	1	40	0.008	0.059	trans	0.326872920370978	122	TRUE	0.194805194805195	2000	1999	384	0.1925	0.192903548225887	1	FALSE
3912	ENSG00000167081_PBX3	chr9:125966114:T>C	chr9:125782303-125782409:+	1	40	0	0	trans	0.494717558753228	106	TRUE	1	2000	1999	1999	1	1	1	FALSE
3913	ENSG00000167081_PBX3	chr9:125966114:T>C	chr9:125782409-125783343:+	1	40	0	0	trans	0.494717558753228	934	TRUE	1	2000	1999	1999	1	1	1	FALSE
3914	ENSG00000167081_PBX3	chr9:125966114:T>C	chr9:125783943-125784022:+	1	40	0	0	trans	0.494717558753228	79	TRUE	1	2000	1999	1999	1	1	1	FALSE
3915	ENSG00000167081_PBX3	chr9:125966114:T>C	chr9:125784022-125784704:+	1	40	0	0	trans	0.494717558753228	682	TRUE	1	2000	1999	1999	1	1	1	FALSE
3916	ENSG00000167081_PBX3	chr9:125966114:T>C	chr9:125785455-125785654:+	1	40	0.008	0.059	trans	0.326872920370978	199	TRUE	0.194805194805195	2000	1999	384	0.1925	0.192903548225887	1	FALSE
3917	ENSG00000167081_PBX3	chr9:125966114:T>C	chr9:125797394-125797465:+	1	40	-0.006	-0.043	trans	0.622954918215847	71	TRUE	0.793206793206793	2000	1999	1580	0.7905	0.790604697651174	1	FALSE
3918	ENSG00000167081_PBX3	chr9:125966114:T>C	chr9:125833349-125833384:+	1	40	0	0	trans	0.494717558753228	35	TRUE	1	2000	1999	1999	1	1	1	FALSE
3919	ENSG00000167081_PBX3	chr9:125966114:T>C	chr9:125833384-125833603:+	1	40	0	0	trans	0.494717558753228	219	TRUE	1	2000	1999	1999	1	1	1	FALSE
3920	ENSG00000167081_PBX3	chr9:125966114:T>C	chr9:125833603-125834448:+	1	40	0	0	trans	0.494717558753228	845	TRUE	1	2000	1999	1999	1	1	1	FALSE
3921	ENSG00000167081_PBX3	chr9:125966114:T>C	chr9:125834448-125834492:+	1	40	0	0	trans	0.494717558753228	44	TRUE	1	2000	1999	1999	1	1	1	FALSE
3922	ENSG00000167081_PBX3	chr9:125966114:T>C	chr9:125834924-125834950:+	1	40	0	0	trans	0.494717558753228	26	TRUE	1	2000	1999	1999	1	1	1	FALSE
3923	ENSG00000167081_PBX3	chr9:125966114:T>C	chr9:125834950-125835045:+	1	40	0	0	trans	0.494717558753228	95	TRUE	1	2000	1999	1999	1	1	1	FALSE
3924	ENSG00000167081_PBX3	chr9:125966114:T>C	chr9:125835045-125835051:+	1	40	0	0	trans	0.494717558753228	6	FALSE	1	2000	1999	1999	1	1	1	FALSE
3925	ENSG00000167081_PBX3	chr9:125966114:T>C	chr9:125835051-125835532:+	1	40	0	0	trans	0.494717558753228	481	TRUE	1	2000	1999	1999	1	1	1	FALSE
3926	ENSG00000167081_PBX3	chr9:125966114:T>C	chr9:125843712-125843734:+	1	40	0	0	trans	0.494717558753228	22	TRUE	1	2000	1999	1999	1	1	1	FALSE
3927	ENSG00000167081_PBX3	chr9:125966114:T>C	chr9:125843734-125843812:+	1	40	0	0	trans	0.494717558753228	78	TRUE	1	2000	1999	1999	1	1	1	FALSE
3928	ENSG00000167081_PBX3	chr9:125966114:T>C	chr9:125844565-125844982:+	1	40	0	0	trans	0.494717558753228	417	TRUE	1	2000	1999	1999	1	1	1	FALSE
3929	ENSG00000167081_PBX3	chr9:125966114:T>C	chr9:125865270-125865305:+	1	40	0	0	trans	0.494717558753228	35	TRUE	1	2000	1999	1999	1	1	1	FALSE
3930	ENSG00000167081_PBX3	chr9:125966114:T>C	chr9:125868625-125869025:+	1	40	0	0	trans	0.494717558753228	400	TRUE	1	2000	1999	1999	1	1	1	FALSE
3931	ENSG00000167081_PBX3	chr9:125966114:T>C	chr9:125869695-125869777:+	1	40	0	0	trans	0.494717558753228	82	TRUE	1	2000	1999	1999	1	1	1	FALSE
3932	ENSG00000167081_PBX3	chr9:125966114:T>C	chr9:125915685-125915869:+	1	40	-0.006	0.043	trans	0.622954918215847	184	TRUE	0.793206793206793	2000	1999	1580	0.7905	0.790604697651174	1	FALSE
3933	ENSG00000167081_PBX3	chr9:125966114:T>C	chr9:125915869-125915927:+	1	40	-0.006	0.043	trans	0.622954918215847	58	TRUE	0.793206793206793	2000	1999	1580	0.7905	0.790604697651174	1	FALSE
3934	ENSG00000167081_PBX3	chr9:125966114:T>C	chr9:125949377-125949440:+	1	40	-0.01	-0.084	trans	0.702260207063154	63	TRUE	0.536463536463537	2000	1999	1072	0.5365	0.536731634182909	1	FALSE
3935	ENSG00000167081_PBX3	chr9:125966114:T>C	chr9:125962101-125962214:+	1	40	-0.02	-0.031	trans	0.858827412311903	113	TRUE	0.797202797202797	2000	1999	1598	0.7995	0.79960019990005	1	FALSE
3936	ENSG00000136854_STXBP1	chr9:127654093:G>A	chr9:127612247-127612264:+	1	34	0	0	trans	0.455585507100522	17	FALSE	1	2000	2000	2000	1	1	1	FALSE
3937	ENSG00000136854_STXBP1	chr9:127654093:G>A	chr9:127612264-127612276:+	1	34	0	0	trans	0.455585507100522	12	FALSE	1	2000	2000	2000	1	1	1	FALSE
3938	ENSG00000136854_STXBP1	chr9:127654093:G>A	chr9:127612276-127612298:+	1	34	0	0	trans	0.455585507100522	22	FALSE	1	2000	2000	2000	1	1	1	FALSE
3939	ENSG00000136854_STXBP1	chr9:127654093:G>A	chr9:127612298-127612359:+	1	34	0	0	trans	0.455585507100522	61	FALSE	1	2000	2000	2000	1	1	1	FALSE
3940	ENSG00000136854_STXBP1	chr9:127654093:G>A	chr9:127612359-127612360:+	1	34	0	0	trans	0.455585507100522	1	FALSE	1	2000	2000	2000	1	1	1	FALSE
3941	ENSG00000136854_STXBP1	chr9:127654093:G>A	chr9:127612360-127612403:+	1	34	0	0	trans	0.455585507100522	43	FALSE	1	2000	2000	2000	1	1	1	FALSE
3942	ENSG00000136854_STXBP1	chr9:127654093:G>A	chr9:127612403-127612440:+	1	34	0	0	trans	0.455585507100522	37	FALSE	1	2000	2000	2000	1	1	1	FALSE
3943	ENSG00000136854_STXBP1	chr9:127654093:G>A	chr9:127613265-127613751:+	1	34	0	0	trans	0.455585507100522	486	FALSE	1	2000	2000	2000	1	1	1	FALSE
3944	ENSG00000136854_STXBP1	chr9:127654093:G>A	chr9:127639427-127639617:+	1	34	0	0	trans	0.455585507100522	190	FALSE	1	2000	2000	2000	1	1	1	FALSE
3945	ENSG00000136854_STXBP1	chr9:127654093:G>A	chr9:127642342-127642468:+	1	34	0	0	trans	0.455585507100522	126	FALSE	1	2000	2000	2000	1	1	1	FALSE
3946	ENSG00000136854_STXBP1	chr9:127654093:G>A	chr9:127642468-127642563:+	1	34	0	0	trans	0.455585507100522	95	FALSE	1	2000	2000	2000	1	1	1	FALSE
3947	ENSG00000136854_STXBP1	chr9:127654093:G>A	chr9:127651602-127651604:+	1	34	0	0	trans	0.455585507100522	2	FALSE	1	2000	2000	2000	1	1	1	FALSE
3948	ENSG00000136854_STXBP1	chr9:127654093:G>A	chr9:127653796-127653890:+	1	34	0.041	0.125	trans	0.0184145118050525	94	FALSE	0.205794205794206	2000	2000	434	0.217391304347826	0.217391304347826	1	FALSE
3949	ENSG00000136854_STXBP1	chr9:127654093:G>A	chr9:127653890-127654197:+	1	34	0	0	trans	0.455585507100522	307	FALSE	1	2000	2000	2000	1	1	1	FALSE
3950	ENSG00000136854_STXBP1	chr9:127654096:G>A	chr9:127612247-127612264:+	2	64	0	0	trans	0.516570536726138	17	FALSE	1	2000	2000	2000	1	1	1	FALSE
3951	ENSG00000136854_STXBP1	chr9:127654096:G>A	chr9:127612264-127612276:+	2	64	0	0	trans	0.516570536726138	12	FALSE	1	2000	2000	2000	1	1	1	FALSE
3952	ENSG00000136854_STXBP1	chr9:127654096:G>A	chr9:127612276-127612298:+	2	64	0	0	trans	0.516570536726138	22	FALSE	1	2000	2000	2000	1	1	1	FALSE
3953	ENSG00000136854_STXBP1	chr9:127654096:G>A	chr9:127612298-127612359:+	2	64	0	0	trans	0.516570536726138	61	FALSE	1	2000	2000	2000	1	1	1	FALSE
3954	ENSG00000136854_STXBP1	chr9:127654096:G>A	chr9:127612359-127612360:+	2	64	0	0	trans	0.516570536726138	1	FALSE	1	2000	2000	2000	1	1	1	FALSE
3955	ENSG00000136854_STXBP1	chr9:127654096:G>A	chr9:127612360-127612403:+	2	64	0	0	trans	0.516570536726138	43	FALSE	1	2000	2000	2000	1	1	1	FALSE
3956	ENSG00000136854_STXBP1	chr9:127654096:G>A	chr9:127612403-127612440:+	2	64	0	0	trans	0.516570536726138	37	FALSE	1	2000	2000	2000	1	1	1	FALSE
3957	ENSG00000136854_STXBP1	chr9:127654096:G>A	chr9:127613265-127613751:+	2	64	0	0	trans	0.516570536726138	486	FALSE	1	2000	2000	2000	1	1	1	FALSE
3958	ENSG00000136854_STXBP1	chr9:127654096:G>A	chr9:127639427-127639617:+	2	64	0	0	trans	0.516570536726138	190	FALSE	1	2000	2000	2000	1	1	1	FALSE
3959	ENSG00000136854_STXBP1	chr9:127654096:G>A	chr9:127642342-127642468:+	2	64	0	0	trans	0.516570536726138	126	FALSE	1	2000	2000	2000	1	1	1	FALSE
3960	ENSG00000136854_STXBP1	chr9:127654096:G>A	chr9:127642468-127642563:+	2	64	0	0	trans	0.516570536726138	95	FALSE	1	2000	2000	2000	1	1	1	FALSE
3961	ENSG00000136854_STXBP1	chr9:127654096:G>A	chr9:127651602-127651604:+	2	64	0	0	trans	0.516570536726138	2	FALSE	1	2000	2000	2000	1	1	1	FALSE
3962	ENSG00000136854_STXBP1	chr9:127654096:G>A	chr9:127653796-127653890:+	2	64	0.223	0.444	cis	0	94	FALSE	0.000999000999000999	2000	2000	0	0.000499750124937531	0.000499750124937531	0.073331755175044	FALSE
3963	ENSG00000136854_STXBP1	chr9:127654096:G>A	chr9:127653890-127654197:+	2	64	0	0	trans	0.516570536726138	307	FALSE	1	2000	2000	2000	1	1	1	FALSE
3964	ENSG00000136854_STXBP1	chr9:127654096:G>A	chr9:127612225-127612247:+	1	32	0	0	trans	0.488432823061255	22	FALSE	1	2000	2000	2000	1	1	1	FALSE
3965	ENSG00000136854_STXBP1	chr9:127691033:G>A	chr9:127612276-127612298:+	1	40	0.007	-0.178	trans	0.346735468783051	22	TRUE	0.257742257742258	2000	2000	461	0.230884557721139	0.230884557721139	1	FALSE
3966	ENSG00000136854_STXBP1	chr9:127691033:G>A	chr9:127612298-127612359:+	1	45	0.008	-0.167	trans	0.311099106655914	61	TRUE	0.260739260739261	2000	2000	473	0.23688155922039	0.23688155922039	1	FALSE
3967	ENSG00000136854_STXBP1	chr9:127691033:G>A	chr9:127612359-127612360:+	1	55	0.005	-0.131	trans	0.345841372805626	1	FALSE	0.295704295704296	2000	2000	535	0.267866066966517	0.267866066966517	1	FALSE
3968	ENSG00000136854_STXBP1	chr9:127691033:G>A	chr9:127612360-127612403:+	1	55	0.005	-0.131	trans	0.345841372805626	43	TRUE	0.295704295704296	2000	2000	535	0.267866066966517	0.267866066966517	1	FALSE
3969	ENSG00000136854_STXBP1	chr9:127691033:G>A	chr9:127612403-127612440:+	1	62	0	-0.097	trans	0.520759649186922	37	TRUE	0.373626373626374	2000	2000	687	0.343828085957022	0.343828085957022	1	FALSE
3970	ENSG00000136854_STXBP1	chr9:127691033:G>A	chr9:127613265-127613751:+	1	62	0	0	trans	0.520759649186922	486	TRUE	1	2000	2000	2000	1	1	1	FALSE
3971	ENSG00000136854_STXBP1	chr9:127691033:G>A	chr9:127639427-127639617:+	1	62	-0.01	0	trans	0.798401697340274	190	TRUE	1	2000	2000	2000	1	1	1	FALSE
3972	ENSG00000136854_STXBP1	chr9:127691033:G>A	chr9:127642342-127642468:+	1	62	0	0	trans	0.520759649186922	126	TRUE	1	2000	2000	2000	1	1	1	FALSE
3973	ENSG00000136854_STXBP1	chr9:127691033:G>A	chr9:127642468-127642563:+	1	62	-0.011	-0.032	trans	0.819723651749708	95	TRUE	0.682317682317682	2000	2000	1383	0.691654172913543	0.691654172913543	1	FALSE
3974	ENSG00000136854_STXBP1	chr9:127691033:G>A	chr9:127651602-127651604:+	1	62	0	0	trans	0.520759649186922	2	FALSE	1	2000	2000	2000	1	1	1	FALSE
3975	ENSG00000136854_STXBP1	chr9:127691033:G>A	chr9:127653796-127653890:+	1	62	0	0	trans	0.520759649186922	94	TRUE	1	2000	2000	2000	1	1	1	FALSE
3976	ENSG00000136854_STXBP1	chr9:127691033:G>A	chr9:127653890-127654197:+	1	62	-0.019	0	trans	0.938390870424203	307	TRUE	1	2000	2000	2000	1	1	1	FALSE
3977	ENSG00000136854_STXBP1	chr9:127691033:G>A	chr9:127654197-127654941:+	1	62	-0.019	0	trans	0.938390870424203	744	TRUE	1	2000	2000	2000	1	1	1	FALSE
3978	ENSG00000136854_STXBP1	chr9:127691033:G>A	chr9:127654941-127654964:+	1	62	-0.011	-0.032	trans	0.819723651749708	23	TRUE	0.692307692307692	2000	2000	1380	0.690154922538731	0.690154922538731	1	FALSE
3979	ENSG00000136854_STXBP1	chr9:127691033:G>A	chr9:127659270-127660029:+	1	62	0	0	trans	0.520759649186922	759	TRUE	1	2000	2000	2000	1	1	1	FALSE
3980	ENSG00000136854_STXBP1	chr9:127691033:G>A	chr9:127661458-127661723:+	1	66	-0.014	0	trans	0.899391228958426	265	TRUE	1	2000	2000	2000	1	1	1	FALSE
3981	ENSG00000136854_STXBP1	chr9:127691033:G>A	chr9:127663353-127663722:+	1	66	0	0	trans	0.507790515635534	369	TRUE	1	2000	2000	2000	1	1	1	FALSE
3982	ENSG00000136854_STXBP1	chr9:127691033:G>A	chr9:127673347-127673427:+	1	66	-0.012	0	trans	0.863962363569401	80	TRUE	1	2000	2000	2000	1	1	1	FALSE
3983	ENSG00000136854_STXBP1	chr9:127691033:G>A	chr9:127675887-127675942:+	1	66	0.004	-0.091	trans	0.366905760610418	55	TRUE	0.242757242757243	2000	2000	470	0.235382308845577	0.235382308845577	1	FALSE
3984	ENSG00000136854_STXBP1	chr9:127691033:G>A	chr9:127679784-127679837:+	1	73	0.068	0.154	cis	3.45279360658424e-14	53	TRUE	0.022977022977023	2000	2000	43	0.0219890054972514	0.0219890054972514	0.807334650431794	TRUE
3985	ENSG00000136854_STXBP1	chr9:127691033:G>A	chr9:127683917-127683970:+	1	73	0	0	trans	0.479853940213142	53	TRUE	1	2000	2000	2000	1	1	1	FALSE
3986	ENSG00000136854_STXBP1	chr9:127691033:G>A	chr9:127684367-127684493:+	1	73	-0.007	-0.031	trans	0.762773776524163	126	TRUE	1	2000	2000	2000	1	1	1	FALSE
3987	ENSG00000136854_STXBP1	chr9:127691033:G>A	chr9:127684493-127684513:+	1	73	0.002	-0.029	trans	0.393844558194466	20	TRUE	0.340659340659341	2000	2000	667	0.333833083458271	0.333833083458271	1	FALSE
3988	ENSG00000136854_STXBP1	chr9:127691033:G>A	chr9:127684513-127684680:+	1	73	0.002	-0.029	trans	0.393844558194466	167	TRUE	0.340659340659341	2000	2000	667	0.333833083458271	0.333833083458271	1	FALSE
3989	ENSG00000136854_STXBP1	chr9:127691033:G>A	chr9:127686457-127686537:+	1	72	0.04	-0.091	amb	1.43466696307382e-05	80	TRUE	0.046953046953047	2000	2000	88	0.0444777611194403	0.0444777611194403	0.968781234382809	FALSE
3990	ENSG00000136854_STXBP1	chr9:127691033:G>A	chr9:127690133-127690774:+	2	111	0.026	-0.145	amb	5.25656977790057e-06	641	TRUE	0.054945054945055	2000	2000	103	0.0519740129935032	0.0519740129935032	1	FALSE
3991	ENSG00000136854_STXBP1	chr9:127691033:G>A	chr9:127690774-127690886:+	2	112	0	0	trans	0.47615073900482	112	TRUE	1	2000	2000	2000	1	1	1	FALSE
3992	ENSG00000136854_STXBP1	chr9:127691033:G>A	chr9:127690886-127691061:+	2	110	0	0	trans	0.49057730969848	175	TRUE	1	2000	2000	2000	1	1	1	FALSE
3993	ENSG00000136854_STXBP1	chr9:127691033:G>A	chr9:127691061-127692382:+	2	104	0	0	trans	0.526739743765588	1321	TRUE	1	2000	2000	2000	1	1	1	FALSE
3994	ENSG00000136854_STXBP1	chr9:127691033:G>A	chr9:127692382-127692654:+	2	94	0	0	trans	0.439631932285067	272	TRUE	1	2000	2000	2000	1	1	1	FALSE
3995	ENSG00000136854_STXBP1	chr9:127691033:G>A	chr9:127692654-127692680:+	2	87	0	0	trans	0.486618212512164	26	TRUE	1	2000	2000	2000	1	1	1	FALSE
3996	ENSG00000136854_STXBP1	chr9:127691033:G>A	chr9:127692680-127692699:+	2	80	0	0	trans	0.524528926742936	19	TRUE	1	2000	2000	2000	1	1	1	FALSE
3997	ENSG00000136854_STXBP1	chr9:127691033:G>A	chr9:127692699-127692715:+	1	32	0	0	trans	0.488432823061255	16	TRUE	1	2000	1992	1992	1	1	1	FALSE
3998	ENSG00000136854_STXBP1	chr9:127691033:G>A	chr9:127692715-127692735:+	1	30	0	0	trans	0.49403254274629	20	TRUE	1	2000	1968	1968	1	1	1	FALSE
3999	ENSG00000136854_STXBP1	chr9:127691033:G>A	chr9:127612264-127612276:+	0	0					12	FALSE		2000	0					FALSE
4000	ENSG00000106992_AK1	chr9:127867953:G>T	chr9:127868475-127868512:-	3	676	0.001	-0.029	trans	0.152253908439356	37	TRUE	0.262737262737263	2000	2000	510	0.255372313843079	0.255372313843079	1	FALSE
4001	ENSG00000106992_AK1	chr9:127867953:G>T	chr9:127872689-127872713:-	3	676	-0.001	-0.004	trans	0.824919518138402	24	TRUE	0.978021978021978	2000	2000	1963	0.981509245377311	0.981509245377311	1	FALSE
4002	ENSG00000106992_AK1	chr9:127867953:G>T	chr9:127872713-127872853:-	3	666	-0.001	-0.004	trans	0.838345301257288	140	TRUE	1	2000	2000	2000	1	1	1	FALSE
4003	ENSG00000106992_AK1	chr9:127867953:G>T	chr9:127873061-127873180:-	3	657	0	0	trans	0.474526457717825	119	TRUE	1	2000	2000	2000	1	1	1	FALSE
4004	ENSG00000106992_AK1	chr9:127867953:G>T	chr9:127873393-127873544:-	3	657	0	0	trans	0.474526457717825	151	TRUE	1	2000	2000	2000	1	1	1	FALSE
4005	ENSG00000106992_AK1	chr9:127867953:G>T	chr9:127874876-127875007:-	3	658	0.001	0.005	trans	0.138143799133734	131	TRUE	0.524475524475525	2000	2000	1038	0.519240379810095	0.519240379810095	1	FALSE
4006	ENSG00000106976_DNM1	chr9:128219386:G>C	chr9:128203326-128203378:+	0	0					52	FALSE		2000	0					FALSE
4007	ENSG00000106976_DNM1	chr9:128219386:G>C	chr9:128203378-128203387:+	0	0					9	FALSE		2000	0					FALSE
4008	ENSG00000106976_DNM1	chr9:128219386:G>C	chr9:128203387-128203396:+	0	0					9	FALSE		2000	0					FALSE
4009	ENSG00000106976_DNM1	chr9:128219386:G>C	chr9:128203396-128203405:+	0	0					9	FALSE		2000	0					FALSE
4010	ENSG00000106976_DNM1	chr9:128219386:G>C	chr9:128203405-128203414:+	0	0					9	FALSE		2000	0					FALSE
4011	ENSG00000106976_DNM1	chr9:128219386:G>C	chr9:128203414-128203416:+	0	0					2	FALSE		2000	0					FALSE
4012	ENSG00000106976_DNM1	chr9:128219386:G>C	chr9:128203416-128203470:+	0	0					54	FALSE		2000	0					FALSE
4013	ENSG00000106976_DNM1	chr9:128219386:G>C	chr9:128203470-128203631:+	0	0					161	FALSE		2000	0					FALSE
4014	ENSG00000106976_DNM1	chr9:128219386:G>C	chr9:128204821-128204880:+	0	0					59	FALSE		2000	0					FALSE
4015	ENSG00000106976_DNM1	chr9:128219386:G>C	chr9:128218731-128218857:+	0	0					126	FALSE		2000	0					FALSE
4016	ENSG00000106976_DNM1	chr9:128219386:G>C	chr9:128218857-128218946:+	0	0					89	FALSE		2000	0					FALSE
4017	ENSG00000106976_DNM1	chr9:128219386:G>C	chr9:128218946-128219048:+	0	0					102	FALSE		2000	0					FALSE
4018	ENSG00000106976_DNM1	chr9:128219386:G>C	chr9:128219252-128219829:+	0	0					577	FALSE		2000	0					FALSE
4019	ENSG00000106976_DNM1	chr9:128218657:G>A	chr9:128203326-128203378:+	1	39	0	0	trans	0.519357429037164	52	TRUE	1	2000	2000	2000	1	1	1	FALSE
4020	ENSG00000106976_DNM1	chr9:128218657:G>A	chr9:128203378-128203387:+	2	94	0	0	trans	0.439631932285067	9	FALSE	1	2000	2000	2000	1	1	1	FALSE
4021	ENSG00000106976_DNM1	chr9:128218657:G>A	chr9:128203387-128203396:+	2	101	0	0	trans	0.507686765433804	9	FALSE	1	2000	2000	2000	1	1	1	FALSE
4022	ENSG00000106976_DNM1	chr9:128218657:G>A	chr9:128203396-128203405:+	2	105	0	0	trans	0.499916235813466	9	FALSE	1	2000	2000	2000	1	1	1	FALSE
4023	ENSG00000106976_DNM1	chr9:128218657:G>A	chr9:128203405-128203414:+	2	108	0	0	trans	0.496798258867962	9	FALSE	1	2000	2000	2000	1	1	1	FALSE
4024	ENSG00000106976_DNM1	chr9:128218657:G>A	chr9:128203414-128203416:+	2	108	0	0	trans	0.496798258867962	2	FALSE	1	2000	2000	2000	1	1	1	FALSE
4025	ENSG00000106976_DNM1	chr9:128218657:G>A	chr9:128203416-128203470:+	2	114	0	0	trans	0.494559239635951	54	TRUE	1	2000	2000	2000	1	1	1	FALSE
4026	ENSG00000106976_DNM1	chr9:128218657:G>A	chr9:128203470-128203631:+	2	116	0	0	trans	0.522152208973933	161	TRUE	1	2000	2000	2000	1	1	1	FALSE
4027	ENSG00000106976_DNM1	chr9:128218657:G>A	chr9:128204821-128204880:+	2	116	0	0	trans	0.522152208973933	59	TRUE	1	2000	2000	2000	1	1	1	FALSE
4028	ENSG00000106976_DNM1	chr9:128218657:G>A	chr9:128218731-128218857:+	2	116	-0.005	-0.03	trans	0.800841716732592	126	TRUE	0.87012987012987	2000	2000	1726	0.863068465767116	0.863068465767116	1	FALSE
4029	ENSG00000106976_DNM1	chr9:128218657:G>A	chr9:128218857-128218946:+	2	116	-0.005	-0.03	trans	0.800841716732592	89	TRUE	0.87012987012987	2000	2000	1726	0.863068465767116	0.863068465767116	1	FALSE
4030	ENSG00000106976_DNM1	chr9:128218657:G>A	chr9:128218946-128219048:+	2	116	-0.005	-0.03	trans	0.800841716732592	102	TRUE	0.87012987012987	2000	2000	1726	0.863068465767116	0.863068465767116	1	FALSE
4031	ENSG00000106976_DNM1	chr9:128218657:G>A	chr9:128219252-128219829:+	2	117	-0.003	0.053	trans	0.700461849905125	577	TRUE	0.572427572427572	2000	2000	1126	0.563218390804598	0.563218390804598	1	FALSE
4032	ENSG00000106976_DNM1	chr9:128218657:G>A	chr9:128221109-128221216:+	2	88	-0.014	0.005	trans	0.925942027743942	107	TRUE	1	2000	2000	2000	1	1	1	FALSE
4033	ENSG00000106976_DNM1	chr9:128218657:G>A	chr9:128222860-128223954:+	2	90	-0.001	0.085	trans	0.54211062407187	1094	TRUE	0.372627372627373	2000	2000	710	0.355322338830585	0.355322338830585	1	FALSE
4034	ENSG00000106976_DNM1	chr9:128218657:G>A	chr9:128223954-128224075:+	2	88	-0.002	0.083	trans	0.593528011072924	121	TRUE	0.421578421578422	2000	2000	811	0.405797101449275	0.405797101449275	1	FALSE
4035	ENSG00000106976_DNM1	chr9:128218657:G>A	chr9:128224250-128224389:+	1	38	0.014	-0.22	trans	0.209249695549872	139	TRUE	0.161838161838162	2000	2000	308	0.154422788605697	0.154422788605697	1	FALSE
4036	ENSG00000106976_DNM1	chr9:128218657:G>A	chr9:128226034-128226086:+	1	38	0.03	0.262	trans	0.0485111901083674	52	TRUE	0.0919080919080919	2000	2000	165	0.0829585207396302	0.0829585207396302	1	FALSE
4037	ENSG00000106976_DNM1	chr9:128218657:G>A	chr9:128226086-128226137:+	1	38	0.03	0.262	trans	0.0485111901083674	51	TRUE	0.0919080919080919	2000	2000	165	0.0829585207396302	0.0829585207396302	1	FALSE
4038	ENSG00000106976_DNM1	chr9:128218657:G>A	chr9:128226137-128226173:+	1	38	0.03	0.262	trans	0.0485111901083674	36	TRUE	0.0919080919080919	2000	2000	165	0.0829585207396302	0.0829585207396302	1	FALSE
4039	ENSG00000106976_DNM1	chr9:128218657:G>A	chr9:128231985-128232124:+	1	38	0	0	trans	0.474128569867542	139	TRUE	1	2000	2000	2000	1	1	1	FALSE
4040	ENSG00000106976_DNM1	chr9:128218657:G>A	chr9:128232570-128232634:+	1	38	0	0	trans	0.474128569867542	64	TRUE	1	2000	2000	2000	1	1	1	FALSE
4041	ENSG00000106976_DNM1	chr9:128218657:G>A	chr9:128232635-128232731:+	1	38	0	0	trans	0.474128569867542	96	TRUE	1	2000	2000	2000	1	1	1	FALSE
4042	ENSG00000106976_DNM1	chr9:128218657:G>A	chr9:128233195-128233563:+	1	38	0	0	trans	0.474128569867542	368	TRUE	1	2000	2000	2000	1	1	1	FALSE
4043	ENSG00000106976_DNM1	chr9:128218657:G>A	chr9:128233563-128234020:+	1	38	0	0	trans	0.474128569867542	457	TRUE	1	2000	2000	2000	1	1	1	FALSE
4044	ENSG00000106976_DNM1	chr9:128218657:G>A	chr9:128234815-128234935:+	1	38	-0.01	-0.042	trans	0.679616667658566	120	TRUE	0.988011988011988	2000	2000	1967	0.983508245877061	0.983508245877061	1	FALSE
4045	ENSG00000106976_DNM1	chr9:128218657:G>A	chr9:128239984-128239996:+	1	38	-0.01	0.042	trans	0.679616667658566	12	TRUE	0.99000999000999	2000	2000	1976	0.988005997001499	0.988005997001499	1	FALSE
4046	ENSG00000106976_DNM1	chr9:128218657:G>A	chr9:128240426-128240483:+	1	38	0	0	trans	0.474128569867542	57	TRUE	1	2000	2000	2000	1	1	1	FALSE
4047	ENSG00000106976_DNM1	chr9:128218657:G>A	chr9:128240483-128240485:+	1	38	0	0	trans	0.474128569867542	2	FALSE	1	2000	2000	2000	1	1	1	FALSE
4048	ENSG00000106976_DNM1	chr9:128218657:G>A	chr9:128240485-128240511:+	1	38	0	0	trans	0.474128569867542	26	TRUE	1	2000	2000	2000	1	1	1	FALSE
4049	ENSG00000106976_DNM1	chr9:128218657:G>A	chr9:128240511-128240532:+	1	38	0	0	trans	0.474128569867542	21	TRUE	1	2000	2000	2000	1	1	1	FALSE
4050	ENSG00000106976_DNM1	chr9:128218657:G>A	chr9:128240636-128240687:+	1	38	0	0	trans	0.474128569867542	51	TRUE	1	2000	2000	2000	1	1	1	FALSE
4051	ENSG00000106976_DNM1	chr9:128218657:G>A	chr9:128240747-128240986:+	1	38	0	0	trans	0.474128569867542	239	TRUE	1	2000	2000	2000	1	1	1	FALSE
4052	ENSG00000106976_DNM1	chr9:128218657:G>A	chr9:128240986-128241047:+	1	38	0	0	trans	0.474128569867542	61	TRUE	1	2000	2000	2000	1	1	1	FALSE
4053	ENSG00000106976_DNM1	chr9:128218657:G>A	chr9:128242345-128242346:+	1	37	0.007	0.183	trans	0.382961708926121	1	FALSE	0.256743256743257	2000	2000	492	0.246376811594203	0.246376811594203	1	FALSE
4054	ENSG00000106976_DNM1	chr9:128218657:G>A	chr9:128246393-128246471:+	0	0					78	FALSE		2000	0					FALSE
4055	ENSG00000106976_DNM1	chr9:128218657:G>A	chr9:128246471-128246503:+	0	0					32	FALSE		2000	0					FALSE
4056	ENSG00000106976_DNM1	chr9:128218657:G>A	chr9:128246936-128247123:+	0	0					187	FALSE		2000	0					FALSE
4057	ENSG00000106976_DNM1	chr9:128218657:G>A	chr9:128247324-128247374:+	0	0					50	FALSE		2000	0					FALSE
4058	ENSG00000106976_DNM1	chr9:128218657:G>A	chr9:128247935-128248582:+	0	0					647	FALSE		2000	0					FALSE
4059	ENSG00000106976_DNM1	chr9:128218657:G>A	chr9:128250330-128250356:+	0	0					26	FALSE		2000	0					FALSE
4060	ENSG00000106976_DNM1	chr9:128218657:G>A	chr9:128250724-128250801:+	0	0					77	FALSE		2000	0					FALSE
4061	ENSG00000106976_DNM1	chr9:128218657:G>A	chr9:128250801-128250806:+	0	0					5	FALSE		2000	0					FALSE
4062	ENSG00000106976_DNM1	chr9:128218657:G>A	chr9:128250806-128250899:+	0	0					93	FALSE		2000	0					FALSE
4063	ENSG00000106976_DNM1	chr9:128218657:G>A	chr9:128250940-128251244:+	0	0					304	FALSE		2000	0					FALSE
4064	ENSG00000106976_DNM1	chr9:128218657:G>A	chr9:128251244-128253100:+	0	0					1856	FALSE		2000	0					FALSE
4065	ENSG00000106976_DNM1	chr9:128218657:G>A	chr9:128253100-128253101:+	0	0					1	FALSE		2000	0					FALSE
4066	ENSG00000106976_DNM1	chr9:128218657:G>A	chr9:128253101-128253126:+	0	0					25	FALSE		2000	0					FALSE
4067	ENSG00000106976_DNM1	chr9:128218657:G>A	chr9:128253126-128253137:+	0	0					11	FALSE		2000	0					FALSE
4068	ENSG00000106976_DNM1	chr9:128218657:G>A	chr9:128253137-128253784:+	0	0					647	FALSE		2000	0					FALSE
4069	ENSG00000106976_DNM1	chr9:128218657:G>A	chr9:128253784-128253834:+	0	0					50	FALSE		2000	0					FALSE
4070	ENSG00000106976_DNM1	chr9:128218657:G>A	chr9:128253834-128253887:+	0	0					53	FALSE		2000	0					FALSE
4071	ENSG00000106976_DNM1	chr9:128218657:G>A	chr9:128253887-128253979:+	0	0					92	FALSE		2000	0					FALSE
4072	ENSG00000106976_DNM1	chr9:128218657:G>A	chr9:128253979-128254005:+	0	0					26	FALSE		2000	0					FALSE
4073	ENSG00000106976_DNM1	chr9:128218657:G>A	chr9:128254005-128254008:+	0	0					3	FALSE		2000	0					FALSE
4074	ENSG00000106976_DNM1	chr9:128218657:G>A	chr9:128254008-128254055:+	0	0					47	FALSE		2000	0					FALSE
4075	ENSG00000106976_DNM1	chr9:128218657:G>A	chr9:128254055-128254162:+	0	0					107	FALSE		2000	0					FALSE
4076	ENSG00000106976_DNM1	chr9:128218657:G>A	chr9:128254162-128254649:+	0	0					487	FALSE		2000	0					FALSE
4077	ENSG00000106976_DNM1	chr9:128218657:G>A	chr9:128254649-128254653:+	0	0					4	FALSE		2000	0					FALSE
4078	ENSG00000167113_COQ4	chr9:128323344:G>T	chr9:128323147-128323282:+	2	95	-0.007	0.019	trans	0.798451929319873	135	TRUE	0.824175824175824	2000	2000	1615	0.80759620189905	0.80759620189905	1	FALSE
4079	ENSG00000167113_COQ4	chr9:128323344:G>T	chr9:128323282-128323584:+	2	95	0	0	trans	0.506090078642636	302	TRUE	1	2000	2000	2000	1	1	1	FALSE
4080	ENSG00000167113_COQ4	chr9:128323344:G>T	chr9:128323584-128323586:+	2	86	0	0	trans	0.514907067880822	2	FALSE	1	2000	2000	2000	1	1	1	FALSE
4081	ENSG00000167118_URM1	chr9:128378312:T>C	chr9:128377994-128378035:+	0	0					41	FALSE		2000	0					FALSE
4082	ENSG00000167118_URM1	chr9:128378312:T>C	chr9:128378106-128378569:+	0	0					463	FALSE		2000	0					FALSE
4083	ENSG00000167118_URM1	chr9:128378312:T>C	chr9:128378569-128378571:+	0	0					2	FALSE		2000	0					FALSE
4084	ENSG00000167118_URM1	chr9:128378397:A>G	chr9:128377994-128378035:+	0	0					41	FALSE		2000	0					FALSE
4085	ENSG00000167118_URM1	chr9:128378397:A>G	chr9:128378106-128378569:+	0	0					463	FALSE		2000	0					FALSE
4086	ENSG00000167118_URM1	chr9:128378397:A>G	chr9:128378569-128378571:+	0	0					2	FALSE		2000	0					FALSE
4087	ENSG00000167123_CERCAM	chr9:128434415:C>T	chr9:128420856-128421074:+	0	0					218	FALSE		2000	0					FALSE
4088	ENSG00000167123_CERCAM	chr9:128434415:C>T	chr9:128421074-128421203:+	0	0					129	FALSE		2000	0					FALSE
4089	ENSG00000167123_CERCAM	chr9:128434415:C>T	chr9:128421203-128421510:+	0	0					307	FALSE		2000	0					FALSE
4090	ENSG00000167123_CERCAM	chr9:128434415:C>T	chr9:128421510-128421511:+	0	0					1	FALSE		2000	0					FALSE
4091	ENSG00000167123_CERCAM	chr9:128434415:C>T	chr9:128421511-128422867:+	0	0					1356	FALSE		2000	0					FALSE
4092	ENSG00000167123_CERCAM	chr9:128434415:C>T	chr9:128422978-128423145:+	0	0					167	FALSE		2000	0					FALSE
4093	ENSG00000167123_CERCAM	chr9:128434415:C>T	chr9:128424035-128424137:+	0	0					102	FALSE		2000	0					FALSE
4094	ENSG00000167123_CERCAM	chr9:128434415:C>T	chr9:128424272-128424273:+	0	0					1	FALSE		2000	0					FALSE
4095	ENSG00000167123_CERCAM	chr9:128434415:C>T	chr9:128427651-128427779:+	0	0					128	FALSE		2000	0					FALSE
4096	ENSG00000167123_CERCAM	chr9:128434415:C>T	chr9:128428421-128428423:+	0	0					2	FALSE		2000	0					FALSE
4097	ENSG00000167123_CERCAM	chr9:128434415:C>T	chr9:128430744-128430944:+	0	0					200	FALSE		2000	0					FALSE
4098	ENSG00000167123_CERCAM	chr9:128434415:C>T	chr9:128431170-128431258:+	0	0					88	FALSE		2000	0					FALSE
4099	ENSG00000167123_CERCAM	chr9:128434415:C>T	chr9:128434101-128434194:+	0	0					93	FALSE		2000	0					FALSE
4100	ENSG00000167123_CERCAM	chr9:128434415:C>T	chr9:128434194-128434229:+	0	0					35	FALSE		2000	0					FALSE
4101	ENSG00000167123_CERCAM	chr9:128434415:C>T	chr9:128434409-128434607:+	0	0					198	FALSE		2000	0					FALSE
4102	ENSG00000167123_CERCAM	chr9:128434415:C>T	chr9:128434607-128434613:+	0	0					6	FALSE		2000	0					FALSE
4103	ENSG00000167123_CERCAM	chr9:128434424:G>A	chr9:128420856-128421074:+	0	0					218	FALSE		2000	0					FALSE
4104	ENSG00000167123_CERCAM	chr9:128434424:G>A	chr9:128421074-128421203:+	0	0					129	FALSE		2000	0					FALSE
4105	ENSG00000167123_CERCAM	chr9:128434424:G>A	chr9:128421203-128421510:+	0	0					307	FALSE		2000	0					FALSE
4106	ENSG00000167123_CERCAM	chr9:128434424:G>A	chr9:128421510-128421511:+	0	0					1	FALSE		2000	0					FALSE
4107	ENSG00000167123_CERCAM	chr9:128434424:G>A	chr9:128421511-128422867:+	0	0					1356	FALSE		2000	0					FALSE
4108	ENSG00000167123_CERCAM	chr9:128434424:G>A	chr9:128422978-128423145:+	0	0					167	FALSE		2000	0					FALSE
4109	ENSG00000167123_CERCAM	chr9:128434424:G>A	chr9:128424035-128424137:+	0	0					102	FALSE		2000	0					FALSE
4110	ENSG00000167123_CERCAM	chr9:128434424:G>A	chr9:128424272-128424273:+	0	0					1	FALSE		2000	0					FALSE
4111	ENSG00000167123_CERCAM	chr9:128434424:G>A	chr9:128427651-128427779:+	0	0					128	FALSE		2000	0					FALSE
4112	ENSG00000167123_CERCAM	chr9:128434424:G>A	chr9:128428421-128428423:+	0	0					2	FALSE		2000	0					FALSE
4113	ENSG00000167123_CERCAM	chr9:128434424:G>A	chr9:128430744-128430944:+	0	0					200	FALSE		2000	0					FALSE
4114	ENSG00000167123_CERCAM	chr9:128434424:G>A	chr9:128431170-128431258:+	0	0					88	FALSE		2000	0					FALSE
4115	ENSG00000167123_CERCAM	chr9:128434424:G>A	chr9:128434101-128434194:+	0	0					93	FALSE		2000	0					FALSE
4116	ENSG00000167123_CERCAM	chr9:128434424:G>A	chr9:128434194-128434229:+	0	0					35	FALSE		2000	0					FALSE
4117	ENSG00000167123_CERCAM	chr9:128434424:G>A	chr9:128434409-128434607:+	0	0					198	FALSE		2000	0					FALSE
4118	ENSG00000167123_CERCAM	chr9:128434424:G>A	chr9:128434607-128434613:+	0	0					6	FALSE		2000	0					FALSE
4119	ENSG00000136811_ODF2	chr9:128460597:G>A	chr9:128456100-128456128:+	0	0					28	FALSE		2000	0					FALSE
4120	ENSG00000136811_ODF2	chr9:128460597:G>A	chr9:128456156-128456157:+	0	0					1	FALSE		2000	0					FALSE
4121	ENSG00000136811_ODF2	chr9:128460597:G>A	chr9:128456157-128456166:+	0	0					9	FALSE		2000	0					FALSE
4122	ENSG00000136811_ODF2	chr9:128460597:G>A	chr9:128456166-128456207:+	0	0					41	FALSE		2000	0					FALSE
4123	ENSG00000136811_ODF2	chr9:128460597:G>A	chr9:128456207-128456255:+	0	0					48	FALSE		2000	0					FALSE
4124	ENSG00000136811_ODF2	chr9:128460597:G>A	chr9:128456421-128456423:+	0	0					2	FALSE		2000	0					FALSE
4125	ENSG00000136811_ODF2	chr9:128460597:G>A	chr9:128456423-128456432:+	0	0					9	FALSE		2000	0					FALSE
4126	ENSG00000136811_ODF2	chr9:128460597:G>A	chr9:128456432-128456449:+	0	0					17	FALSE		2000	0					FALSE
4127	ENSG00000136811_ODF2	chr9:128460597:G>A	chr9:128456449-128456465:+	0	0					16	FALSE		2000	0					FALSE
4128	ENSG00000136811_ODF2	chr9:128460597:G>A	chr9:128456465-128456576:+	0	0					111	FALSE		2000	0					FALSE
4129	ENSG00000136811_ODF2	chr9:128460597:G>A	chr9:128456935-128456984:+	0	0					49	FALSE		2000	0					FALSE
4130	ENSG00000136811_ODF2	chr9:128460597:G>A	chr9:128456984-128457063:+	0	0					79	FALSE		2000	0					FALSE
4131	ENSG00000136811_ODF2	chr9:128460597:G>A	chr9:128457197-128457437:+	0	0					240	FALSE		2000	0					FALSE
4132	ENSG00000136811_ODF2	chr9:128460597:G>A	chr9:128459657-128459938:+	0	0					281	FALSE		2000	0					FALSE
4133	ENSG00000136811_ODF2	chr9:128460597:G>A	chr9:128459938-128459940:+	0	0					2	FALSE		2000	0					FALSE
4134	ENSG00000136811_ODF2	chr9:128460597:G>A	chr9:128460157-128460299:+	0	0					142	FALSE		2000	0					FALSE
4135	ENSG00000136811_ODF2	chr9:128460597:G>A	chr9:128460512-128460549:+	0	0					37	FALSE		2000	0					FALSE
4136	ENSG00000136811_ODF2	chr9:128460597:G>A	chr9:128460549-128460666:+	0	0					117	FALSE		2000	0					FALSE
4137	ENSG00000136811_ODF2	chr9:128460597:G>A	chr9:128461010-128461067:+	0	0					57	FALSE		2000	0					FALSE
4138	ENSG00000136811_ODF2	chr9:128460597:G>A	chr9:128461067-128461373:+	0	0					306	FALSE		2000	0					FALSE
4139	ENSG00000136811_ODF2	chr9:128460597:G>A	chr9:128469182-128469234:+	0	0					52	FALSE		2000	0					FALSE
4140	ENSG00000136811_ODF2	chr9:128460597:G>A	chr9:128469234-128469353:+	0	0					119	FALSE		2000	0					FALSE
4141	ENSG00000136811_ODF2	chr9:128460597:G>A	chr9:128469353-128469470:+	0	0					117	FALSE		2000	0					FALSE
4142	ENSG00000197694_SPTAN1	chr9:128598470:C>T	chr9:128552745-128552805:+	1	46	0	0	trans	0.525693531431831	60	TRUE	1	2000	2000	2000	1	1	1	FALSE
4143	ENSG00000197694_SPTAN1	chr9:128598470:C>T	chr9:128552835-128552968:+	1	60	-0.004	0.082	trans	0.625435075657761	133	TRUE	0.488511488511489	2000	2000	980	0.490254872563718	0.490254872563718	1	FALSE
4144	ENSG00000197694_SPTAN1	chr9:128598470:C>T	chr9:128552968-128553031:+	1	60	-0.004	0.082	trans	0.625435075657761	63	TRUE	0.488511488511489	2000	2000	980	0.490254872563718	0.490254872563718	1	FALSE
4145	ENSG00000197694_SPTAN1	chr9:128598470:C>T	chr9:128553031-128553080:+	1	60	-0.004	0.082	trans	0.625435075657761	49	TRUE	0.488511488511489	2000	2000	980	0.490254872563718	0.490254872563718	1	FALSE
4146	ENSG00000197694_SPTAN1	chr9:128598470:C>T	chr9:128553080-128553138:+	1	60	-0.004	0.082	trans	0.625435075657761	58	TRUE	0.488511488511489	2000	2000	980	0.490254872563718	0.490254872563718	1	FALSE
4147	ENSG00000197694_SPTAN1	chr9:128598470:C>T	chr9:128553138-128553146:+	1	70	-0.004	0.077	trans	0.641950043338494	8	FALSE	0.576423576423577	2000	2000	1127	0.563718140929535	0.563718140929535	1	FALSE
4148	ENSG00000197694_SPTAN1	chr9:128598470:C>T	chr9:128553146-128553311:+	1	75	0.001	0.123	trans	0.441126781962867	165	TRUE	0.305694305694306	2000	2000	600	0.300349825087456	0.300349825087456	1	FALSE
4149	ENSG00000197694_SPTAN1	chr9:128598470:C>T	chr9:128553311-128553321:+	1	75	0	0	trans	0.482183442785755	10	TRUE	1	2000	2000	2000	1	1	1	FALSE
4150	ENSG00000197694_SPTAN1	chr9:128598470:C>T	chr9:128553321-128553331:+	1	75	0	0	trans	0.482183442785755	10	TRUE	1	2000	2000	2000	1	1	1	FALSE
4151	ENSG00000197694_SPTAN1	chr9:128598470:C>T	chr9:128553331-128553337:+	1	75	0	0	trans	0.482183442785755	6	FALSE	1	2000	2000	2000	1	1	1	FALSE
4152	ENSG00000197694_SPTAN1	chr9:128598470:C>T	chr9:128553337-128553362:+	1	75	0	0	trans	0.482183442785755	25	TRUE	1	2000	2000	2000	1	1	1	FALSE
4153	ENSG00000197694_SPTAN1	chr9:128598470:C>T	chr9:128553362-128553382:+	1	75	0	0	trans	0.482183442785755	20	TRUE	1	2000	2000	2000	1	1	1	FALSE
4154	ENSG00000197694_SPTAN1	chr9:128598470:C>T	chr9:128555348-128555399:+	1	75	-0.007	-0.034	trans	0.751556665853479	51	TRUE	0.987012987012987	2000	2000	1980	0.990004997501249	0.990004997501249	1	FALSE
4155	ENSG00000197694_SPTAN1	chr9:128598470:C>T	chr9:128555399-128556311:+	1	75	0	0	trans	0.482183442785755	912	TRUE	1	2000	2000	2000	1	1	1	FALSE
4156	ENSG00000197694_SPTAN1	chr9:128598470:C>T	chr9:128568771-128568897:+	1	75	0.008	-0.078	trans	0.191554038025278	126	TRUE	0.213786213786214	2000	2000	444	0.222388805597201	0.222388805597201	1	FALSE
4157	ENSG00000197694_SPTAN1	chr9:128598470:C>T	chr9:128572755-128572824:+	1	75	0	0	trans	0.482183442785755	69	TRUE	1	2000	2000	2000	1	1	1	FALSE
4158	ENSG00000197694_SPTAN1	chr9:128598470:C>T	chr9:128581892-128581946:+	1	78	0	0	trans	0.489484244938181	54	TRUE	1	2000	2000	2000	1	1	1	FALSE
4159	ENSG00000197694_SPTAN1	chr9:128598470:C>T	chr9:128584720-128584843:+	1	80	0	0	trans	0.524528926742936	123	TRUE	1	2000	2000	2000	1	1	1	FALSE
4160	ENSG00000197694_SPTAN1	chr9:128598470:C>T	chr9:128592982-128592983:+	1	80	-0.003	0.068	trans	0.643951768224945	1	FALSE	0.503496503496504	2000	2000	974	0.487256371814093	0.487256371814093	1	FALSE
4161	ENSG00000197694_SPTAN1	chr9:128598470:C>T	chr9:128592983-128593042:+	1	105	-0.003	0.051	trans	0.645940735521732	59	TRUE	0.544455544455544	2000	2000	1042	0.521239380309845	0.521239380309845	1	FALSE
4162	ENSG00000197694_SPTAN1	chr9:128598470:C>T	chr9:128593042-128593278:+	1	105	-0.005	-0.004	trans	0.733723498828543	236	TRUE	1	2000	2000	2000	1	1	1	FALSE
4163	ENSG00000197694_SPTAN1	chr9:128598470:C>T	chr9:128593278-128594121:+	1	105	-0.005	-0.004	trans	0.733723498828543	843	TRUE	1	2000	2000	2000	1	1	1	FALSE
4164	ENSG00000197694_SPTAN1	chr9:128598470:C>T	chr9:128594121-128594174:+	1	105	-0.005	-0.004	trans	0.733723498828543	53	TRUE	1	2000	2000	2000	1	1	1	FALSE
4165	ENSG00000197694_SPTAN1	chr9:128598470:C>T	chr9:128598504-128598726:+	1	105	0	0	trans	0.499916235813466	222	TRUE	1	2000	2000	2000	1	1	1	FALSE
4166	ENSG00000197694_SPTAN1	chr9:128598470:C>T	chr9:128598986-128599495:+	1	105	-0.005	0.029	trans	0.733723498828543	509	TRUE	1	2000	2000	2000	1	1	1	FALSE
4167	ENSG00000197694_SPTAN1	chr9:128598470:C>T	chr9:128599495-128599704:+	1	104	-0.004	0.044	trans	0.721107889121588	209	TRUE	0.687312687312687	2000	2000	1362	0.681159420289855	0.681159420289855	1	FALSE
4168	ENSG00000197694_SPTAN1	chr9:128598470:C>T	chr9:128599704-128599963:+	1	79	0.005	0.068	trans	0.270533827039722	259	TRUE	0.288711288711289	2000	2000	606	0.303348325837081	0.303348325837081	1	FALSE
4169	ENSG00000197694_SPTAN1	chr9:128598470:C>T	chr9:128599963-128600079:+	1	79	0.005	0.068	trans	0.270533827039722	116	TRUE	0.288711288711289	2000	2000	606	0.303348325837081	0.303348325837081	1	FALSE
4170	ENSG00000197694_SPTAN1	chr9:128598470:C>T	chr9:128601344-128601400:+	1	79	0	0	trans	0.477590559201542	56	TRUE	1	2000	2000	2000	1	1	1	FALSE
4171	ENSG00000197694_SPTAN1	chr9:128598470:C>T	chr9:128608049-128608129:+	1	79	0	0	trans	0.477590559201542	80	TRUE	1	2000	2000	2000	1	1	1	FALSE
4172	ENSG00000197694_SPTAN1	chr9:128598470:C>T	chr9:128609284-128609561:+	1	74	0	0	trans	0.497550962535023	277	TRUE	1	2000	2000	2000	1	1	1	FALSE
4173	ENSG00000197694_SPTAN1	chr9:128598470:C>T	chr9:128609591-128609645:+	1	74	0	0	trans	0.497550962535023	54	TRUE	1	2000	2000	2000	1	1	1	FALSE
4174	ENSG00000197694_SPTAN1	chr9:128598470:C>T	chr9:128609650-128609665:+	1	74	-0.007	-0.012	trans	0.771008035776473	15	TRUE	0.935064935064935	2000	2000	1869	0.934532733633183	0.934532733633183	1	FALSE
4175	ENSG00000197694_SPTAN1	chr9:128598470:C>T	chr9:128611601-128611712:+	1	74	0	0	trans	0.497550962535023	111	TRUE	1	2000	2000	2000	1	1	1	FALSE
4176	ENSG00000197694_SPTAN1	chr9:128598470:C>T	chr9:128611712-128611713:+	1	74	0	0	trans	0.497550962535023	1	FALSE	1	2000	2000	2000	1	1	1	FALSE
4177	ENSG00000197694_SPTAN1	chr9:128598470:C>T	chr9:128611893-128612108:+	1	74	0	0	trans	0.497550962535023	215	TRUE	1	2000	2000	2000	1	1	1	FALSE
4178	ENSG00000197694_SPTAN1	chr9:128598470:C>T	chr9:128621666-128621998:+	1	74	0	0	trans	0.497550962535023	332	TRUE	1	2000	2000	2000	1	1	1	FALSE
4179	ENSG00000197694_SPTAN1	chr9:128598470:C>T	chr9:128621998-128622102:+	1	74	0	0	trans	0.497550962535023	104	TRUE	1	2000	2000	2000	1	1	1	FALSE
4180	ENSG00000197694_SPTAN1	chr9:128598470:C>T	chr9:128624487-128624824:+	1	74	0	0	trans	0.497550962535023	337	TRUE	1	2000	2000	2000	1	1	1	FALSE
4181	ENSG00000197694_SPTAN1	chr9:128598470:C>T	chr9:128624824-128624865:+	1	74	0	0	trans	0.497550962535023	41	TRUE	1	2000	2000	2000	1	1	1	FALSE
4182	ENSG00000197694_SPTAN1	chr9:128598470:C>T	chr9:128624865-128624891:+	1	74	0	0	trans	0.497550962535023	26	TRUE	1	2000	2000	2000	1	1	1	FALSE
4183	ENSG00000197694_SPTAN1	chr9:128598470:C>T	chr9:128624891-128625102:+	1	74	0	0	trans	0.497550962535023	211	TRUE	1	2000	2000	2000	1	1	1	FALSE
4184	ENSG00000197694_SPTAN1	chr9:128598470:C>T	chr9:128626306-128626390:+	1	74	0	0	trans	0.497550962535023	84	TRUE	1	2000	2000	2000	1	1	1	FALSE
4185	ENSG00000197694_SPTAN1	chr9:128598470:C>T	chr9:128626999-128627003:+	1	74	0	0	trans	0.497550962535023	4	FALSE	1	2000	2000	2000	1	1	1	FALSE
4186	ENSG00000197694_SPTAN1	chr9:128598470:C>T	chr9:128627003-128627090:+	1	74	-0.016	-0.001	trans	0.955835881593896	87	TRUE	1	2000	2000	2000	1	1	1	FALSE
4187	ENSG00000197694_SPTAN1	chr9:128598470:C>T	chr9:128627090-128627175:+	1	74	0	0	trans	0.497550962535023	85	TRUE	1	2000	2000	2000	1	1	1	FALSE
4188	ENSG00000197694_SPTAN1	chr9:128598470:C>T	chr9:128627498-128627924:+	1	74	0	0	trans	0.497550962535023	426	TRUE	1	2000	2000	2000	1	1	1	FALSE
4189	ENSG00000197694_SPTAN1	chr9:128598470:C>T	chr9:128627924-128627942:+	1	74	0.016	-0.053	trans	0.043029735031244	18	TRUE	0.325674325674326	2000	2000	640	0.320339830084958	0.320339830084958	1	FALSE
4190	ENSG00000197694_SPTAN1	chr9:128598470:C>T	chr9:128627942-128628025:+	1	74	0	0	trans	0.497550962535023	83	TRUE	1	2000	2000	2000	1	1	1	FALSE
4191	ENSG00000197694_SPTAN1	chr9:128598470:C>T	chr9:128628025-128629043:+	1	74	0	0	trans	0.497550962535023	1018	TRUE	1	2000	2000	2000	1	1	1	FALSE
4192	ENSG00000197694_SPTAN1	chr9:128598470:C>T	chr9:128629124-128629187:+	1	74	0.012	0.127	trans	0.0987068250027678	63	TRUE	0.157842157842158	2000	2000	302	0.151424287856072	0.151424287856072	1	FALSE
4193	ENSG00000197694_SPTAN1	chr9:128598470:C>T	chr9:128629659-128630320:+	1	74	0	0	trans	0.497550962535023	661	TRUE	1	2000	2000	2000	1	1	1	FALSE
4194	ENSG00000197694_SPTAN1	chr9:128598470:C>T	chr9:128630418-128630574:+	1	74	0	0	trans	0.497550962535023	156	TRUE	1	2000	2000	2000	1	1	1	FALSE
4195	ENSG00000197694_SPTAN1	chr9:128598470:C>T	chr9:128631607-128631796:+	1	74	0	0	trans	0.497550962535023	189	TRUE	1	2000	2000	2000	1	1	1	FALSE
4196	ENSG00000197694_SPTAN1	chr9:128598470:C>T	chr9:128631796-128632019:+	1	74	0	0	trans	0.497550962535023	223	TRUE	1	2000	2000	2000	1	1	1	FALSE
4197	ENSG00000197694_SPTAN1	chr9:128598470:C>T	chr9:128632019-128632042:+	1	74	0	0	trans	0.497550962535023	23	TRUE	1	2000	2000	2000	1	1	1	FALSE
4198	ENSG00000197694_SPTAN1	chr9:128598470:C>T	chr9:128632042-128632126:+	1	74	0	0	trans	0.497550962535023	84	TRUE	1	2000	2000	2000	1	1	1	FALSE
4199	ENSG00000197694_SPTAN1	chr9:128598470:C>T	chr9:128632718-128632807:+	1	74	0	0	trans	0.497550962535023	89	TRUE	1	2000	2000	2000	1	1	1	FALSE
4200	ENSG00000197694_SPTAN1	chr9:128598470:C>T	chr9:128632955-128633190:+	1	74	0	0	trans	0.497550962535023	235	TRUE	1	2000	2000	2000	1	1	1	FALSE
4201	ENSG00000197694_SPTAN1	chr9:128617687:C>T	chr9:128552745-128552805:+	1	53	0	0	trans	0.513070834746567	60	TRUE	1	2000	2000	2000	1	1	1	FALSE
4202	ENSG00000197694_SPTAN1	chr9:128617687:C>T	chr9:128552835-128552968:+	1	59	-0.012	-0.024	trans	0.821219712615406	133	TRUE	0.816183816183816	2000	2000	1633	0.816591704147926	0.816591704147926	1	FALSE
4203	ENSG00000197694_SPTAN1	chr9:128617687:C>T	chr9:128552968-128553031:+	1	59	-0.012	-0.024	trans	0.821219712615406	63	TRUE	0.816183816183816	2000	2000	1633	0.816591704147926	0.816591704147926	1	FALSE
4204	ENSG00000197694_SPTAN1	chr9:128617687:C>T	chr9:128553031-128553080:+	1	59	-0.012	-0.024	trans	0.821219712615406	49	TRUE	0.816183816183816	2000	2000	1633	0.816591704147926	0.816591704147926	1	FALSE
4205	ENSG00000197694_SPTAN1	chr9:128617687:C>T	chr9:128553080-128553138:+	1	59	-0.012	-0.024	trans	0.821219712615406	58	TRUE	0.816183816183816	2000	2000	1633	0.816591704147926	0.816591704147926	1	FALSE
4206	ENSG00000197694_SPTAN1	chr9:128617687:C>T	chr9:128553138-128553146:+	1	64	-0.008	0.041	trans	0.742892063658966	8	FALSE	0.66033966033966	2000	2000	1345	0.672663668165917	0.672663668165917	1	FALSE
4207	ENSG00000197694_SPTAN1	chr9:128617687:C>T	chr9:128553146-128553311:+	1	64	-0.008	0.041	trans	0.742892063658966	165	TRUE	0.66033966033966	2000	2000	1345	0.672663668165917	0.672663668165917	1	FALSE
4208	ENSG00000197694_SPTAN1	chr9:128617687:C>T	chr9:128553311-128553321:+	1	64	0	0	trans	0.516570536726138	10	TRUE	1	2000	2000	2000	1	1	1	FALSE
4209	ENSG00000197694_SPTAN1	chr9:128617687:C>T	chr9:128553321-128553331:+	1	64	0	0	trans	0.516570536726138	10	TRUE	1	2000	2000	2000	1	1	1	FALSE
4210	ENSG00000197694_SPTAN1	chr9:128617687:C>T	chr9:128553331-128553337:+	1	64	0	0	trans	0.516570536726138	6	FALSE	1	2000	2000	2000	1	1	1	FALSE
4211	ENSG00000197694_SPTAN1	chr9:128617687:C>T	chr9:128553337-128553362:+	1	64	0	0	trans	0.516570536726138	25	TRUE	1	2000	2000	2000	1	1	1	FALSE
4212	ENSG00000197694_SPTAN1	chr9:128617687:C>T	chr9:128553362-128553382:+	1	64	0	0	trans	0.516570536726138	20	TRUE	1	2000	2000	2000	1	1	1	FALSE
4213	ENSG00000197694_SPTAN1	chr9:128617687:C>T	chr9:128555348-128555399:+	1	64	0.013	-0.171	trans	0.170826815334787	51	TRUE	0.13986013986014	2000	2000	259	0.129935032483758	0.129935032483758	1	FALSE
4214	ENSG00000197694_SPTAN1	chr9:128617687:C>T	chr9:128555399-128556311:+	1	64	0	0	trans	0.516570536726138	912	TRUE	1	2000	2000	2000	1	1	1	FALSE
4215	ENSG00000197694_SPTAN1	chr9:128617687:C>T	chr9:128568771-128568897:+	1	64	0	0	trans	0.516570536726138	126	TRUE	1	2000	2000	2000	1	1	1	FALSE
4216	ENSG00000197694_SPTAN1	chr9:128617687:C>T	chr9:128572755-128572824:+	1	64	0	0	trans	0.516570536726138	69	TRUE	1	2000	2000	2000	1	1	1	FALSE
4217	ENSG00000197694_SPTAN1	chr9:128617687:C>T	chr9:128581892-128581946:+	1	69	0	0	trans	0.504541550773616	54	TRUE	1	2000	2000	2000	1	1	1	FALSE
4218	ENSG00000197694_SPTAN1	chr9:128617687:C>T	chr9:128584720-128584843:+	1	77	0	0	trans	0.53472056387862	123	TRUE	1	2000	2000	2000	1	1	1	FALSE
4219	ENSG00000197694_SPTAN1	chr9:128617687:C>T	chr9:128592982-128592983:+	1	77	0.001	-0.111	trans	0.4994289020489	1	FALSE	0.28971028971029	2000	2000	573	0.286856571714143	0.286856571714143	1	FALSE
4220	ENSG00000197694_SPTAN1	chr9:128617687:C>T	chr9:128592983-128593042:+	1	77	0.001	-0.111	trans	0.4994289020489	59	TRUE	0.28971028971029	2000	2000	573	0.286856571714143	0.286856571714143	1	FALSE
4221	ENSG00000197694_SPTAN1	chr9:128617687:C>T	chr9:128593042-128593278:+	1	77	0	0	trans	0.53472056387862	236	TRUE	1	2000	2000	2000	1	1	1	FALSE
4222	ENSG00000197694_SPTAN1	chr9:128617687:C>T	chr9:128593278-128594121:+	1	77	0	0	trans	0.53472056387862	843	TRUE	1	2000	2000	2000	1	1	1	FALSE
4223	ENSG00000197694_SPTAN1	chr9:128617687:C>T	chr9:128594121-128594174:+	1	77	0	0	trans	0.53472056387862	53	TRUE	1	2000	2000	2000	1	1	1	FALSE
4224	ENSG00000197694_SPTAN1	chr9:128617687:C>T	chr9:128598504-128598726:+	1	77	0	0	trans	0.53472056387862	222	TRUE	1	2000	2000	2000	1	1	1	FALSE
4225	ENSG00000197694_SPTAN1	chr9:128617687:C>T	chr9:128598986-128599495:+	1	77	0	0	trans	0.53472056387862	509	TRUE	1	2000	2000	2000	1	1	1	FALSE
4226	ENSG00000197694_SPTAN1	chr9:128617687:C>T	chr9:128599495-128599704:+	1	77	0	0	trans	0.53472056387862	209	TRUE	1	2000	2000	2000	1	1	1	FALSE
4227	ENSG00000197694_SPTAN1	chr9:128617687:C>T	chr9:128599704-128599963:+	1	77	0	0	trans	0.53472056387862	259	TRUE	1	2000	2000	2000	1	1	1	FALSE
4228	ENSG00000197694_SPTAN1	chr9:128617687:C>T	chr9:128599963-128600079:+	1	77	0	0	trans	0.53472056387862	116	TRUE	1	2000	2000	2000	1	1	1	FALSE
4229	ENSG00000197694_SPTAN1	chr9:128617687:C>T	chr9:128601344-128601400:+	1	77	0	0	trans	0.53472056387862	56	TRUE	1	2000	2000	2000	1	1	1	FALSE
4230	ENSG00000197694_SPTAN1	chr9:128617687:C>T	chr9:128608049-128608129:+	1	77	0	0	trans	0.53472056387862	80	TRUE	1	2000	2000	2000	1	1	1	FALSE
4231	ENSG00000197694_SPTAN1	chr9:128617687:C>T	chr9:128609284-128609561:+	1	79	0	0	trans	0.477590559201542	277	TRUE	1	2000	2000	2000	1	1	1	FALSE
4232	ENSG00000197694_SPTAN1	chr9:128617687:C>T	chr9:128609591-128609645:+	1	79	0	0	trans	0.477590559201542	54	TRUE	1	2000	2000	2000	1	1	1	FALSE
4233	ENSG00000197694_SPTAN1	chr9:128617687:C>T	chr9:128609650-128609665:+	1	79	0.001	0.089	trans	0.433605859769299	15	TRUE	0.275724275724276	2000	2000	538	0.269365317341329	0.269365317341329	1	FALSE
4234	ENSG00000197694_SPTAN1	chr9:128617687:C>T	chr9:128611601-128611712:+	1	79	0	0	trans	0.477590559201542	111	TRUE	1	2000	2000	2000	1	1	1	FALSE
4235	ENSG00000197694_SPTAN1	chr9:128617687:C>T	chr9:128611712-128611713:+	1	82	-0.004	-0.04	trans	0.6865250784222	1	FALSE	0.558441558441558	2000	2000	1139	0.569715142428786	0.569715142428786	1	FALSE
4236	ENSG00000197694_SPTAN1	chr9:128617687:C>T	chr9:128611893-128612108:+	1	82	0	0	trans	0.534910340249463	215	TRUE	1	2000	2000	2000	1	1	1	FALSE
4237	ENSG00000197694_SPTAN1	chr9:128617687:C>T	chr9:128621666-128621998:+	1	82	-0.011	0.001	trans	0.881641698316045	332	TRUE	1	2000	2000	2000	1	1	1	FALSE
4238	ENSG00000197694_SPTAN1	chr9:128617687:C>T	chr9:128621998-128622102:+	1	82	-0.004	-0.04	trans	0.6865250784222	104	TRUE	0.558441558441558	2000	2000	1139	0.569715142428786	0.569715142428786	1	FALSE
4239	ENSG00000197694_SPTAN1	chr9:128617687:C>T	chr9:128624487-128624824:+	1	79	0	0	trans	0.477590559201542	337	TRUE	1	2000	2000	2000	1	1	1	FALSE
4240	ENSG00000197694_SPTAN1	chr9:128617687:C>T	chr9:128624824-128624865:+	1	79	0	0	trans	0.477590559201542	41	TRUE	1	2000	2000	2000	1	1	1	FALSE
4241	ENSG00000197694_SPTAN1	chr9:128617687:C>T	chr9:128624865-128624891:+	1	79	0	0	trans	0.477590559201542	26	TRUE	1	2000	2000	2000	1	1	1	FALSE
4242	ENSG00000197694_SPTAN1	chr9:128617687:C>T	chr9:128624891-128625102:+	1	79	0	0	trans	0.477590559201542	211	TRUE	1	2000	2000	2000	1	1	1	FALSE
4243	ENSG00000197694_SPTAN1	chr9:128617687:C>T	chr9:128626306-128626390:+	1	79	0	0	trans	0.477590559201542	84	TRUE	1	2000	2000	2000	1	1	1	FALSE
4244	ENSG00000197694_SPTAN1	chr9:128617687:C>T	chr9:128626999-128627003:+	1	79	0	0	trans	0.477590559201542	4	FALSE	1	2000	2000	2000	1	1	1	FALSE
4245	ENSG00000197694_SPTAN1	chr9:128617687:C>T	chr9:128627003-128627090:+	1	79	-0.012	-0.002	trans	0.898985556212671	87	TRUE	1	2000	2000	2000	1	1	1	FALSE
4246	ENSG00000197694_SPTAN1	chr9:128617687:C>T	chr9:128627090-128627175:+	1	79	0	0	trans	0.477590559201542	85	TRUE	1	2000	2000	2000	1	1	1	FALSE
4247	ENSG00000197694_SPTAN1	chr9:128617687:C>T	chr9:128627498-128627924:+	1	79	0	0	trans	0.477590559201542	426	TRUE	1	2000	2000	2000	1	1	1	FALSE
4248	ENSG00000197694_SPTAN1	chr9:128617687:C>T	chr9:128627924-128627942:+	1	79	-0.01	-0.007	trans	0.854011252567688	18	TRUE	1	2000	2000	2000	1	1	1	FALSE
4249	ENSG00000197694_SPTAN1	chr9:128617687:C>T	chr9:128627942-128628025:+	1	79	0	0	trans	0.477590559201542	83	TRUE	1	2000	2000	2000	1	1	1	FALSE
4250	ENSG00000197694_SPTAN1	chr9:128617687:C>T	chr9:128628025-128629043:+	1	79	0	0	trans	0.477590559201542	1018	TRUE	1	2000	2000	2000	1	1	1	FALSE
4251	ENSG00000197694_SPTAN1	chr9:128617687:C>T	chr9:128629124-128629187:+	1	79	-0.002	0.07	trans	0.565841772619292	63	TRUE	0.496503496503497	2000	2000	999	0.499750124937531	0.499750124937531	1	FALSE
4252	ENSG00000197694_SPTAN1	chr9:128617687:C>T	chr9:128629659-128630320:+	1	79	0	0	trans	0.477590559201542	661	TRUE	1	2000	2000	2000	1	1	1	FALSE
4253	ENSG00000197694_SPTAN1	chr9:128617687:C>T	chr9:128630418-128630574:+	1	79	0	0	trans	0.477590559201542	156	TRUE	1	2000	2000	2000	1	1	1	FALSE
4254	ENSG00000197694_SPTAN1	chr9:128617687:C>T	chr9:128631607-128631796:+	1	79	0	0	trans	0.477590559201542	189	TRUE	1	2000	2000	2000	1	1	1	FALSE
4255	ENSG00000197694_SPTAN1	chr9:128617687:C>T	chr9:128631796-128632019:+	1	79	0	0	trans	0.477590559201542	223	TRUE	1	2000	2000	2000	1	1	1	FALSE
4256	ENSG00000197694_SPTAN1	chr9:128617687:C>T	chr9:128632019-128632042:+	1	79	0	0	trans	0.477590559201542	23	TRUE	1	2000	2000	2000	1	1	1	FALSE
4257	ENSG00000197694_SPTAN1	chr9:128617687:C>T	chr9:128632042-128632126:+	1	79	0	0	trans	0.477590559201542	84	TRUE	1	2000	2000	2000	1	1	1	FALSE
4258	ENSG00000197694_SPTAN1	chr9:128617687:C>T	chr9:128632718-128632807:+	1	79	0	0	trans	0.477590559201542	89	TRUE	1	2000	2000	2000	1	1	1	FALSE
4259	ENSG00000197694_SPTAN1	chr9:128617687:C>T	chr9:128632955-128633190:+	1	79	0	0	trans	0.477590559201542	235	TRUE	1	2000	2000	2000	1	1	1	FALSE
4260	ENSG00000197694_SPTAN1	chr9:128599276:C>G	chr9:128553146-128553311:+	0	0					165	FALSE		2000	0					FALSE
4261	ENSG00000197694_SPTAN1	chr9:128599276:C>G	chr9:128553311-128553321:+	0	0					10	FALSE		2000	0					FALSE
4262	ENSG00000197694_SPTAN1	chr9:128599276:C>G	chr9:128553321-128553331:+	0	0					10	FALSE		2000	0					FALSE
4263	ENSG00000197694_SPTAN1	chr9:128599276:C>G	chr9:128553331-128553337:+	0	0					6	FALSE		2000	0					FALSE
4264	ENSG00000197694_SPTAN1	chr9:128599276:C>G	chr9:128553337-128553362:+	0	0					25	FALSE		2000	0					FALSE
4265	ENSG00000197694_SPTAN1	chr9:128599276:C>G	chr9:128553362-128553382:+	0	0					20	FALSE		2000	0					FALSE
4266	ENSG00000197694_SPTAN1	chr9:128599276:C>G	chr9:128555348-128555399:+	0	0					51	FALSE		2000	0					FALSE
4267	ENSG00000197694_SPTAN1	chr9:128599276:C>G	chr9:128555399-128556311:+	0	0					912	FALSE		2000	0					FALSE
4268	ENSG00000197694_SPTAN1	chr9:128599276:C>G	chr9:128568771-128568897:+	0	0					126	FALSE		2000	0					FALSE
4269	ENSG00000197694_SPTAN1	chr9:128599276:C>G	chr9:128572755-128572824:+	0	0					69	FALSE		2000	0					FALSE
4270	ENSG00000197694_SPTAN1	chr9:128599276:C>G	chr9:128581892-128581946:+	0	0					54	FALSE		2000	0					FALSE
4271	ENSG00000197694_SPTAN1	chr9:128599276:C>G	chr9:128584720-128584843:+	0	0					123	FALSE		2000	0					FALSE
4272	ENSG00000197694_SPTAN1	chr9:128599276:C>G	chr9:128592982-128592983:+	0	0					1	FALSE		2000	0					FALSE
4273	ENSG00000197694_SPTAN1	chr9:128599276:C>G	chr9:128592983-128593042:+	2	85	0.005	-0.029	trans	0.303013757400677	59	FALSE	0.281718281718282	2000	2000	541	0.270864567716142	0.270864567716142	1	FALSE
4274	ENSG00000197694_SPTAN1	chr9:128599276:C>G	chr9:128593042-128593278:+	2	86	0.009	0.153	trans	0.201081809309684	236	FALSE	0.160839160839161	2000	2000	320	0.160419790104948	0.160419790104948	1	FALSE
4275	ENSG00000197694_SPTAN1	chr9:128599276:C>G	chr9:128593278-128594121:+	2	86	0.009	0.153	trans	0.201081809309684	843	FALSE	0.160839160839161	2000	2000	320	0.160419790104948	0.160419790104948	1	FALSE
4276	ENSG00000197694_SPTAN1	chr9:128599276:C>G	chr9:128594121-128594174:+	2	86	0.009	0.153	trans	0.201081809309684	53	FALSE	0.160839160839161	2000	2000	320	0.160419790104948	0.160419790104948	1	FALSE
4277	ENSG00000197694_SPTAN1	chr9:128599276:C>G	chr9:128598504-128598726:+	2	85	0	0	trans	0.503625970032713	222	FALSE	1	2000	2000	2000	1	1	1	FALSE
4278	ENSG00000197694_SPTAN1	chr9:128599276:C>G	chr9:128598986-128599495:+	2	85	0	0	trans	0.503625970032713	509	FALSE	1	2000	2000	2000	1	1	1	FALSE
4279	ENSG00000197694_SPTAN1	chr9:128599276:C>G	chr9:128599495-128599704:+	2	84	0	0	trans	0.506762103484603	209	FALSE	1	2000	2000	2000	1	1	1	FALSE
4280	ENSG00000197694_SPTAN1	chr9:128599276:C>G	chr9:128599704-128599963:+	0	0					259	FALSE		2000	0					FALSE
4281	ENSG00000197694_SPTAN1	chr9:128599276:C>G	chr9:128599963-128600079:+	0	0					116	FALSE		2000	0					FALSE
4282	ENSG00000197694_SPTAN1	chr9:128599276:C>G	chr9:128601344-128601400:+	0	0					56	FALSE		2000	0					FALSE
4283	ENSG00000197694_SPTAN1	chr9:128599276:C>G	chr9:128608049-128608129:+	0	0					80	FALSE		2000	0					FALSE
4284	ENSG00000197694_SPTAN1	chr9:128599284:G>C	chr9:128553146-128553311:+	0	0					165	FALSE		2000	0					FALSE
4285	ENSG00000197694_SPTAN1	chr9:128599284:G>C	chr9:128553311-128553321:+	0	0					10	FALSE		2000	0					FALSE
4286	ENSG00000197694_SPTAN1	chr9:128599284:G>C	chr9:128553321-128553331:+	0	0					10	FALSE		2000	0					FALSE
4287	ENSG00000197694_SPTAN1	chr9:128599284:G>C	chr9:128553331-128553337:+	0	0					6	FALSE		2000	0					FALSE
4288	ENSG00000197694_SPTAN1	chr9:128599284:G>C	chr9:128553337-128553362:+	0	0					25	FALSE		2000	0					FALSE
4289	ENSG00000197694_SPTAN1	chr9:128599284:G>C	chr9:128553362-128553382:+	0	0					20	FALSE		2000	0					FALSE
4290	ENSG00000197694_SPTAN1	chr9:128599284:G>C	chr9:128555348-128555399:+	0	0					51	FALSE		2000	0					FALSE
4291	ENSG00000197694_SPTAN1	chr9:128599284:G>C	chr9:128555399-128556311:+	0	0					912	FALSE		2000	0					FALSE
4292	ENSG00000197694_SPTAN1	chr9:128599284:G>C	chr9:128568771-128568897:+	0	0					126	FALSE		2000	0					FALSE
4293	ENSG00000197694_SPTAN1	chr9:128599284:G>C	chr9:128572755-128572824:+	0	0					69	FALSE		2000	0					FALSE
4294	ENSG00000197694_SPTAN1	chr9:128599284:G>C	chr9:128581892-128581946:+	0	0					54	FALSE		2000	0					FALSE
4295	ENSG00000197694_SPTAN1	chr9:128599284:G>C	chr9:128584720-128584843:+	0	0					123	FALSE		2000	0					FALSE
4296	ENSG00000197694_SPTAN1	chr9:128599284:G>C	chr9:128592982-128592983:+	0	0					1	FALSE		2000	0					FALSE
4297	ENSG00000197694_SPTAN1	chr9:128599284:G>C	chr9:128592983-128593042:+	2	84	0.001	0.025	trans	0.46506392928371	59	FALSE	0.281718281718282	2000	2000	542	0.271364317841079	0.271364317841079	1	FALSE
4298	ENSG00000197694_SPTAN1	chr9:128599284:G>C	chr9:128593042-128593278:+	2	85	0	-0.097	trans	0.503625970032713	236	FALSE	0.318681318681319	2000	2000	646	0.323338330834583	0.323338330834583	1	FALSE
4299	ENSG00000197694_SPTAN1	chr9:128599284:G>C	chr9:128593278-128594121:+	2	85	0	-0.097	trans	0.503625970032713	843	FALSE	0.318681318681319	2000	2000	646	0.323338330834583	0.323338330834583	1	FALSE
4300	ENSG00000197694_SPTAN1	chr9:128599284:G>C	chr9:128594121-128594174:+	2	85	0	-0.097	trans	0.503625970032713	53	FALSE	0.318681318681319	2000	2000	646	0.323338330834583	0.323338330834583	1	FALSE
4301	ENSG00000197694_SPTAN1	chr9:128599284:G>C	chr9:128598504-128598726:+	2	84	0	0	trans	0.506762103484603	222	FALSE	1	2000	2000	2000	1	1	1	FALSE
4302	ENSG00000197694_SPTAN1	chr9:128599284:G>C	chr9:128598986-128599495:+	2	84	0	0	trans	0.506762103484603	509	FALSE	1	2000	2000	2000	1	1	1	FALSE
4303	ENSG00000197694_SPTAN1	chr9:128599284:G>C	chr9:128599495-128599704:+	2	84	0	0	trans	0.506762103484603	209	FALSE	1	2000	2000	2000	1	1	1	FALSE
4304	ENSG00000197694_SPTAN1	chr9:128599284:G>C	chr9:128599704-128599963:+	0	0					259	FALSE		2000	0					FALSE
4305	ENSG00000197694_SPTAN1	chr9:128599284:G>C	chr9:128599963-128600079:+	0	0					116	FALSE		2000	0					FALSE
4306	ENSG00000197694_SPTAN1	chr9:128599284:G>C	chr9:128601344-128601400:+	0	0					56	FALSE		2000	0					FALSE
4307	ENSG00000197694_SPTAN1	chr9:128599284:G>C	chr9:128608049-128608129:+	0	0					80	FALSE		2000	0					FALSE
4308	ENSG00000197694_SPTAN1	chr9:128633488:G>A	chr9:128552745-128552805:+	1	252	0	0	trans	0.514800269429774	60	TRUE	1	2000	2000	2000	1	1	1	FALSE
4309	ENSG00000197694_SPTAN1	chr9:128633488:G>A	chr9:128552835-128552968:+	1	252	0	0	trans	0.514800269429774	133	TRUE	1	2000	2000	2000	1	1	1	FALSE
4310	ENSG00000197694_SPTAN1	chr9:128633488:G>A	chr9:128552968-128553031:+	1	252	0	0	trans	0.514800269429774	63	TRUE	1	2000	2000	2000	1	1	1	FALSE
4311	ENSG00000197694_SPTAN1	chr9:128633488:G>A	chr9:128553031-128553080:+	1	252	0	0	trans	0.514800269429774	49	TRUE	1	2000	2000	2000	1	1	1	FALSE
4312	ENSG00000197694_SPTAN1	chr9:128633488:G>A	chr9:128553080-128553138:+	1	252	0	0	trans	0.514800269429774	58	TRUE	1	2000	2000	2000	1	1	1	FALSE
4313	ENSG00000197694_SPTAN1	chr9:128633488:G>A	chr9:128553138-128553146:+	1	257	0.001	-0.02	trans	0.341807033906106	8	FALSE	0.236763236763237	2000	2000	477	0.23888055972014	0.23888055972014	1	FALSE
4314	ENSG00000197694_SPTAN1	chr9:128633488:G>A	chr9:128553146-128553311:+	1	257	0.001	-0.02	trans	0.341807033906106	165	TRUE	0.236763236763237	2000	2000	477	0.23888055972014	0.23888055972014	1	FALSE
4315	ENSG00000197694_SPTAN1	chr9:128633488:G>A	chr9:128553311-128553321:+	1	257	0	0	trans	0.493413889223554	10	TRUE	1	2000	2000	2000	1	1	1	FALSE
4316	ENSG00000197694_SPTAN1	chr9:128633488:G>A	chr9:128553321-128553331:+	1	257	0	0	trans	0.493413889223554	10	TRUE	1	2000	2000	2000	1	1	1	FALSE
4317	ENSG00000197694_SPTAN1	chr9:128633488:G>A	chr9:128553331-128553337:+	1	257	0	0	trans	0.493413889223554	6	FALSE	1	2000	2000	2000	1	1	1	FALSE
4318	ENSG00000197694_SPTAN1	chr9:128633488:G>A	chr9:128553337-128553362:+	1	257	0	0	trans	0.493413889223554	25	TRUE	1	2000	2000	2000	1	1	1	FALSE
4319	ENSG00000197694_SPTAN1	chr9:128633488:G>A	chr9:128553362-128553382:+	1	257	0	0	trans	0.493413889223554	20	TRUE	1	2000	2000	2000	1	1	1	FALSE
4320	ENSG00000197694_SPTAN1	chr9:128633488:G>A	chr9:128555348-128555399:+	1	257	0	0	trans	0.493413889223554	51	TRUE	1	2000	2000	2000	1	1	1	FALSE
4321	ENSG00000197694_SPTAN1	chr9:128633488:G>A	chr9:128555399-128556311:+	1	257	0	0	trans	0.493413889223554	912	TRUE	1	2000	2000	2000	1	1	1	FALSE
4322	ENSG00000197694_SPTAN1	chr9:128633488:G>A	chr9:128568771-128568897:+	1	257	0	0	trans	0.493413889223554	126	TRUE	1	2000	2000	2000	1	1	1	FALSE
4323	ENSG00000197694_SPTAN1	chr9:128633488:G>A	chr9:128572755-128572824:+	1	257	0	0	trans	0.493413889223554	69	TRUE	1	2000	2000	2000	1	1	1	FALSE
4324	ENSG00000197694_SPTAN1	chr9:128633488:G>A	chr9:128581892-128581946:+	1	282	0	0	trans	0.49085550095901	54	TRUE	1	2000	2000	2000	1	1	1	FALSE
4325	ENSG00000197694_SPTAN1	chr9:128633488:G>A	chr9:128584720-128584843:+	1	285	0	0	trans	0.481638051368178	123	TRUE	1	2000	2000	2000	1	1	1	FALSE
4326	ENSG00000197694_SPTAN1	chr9:128633488:G>A	chr9:128592982-128592983:+	1	285	-0.001	0.034	trans	0.65783256361476	1	FALSE	0.68031968031968	2000	2000	1339	0.669665167416292	0.669665167416292	1	FALSE
4327	ENSG00000197694_SPTAN1	chr9:128633488:G>A	chr9:128592983-128593042:+	1	285	-0.001	0.034	trans	0.65783256361476	59	TRUE	0.68031968031968	2000	2000	1339	0.669665167416292	0.669665167416292	1	FALSE
4328	ENSG00000197694_SPTAN1	chr9:128633488:G>A	chr9:128593042-128593278:+	1	285	0	0	trans	0.481638051368178	236	TRUE	1	2000	2000	2000	1	1	1	FALSE
4329	ENSG00000197694_SPTAN1	chr9:128633488:G>A	chr9:128593278-128594121:+	1	285	0	0	trans	0.481638051368178	843	TRUE	1	2000	2000	2000	1	1	1	FALSE
4330	ENSG00000197694_SPTAN1	chr9:128633488:G>A	chr9:128594121-128594174:+	1	285	0	0	trans	0.481638051368178	53	TRUE	1	2000	2000	2000	1	1	1	FALSE
4331	ENSG00000197694_SPTAN1	chr9:128633488:G>A	chr9:128598504-128598726:+	1	285	0	0	trans	0.481638051368178	222	TRUE	1	2000	2000	2000	1	1	1	FALSE
4332	ENSG00000197694_SPTAN1	chr9:128633488:G>A	chr9:128598986-128599495:+	1	285	0	0	trans	0.481638051368178	509	TRUE	1	2000	2000	2000	1	1	1	FALSE
4333	ENSG00000197694_SPTAN1	chr9:128633488:G>A	chr9:128599495-128599704:+	1	285	0	0	trans	0.481638051368178	209	TRUE	1	2000	2000	2000	1	1	1	FALSE
4334	ENSG00000197694_SPTAN1	chr9:128633488:G>A	chr9:128599704-128599963:+	1	285	0	0	trans	0.481638051368178	259	TRUE	1	2000	2000	2000	1	1	1	FALSE
4335	ENSG00000197694_SPTAN1	chr9:128633488:G>A	chr9:128599963-128600079:+	1	285	0	0	trans	0.481638051368178	116	TRUE	1	2000	2000	2000	1	1	1	FALSE
4336	ENSG00000197694_SPTAN1	chr9:128633488:G>A	chr9:128601344-128601400:+	1	285	0	0	trans	0.481638051368178	56	TRUE	1	2000	2000	2000	1	1	1	FALSE
4337	ENSG00000197694_SPTAN1	chr9:128633488:G>A	chr9:128608049-128608129:+	1	285	0	0	trans	0.481638051368178	80	TRUE	1	2000	2000	2000	1	1	1	FALSE
4338	ENSG00000197694_SPTAN1	chr9:128633488:G>A	chr9:128609284-128609561:+	1	285	0	0	trans	0.481638051368178	277	TRUE	1	2000	2000	2000	1	1	1	FALSE
4339	ENSG00000197694_SPTAN1	chr9:128633488:G>A	chr9:128609591-128609645:+	1	285	0	0	trans	0.481638051368178	54	TRUE	1	2000	2000	2000	1	1	1	FALSE
4340	ENSG00000197694_SPTAN1	chr9:128633488:G>A	chr9:128609650-128609665:+	1	285	-0.001	-0.042	trans	0.65783256361476	15	TRUE	0.686313686313686	2000	2000	1352	0.67616191904048	0.67616191904048	1	FALSE
4341	ENSG00000197694_SPTAN1	chr9:128633488:G>A	chr9:128611601-128611712:+	1	285	0	0	trans	0.481638051368178	111	TRUE	1	2000	2000	2000	1	1	1	FALSE
4342	ENSG00000197694_SPTAN1	chr9:128633488:G>A	chr9:128611712-128611713:+	1	285	0	0	trans	0.481638051368178	1	FALSE	1	2000	2000	2000	1	1	1	FALSE
4343	ENSG00000197694_SPTAN1	chr9:128633488:G>A	chr9:128611893-128612108:+	1	285	0	0	trans	0.481638051368178	215	TRUE	1	2000	2000	2000	1	1	1	FALSE
4344	ENSG00000197694_SPTAN1	chr9:128633488:G>A	chr9:128621666-128621998:+	1	285	0	0	trans	0.481638051368178	332	TRUE	1	2000	2000	2000	1	1	1	FALSE
4345	ENSG00000197694_SPTAN1	chr9:128633488:G>A	chr9:128621998-128622102:+	1	285	0	0	trans	0.481638051368178	104	TRUE	1	2000	2000	2000	1	1	1	FALSE
4346	ENSG00000197694_SPTAN1	chr9:128633488:G>A	chr9:128624487-128624824:+	1	285	0	0	trans	0.481638051368178	337	TRUE	1	2000	2000	2000	1	1	1	FALSE
4347	ENSG00000197694_SPTAN1	chr9:128633488:G>A	chr9:128624824-128624865:+	1	285	0	0	trans	0.481638051368178	41	TRUE	1	2000	2000	2000	1	1	1	FALSE
4348	ENSG00000197694_SPTAN1	chr9:128633488:G>A	chr9:128624865-128624891:+	1	285	0	0	trans	0.481638051368178	26	TRUE	1	2000	2000	2000	1	1	1	FALSE
4349	ENSG00000197694_SPTAN1	chr9:128633488:G>A	chr9:128624891-128625102:+	1	285	0	0	trans	0.481638051368178	211	TRUE	1	2000	2000	2000	1	1	1	FALSE
4350	ENSG00000197694_SPTAN1	chr9:128633488:G>A	chr9:128626306-128626390:+	1	285	0	0	trans	0.481638051368178	84	TRUE	1	2000	2000	2000	1	1	1	FALSE
4351	ENSG00000197694_SPTAN1	chr9:128633488:G>A	chr9:128626999-128627003:+	1	285	0	0	trans	0.481638051368178	4	FALSE	1	2000	2000	2000	1	1	1	FALSE
4352	ENSG00000197694_SPTAN1	chr9:128633488:G>A	chr9:128627003-128627090:+	1	285	0	0	trans	0.481638051368178	87	TRUE	1	2000	2000	2000	1	1	1	FALSE
4353	ENSG00000197694_SPTAN1	chr9:128633488:G>A	chr9:128627090-128627175:+	1	285	0	0	trans	0.481638051368178	85	TRUE	1	2000	2000	2000	1	1	1	FALSE
4354	ENSG00000197694_SPTAN1	chr9:128633488:G>A	chr9:128627498-128627924:+	1	285	0	0	trans	0.481638051368178	426	TRUE	1	2000	2000	2000	1	1	1	FALSE
4355	ENSG00000197694_SPTAN1	chr9:128633488:G>A	chr9:128627924-128627942:+	1	285	-0.002	-0.009	trans	0.804871887349748	18	TRUE	0.54945054945055	2000	2000	1118	0.559220389805098	0.559220389805098	1	FALSE
4356	ENSG00000197694_SPTAN1	chr9:128633488:G>A	chr9:128627942-128628025:+	1	285	0	0	trans	0.481638051368178	83	TRUE	1	2000	2000	2000	1	1	1	FALSE
4357	ENSG00000197694_SPTAN1	chr9:128633488:G>A	chr9:128628025-128629043:+	1	285	0	0	trans	0.481638051368178	1018	TRUE	1	2000	2000	2000	1	1	1	FALSE
4358	ENSG00000197694_SPTAN1	chr9:128633488:G>A	chr9:128629124-128629187:+	1	285	0.002	-0.045	trans	0.170741665453475	63	TRUE	0.188811188811189	2000	2000	388	0.1944027986007	0.1944027986007	1	FALSE
4359	ENSG00000197694_SPTAN1	chr9:128633488:G>A	chr9:128629659-128630320:+	1	321	0.001	-0.046	trans	0.341488211299535	661	TRUE	0.256743256743257	2000	2000	531	0.265867066466767	0.265867066466767	1	FALSE
4360	ENSG00000197694_SPTAN1	chr9:128633488:G>A	chr9:128630418-128630574:+	1	327	0.002	-0.02	trans	0.194008408353659	156	TRUE	0.230769230769231	2000	2000	455	0.227886056971514	0.227886056971514	1	FALSE
4361	ENSG00000197694_SPTAN1	chr9:128633488:G>A	chr9:128631607-128631796:+	1	331	-0.002	-0.009	trans	0.823006866549695	189	TRUE	0.622377622377622	2000	2000	1229	0.614692653673163	0.614692653673163	1	FALSE
4362	ENSG00000197694_SPTAN1	chr9:128633488:G>A	chr9:128631796-128632019:+	1	331	0.003	-0.028	trans	0.0917680775979064	223	TRUE	0.198801198801199	2000	2000	389	0.194902548725637	0.194902548725637	1	FALSE
4363	ENSG00000197694_SPTAN1	chr9:128633488:G>A	chr9:128632019-128632042:+	1	331	0.003	-0.028	trans	0.0917680775979064	23	TRUE	0.198801198801199	2000	2000	389	0.194902548725637	0.194902548725637	1	FALSE
4364	ENSG00000197694_SPTAN1	chr9:128633488:G>A	chr9:128632042-128632126:+	1	331	0.003	-0.028	trans	0.0917680775979064	84	TRUE	0.198801198801199	2000	2000	389	0.194902548725637	0.194902548725637	1	FALSE
4365	ENSG00000197694_SPTAN1	chr9:128633488:G>A	chr9:128632718-128632807:+	1	360	0	0.028	trans	0.494362493135463	89	TRUE	0.40959040959041	2000	2000	826	0.413293353323338	0.413293353323338	1	FALSE
4366	ENSG00000197694_SPTAN1	chr9:128633488:G>A	chr9:128632955-128633190:+	1	360	0	0	trans	0.494362493135463	235	TRUE	1	2000	2000	2000	1	1	1	FALSE
4367	ENSG00000119335_SET	chr9:128695149:G>A	chr9:128683654-128683779:+	0	0					125	FALSE		2000	0					FALSE
4368	ENSG00000119335_SET	chr9:128695149:G>A	chr9:128684007-128684011:+	0	0					4	FALSE		2000	0					FALSE
4369	ENSG00000119335_SET	chr9:128695149:G>A	chr9:128685082-128685213:+	0	0					131	FALSE		2000	0					FALSE
4370	ENSG00000119335_SET	chr9:128695149:G>A	chr9:128689221-128689537:+	0	0					316	FALSE		2000	0					FALSE
4371	ENSG00000119335_SET	chr9:128695149:G>A	chr9:128689537-128689655:+	0	0					118	FALSE		2000	0					FALSE
4372	ENSG00000119335_SET	chr9:128695149:G>A	chr9:128689974-128690026:+	0	0					52	FALSE		2000	0					FALSE
4373	ENSG00000119335_SET	chr9:128695149:G>A	chr9:128690249-128690280:+	0	0					31	FALSE		2000	0					FALSE
4374	ENSG00000119335_SET	chr9:128695149:G>A	chr9:128690280-128690284:+	0	0					4	FALSE		2000	0					FALSE
4375	ENSG00000119335_SET	chr9:128695149:G>A	chr9:128690284-128690353:+	0	0					69	FALSE		2000	0					FALSE
4376	ENSG00000119335_SET	chr9:128695149:G>A	chr9:128690353-128690439:+	0	0					86	FALSE		2000	0					FALSE
4377	ENSG00000119335_SET	chr9:128695149:G>A	chr9:128690439-128690544:+	0	0					105	FALSE		2000	0					FALSE
4378	ENSG00000119335_SET	chr9:128695149:G>A	chr9:128690544-128690727:+	0	0					183	FALSE		2000	0					FALSE
4379	ENSG00000119335_SET	chr9:128695149:G>A	chr9:128690727-128691169:+	0	0					442	FALSE		2000	0					FALSE
4380	ENSG00000119335_SET	chr9:128695149:G>A	chr9:128691169-128691175:+	0	0					6	FALSE		2000	0					FALSE
4381	ENSG00000119335_SET	chr9:128695149:G>A	chr9:128691240-128691857:+	0	0					617	FALSE		2000	0					FALSE
4382	ENSG00000119335_SET	chr9:128695149:G>A	chr9:128692350-128692661:+	0	0					311	FALSE		2000	0					FALSE
4383	ENSG00000119335_SET	chr9:128695149:G>A	chr9:128693637-128693808:+	0	0					171	FALSE		2000	0					FALSE
4384	ENSG00000119335_SET	chr9:128695149:G>A	chr9:128694042-128694640:+	0	0					598	FALSE		2000	0					FALSE
4385	ENSG00000160446_ZDHHC12	chr9:128724045:C>G	chr9:128721480-128721502:-	1	31	0.035	0.125	trans	0.0817773557961956	22	TRUE	0.397602397602398	2000	2000	829	0.414792603698151	0.414792603698151	1	FALSE
4386	ENSG00000160446_ZDHHC12	chr9:128724045:C>G	chr9:128721502-128721530:-	1	31	0	0	trans	0.487044554019432	28	TRUE	1	2000	2000	2000	1	1	1	FALSE
4387	ENSG00000160446_ZDHHC12	chr9:128724045:C>G	chr9:128722574-128722739:-	1	31	-0.002	-0.062	trans	0.518056377803332	165	TRUE	0.854145854145854	2000	2000	1722	0.861069465267366	0.861069465267366	1	FALSE
4388	ENSG00000160446_ZDHHC12	chr9:128724045:C>G	chr9:128722739-128723951:-	1	31	-0.002	-0.062	trans	0.518056377803332	1212	TRUE	0.854145854145854	2000	2000	1722	0.861069465267366	0.861069465267366	1	FALSE
4389	ENSG00000160446_ZDHHC12	chr9:128724045:C>G	chr9:128723951-128723993:-	1	31	-0.013	0.092	trans	0.681870464758679	42	TRUE	0.738261738261738	2000	2000	1440	0.720139930034983	0.720139930034983	1	FALSE
4390	ENSG00000136816_TOR1B	chr9:129804271:T>G	chr9:129803792-129804072:+	1	54	-0.009	-0.057	trans	0.736479590015588	280	TRUE	0.56943056943057	2000	2000	1123	0.561719140429785	0.561719140429785	1	FALSE
4391	ENSG00000136816_TOR1B	chr9:129804271:T>G	chr9:129804338-129804357:+	1	54	-0.015	-0.028	trans	0.851800502794567	19	TRUE	0.659340659340659	2000	2000	1328	0.664167916041979	0.664167916041979	1	FALSE
4392	ENSG00000136816_TOR1B	chr9:129804271:T>G	chr9:129804357-129804479:+	1	54	-0.015	-0.028	trans	0.851800502794567	122	TRUE	0.659340659340659	2000	2000	1328	0.664167916041979	0.664167916041979	1	FALSE
4393	ENSG00000136816_TOR1B	chr9:129804271:T>G	chr9:129804479-129804480:+	1	54	-0.015	-0.028	trans	0.851800502794567	1	FALSE	0.659340659340659	2000	2000	1328	0.664167916041979	0.664167916041979	1	FALSE
4394	ENSG00000136816_TOR1B	chr9:129804271:T>G	chr9:129804480-129804856:+	1	50	-0.016	-0.033	trans	0.858867770691262	376	TRUE	0.75024975024975	2000	2000	1511	0.755622188905547	0.755622188905547	1	FALSE
4395	ENSG00000136816_TOR1B	chr9:129804551:T>C	chr9:129803792-129804072:+	1	37	0	0	trans	0.50974092735955	280	TRUE	1	2000	2000	2000	1	1	1	FALSE
4396	ENSG00000136816_TOR1B	chr9:129804551:T>C	chr9:129804338-129804357:+	1	37	0	0	trans	0.50974092735955	19	TRUE	1	2000	2000	2000	1	1	1	FALSE
4397	ENSG00000136816_TOR1B	chr9:129804551:T>C	chr9:129804357-129804479:+	1	37	0	0	trans	0.50974092735955	122	TRUE	1	2000	2000	2000	1	1	1	FALSE
4398	ENSG00000136816_TOR1B	chr9:129804551:T>C	chr9:129804479-129804480:+	1	37	0	0	trans	0.50974092735955	1	FALSE	1	2000	2000	2000	1	1	1	FALSE
4399	ENSG00000136816_TOR1B	chr9:129804551:T>C	chr9:129804480-129804856:+	1	37	0	0	trans	0.50974092735955	376	TRUE	1	2000	2000	2000	1	1	1	FALSE
4400	ENSG00000136827_TOR1A	chr9:129818621:C>G	chr9:129813706-129813996:-	1	47	0.031	0.091	trans	0.0230647201914568	290	TRUE	0.144855144855145	2000	2000	287	0.143928035982009	0.143928035982009	1	FALSE
4401	ENSG00000136827_TOR1A	chr9:129818621:C>G	chr9:129818177-129818297:-	1	47	0.013	-0.147	trans	0.20098341792518	120	TRUE	0.183816183816184	2000	2000	405	0.202898550724638	0.202898550724638	1	FALSE
4402	ENSG00000136827_TOR1A	chr9:129818621:C>G	chr9:129818322-129818352:-	1	47	0	0	trans	0.498740346575215	30	TRUE	1	2000	2000	2000	1	1	1	FALSE
4403	ENSG00000136827_TOR1A	chr9:129818621:C>G	chr9:129818352-129818519:-	1	47	0	0	trans	0.498740346575215	167	TRUE	1	2000	2000	2000	1	1	1	FALSE
4404	ENSG00000136827_TOR1A	chr9:129818621:C>G	chr9:129821375-129822580:-	1	47	0	0	trans	0.498740346575215	1205	TRUE	1	2000	2000	2000	1	1	1	FALSE
4405	ENSG00000136827_TOR1A	chr9:129818621:C>G	chr9:129823305-129823593:-	1	47	0	0	trans	0.498740346575215	288	TRUE	1	2000	2000	2000	1	1	1	FALSE
4406	ENSG00000136819_C9orf78	chr9:129827879:T>C	chr9:129828427-129828441:-	1	67	0	0	trans	0.499715360361105	14	TRUE	1	2000	2000	2000	1	1	1	FALSE
4407	ENSG00000136819_C9orf78	chr9:129827879:T>C	chr9:129828441-129829204:-	1	67	0	0	trans	0.499715360361105	763	TRUE	1	2000	2000	2000	1	1	1	FALSE
4408	ENSG00000136819_C9orf78	chr9:129827879:T>C	chr9:129829541-129830685:-	1	67	0	0	trans	0.499715360361105	1144	TRUE	1	2000	2000	2000	1	1	1	FALSE
4409	ENSG00000136819_C9orf78	chr9:129827879:T>C	chr9:129830961-129831068:-	1	67	0	0	trans	0.499715360361105	107	TRUE	1	2000	2000	2000	1	1	1	FALSE
4410	ENSG00000136819_C9orf78	chr9:129827879:T>C	chr9:129831409-129831732:-	1	67	0	0	trans	0.499715360361105	323	TRUE	1	2000	2000	2000	1	1	1	FALSE
4411	ENSG00000136819_C9orf78	chr9:129827879:T>C	chr9:129831895-129831973:-	1	67	0	0	trans	0.499715360361105	78	TRUE	1	2000	2000	2000	1	1	1	FALSE
4412	ENSG00000136819_C9orf78	chr9:129827879:T>C	chr9:129833446-129833517:-	1	67	0	0	trans	0.499715360361105	71	TRUE	1	2000	2000	2000	1	1	1	FALSE
4413	ENSG00000136819_C9orf78	chr9:129827879:T>C	chr9:129833517-129833657:-	1	67	0	0	trans	0.499715360361105	140	TRUE	1	2000	2000	2000	1	1	1	FALSE
4414	ENSG00000136819_C9orf78	chr9:129827879:T>C	chr9:129833657-129833709:-	1	67	0	0	trans	0.499715360361105	52	TRUE	1	2000	2000	2000	1	1	1	FALSE
4415	ENSG00000136819_C9orf78	chr9:129827879:T>C	chr9:129833709-129834547:-	1	67	0	0	trans	0.499715360361105	838	TRUE	1	2000	2000	2000	1	1	1	FALSE
4416	ENSG00000136819_C9orf78	chr9:129827879:T>C	chr9:129834706-129834711:-	1	67	0	0	trans	0.499715360361105	5	FALSE	1	2000	2000	2000	1	1	1	FALSE
4417	ENSG00000136819_C9orf78	chr9:129827879:T>C	chr9:129834711-129834766:-	1	67	0	0	trans	0.499715360361105	55	TRUE	1	2000	2000	2000	1	1	1	FALSE
4418	ENSG00000136819_C9orf78	chr9:129827879:T>C	chr9:129835138-129835254:-	1	67	0	0	trans	0.499715360361105	116	TRUE	1	2000	2000	2000	1	1	1	FALSE
4419	ENSG00000136819_C9orf78	chr9:129827879:T>C	chr9:129835254-129835275:-	1	67	0	0	trans	0.499715360361105	21	TRUE	1	2000	2000	2000	1	1	1	FALSE
4420	ENSG00000136819_C9orf78	chr9:129828072:A>G	chr9:129828427-129828441:-	1	69	0	0	trans	0.504541550773616	14	FALSE	1	2000	2000	2000	1	1	1	FALSE
4421	ENSG00000136819_C9orf78	chr9:129828072:A>G	chr9:129828441-129829204:-	1	69	0	0	trans	0.504541550773616	763	FALSE	1	2000	2000	2000	1	1	1	FALSE
4422	ENSG00000136819_C9orf78	chr9:129828072:A>G	chr9:129829541-129830685:-	1	69	0	0	trans	0.504541550773616	1144	FALSE	1	2000	2000	2000	1	1	1	FALSE
4423	ENSG00000136819_C9orf78	chr9:129828072:A>G	chr9:129830961-129831068:-	1	69	0.006	-0.036	trans	0.306627048857934	107	FALSE	0.027972027972028	2000	2000	58	0.0294852573713143	0.0294852573713143	0.807334650431794	FALSE
4424	ENSG00000136819_C9orf78	chr9:129828072:A>G	chr9:129831409-129831732:-	1	69	0	0	trans	0.504541550773616	323	FALSE	1	2000	2000	2000	1	1	1	FALSE
4425	ENSG00000136819_C9orf78	chr9:129828072:A>G	chr9:129831895-129831973:-	1	69	0.006	-0.036	trans	0.306627048857934	78	FALSE	0.027972027972028	2000	2000	58	0.0294852573713143	0.0294852573713143	0.807334650431794	FALSE
4426	ENSG00000136819_C9orf78	chr9:129828072:A>G	chr9:129833446-129833517:-	1	69	0.006	-0.036	trans	0.306627048857934	71	FALSE	0.027972027972028	2000	2000	58	0.0294852573713143	0.0294852573713143	0.807334650431794	FALSE
4427	ENSG00000136819_C9orf78	chr9:129828072:A>G	chr9:129833517-129833657:-	1	69	0	0	trans	0.504541550773616	140	FALSE	1	2000	2000	2000	1	1	1	FALSE
4428	ENSG00000136819_C9orf78	chr9:129828072:A>G	chr9:129833657-129833709:-	1	69	0.006	-0.036	trans	0.306627048857934	52	FALSE	0.027972027972028	2000	2000	58	0.0294852573713143	0.0294852573713143	0.807334650431794	FALSE
4429	ENSG00000136819_C9orf78	chr9:129828072:A>G	chr9:129833709-129834547:-	1	69	0	0	trans	0.504541550773616	838	FALSE	1	2000	2000	2000	1	1	1	FALSE
4430	ENSG00000136819_C9orf78	chr9:129828072:A>G	chr9:129834706-129834711:-	1	69	0.006	-0.036	trans	0.306627048857934	5	FALSE	0.027972027972028	2000	2000	58	0.0294852573713143	0.0294852573713143	0.807334650431794	FALSE
4431	ENSG00000136819_C9orf78	chr9:129828072:A>G	chr9:129834711-129834766:-	1	69	0	0	trans	0.504541550773616	55	FALSE	1	2000	2000	2000	1	1	1	FALSE
4432	ENSG00000136819_C9orf78	chr9:129828072:A>G	chr9:129835138-129835254:-	1	69	0	0	trans	0.504541550773616	116	FALSE	1	2000	2000	2000	1	1	1	FALSE
4433	ENSG00000136819_C9orf78	chr9:129828072:A>G	chr9:129835254-129835275:-	1	68	0	0	trans	0.496602510761056	21	FALSE	1	2000	2000	2000	1	1	1	FALSE
4434	ENSG00000136819_C9orf78	chr9:129828073:G>T	chr9:129828427-129828441:-	1	69	0	0	trans	0.504541550773616	14	FALSE	1	2000	2000	2000	1	1	1	FALSE
4435	ENSG00000136819_C9orf78	chr9:129828073:G>T	chr9:129828441-129829204:-	1	69	0	0	trans	0.504541550773616	763	FALSE	1	2000	2000	2000	1	1	1	FALSE
4436	ENSG00000136819_C9orf78	chr9:129828073:G>T	chr9:129829541-129830685:-	1	69	0	0	trans	0.504541550773616	1144	FALSE	1	2000	2000	2000	1	1	1	FALSE
4437	ENSG00000136819_C9orf78	chr9:129828073:G>T	chr9:129830961-129831068:-	1	69	0.006	-0.036	trans	0.306627048857934	107	FALSE	0.027972027972028	2000	2000	58	0.0294852573713143	0.0294852573713143	0.807334650431794	FALSE
4438	ENSG00000136819_C9orf78	chr9:129828073:G>T	chr9:129831409-129831732:-	1	69	0	0	trans	0.504541550773616	323	FALSE	1	2000	2000	2000	1	1	1	FALSE
4439	ENSG00000136819_C9orf78	chr9:129828073:G>T	chr9:129831895-129831973:-	1	69	0.006	-0.036	trans	0.306627048857934	78	FALSE	0.027972027972028	2000	2000	58	0.0294852573713143	0.0294852573713143	0.807334650431794	FALSE
4440	ENSG00000136819_C9orf78	chr9:129828073:G>T	chr9:129833446-129833517:-	1	69	0.006	-0.036	trans	0.306627048857934	71	FALSE	0.027972027972028	2000	2000	58	0.0294852573713143	0.0294852573713143	0.807334650431794	FALSE
4441	ENSG00000136819_C9orf78	chr9:129828073:G>T	chr9:129833517-129833657:-	1	69	0	0	trans	0.504541550773616	140	FALSE	1	2000	2000	2000	1	1	1	FALSE
4442	ENSG00000136819_C9orf78	chr9:129828073:G>T	chr9:129833657-129833709:-	1	69	0.006	-0.036	trans	0.306627048857934	52	FALSE	0.027972027972028	2000	2000	58	0.0294852573713143	0.0294852573713143	0.807334650431794	FALSE
4443	ENSG00000136819_C9orf78	chr9:129828073:G>T	chr9:129833709-129834547:-	1	69	0	0	trans	0.504541550773616	838	FALSE	1	2000	2000	2000	1	1	1	FALSE
4444	ENSG00000136819_C9orf78	chr9:129828073:G>T	chr9:129834706-129834711:-	1	69	0.006	-0.036	trans	0.306627048857934	5	FALSE	0.027972027972028	2000	2000	58	0.0294852573713143	0.0294852573713143	0.807334650431794	FALSE
4445	ENSG00000136819_C9orf78	chr9:129828073:G>T	chr9:129834711-129834766:-	1	69	0	0	trans	0.504541550773616	55	FALSE	1	2000	2000	2000	1	1	1	FALSE
4446	ENSG00000136819_C9orf78	chr9:129828073:G>T	chr9:129835138-129835254:-	1	69	0	0	trans	0.504541550773616	116	FALSE	1	2000	2000	2000	1	1	1	FALSE
4447	ENSG00000136819_C9orf78	chr9:129828073:G>T	chr9:129835254-129835275:-	1	68	0	0	trans	0.496602510761056	21	FALSE	1	2000	2000	2000	1	1	1	FALSE
4448	ENSG00000136819_C9orf78	chr9:129828151:C>G	chr9:129828427-129828441:-	1	67	0	0	trans	0.499715360361105	14	TRUE	1	2000	2000	2000	1	1	1	FALSE
4449	ENSG00000136819_C9orf78	chr9:129828151:C>G	chr9:129828441-129829204:-	1	67	0	0	trans	0.499715360361105	763	TRUE	1	2000	2000	2000	1	1	1	FALSE
4450	ENSG00000136819_C9orf78	chr9:129828151:C>G	chr9:129829541-129830685:-	1	67	0	0	trans	0.499715360361105	1144	TRUE	1	2000	2000	2000	1	1	1	FALSE
4451	ENSG00000136819_C9orf78	chr9:129828151:C>G	chr9:129830961-129831068:-	1	67	0.006	-0.036	trans	0.289080119876256	107	TRUE	0.0529470529470529	2000	2000	106	0.0534732633683159	0.0534732633683159	1	FALSE
4452	ENSG00000136819_C9orf78	chr9:129828151:C>G	chr9:129831409-129831732:-	1	67	0	0	trans	0.499715360361105	323	TRUE	1	2000	2000	2000	1	1	1	FALSE
4453	ENSG00000136819_C9orf78	chr9:129828151:C>G	chr9:129831895-129831973:-	1	67	0.006	-0.036	trans	0.289080119876256	78	TRUE	0.0529470529470529	2000	2000	106	0.0534732633683159	0.0534732633683159	1	FALSE
4454	ENSG00000136819_C9orf78	chr9:129828151:C>G	chr9:129833446-129833517:-	1	67	0.006	-0.036	trans	0.289080119876256	71	TRUE	0.0529470529470529	2000	2000	106	0.0534732633683159	0.0534732633683159	1	FALSE
4455	ENSG00000136819_C9orf78	chr9:129828151:C>G	chr9:129833517-129833657:-	1	67	0	0	trans	0.499715360361105	140	TRUE	1	2000	2000	2000	1	1	1	FALSE
4456	ENSG00000136819_C9orf78	chr9:129828151:C>G	chr9:129833657-129833709:-	1	67	0.006	-0.036	trans	0.289080119876256	52	TRUE	0.0529470529470529	2000	2000	106	0.0534732633683159	0.0534732633683159	1	FALSE
4457	ENSG00000136819_C9orf78	chr9:129828151:C>G	chr9:129833709-129834547:-	1	67	0	0	trans	0.499715360361105	838	TRUE	1	2000	2000	2000	1	1	1	FALSE
4458	ENSG00000136819_C9orf78	chr9:129828151:C>G	chr9:129834706-129834711:-	1	67	0.006	-0.036	trans	0.289080119876256	5	FALSE	0.0529470529470529	2000	2000	106	0.0534732633683159	0.0534732633683159	1	FALSE
4459	ENSG00000136819_C9orf78	chr9:129828151:C>G	chr9:129834711-129834766:-	1	67	0	0	trans	0.499715360361105	55	TRUE	1	2000	2000	2000	1	1	1	FALSE
4460	ENSG00000136819_C9orf78	chr9:129828151:C>G	chr9:129835138-129835254:-	1	67	0	0	trans	0.499715360361105	116	TRUE	1	2000	2000	2000	1	1	1	FALSE
4461	ENSG00000136819_C9orf78	chr9:129828151:C>G	chr9:129835254-129835275:-	1	66	0	0	trans	0.507790515635534	21	TRUE	1	2000	2000	2000	1	1	1	FALSE
4462	ENSG00000136819_C9orf78	chr9:129835203:C>AT	chr9:129828427-129828441:-	0	0					14	FALSE		2000	0					FALSE
4463	ENSG00000136819_C9orf78	chr9:129835203:C>AT	chr9:129828441-129829204:-	0	0					763	FALSE		2000	0					FALSE
4464	ENSG00000136819_C9orf78	chr9:129835203:C>AT	chr9:129829541-129830685:-	0	0					1144	FALSE		2000	0					FALSE
4465	ENSG00000136819_C9orf78	chr9:129835203:C>AT	chr9:129830961-129831068:-	0	0					107	FALSE		2000	0					FALSE
4466	ENSG00000136819_C9orf78	chr9:129835203:C>AT	chr9:129831409-129831732:-	0	0					323	FALSE		2000	0					FALSE
4467	ENSG00000136819_C9orf78	chr9:129835203:C>AT	chr9:129831895-129831973:-	0	0					78	FALSE		2000	0					FALSE
4468	ENSG00000136819_C9orf78	chr9:129835203:C>AT	chr9:129833446-129833517:-	0	0					71	FALSE		2000	0					FALSE
4469	ENSG00000136819_C9orf78	chr9:129835203:C>AT	chr9:129833517-129833657:-	0	0					140	FALSE		2000	0					FALSE
4470	ENSG00000136819_C9orf78	chr9:129835203:C>AT	chr9:129833657-129833709:-	0	0					52	FALSE		2000	0					FALSE
4471	ENSG00000136819_C9orf78	chr9:129835203:C>AT	chr9:129833709-129834547:-	0	0					838	FALSE		2000	0					FALSE
4472	ENSG00000136819_C9orf78	chr9:129835203:C>AT	chr9:129834706-129834711:-	0	0					5	FALSE		2000	0					FALSE
4473	ENSG00000136819_C9orf78	chr9:129835203:C>AT	chr9:129834711-129834766:-	0	0					55	FALSE		2000	0					FALSE
4474	ENSG00000136819_C9orf78	chr9:129835203:C>AT	chr9:129835138-129835254:-	0	0					116	FALSE		2000	0					FALSE
4475	ENSG00000136819_C9orf78	chr9:129835203:C>AT	chr9:129835254-129835275:-	0	0					21	FALSE		2000	0					FALSE
4476	ENSG00000187239_FNBP1	chr9:130043179:CAG>A	chr9:129957031-129957359:-	0	0					328	FALSE		2000	0					FALSE
4477	ENSG00000187239_FNBP1	chr9:130043179:CAG>A	chr9:129978346-129978464:-	0	0					118	FALSE		2000	0					FALSE
4478	ENSG00000187239_FNBP1	chr9:130043179:CAG>A	chr9:129994659-129994842:-	0	0					183	FALSE		2000	0					FALSE
4479	ENSG00000187239_FNBP1	chr9:129900506:C>T	chr9:129895280-129895301:-	0	0					21	FALSE		2000	0					FALSE
4480	ENSG00000187239_FNBP1	chr9:129900506:C>T	chr9:129895301-129895811:-	0	0					510	FALSE		2000	0					FALSE
4481	ENSG00000187239_FNBP1	chr9:129900506:C>T	chr9:129895811-129895837:-	0	0					26	FALSE		2000	0					FALSE
4482	ENSG00000187239_FNBP1	chr9:129900506:C>T	chr9:129900101-129900104:-	0	0					3	FALSE		2000	0					FALSE
4483	ENSG00000187239_FNBP1	chr9:129900506:C>T	chr9:129900532-129900547:-	0	0					15	FALSE		2000	0					FALSE
4484	ENSG00000187239_FNBP1	chr9:129900506:C>T	chr9:129902868-129902907:-	0	0					39	FALSE		2000	0					FALSE
4485	ENSG00000187239_FNBP1	chr9:129900506:C>T	chr9:129908999-129909013:-	0	0					14	FALSE		2000	0					FALSE
4486	ENSG00000187239_FNBP1	chr9:129900506:C>T	chr9:129915965-129915980:-	0	0					15	FALSE		2000	0					FALSE
4487	ENSG00000187239_FNBP1	chr9:129900506:C>T	chr9:129915980-129916243:-	0	0					263	FALSE		2000	0					FALSE
4488	ENSG00000187239_FNBP1	chr9:129900506:C>T	chr9:129916243-129916445:-	0	0					202	FALSE		2000	0					FALSE
4489	ENSG00000187239_FNBP1	chr9:129900506:C>T	chr9:129918993-129919018:-	0	0					25	FALSE		2000	0					FALSE
4490	ENSG00000187239_FNBP1	chr9:129900506:C>T	chr9:129919018-129919158:-	0	0					140	FALSE		2000	0					FALSE
4491	ENSG00000187239_FNBP1	chr9:129900506:C>T	chr9:129919158-129919242:-	0	0					84	FALSE		2000	0					FALSE
4492	ENSG00000187239_FNBP1	chr9:129900506:C>T	chr9:129919871-129920332:-	0	0					461	FALSE		2000	0					FALSE
4493	ENSG00000187239_FNBP1	chr9:129900506:C>T	chr9:129923843-129923939:-	0	0					96	FALSE		2000	0					FALSE
4494	ENSG00000187239_FNBP1	chr9:129900506:C>T	chr9:129923939-129923996:-	0	0					57	FALSE		2000	0					FALSE
4495	ENSG00000187239_FNBP1	chr9:129900506:C>T	chr9:129923996-129924026:-	0	0					30	FALSE		2000	0					FALSE
4496	ENSG00000187239_FNBP1	chr9:129900506:C>T	chr9:129957031-129957359:-	0	0					328	FALSE		2000	0					FALSE
4497	ENSG00000187239_FNBP1	chr9:129900506:C>T	chr9:129978346-129978464:-	0	0					118	FALSE		2000	0					FALSE
4498	ENSG00000187239_FNBP1	chr9:129900506:C>T	chr9:129994659-129994842:-	0	0					183	FALSE		2000	0					FALSE
4499	ENSG00000107130_NCS1	chr9:130226429:T>G	chr9:130193827-130193945:+	2	72	0	0	trans	0.49998639124046	118	TRUE	1	2000	2000	2000	1	1	1	FALSE
4500	ENSG00000107130_NCS1	chr9:130226429:T>G	chr9:130200431-130200611:+	2	103	-0.005	-0.03	trans	0.75835342038752	180	TRUE	0.998001998001998	2000	2000	1998	0.999000499750125	0.999000499750125	1	FALSE
4501	ENSG00000107130_NCS1	chr9:130233333:G>A	chr9:130193827-130193945:+	3	110	0	0	trans	0.49057730969848	118	TRUE	1	2000	2000	2000	1	1	1	FALSE
4502	ENSG00000107130_NCS1	chr9:130233333:G>A	chr9:130200431-130200611:+	3	164	0.011	0.156	amb	0.00778745080444787	180	TRUE	0.050949050949051	2000	2000	104	0.0524737631184408	0.0524737631184408	1	FALSE
4503	ENSG00000288701_PRRC2B	chr9:131394193:G>A	chr9:131394092-131394263:+	0	0					171	FALSE		2000	0					FALSE
4504	ENSG00000288701_PRRC2B	chr9:131394193:G>A	chr9:131430089-131430093:+	0	0					4	FALSE		2000	0					FALSE
4505	ENSG00000288701_PRRC2B	chr9:131394193:G>A	chr9:131446642-131447084:+	0	0					442	FALSE		2000	0					FALSE
4506	ENSG00000288701_PRRC2B	chr9:131394193:G>A	chr9:131447804-131448091:+	0	0					287	FALSE		2000	0					FALSE
4507	ENSG00000288701_PRRC2B	chr9:131394193:G>A	chr9:131448091-131448198:+	0	0					107	FALSE		2000	0					FALSE
4508	ENSG00000288701_PRRC2B	chr9:131394193:G>A	chr9:131454253-131455075:+	0	0					822	FALSE		2000	0					FALSE
4509	ENSG00000288701_PRRC2B	chr9:131394193:G>A	chr9:131459048-131459163:+	0	0					115	FALSE		2000	0					FALSE
4510	ENSG00000288701_PRRC2B	chr9:131394193:G>A	chr9:131459163-131459356:+	0	0					193	FALSE		2000	0					FALSE
4511	ENSG00000288701_PRRC2B	chr9:131394193:G>A	chr9:131459356-131459537:+	0	0					181	FALSE		2000	0					FALSE
4512	ENSG00000288701_PRRC2B	chr9:131394193:G>A	chr9:131459537-131459859:+	0	0					322	FALSE		2000	0					FALSE
4513	ENSG00000288701_PRRC2B	chr9:131394193:G>A	chr9:131459890-131459992:+	0	0					102	FALSE		2000	0					FALSE
4514	ENSG00000288701_PRRC2B	chr9:131394193:G>A	chr9:131474453-131475929:+	0	0					1476	FALSE		2000	0					FALSE
4515	ENSG00000288701_PRRC2B	chr9:131394193:G>A	chr9:131475929-131476189:+	0	0					260	FALSE		2000	0					FALSE
4516	ENSG00000288701_PRRC2B	chr9:131394193:G>A	chr9:131476189-131476535:+	0	0					346	FALSE		2000	0					FALSE
4517	ENSG00000288701_PRRC2B	chr9:131394193:G>A	chr9:131482370-131482373:+	0	0					3	FALSE		2000	0					FALSE
4518	ENSG00000288701_PRRC2B	chr9:131394193:G>A	chr9:131490764-131491421:+	0	0					657	FALSE		2000	0					FALSE
4519	ENSG00000288701_PRRC2B	chr9:131394193:G>A	chr9:131491421-131491424:+	0	0					3	FALSE		2000	0					FALSE
4520	ENSG00000288701_PRRC2B	chr9:131394193:G>A	chr9:131494404-131494486:+	0	0					82	FALSE		2000	0					FALSE
4521	ENSG00000288701_PRRC2B	chr9:131394193:G>A	chr9:131499470-131499730:+	0	0					260	FALSE		2000	0					FALSE
4522	ENSG00000130714_POMT1	chr9:131523558:T>C	chr9:131503073-131503075:+	0	0					2	FALSE		2000	0					FALSE
4523	ENSG00000130714_POMT1	chr9:131523558:T>C	chr9:131503075-131503190:+	0	0					115	FALSE		2000	0					FALSE
4524	ENSG00000130714_POMT1	chr9:131523558:T>C	chr9:131503190-131503245:+	0	0					55	FALSE		2000	0					FALSE
4525	ENSG00000130714_POMT1	chr9:131523558:T>C	chr9:131503245-131503250:+	0	0					5	FALSE		2000	0					FALSE
4526	ENSG00000130714_POMT1	chr9:131523558:T>C	chr9:131503250-131503255:+	0	0					5	FALSE		2000	0					FALSE
4527	ENSG00000130714_POMT1	chr9:131523558:T>C	chr9:131503255-131503283:+	0	0					28	FALSE		2000	0					FALSE
4528	ENSG00000130714_POMT1	chr9:131523558:T>C	chr9:131503283-131503313:+	0	0					30	FALSE		2000	0					FALSE
4529	ENSG00000130714_POMT1	chr9:131523558:T>C	chr9:131503313-131503315:+	0	0					2	FALSE		2000	0					FALSE
4530	ENSG00000130714_POMT1	chr9:131523558:T>C	chr9:131503315-131503365:+	0	0					50	FALSE		2000	0					FALSE
4531	ENSG00000130714_POMT1	chr9:131523558:T>C	chr9:131503437-131504188:+	0	0					751	FALSE		2000	0					FALSE
4532	ENSG00000130714_POMT1	chr9:131523558:T>C	chr9:131504188-131504216:+	0	0					28	FALSE		2000	0					FALSE
4533	ENSG00000130714_POMT1	chr9:131523558:T>C	chr9:131504216-131504218:+	0	0					2	FALSE		2000	0					FALSE
4534	ENSG00000130714_POMT1	chr9:131523558:T>C	chr9:131504218-131504340:+	0	0					122	FALSE		2000	0					FALSE
4535	ENSG00000130714_POMT1	chr9:131523558:T>C	chr9:131504340-131504453:+	0	0					113	FALSE		2000	0					FALSE
4536	ENSG00000130714_POMT1	chr9:131523558:T>C	chr9:131504453-131504649:+	0	0					196	FALSE		2000	0					FALSE
4537	ENSG00000130714_POMT1	chr9:131523558:T>C	chr9:131504997-131506113:+	0	0					1116	FALSE		2000	0					FALSE
4538	ENSG00000130714_POMT1	chr9:131523558:T>C	chr9:131506113-131506182:+	0	0					69	FALSE		2000	0					FALSE
4539	ENSG00000130714_POMT1	chr9:131523558:T>C	chr9:131506182-131506220:+	0	0					38	FALSE		2000	0					FALSE
4540	ENSG00000130714_POMT1	chr9:131523558:T>C	chr9:131506220-131506402:+	0	0					182	FALSE		2000	0					FALSE
4541	ENSG00000130714_POMT1	chr9:131523558:T>C	chr9:131506402-131506411:+	0	0					9	FALSE		2000	0					FALSE
4542	ENSG00000130714_POMT1	chr9:131523558:T>C	chr9:131506411-131506453:+	0	0					42	FALSE		2000	0					FALSE
4543	ENSG00000130714_POMT1	chr9:131523558:T>C	chr9:131506453-131506812:+	0	0					359	FALSE		2000	0					FALSE
4544	ENSG00000130714_POMT1	chr9:131523558:T>C	chr9:131506812-131507090:+	0	0					278	FALSE		2000	0					FALSE
4545	ENSG00000130714_POMT1	chr9:131523558:T>C	chr9:131507090-131507095:+	0	0					5	FALSE		2000	0					FALSE
4546	ENSG00000130714_POMT1	chr9:131523558:T>C	chr9:131507095-131507350:+	0	0					255	FALSE		2000	0					FALSE
4547	ENSG00000130714_POMT1	chr9:131523558:T>C	chr9:131507350-131507367:+	0	0					17	FALSE		2000	0					FALSE
4548	ENSG00000130714_POMT1	chr9:131523558:T>C	chr9:131507367-131507376:+	0	0					9	FALSE		2000	0					FALSE
4549	ENSG00000130714_POMT1	chr9:131523558:T>C	chr9:131507376-131507482:+	0	0					106	FALSE		2000	0					FALSE
4550	ENSG00000130714_POMT1	chr9:131523558:T>C	chr9:131507482-131507511:+	0	0					29	FALSE		2000	0					FALSE
4551	ENSG00000130714_POMT1	chr9:131523558:T>C	chr9:131507511-131507514:+	0	0					3	FALSE		2000	0					FALSE
4552	ENSG00000130714_POMT1	chr9:131523558:T>C	chr9:131507514-131508174:+	0	0					660	FALSE		2000	0					FALSE
4553	ENSG00000130714_POMT1	chr9:131523558:T>C	chr9:131508174-131508910:+	0	0					736	FALSE		2000	0					FALSE
4554	ENSG00000130714_POMT1	chr9:131523558:T>C	chr9:131508910-131508940:+	0	0					30	FALSE		2000	0					FALSE
4555	ENSG00000130714_POMT1	chr9:131523558:T>C	chr9:131508940-131508959:+	0	0					19	FALSE		2000	0					FALSE
4556	ENSG00000130714_POMT1	chr9:131523558:T>C	chr9:131508959-131508964:+	0	0					5	FALSE		2000	0					FALSE
4557	ENSG00000130714_POMT1	chr9:131523558:T>C	chr9:131508964-131508979:+	0	0					15	FALSE		2000	0					FALSE
4558	ENSG00000130714_POMT1	chr9:131523558:T>C	chr9:131508979-131509022:+	0	0					43	FALSE		2000	0					FALSE
4559	ENSG00000130714_POMT1	chr9:131523558:T>C	chr9:131509520-131509545:+	0	0					25	FALSE		2000	0					FALSE
4560	ENSG00000130714_POMT1	chr9:131523558:T>C	chr9:131509545-131509575:+	0	0					30	FALSE		2000	0					FALSE
4561	ENSG00000130714_POMT1	chr9:131523558:T>C	chr9:131509575-131509742:+	0	0					167	FALSE		2000	0					FALSE
4562	ENSG00000130714_POMT1	chr9:131523558:T>C	chr9:131509742-131509808:+	0	0					66	FALSE		2000	0					FALSE
4563	ENSG00000130714_POMT1	chr9:131523558:T>C	chr9:131509808-131509902:+	0	0					94	FALSE		2000	0					FALSE
4564	ENSG00000130714_POMT1	chr9:131523558:T>C	chr9:131509902-131509951:+	0	0					49	FALSE		2000	0					FALSE
4565	ENSG00000130714_POMT1	chr9:131523558:T>C	chr9:131509951-131509996:+	0	0					45	FALSE		2000	0					FALSE
4566	ENSG00000130714_POMT1	chr9:131523558:T>C	chr9:131509996-131510062:+	0	0					66	FALSE		2000	0					FALSE
4567	ENSG00000130714_POMT1	chr9:131523558:T>C	chr9:131510062-131510090:+	0	0					28	FALSE		2000	0					FALSE
4568	ENSG00000130714_POMT1	chr9:131523558:T>C	chr9:131510090-131510141:+	0	0					51	FALSE		2000	0					FALSE
4569	ENSG00000130714_POMT1	chr9:131523558:T>C	chr9:131510141-131510182:+	0	0					41	FALSE		2000	0					FALSE
4570	ENSG00000130714_POMT1	chr9:131523558:T>C	chr9:131510182-131510247:+	0	0					65	FALSE		2000	0					FALSE
4571	ENSG00000130714_POMT1	chr9:131523558:T>C	chr9:131510247-131510259:+	0	0					12	FALSE		2000	0					FALSE
4572	ENSG00000130714_POMT1	chr9:131523558:T>C	chr9:131510259-131510311:+	0	0					52	FALSE		2000	0					FALSE
4573	ENSG00000130714_POMT1	chr9:131523558:T>C	chr9:131510311-131510319:+	0	0					8	FALSE		2000	0					FALSE
4574	ENSG00000130714_POMT1	chr9:131523558:T>C	chr9:131510319-131510356:+	0	0					37	FALSE		2000	0					FALSE
4575	ENSG00000130714_POMT1	chr9:131523558:T>C	chr9:131510356-131510386:+	0	0					30	FALSE		2000	0					FALSE
4576	ENSG00000130714_POMT1	chr9:131523558:T>C	chr9:131510386-131510415:+	0	0					29	FALSE		2000	0					FALSE
4577	ENSG00000130714_POMT1	chr9:131523558:T>C	chr9:131510499-131511336:+	0	0					837	FALSE		2000	0					FALSE
4578	ENSG00000130714_POMT1	chr9:131523558:T>C	chr9:131511336-131511407:+	0	0					71	FALSE		2000	0					FALSE
4579	ENSG00000130714_POMT1	chr9:131523558:T>C	chr9:131511407-131511467:+	0	0					60	FALSE		2000	0					FALSE
4580	ENSG00000130714_POMT1	chr9:131523558:T>C	chr9:131511467-131511472:+	0	0					5	FALSE		2000	0					FALSE
4581	ENSG00000130714_POMT1	chr9:131523558:T>C	chr9:131511472-131511574:+	0	0					102	FALSE		2000	0					FALSE
4582	ENSG00000130714_POMT1	chr9:131523558:T>C	chr9:131511574-131511742:+	0	0					168	FALSE		2000	0					FALSE
4583	ENSG00000130714_POMT1	chr9:131523558:T>C	chr9:131511742-131511967:+	0	0					225	FALSE		2000	0					FALSE
4584	ENSG00000130714_POMT1	chr9:131523558:T>C	chr9:131511967-131512040:+	0	0					73	FALSE		2000	0					FALSE
4585	ENSG00000130714_POMT1	chr9:131523558:T>C	chr9:131512040-131512127:+	0	0					87	FALSE		2000	0					FALSE
4586	ENSG00000130714_POMT1	chr9:131523558:T>C	chr9:131512127-131512136:+	0	0					9	FALSE		2000	0					FALSE
4587	ENSG00000130714_POMT1	chr9:131523558:T>C	chr9:131513238-131513282:+	0	0					44	FALSE		2000	0					FALSE
4588	ENSG00000130714_POMT1	chr9:131523558:T>C	chr9:131513282-131513321:+	0	0					39	FALSE		2000	0					FALSE
4589	ENSG00000130714_POMT1	chr9:131523558:T>C	chr9:131513321-131513331:+	0	0					10	FALSE		2000	0					FALSE
4590	ENSG00000130714_POMT1	chr9:131523558:T>C	chr9:131516607-131516720:+	0	0					113	FALSE		2000	0					FALSE
4591	ENSG00000130714_POMT1	chr9:131523558:T>C	chr9:131516720-131517219:+	0	0					499	FALSE		2000	0					FALSE
4592	ENSG00000130714_POMT1	chr9:131523558:T>C	chr9:131517992-131517999:+	0	0					7	FALSE		2000	0					FALSE
4593	ENSG00000130714_POMT1	chr9:131523558:T>C	chr9:131517999-131518056:+	0	0					57	FALSE		2000	0					FALSE
4594	ENSG00000130714_POMT1	chr9:131523558:T>C	chr9:131518056-131518291:+	0	0					235	FALSE		2000	0					FALSE
4595	ENSG00000130714_POMT1	chr9:131523558:T>C	chr9:131518291-131518323:+	0	0					32	FALSE		2000	0					FALSE
4596	ENSG00000130714_POMT1	chr9:131523558:T>C	chr9:131518323-131518353:+	0	0					30	FALSE		2000	0					FALSE
4597	ENSG00000130714_POMT1	chr9:131523558:T>C	chr9:131518430-131518444:+	0	0					14	FALSE		2000	0					FALSE
4598	ENSG00000130714_POMT1	chr9:131523558:T>C	chr9:131518697-131518727:+	0	0					30	FALSE		2000	0					FALSE
4599	ENSG00000130714_POMT1	chr9:131523558:T>C	chr9:131518727-131518757:+	0	0					30	FALSE		2000	0					FALSE
4600	ENSG00000130714_POMT1	chr9:131523558:T>C	chr9:131518757-131518767:+	0	0					10	FALSE		2000	0					FALSE
4601	ENSG00000130714_POMT1	chr9:131523558:T>C	chr9:131518767-131518796:+	0	0					29	FALSE		2000	0					FALSE
4602	ENSG00000130714_POMT1	chr9:131523558:T>C	chr9:131518796-131518799:+	0	0					3	FALSE		2000	0					FALSE
4603	ENSG00000130714_POMT1	chr9:131523558:T>C	chr9:131518799-131518836:+	0	0					37	FALSE		2000	0					FALSE
4604	ENSG00000130714_POMT1	chr9:131523558:T>C	chr9:131519083-131519388:+	0	0					305	FALSE		2000	0					FALSE
4605	ENSG00000130714_POMT1	chr9:131523558:T>C	chr9:131519388-131519393:+	0	0					5	FALSE		2000	0					FALSE
4606	ENSG00000130714_POMT1	chr9:131523558:T>C	chr9:131520079-131520147:+	0	0					68	FALSE		2000	0					FALSE
4607	ENSG00000130714_POMT1	chr9:131523558:T>C	chr9:131520147-131520193:+	0	0					46	FALSE		2000	0					FALSE
4608	ENSG00000130714_POMT1	chr9:131523558:T>C	chr9:131520193-131520769:+	0	0					576	FALSE		2000	0					FALSE
4609	ENSG00000130714_POMT1	chr9:131523558:T>C	chr9:131521104-131521345:+	0	0					241	FALSE		2000	0					FALSE
4610	ENSG00000130714_POMT1	chr9:131523558:T>C	chr9:131521979-131522046:+	0	0					67	FALSE		2000	0					FALSE
4611	ENSG00000130714_POMT1	chr9:131523558:T>C	chr9:131522046-131522195:+	0	0					149	FALSE		2000	0					FALSE
4612	ENSG00000130714_POMT1	chr9:131523558:T>C	chr9:131522195-131522197:+	0	0					2	FALSE		2000	0					FALSE
4613	ENSG00000130714_POMT1	chr9:131523558:T>C	chr9:131522197-131522201:+	0	0					4	FALSE		2000	0					FALSE
4614	ENSG00000130714_POMT1	chr9:131523558:T>C	chr9:131522224-131522533:+	0	0					309	FALSE		2000	0					FALSE
4615	ENSG00000130714_POMT1	chr9:131523558:T>C	chr9:131522931-131522938:+	0	0					7	FALSE		2000	0					FALSE
4616	ENSG00000130714_POMT1	chr9:131523558:T>C	chr9:131523170-131523261:+	0	0					91	FALSE		2000	0					FALSE
4617	ENSG00000130714_POMT1	chr9:131523558:T>C	chr9:131523261-131523317:+	0	0					56	FALSE		2000	0					FALSE
4618	ENSG00000130714_POMT1	chr9:131523558:T>C	chr9:131523317-131523346:+	0	0					29	FALSE		2000	0					FALSE
4619	ENSG00000130714_POMT1	chr9:131523558:T>C	chr9:131523346-131523352:+	0	0					6	FALSE		2000	0					FALSE
4620	ENSG00000130714_POMT1	chr9:131523558:T>C	chr9:131523352-131523363:+	0	0					11	FALSE		2000	0					FALSE
4621	ENSG00000130714_POMT1	chr9:131523558:T>C	chr9:131523363-131523435:+	0	0					72	FALSE		2000	0					FALSE
4622	ENSG00000130714_POMT1	chr9:131523558:T>C	chr9:131523435-131523442:+	0	0					7	FALSE		2000	0					FALSE
4623	ENSG00000130714_POMT1	chr9:131523558:T>C	chr9:131523442-131523462:+	0	0					20	FALSE		2000	0					FALSE
4624	ENSG00000130714_POMT1	chr9:131523526:G>A	chr9:131503073-131503075:+	0	0					2	FALSE		2000	0					FALSE
4625	ENSG00000130714_POMT1	chr9:131523526:G>A	chr9:131503075-131503190:+	0	0					115	FALSE		2000	0					FALSE
4626	ENSG00000130714_POMT1	chr9:131523526:G>A	chr9:131503190-131503245:+	0	0					55	FALSE		2000	0					FALSE
4627	ENSG00000130714_POMT1	chr9:131523526:G>A	chr9:131503245-131503250:+	0	0					5	FALSE		2000	0					FALSE
4628	ENSG00000130714_POMT1	chr9:131523526:G>A	chr9:131503250-131503255:+	0	0					5	FALSE		2000	0					FALSE
4629	ENSG00000130714_POMT1	chr9:131523526:G>A	chr9:131503255-131503283:+	0	0					28	FALSE		2000	0					FALSE
4630	ENSG00000130714_POMT1	chr9:131523526:G>A	chr9:131503283-131503313:+	0	0					30	FALSE		2000	0					FALSE
4631	ENSG00000130714_POMT1	chr9:131523526:G>A	chr9:131503313-131503315:+	0	0					2	FALSE		2000	0					FALSE
4632	ENSG00000130714_POMT1	chr9:131523526:G>A	chr9:131503315-131503365:+	0	0					50	FALSE		2000	0					FALSE
4633	ENSG00000130714_POMT1	chr9:131523526:G>A	chr9:131503437-131504188:+	0	0					751	FALSE		2000	0					FALSE
4634	ENSG00000130714_POMT1	chr9:131523526:G>A	chr9:131504188-131504216:+	0	0					28	FALSE		2000	0					FALSE
4635	ENSG00000130714_POMT1	chr9:131523526:G>A	chr9:131504216-131504218:+	0	0					2	FALSE		2000	0					FALSE
4636	ENSG00000130714_POMT1	chr9:131523526:G>A	chr9:131504218-131504340:+	0	0					122	FALSE		2000	0					FALSE
4637	ENSG00000130714_POMT1	chr9:131523526:G>A	chr9:131504340-131504453:+	0	0					113	FALSE		2000	0					FALSE
4638	ENSG00000130714_POMT1	chr9:131523526:G>A	chr9:131504453-131504649:+	0	0					196	FALSE		2000	0					FALSE
4639	ENSG00000130714_POMT1	chr9:131523526:G>A	chr9:131504997-131506113:+	0	0					1116	FALSE		2000	0					FALSE
4640	ENSG00000130714_POMT1	chr9:131523526:G>A	chr9:131506113-131506182:+	0	0					69	FALSE		2000	0					FALSE
4641	ENSG00000130714_POMT1	chr9:131523526:G>A	chr9:131506182-131506220:+	0	0					38	FALSE		2000	0					FALSE
4642	ENSG00000130714_POMT1	chr9:131523526:G>A	chr9:131506220-131506402:+	0	0					182	FALSE		2000	0					FALSE
4643	ENSG00000130714_POMT1	chr9:131523526:G>A	chr9:131506402-131506411:+	0	0					9	FALSE		2000	0					FALSE
4644	ENSG00000130714_POMT1	chr9:131523526:G>A	chr9:131506411-131506453:+	0	0					42	FALSE		2000	0					FALSE
4645	ENSG00000130714_POMT1	chr9:131523526:G>A	chr9:131506453-131506812:+	0	0					359	FALSE		2000	0					FALSE
4646	ENSG00000130714_POMT1	chr9:131523526:G>A	chr9:131506812-131507090:+	0	0					278	FALSE		2000	0					FALSE
4647	ENSG00000130714_POMT1	chr9:131523526:G>A	chr9:131507090-131507095:+	0	0					5	FALSE		2000	0					FALSE
4648	ENSG00000130714_POMT1	chr9:131523526:G>A	chr9:131507095-131507350:+	0	0					255	FALSE		2000	0					FALSE
4649	ENSG00000130714_POMT1	chr9:131523526:G>A	chr9:131507350-131507367:+	0	0					17	FALSE		2000	0					FALSE
4650	ENSG00000130714_POMT1	chr9:131523526:G>A	chr9:131507367-131507376:+	0	0					9	FALSE		2000	0					FALSE
4651	ENSG00000130714_POMT1	chr9:131523526:G>A	chr9:131507376-131507482:+	0	0					106	FALSE		2000	0					FALSE
4652	ENSG00000130714_POMT1	chr9:131523526:G>A	chr9:131507482-131507511:+	0	0					29	FALSE		2000	0					FALSE
4653	ENSG00000130714_POMT1	chr9:131523526:G>A	chr9:131507511-131507514:+	0	0					3	FALSE		2000	0					FALSE
4654	ENSG00000130714_POMT1	chr9:131523526:G>A	chr9:131507514-131508174:+	0	0					660	FALSE		2000	0					FALSE
4655	ENSG00000130714_POMT1	chr9:131523526:G>A	chr9:131508174-131508910:+	0	0					736	FALSE		2000	0					FALSE
4656	ENSG00000130714_POMT1	chr9:131523526:G>A	chr9:131508910-131508940:+	0	0					30	FALSE		2000	0					FALSE
4657	ENSG00000130714_POMT1	chr9:131523526:G>A	chr9:131508940-131508959:+	0	0					19	FALSE		2000	0					FALSE
4658	ENSG00000130714_POMT1	chr9:131523526:G>A	chr9:131508959-131508964:+	0	0					5	FALSE		2000	0					FALSE
4659	ENSG00000130714_POMT1	chr9:131523526:G>A	chr9:131508964-131508979:+	0	0					15	FALSE		2000	0					FALSE
4660	ENSG00000130714_POMT1	chr9:131523526:G>A	chr9:131508979-131509022:+	0	0					43	FALSE		2000	0					FALSE
4661	ENSG00000130714_POMT1	chr9:131523526:G>A	chr9:131509520-131509545:+	0	0					25	FALSE		2000	0					FALSE
4662	ENSG00000130714_POMT1	chr9:131523526:G>A	chr9:131509545-131509575:+	0	0					30	FALSE		2000	0					FALSE
4663	ENSG00000130714_POMT1	chr9:131523526:G>A	chr9:131509575-131509742:+	0	0					167	FALSE		2000	0					FALSE
4664	ENSG00000130714_POMT1	chr9:131523526:G>A	chr9:131509742-131509808:+	0	0					66	FALSE		2000	0					FALSE
4665	ENSG00000130714_POMT1	chr9:131523526:G>A	chr9:131509808-131509902:+	0	0					94	FALSE		2000	0					FALSE
4666	ENSG00000130714_POMT1	chr9:131523526:G>A	chr9:131509902-131509951:+	0	0					49	FALSE		2000	0					FALSE
4667	ENSG00000130714_POMT1	chr9:131523526:G>A	chr9:131509951-131509996:+	0	0					45	FALSE		2000	0					FALSE
4668	ENSG00000130714_POMT1	chr9:131523526:G>A	chr9:131509996-131510062:+	0	0					66	FALSE		2000	0					FALSE
4669	ENSG00000130714_POMT1	chr9:131523526:G>A	chr9:131510062-131510090:+	0	0					28	FALSE		2000	0					FALSE
4670	ENSG00000130714_POMT1	chr9:131523526:G>A	chr9:131510090-131510141:+	0	0					51	FALSE		2000	0					FALSE
4671	ENSG00000130714_POMT1	chr9:131523526:G>A	chr9:131510141-131510182:+	0	0					41	FALSE		2000	0					FALSE
4672	ENSG00000130714_POMT1	chr9:131523526:G>A	chr9:131510182-131510247:+	0	0					65	FALSE		2000	0					FALSE
4673	ENSG00000130714_POMT1	chr9:131523526:G>A	chr9:131510247-131510259:+	0	0					12	FALSE		2000	0					FALSE
4674	ENSG00000130714_POMT1	chr9:131523526:G>A	chr9:131510259-131510311:+	0	0					52	FALSE		2000	0					FALSE
4675	ENSG00000130714_POMT1	chr9:131523526:G>A	chr9:131510311-131510319:+	0	0					8	FALSE		2000	0					FALSE
4676	ENSG00000130714_POMT1	chr9:131523526:G>A	chr9:131510319-131510356:+	0	0					37	FALSE		2000	0					FALSE
4677	ENSG00000130714_POMT1	chr9:131523526:G>A	chr9:131510356-131510386:+	0	0					30	FALSE		2000	0					FALSE
4678	ENSG00000130714_POMT1	chr9:131523526:G>A	chr9:131510386-131510415:+	0	0					29	FALSE		2000	0					FALSE
4679	ENSG00000130714_POMT1	chr9:131523526:G>A	chr9:131510499-131511336:+	0	0					837	FALSE		2000	0					FALSE
4680	ENSG00000130714_POMT1	chr9:131523526:G>A	chr9:131511336-131511407:+	0	0					71	FALSE		2000	0					FALSE
4681	ENSG00000130714_POMT1	chr9:131523526:G>A	chr9:131511407-131511467:+	0	0					60	FALSE		2000	0					FALSE
4682	ENSG00000130714_POMT1	chr9:131523526:G>A	chr9:131511467-131511472:+	0	0					5	FALSE		2000	0					FALSE
4683	ENSG00000130714_POMT1	chr9:131523526:G>A	chr9:131511472-131511574:+	0	0					102	FALSE		2000	0					FALSE
4684	ENSG00000130714_POMT1	chr9:131523526:G>A	chr9:131511574-131511742:+	0	0					168	FALSE		2000	0					FALSE
4685	ENSG00000130714_POMT1	chr9:131523526:G>A	chr9:131511742-131511967:+	0	0					225	FALSE		2000	0					FALSE
4686	ENSG00000130714_POMT1	chr9:131523526:G>A	chr9:131511967-131512040:+	0	0					73	FALSE		2000	0					FALSE
4687	ENSG00000130714_POMT1	chr9:131523526:G>A	chr9:131512040-131512127:+	0	0					87	FALSE		2000	0					FALSE
4688	ENSG00000130714_POMT1	chr9:131523526:G>A	chr9:131512127-131512136:+	0	0					9	FALSE		2000	0					FALSE
4689	ENSG00000130714_POMT1	chr9:131523526:G>A	chr9:131513238-131513282:+	0	0					44	FALSE		2000	0					FALSE
4690	ENSG00000130714_POMT1	chr9:131523526:G>A	chr9:131513282-131513321:+	0	0					39	FALSE		2000	0					FALSE
4691	ENSG00000130714_POMT1	chr9:131523526:G>A	chr9:131513321-131513331:+	0	0					10	FALSE		2000	0					FALSE
4692	ENSG00000130714_POMT1	chr9:131523526:G>A	chr9:131516607-131516720:+	0	0					113	FALSE		2000	0					FALSE
4693	ENSG00000130714_POMT1	chr9:131523526:G>A	chr9:131516720-131517219:+	0	0					499	FALSE		2000	0					FALSE
4694	ENSG00000130714_POMT1	chr9:131523526:G>A	chr9:131517992-131517999:+	0	0					7	FALSE		2000	0					FALSE
4695	ENSG00000130714_POMT1	chr9:131523526:G>A	chr9:131517999-131518056:+	0	0					57	FALSE		2000	0					FALSE
4696	ENSG00000130714_POMT1	chr9:131523526:G>A	chr9:131518056-131518291:+	0	0					235	FALSE		2000	0					FALSE
4697	ENSG00000130714_POMT1	chr9:131523526:G>A	chr9:131518291-131518323:+	0	0					32	FALSE		2000	0					FALSE
4698	ENSG00000130714_POMT1	chr9:131523526:G>A	chr9:131518323-131518353:+	0	0					30	FALSE		2000	0					FALSE
4699	ENSG00000130714_POMT1	chr9:131523526:G>A	chr9:131518430-131518444:+	0	0					14	FALSE		2000	0					FALSE
4700	ENSG00000130714_POMT1	chr9:131523526:G>A	chr9:131518697-131518727:+	0	0					30	FALSE		2000	0					FALSE
4701	ENSG00000130714_POMT1	chr9:131523526:G>A	chr9:131518727-131518757:+	0	0					30	FALSE		2000	0					FALSE
4702	ENSG00000130714_POMT1	chr9:131523526:G>A	chr9:131518757-131518767:+	0	0					10	FALSE		2000	0					FALSE
4703	ENSG00000130714_POMT1	chr9:131523526:G>A	chr9:131518767-131518796:+	0	0					29	FALSE		2000	0					FALSE
4704	ENSG00000130714_POMT1	chr9:131523526:G>A	chr9:131518796-131518799:+	0	0					3	FALSE		2000	0					FALSE
4705	ENSG00000130714_POMT1	chr9:131523526:G>A	chr9:131518799-131518836:+	0	0					37	FALSE		2000	0					FALSE
4706	ENSG00000130714_POMT1	chr9:131523526:G>A	chr9:131519083-131519388:+	0	0					305	FALSE		2000	0					FALSE
4707	ENSG00000130714_POMT1	chr9:131523526:G>A	chr9:131519388-131519393:+	0	0					5	FALSE		2000	0					FALSE
4708	ENSG00000130714_POMT1	chr9:131523526:G>A	chr9:131520079-131520147:+	0	0					68	FALSE		2000	0					FALSE
4709	ENSG00000130714_POMT1	chr9:131523526:G>A	chr9:131520147-131520193:+	0	0					46	FALSE		2000	0					FALSE
4710	ENSG00000130714_POMT1	chr9:131523526:G>A	chr9:131520193-131520769:+	0	0					576	FALSE		2000	0					FALSE
4711	ENSG00000130714_POMT1	chr9:131523526:G>A	chr9:131521104-131521345:+	0	0					241	FALSE		2000	0					FALSE
4712	ENSG00000130714_POMT1	chr9:131523526:G>A	chr9:131521979-131522046:+	0	0					67	FALSE		2000	0					FALSE
4713	ENSG00000130714_POMT1	chr9:131523526:G>A	chr9:131522046-131522195:+	0	0					149	FALSE		2000	0					FALSE
4714	ENSG00000130714_POMT1	chr9:131523526:G>A	chr9:131522195-131522197:+	0	0					2	FALSE		2000	0					FALSE
4715	ENSG00000130714_POMT1	chr9:131523526:G>A	chr9:131522197-131522201:+	0	0					4	FALSE		2000	0					FALSE
4716	ENSG00000130714_POMT1	chr9:131523526:G>A	chr9:131522224-131522533:+	0	0					309	FALSE		2000	0					FALSE
4717	ENSG00000130714_POMT1	chr9:131523526:G>A	chr9:131522931-131522938:+	0	0					7	FALSE		2000	0					FALSE
4718	ENSG00000130714_POMT1	chr9:131523526:G>A	chr9:131523170-131523261:+	0	0					91	FALSE		2000	0					FALSE
4719	ENSG00000130714_POMT1	chr9:131523526:G>A	chr9:131523261-131523317:+	0	0					56	FALSE		2000	0					FALSE
4720	ENSG00000130714_POMT1	chr9:131523526:G>A	chr9:131523317-131523346:+	0	0					29	FALSE		2000	0					FALSE
4721	ENSG00000130714_POMT1	chr9:131523526:G>A	chr9:131523346-131523352:+	0	0					6	FALSE		2000	0					FALSE
4722	ENSG00000130714_POMT1	chr9:131523526:G>A	chr9:131523352-131523363:+	0	0					11	FALSE		2000	0					FALSE
4723	ENSG00000130714_POMT1	chr9:131523526:G>A	chr9:131523363-131523435:+	0	0					72	FALSE		2000	0					FALSE
4724	ENSG00000130714_POMT1	chr9:131523526:G>A	chr9:131523435-131523442:+	0	0					7	FALSE		2000	0					FALSE
4725	ENSG00000130714_POMT1	chr9:131523526:G>A	chr9:131523442-131523462:+	0	0					20	FALSE		2000	0					FALSE
4726	ENSG00000107290_SETX	chr9:132330184:A>T	chr9:132349435-132349936:-	0	0					501	FALSE		2000	0					FALSE
4727	ENSG00000107290_SETX	chr9:132330184:A>T	chr9:132353043-132353413:-	0	0					370	FALSE		2000	0					FALSE
4728	ENSG00000107290_SETX	chr9:132330184:A>T	chr9:132353413-132353648:-	0	0					235	FALSE		2000	0					FALSE
4729	ENSG00000107290_SETX	chr9:132297024:A>G	chr9:132266126-132266249:-	1	49	0	0	trans	0.493589384701721	123	TRUE	1	2000	2000	2000	1	1	1	FALSE
4730	ENSG00000107290_SETX	chr9:132297024:A>G	chr9:132269402-132269489:-	1	49	0.001	-0.152	trans	0.468516196706083	87	TRUE	0.276723276723277	2000	2000	533	0.266866566716642	0.266866566716642	1	FALSE
4731	ENSG00000107290_SETX	chr9:132297024:A>G	chr9:132274922-132275255:-	1	49	0	0	trans	0.493589384701721	333	TRUE	1	2000	2000	2000	1	1	1	FALSE
4732	ENSG00000107290_SETX	chr9:132297024:A>G	chr9:132282769-132283263:-	1	49	0	0	trans	0.493589384701721	494	TRUE	1	2000	2000	2000	1	1	1	FALSE
4733	ENSG00000107290_SETX	chr9:132297024:A>G	chr9:132286494-132286497:-	1	49	0	0	trans	0.493589384701721	3	FALSE	1	2000	2000	2000	1	1	1	FALSE
4734	ENSG00000107290_SETX	chr9:132297024:A>G	chr9:132311856-132313036:-	0	0					1180	FALSE		2000	0					FALSE
4735	ENSG00000107290_SETX	chr9:132297024:A>G	chr9:132349435-132349936:-	0	0					501	FALSE		2000	0					FALSE
4736	ENSG00000107290_SETX	chr9:132297024:A>G	chr9:132353043-132353413:-	0	0					370	FALSE		2000	0					FALSE
4737	ENSG00000107290_SETX	chr9:132297024:A>G	chr9:132353413-132353648:-	0	0					235	FALSE		2000	0					FALSE
4738	ENSG00000107290_SETX	chr9:132298297:T>C	chr9:132266126-132266249:-	1	48	0	0	trans	0.522727879577405	123	TRUE	1	2000	2000	2000	1	1	1	FALSE
4739	ENSG00000107290_SETX	chr9:132298297:T>C	chr9:132269402-132269489:-	1	48	0.031	-0.273	trans	0.0395080014957762	87	TRUE	0.0819180819180819	2000	2000	148	0.0744627686156922	0.0744627686156922	1	FALSE
4740	ENSG00000107290_SETX	chr9:132298297:T>C	chr9:132274922-132275255:-	1	48	0	0	trans	0.522727879577405	333	TRUE	1	2000	2000	2000	1	1	1	FALSE
4741	ENSG00000107290_SETX	chr9:132298297:T>C	chr9:132282769-132283263:-	1	48	0	0	trans	0.522727879577405	494	TRUE	1	2000	2000	2000	1	1	1	FALSE
4742	ENSG00000107290_SETX	chr9:132298297:T>C	chr9:132286494-132286497:-	1	48	0	0	trans	0.522727879577405	3	FALSE	1	2000	2000	2000	1	1	1	FALSE
4743	ENSG00000107290_SETX	chr9:132298297:T>C	chr9:132311856-132313036:-	1	30	0	0	trans	0.49403254274629	1180	TRUE	1	2000	1980	1980	1	1	1	FALSE
4744	ENSG00000107290_SETX	chr9:132298297:T>C	chr9:132349435-132349936:-	1	30	0	0	trans	0.49403254274629	501	TRUE	1	2000	1980	1980	1	1	1	FALSE
4745	ENSG00000107290_SETX	chr9:132298297:T>C	chr9:132353043-132353413:-	1	30	0	0	trans	0.49403254274629	370	TRUE	1	2000	1980	1980	1	1	1	FALSE
4746	ENSG00000107290_SETX	chr9:132298297:T>C	chr9:132353413-132353648:-	1	30	0	0	trans	0.49403254274629	235	TRUE	1	2000	1980	1980	1	1	1	FALSE
4747	ENSG00000125482_TTF1	chr9:132402161:C>T	chr9:132401808-132401976:-	0	0					168	FALSE		2000	0					FALSE
4748	ENSG00000125482_TTF1	chr9:132402161:C>T	chr9:132401976-132402147:-	0	0					171	FALSE		2000	0					FALSE
4749	ENSG00000125482_TTF1	chr9:132402161:C>T	chr9:132402147-132402312:-	0	0					165	FALSE		2000	0					FALSE
4750	ENSG00000125482_TTF1	chr9:132402161:C>T	chr9:132402312-132402489:-	0	0					177	FALSE		2000	0					FALSE
4751	ENSG00000125482_TTF1	chr9:132402161:C>T	chr9:132402489-132402558:-	0	0					69	FALSE		2000	0					FALSE
4752	ENSG00000125482_TTF1	chr9:132402161:C>T	chr9:132402558-132402828:-	0	0					270	FALSE		2000	0					FALSE
4753	ENSG00000125482_TTF1	chr9:132406800:G>A	chr9:132379144-132379205:-	0	0					61	FALSE		2000	0					FALSE
4754	ENSG00000125482_TTF1	chr9:132406800:G>A	chr9:132401454-132401808:-	0	0					354	FALSE		2000	0					FALSE
4755	ENSG00000125482_TTF1	chr9:132406800:G>A	chr9:132401808-132401976:-	0	0					168	FALSE		2000	0					FALSE
4756	ENSG00000125482_TTF1	chr9:132406800:G>A	chr9:132401976-132402147:-	0	0					171	FALSE		2000	0					FALSE
4757	ENSG00000125482_TTF1	chr9:132406800:G>A	chr9:132402147-132402312:-	0	0					165	FALSE		2000	0					FALSE
4758	ENSG00000125482_TTF1	chr9:132406800:G>A	chr9:132402312-132402489:-	0	0					177	FALSE		2000	0					FALSE
4759	ENSG00000125482_TTF1	chr9:132406800:G>A	chr9:132402489-132402558:-	0	0					69	FALSE		2000	0					FALSE
4760	ENSG00000125482_TTF1	chr9:132406800:G>A	chr9:132402558-132402828:-	0	0					270	FALSE		2000	0					FALSE
4761	ENSG00000125482_TTF1	chr9:132402152:C>T	chr9:132401808-132401976:-	0	0					168	FALSE		2000	0					FALSE
4762	ENSG00000125482_TTF1	chr9:132402152:C>T	chr9:132401976-132402147:-	0	0					171	FALSE		2000	0					FALSE
4763	ENSG00000125482_TTF1	chr9:132402152:C>T	chr9:132402147-132402312:-	0	0					165	FALSE		2000	0					FALSE
4764	ENSG00000125482_TTF1	chr9:132402152:C>T	chr9:132402312-132402489:-	0	0					177	FALSE		2000	0					FALSE
4765	ENSG00000125482_TTF1	chr9:132402152:C>T	chr9:132402489-132402558:-	0	0					69	FALSE		2000	0					FALSE
4766	ENSG00000125482_TTF1	chr9:132402152:C>T	chr9:132402558-132402828:-	0	0					270	FALSE		2000	0					FALSE
4767	ENSG00000165699_TSC1	chr9:132911516:A>G	chr9:132909751-132909806:-	0	0					55	FALSE		2000	0					FALSE
4768	ENSG00000165699_TSC1	chr9:132911516:A>G	chr9:132909806-132910260:-	0	0					454	FALSE		2000	0					FALSE
4769	ENSG00000165699_TSC1	chr9:132911516:A>G	chr9:132910260-132910570:-	0	0					310	FALSE		2000	0					FALSE
4770	ENSG00000165699_TSC1	chr9:132911516:A>G	chr9:132910570-132910689:-	0	0					119	FALSE		2000	0					FALSE
4771	ENSG00000165699_TSC1	chr9:132911516:A>G	chr9:132910689-132910692:-	0	0					3	FALSE		2000	0					FALSE
4772	ENSG00000165699_TSC1	chr9:132911516:A>G	chr9:132910692-132910998:-	0	0					306	FALSE		2000	0					FALSE
4773	ENSG00000165699_TSC1	chr9:132911516:A>G	chr9:132910998-132911001:-	0	0					3	FALSE		2000	0					FALSE
4774	ENSG00000165699_TSC1	chr9:132911516:A>G	chr9:132911001-132911113:-	0	0					112	FALSE		2000	0					FALSE
4775	ENSG00000165699_TSC1	chr9:132911516:A>G	chr9:132911113-132911206:-	0	0					93	FALSE		2000	0					FALSE
4776	ENSG00000165699_TSC1	chr9:132911516:A>G	chr9:132911206-132911290:-	0	0					84	FALSE		2000	0					FALSE
4777	ENSG00000165699_TSC1	chr9:132911516:A>G	chr9:132911290-132911409:-	0	0					119	FALSE		2000	0					FALSE
4778	ENSG00000165699_TSC1	chr9:132911516:A>G	chr9:132911409-132911452:-	0	0					43	FALSE		2000	0					FALSE
4779	ENSG00000165699_TSC1	chr9:132911516:A>G	chr9:132912457-132912468:-	0	0					11	FALSE		2000	0					FALSE
4780	ENSG00000165699_TSC1	chr9:132911516:A>G	chr9:132912468-132912921:-	0	0					453	FALSE		2000	0					FALSE
4781	ENSG00000160271_RALGDS	chr9:133098712:G>A	chr9:133097991-133098082:-	0	0					91	FALSE		2000	0					FALSE
4782	ENSG00000160271_RALGDS	chr9:133098712:G>A	chr9:133098762-133098864:-	0	0					102	FALSE		2000	0					FALSE
4783	ENSG00000160271_RALGDS	chr9:133098712:G>A	chr9:133098864-133099970:-	0	0					1106	FALSE		2000	0					FALSE
4784	ENSG00000160271_RALGDS	chr9:133098712:G>A	chr9:133099970-133100267:-	0	0					297	FALSE		2000	0					FALSE
4785	ENSG00000160271_RALGDS	chr9:133098712:G>A	chr9:133100382-133100495:-	0	0					113	FALSE		2000	0					FALSE
4786	ENSG00000160271_RALGDS	chr9:133098712:G>A	chr9:133100495-133100545:-	0	0					50	FALSE		2000	0					FALSE
4787	ENSG00000160271_RALGDS	chr9:133098712:G>A	chr9:133100545-133101519:-	0	0					974	FALSE		2000	0					FALSE
4788	ENSG00000160271_RALGDS	chr9:133098712:G>A	chr9:133101762-133101914:-	0	0					152	FALSE		2000	0					FALSE
4789	ENSG00000160271_RALGDS	chr9:133098712:G>A	chr9:133101914-133101937:-	0	0					23	FALSE		2000	0					FALSE
4790	ENSG00000160271_RALGDS	chr9:133098712:G>A	chr9:133103685-133103746:-	0	0					61	FALSE		2000	0					FALSE
4791	ENSG00000160271_RALGDS	chr9:133098712:G>A	chr9:133104331-133104447:-	0	0					116	FALSE		2000	0					FALSE
4792	ENSG00000160271_RALGDS	chr9:133098712:G>A	chr9:133104447-133104551:-	0	0					104	FALSE		2000	0					FALSE
4793	ENSG00000160271_RALGDS	chr9:133098712:G>A	chr9:133104551-133104602:-	0	0					51	FALSE		2000	0					FALSE
4794	ENSG00000160271_RALGDS	chr9:133098712:G>A	chr9:133107084-133107300:-	0	0					216	FALSE		2000	0					FALSE
4795	ENSG00000160271_RALGDS	chr9:133098712:G>A	chr9:133109685-133109721:-	0	0					36	FALSE		2000	0					FALSE
4796	ENSG00000160271_RALGDS	chr9:133098712:G>A	chr9:133109787-133110295:-	0	0					508	FALSE		2000	0					FALSE
4797	ENSG00000160271_RALGDS	chr9:133098712:G>A	chr9:133120971-133121142:-	0	0					171	FALSE		2000	0					FALSE
4798	ENSG00000160271_RALGDS	chr9:133098712:G>A	chr9:133121142-133121156:-	0	0					14	FALSE		2000	0					FALSE
4799	ENSG00000160271_RALGDS	chr9:133098712:G>A	chr9:133121156-133121176:-	0	0					20	FALSE		2000	0					FALSE
4800	ENSG00000160271_RALGDS	chr9:133097823:C>T	chr9:133097991-133098082:-	0	0					91	FALSE		2000	0					FALSE
4801	ENSG00000160271_RALGDS	chr9:133097823:C>T	chr9:133098762-133098864:-	0	0					102	FALSE		2000	0					FALSE
4802	ENSG00000160271_RALGDS	chr9:133097823:C>T	chr9:133098864-133099970:-	0	0					1106	FALSE		2000	0					FALSE
4803	ENSG00000160271_RALGDS	chr9:133097823:C>T	chr9:133099970-133100267:-	0	0					297	FALSE		2000	0					FALSE
4804	ENSG00000160271_RALGDS	chr9:133097823:C>T	chr9:133100382-133100495:-	0	0					113	FALSE		2000	0					FALSE
4805	ENSG00000160271_RALGDS	chr9:133097823:C>T	chr9:133100495-133100545:-	0	0					50	FALSE		2000	0					FALSE
4806	ENSG00000160271_RALGDS	chr9:133097823:C>T	chr9:133100545-133101519:-	0	0					974	FALSE		2000	0					FALSE
4807	ENSG00000160271_RALGDS	chr9:133097823:C>T	chr9:133101762-133101914:-	0	0					152	FALSE		2000	0					FALSE
4808	ENSG00000160271_RALGDS	chr9:133097823:C>T	chr9:133101914-133101937:-	0	0					23	FALSE		2000	0					FALSE
4809	ENSG00000160271_RALGDS	chr9:133097823:C>T	chr9:133103685-133103746:-	0	0					61	FALSE		2000	0					FALSE
4810	ENSG00000160271_RALGDS	chr9:133097823:C>T	chr9:133104331-133104447:-	0	0					116	FALSE		2000	0					FALSE
4811	ENSG00000160271_RALGDS	chr9:133097823:C>T	chr9:133104447-133104551:-	0	0					104	FALSE		2000	0					FALSE
4812	ENSG00000160271_RALGDS	chr9:133097823:C>T	chr9:133104551-133104602:-	0	0					51	FALSE		2000	0					FALSE
4813	ENSG00000160271_RALGDS	chr9:133097823:C>T	chr9:133107084-133107300:-	0	0					216	FALSE		2000	0					FALSE
4814	ENSG00000160271_RALGDS	chr9:133097823:C>T	chr9:133109685-133109721:-	0	0					36	FALSE		2000	0					FALSE
4815	ENSG00000160271_RALGDS	chr9:133097823:C>T	chr9:133109787-133110295:-	0	0					508	FALSE		2000	0					FALSE
4816	ENSG00000160271_RALGDS	chr9:133097823:C>T	chr9:133120971-133121142:-	0	0					171	FALSE		2000	0					FALSE
4817	ENSG00000160271_RALGDS	chr9:133097823:C>T	chr9:133121142-133121156:-	0	0					14	FALSE		2000	0					FALSE
4818	ENSG00000160271_RALGDS	chr9:133097823:C>T	chr9:133121156-133121176:-	0	0					20	FALSE		2000	0					FALSE
4819	ENSG00000148296_SURF6	chr9:133334548:C>T	chr9:133332760-133332939:-	0	0					179	FALSE		2000	0					FALSE
4820	ENSG00000148296_SURF6	chr9:133334548:C>T	chr9:133334302-133334391:-	0	0					89	FALSE		2000	0					FALSE
4821	ENSG00000148300_REXO4	chr9:133414918:G>T	chr9:133412298-133412362:-	1	36	0	0	trans	0.53339629130863	64	TRUE	1	2000	2000	2000	1	1	1	FALSE
4822	ENSG00000148300_REXO4	chr9:133414918:G>T	chr9:133412362-133412492:-	1	36	0	0	trans	0.53339629130863	130	TRUE	1	2000	2000	2000	1	1	1	FALSE
4823	ENSG00000148300_REXO4	chr9:133414918:G>T	chr9:133412777-133412921:-	1	36	0	0	trans	0.53339629130863	144	TRUE	1	2000	2000	2000	1	1	1	FALSE
4824	ENSG00000148300_REXO4	chr9:133414918:G>T	chr9:133414664-133414765:-	1	36	0	0	trans	0.53339629130863	101	TRUE	1	2000	2000	2000	1	1	1	FALSE
4825	ENSG00000148300_REXO4	chr9:133414918:G>T	chr9:133414765-133414833:-	1	36	0	0	trans	0.53339629130863	68	TRUE	1	2000	2000	2000	1	1	1	FALSE
4826	ENSG00000148300_REXO4	chr9:133414918:G>T	chr9:133414833-133415011:-	1	36	0	0	trans	0.53339629130863	178	TRUE	1	2000	2000	2000	1	1	1	FALSE
4827	ENSG00000148300_REXO4	chr9:133414918:G>T	chr9:133415661-133415900:-	1	36	0	0	trans	0.53339629130863	239	TRUE	1	2000	2000	2000	1	1	1	FALSE
4828	ENSG00000160326_SLC2A6	chr9:133472045:G>A	chr9:133473414-133473600:-	1	30	0.057	-0.176	trans	0.0212381670815814	186	TRUE	0.171828171828172	2000	1972	319	0.162189559047136	0.173913043478261	1	FALSE
4829	ENSG00000160326_SLC2A6	chr9:133472045:G>A	chr9:133473600-133473979:-	1	30	-0.014	-0.09	trans	0.684270582306172	379	TRUE	0.681318681318681	2000	1972	1343	0.681196147997973	0.685657171414293	1	FALSE
4830	ENSG00000160326_SLC2A6	chr9:133472045:G>A	chr9:133475496-133475611:-	1	30	0	0	trans	0.49403254274629	115	TRUE	1	2000	1972	1972	1	1	1	FALSE
4831	ENSG00000160326_SLC2A6	chr9:133472045:G>A	chr9:133475920-133476232:-	1	30	0	0	trans	0.49403254274629	312	TRUE	1	2000	1972	1972	1	1	1	FALSE
4832	ENSG00000160326_SLC2A6	chr9:133472045:G>A	chr9:133476232-133476236:-	1	30	0	0	trans	0.49403254274629	4	FALSE	1	2000	1972	1972	1	1	1	FALSE
4833	ENSG00000160326_SLC2A6	chr9:133472045:G>A	chr9:133476336-133476414:-	1	30	0	0	trans	0.49403254274629	78	TRUE	1	2000	1972	1972	1	1	1	FALSE
4834	ENSG00000160326_SLC2A6	chr9:133472045:G>A	chr9:133476414-133477034:-	1	30	0	0	trans	0.49403254274629	620	TRUE	1	2000	1972	1972	1	1	1	FALSE
4835	ENSG00000160326_SLC2A6	chr9:133472045:G>A	chr9:133478253-133478416:-	1	30	0	0	trans	0.49403254274629	163	TRUE	1	2000	1972	1972	1	1	1	FALSE
4836	ENSG00000160326_SLC2A6	chr9:133472045:G>A	chr9:133478416-133478967:-	1	30	-0.014	-0.09	trans	0.684270582306172	551	TRUE	0.681318681318681	2000	1972	1343	0.681196147997973	0.685657171414293	1	FALSE
4837	ENSG00000169925_BRD3	chr9:134033504:A>G	chr9:134036027-134036031:-	0	0					4	FALSE		2000	0					FALSE
4838	ENSG00000169925_BRD3	chr9:134033504:A>G	chr9:134036324-134036591:-	0	0					267	FALSE		2000	0					FALSE
4839	ENSG00000169925_BRD3	chr9:134033504:A>G	chr9:134040033-134040210:-	0	0					177	FALSE		2000	0					FALSE
4840	ENSG00000169925_BRD3	chr9:134033504:A>G	chr9:134040210-134040269:-	0	0					59	FALSE		2000	0					FALSE
4841	ENSG00000169925_BRD3	chr9:134033504:A>G	chr9:134048001-134048082:-	0	0					81	FALSE		2000	0					FALSE
4842	ENSG00000169925_BRD3	chr9:134033504:A>G	chr9:134051880-134052305:-	0	0					425	FALSE		2000	0					FALSE
4843	ENSG00000169925_BRD3	chr9:134033504:A>G	chr9:134052443-134053264:-	0	0					821	FALSE		2000	0					FALSE
4844	ENSG00000169925_BRD3	chr9:134033504:A>G	chr9:134053714-134054140:-	0	0					426	FALSE		2000	0					FALSE
4845	ENSG00000169925_BRD3	chr9:134033504:A>G	chr9:134055775-134056012:-	0	0					237	FALSE		2000	0					FALSE
4846	ENSG00000169925_BRD3	chr9:134033504:A>G	chr9:134067944-134068014:-	0	0					70	FALSE		2000	0					FALSE
4847	ENSG00000169925_BRD3	chr9:134033504:A>G	chr9:134068014-134068026:-	0	0					12	FALSE		2000	0					FALSE
4848	ENSG00000169925_BRD3	chr9:134053539:C>A	chr9:134051880-134052305:-	0	0					425	FALSE		2000	0					FALSE
4849	ENSG00000169925_BRD3	chr9:134053539:C>A	chr9:134052443-134053264:-	0	0					821	FALSE		2000	0					FALSE
4850	ENSG00000169925_BRD3	chr9:134053539:C>A	chr9:134053714-134054140:-	0	0					426	FALSE		2000	0					FALSE
4851	ENSG00000169925_BRD3	chr9:134053539:C>A	chr9:134055775-134056012:-	0	0					237	FALSE		2000	0					FALSE
4852	ENSG00000169925_BRD3	chr9:134053539:C>A	chr9:134067944-134068014:-	0	0					70	FALSE		2000	0					FALSE
4853	ENSG00000130558_OLFM1	chr9:135121141:A>G	chr9:135087667-135087668:+	1	31	0	-0.184	trans	0.487044554019432	1	FALSE	0.387612387612388	2000	2000	720	0.36031984007996	0.36031984007996	1	FALSE
4854	ENSG00000130558_OLFM1	chr9:135121141:A>G	chr9:135087668-135087673:+	1	31	0	-0.184	trans	0.487044554019432	5	FALSE	0.387612387612388	2000	2000	720	0.36031984007996	0.36031984007996	1	FALSE
4855	ENSG00000130558_OLFM1	chr9:135121141:A>G	chr9:135087673-135087727:+	1	31	0	-0.184	trans	0.487044554019432	54	TRUE	0.387612387612388	2000	2000	720	0.36031984007996	0.36031984007996	1	FALSE
4856	ENSG00000130558_OLFM1	chr9:135121141:A>G	chr9:135087727-135088139:+	1	31	0	-0.184	trans	0.487044554019432	412	TRUE	0.387612387612388	2000	2000	720	0.36031984007996	0.36031984007996	1	FALSE
4857	ENSG00000130558_OLFM1	chr9:135121141:A>G	chr9:135095059-135095222:+	1	31	0	0	trans	0.487044554019432	163	TRUE	1	2000	2000	2000	1	1	1	FALSE
4858	ENSG00000130558_OLFM1	chr9:135121141:A>G	chr9:135095863-135095869:+	1	31	0	0	trans	0.487044554019432	6	FALSE	1	2000	2000	2000	1	1	1	FALSE
4859	ENSG00000130558_OLFM1	chr9:135121141:A>G	chr9:135097780-135098065:+	1	31	0	0	trans	0.487044554019432	285	TRUE	1	2000	2000	2000	1	1	1	FALSE
4860	ENSG00000130558_OLFM1	chr9:135121141:A>G	chr9:135098065-135098107:+	1	31	0	0	trans	0.487044554019432	42	TRUE	1	2000	2000	2000	1	1	1	FALSE
4861	ENSG00000130558_OLFM1	chr9:135121141:A>G	chr9:135105639-135106748:+	1	32	0.013	0.077	trans	0.28979278578072	1109	TRUE	0.030969030969031	2000	2000	58	0.0294852573713143	0.0294852573713143	0.807334650431794	FALSE
4862	ENSG00000130558_OLFM1	chr9:135121141:A>G	chr9:135106748-135106855:+	1	32	0	0	trans	0.488432823061255	107	TRUE	1	2000	2000	2000	1	1	1	FALSE
4863	ENSG00000122140_MRPS2	chr9:135504404:A>G	chr9:135500912-135500997:+	0	0					85	FALSE		2000	0					FALSE
4864	ENSG00000122140_MRPS2	chr9:135504404:A>G	chr9:135501123-135501326:+	0	0					203	FALSE		2000	0					FALSE
4865	ENSG00000122140_MRPS2	chr9:135504404:A>G	chr9:135501698-135501843:+	0	0					145	FALSE		2000	0					FALSE
4866	ENSG00000122140_MRPS2	chr9:135504404:A>G	chr9:135502068-135502266:+	0	0					198	FALSE		2000	0					FALSE
4867	ENSG00000122140_MRPS2	chr9:135504404:A>G	chr9:135502573-135502637:+	0	0					64	FALSE		2000	0					FALSE
4868	ENSG00000122140_MRPS2	chr9:135504404:A>G	chr9:135503135-135503278:+	0	0					143	FALSE		2000	0					FALSE
4869	ENSG00000130560_UBAC1	chr9:135953684:C>T	chr9:135938221-135938339:-	2	98	0.005	-0.138	trans	0.261352878469201	118	TRUE	0.194805194805195	2000	2000	377	0.188905547226387	0.188905547226387	1	FALSE
4870	ENSG00000130560_UBAC1	chr9:135953684:C>T	chr9:135938339-135938360:-	2	98	0.005	-0.138	trans	0.261352878469201	21	TRUE	0.194805194805195	2000	2000	377	0.188905547226387	0.188905547226387	1	FALSE
4871	ENSG00000130560_UBAC1	chr9:135953684:C>T	chr9:135942161-135942289:-	2	97	0	-0.02	trans	0.514015621388285	128	TRUE	0.635364635364635	2000	2000	1245	0.622688655672164	0.622688655672164	1	FALSE
4872	ENSG00000130560_UBAC1	chr9:135953684:C>T	chr9:135945250-135945596:-	2	96	0	0	trans	0.482735986222047	346	TRUE	1	2000	2000	2000	1	1	1	FALSE
4873	ENSG00000130560_UBAC1	chr9:135953684:C>T	chr9:135945596-135945673:-	2	96	0	0	trans	0.482735986222047	77	TRUE	1	2000	2000	2000	1	1	1	FALSE
4874	ENSG00000130560_UBAC1	chr9:135953684:C>T	chr9:135947515-135947797:-	2	120	-0.005	0	trans	0.813355998816238	282	TRUE	1	2000	2000	2000	1	1	1	FALSE
4875	ENSG00000130560_UBAC1	chr9:135953684:C>T	chr9:135947905-135948044:-	2	121	0	0	trans	0.510876150438348	139	TRUE	1	2000	2000	2000	1	1	1	FALSE
4876	ENSG00000130560_UBAC1	chr9:135953684:C>T	chr9:135953753-135953893:-	2	121	0	-0.016	trans	0.510876150438348	140	TRUE	0.851148851148851	2000	2000	1676	0.83808095952024	0.83808095952024	1	FALSE
4877	ENSG00000165684_SNAPC4	chr9:136375696:A>G	chr9:136376481-136377542:-	0	0					1061	FALSE		2000	0					FALSE
4878	ENSG00000165688_PMPCA	chr9:136417018:C>T	chr9:136411117-136411405:+	1	31	0	0	trans	0.487044554019432	288	TRUE	1	2000	1987	1987	1	1	1	FALSE
4879	ENSG00000165688_PMPCA	chr9:136417018:C>T	chr9:136412199-136412489:+	1	31	0	0	trans	0.487044554019432	290	TRUE	1	2000	1987	1987	1	1	1	FALSE
4880	ENSG00000165688_PMPCA	chr9:136417018:C>T	chr9:136412560-136412569:+	1	31	-0.005	-0.059	trans	0.564311842259579	9	FALSE	0.769230769230769	2000	1987	1523	0.766599597585513	0.768115942028986	1	FALSE
4881	ENSG00000165688_PMPCA	chr9:136417018:C>T	chr9:136412569-136412606:+	1	31	0	0	trans	0.487044554019432	37	TRUE	1	2000	1987	1987	1	1	1	FALSE
4882	ENSG00000165688_PMPCA	chr9:136417018:C>T	chr9:136412809-136412892:+	1	31	-0.005	-0.059	trans	0.564311842259579	83	TRUE	0.769230769230769	2000	1987	1523	0.766599597585513	0.768115942028986	1	FALSE
4883	ENSG00000165688_PMPCA	chr9:136417018:C>T	chr9:136412892-136412965:+	1	31	0.049	-0.143	trans	0.0263415611681068	73	TRUE	0.0939060939060939	2000	1987	172	0.0870221327967807	0.0929535232383808	1	FALSE
4884	ENSG00000165688_PMPCA	chr9:136417018:C>T	chr9:136412965-136414552:+	1	31	0.049	-0.143	trans	0.0263415611681068	1587	TRUE	0.0939060939060939	2000	1987	172	0.0870221327967807	0.0929535232383808	1	FALSE
4885	ENSG00000165688_PMPCA	chr9:136417018:C>T	chr9:136414552-136414585:+	1	31	0.028	-0.118	trans	0.131129409463797	33	TRUE	0.346653346653347	2000	1987	675	0.340040241448692	0.344327836081959	1	FALSE
4886	ENSG00000165688_PMPCA	chr9:136417018:C>T	chr9:136414585-136414647:+	1	31	-0.005	-0.059	trans	0.564311842259579	62	TRUE	0.783216783216783	2000	1987	1557	0.783702213279678	0.785107446276862	1	FALSE
4887	ENSG00000165688_PMPCA	chr9:136417018:C>T	chr9:136414647-136414675:+	1	31	-0.035	-0.013	trans	0.907953034895919	28	TRUE	1	2000	1987	1987	1	1	1	FALSE
4888	ENSG00000165688_PMPCA	chr9:136417018:C>T	chr9:136414675-136414743:+	1	31	0	0	trans	0.487044554019432	68	TRUE	1	2000	1987	1987	1	1	1	FALSE
4889	ENSG00000165688_PMPCA	chr9:136417018:C>T	chr9:136416066-136416290:+	1	31	0	0	trans	0.487044554019432	224	TRUE	1	2000	1987	1987	1	1	1	FALSE
4890	ENSG00000165688_PMPCA	chr9:136417018:C>T	chr9:136416290-136416297:+	1	31	0	0	trans	0.487044554019432	7	FALSE	1	2000	1987	1987	1	1	1	FALSE
4891	ENSG00000165688_PMPCA	chr9:136417018:C>T	chr9:136416297-136416391:+	1	31	0	0	trans	0.487044554019432	94	TRUE	1	2000	1987	1987	1	1	1	FALSE
4892	ENSG00000165688_PMPCA	chr9:136417018:C>T	chr9:136416391-136416555:+	1	31	0.105	-0.466	amb	1.93853970086311e-05	164	TRUE	0.017982017982018	2000	1987	18	0.00955734406438632	0.015992003998001	0.751941489572674	FALSE
4893	ENSG00000165688_PMPCA	chr9:136417018:C>T	chr9:136416555-136416845:+	1	31	0.105	-0.466	amb	1.93853970086311e-05	290	TRUE	0.017982017982018	2000	1987	18	0.00955734406438632	0.015992003998001	0.751941489572674	FALSE
4894	ENSG00000165688_PMPCA	chr9:136417018:C>T	chr9:136416845-136416950:+	1	31	0.105	-0.466	amb	1.93853970086311e-05	105	TRUE	0.017982017982018	2000	1987	18	0.00955734406438632	0.015992003998001	0.751941489572674	FALSE
4895	ENSG00000165688_PMPCA	chr9:136417018:C>T	chr9:136416950-136416999:+	1	31	0	0	trans	0.487044554019432	49	TRUE	1	2000	1987	1987	1	1	1	FALSE
4896	ENSG00000165688_PMPCA	chr9:136417018:C>T	chr9:136417076-136417195:+	1	31	0	0	trans	0.487044554019432	119	TRUE	1	2000	1987	1987	1	1	1	FALSE
4897	ENSG00000165688_PMPCA	chr9:136417018:C>T	chr9:136417195-136417214:+	1	31	0	0	trans	0.487044554019432	19	TRUE	1	2000	1987	1987	1	1	1	FALSE
4898	ENSG00000165688_PMPCA	chr9:136417018:C>T	chr9:136417214-136418016:+	1	31	0.006	-0.071	trans	0.395216237649797	802	TRUE	0.274725274725275	2000	1987	558	0.281187122736419	0.285857071464268	1	FALSE
4899	ENSG00000165688_PMPCA	chr9:136417018:C>T	chr9:136418016-136418109:+	1	31	0	0	trans	0.487044554019432	93	TRUE	1	2000	1987	1987	1	1	1	FALSE
4900	ENSG00000165688_PMPCA	chr9:136417018:C>T	chr9:136418109-136418195:+	1	31	0	0	trans	0.487044554019432	86	TRUE	1	2000	1987	1987	1	1	1	FALSE
4901	ENSG00000165688_PMPCA	chr9:136417018:C>T	chr9:136418254-136418437:+	1	31	0	0	trans	0.487044554019432	183	TRUE	1	2000	1987	1987	1	1	1	FALSE
4902	ENSG00000165688_PMPCA	chr9:136417018:C>T	chr9:136418437-136418554:+	1	31	0	0	trans	0.487044554019432	117	TRUE	1	2000	1987	1987	1	1	1	FALSE
4903	ENSG00000165688_PMPCA	chr9:136417018:C>T	chr9:136418554-136418673:+	1	31	0	0	trans	0.487044554019432	119	TRUE	1	2000	1987	1987	1	1	1	FALSE
4904	ENSG00000165688_PMPCA	chr9:136417018:C>T	chr9:136418827-136418918:+	1	31	0	0	trans	0.487044554019432	91	TRUE	1	2000	1987	1987	1	1	1	FALSE
4905	ENSG00000165688_PMPCA	chr9:136417018:C>T	chr9:136419106-136420007:+	1	31	0	0	trans	0.487044554019432	901	TRUE	1	2000	1987	1987	1	1	1	FALSE
4906	ENSG00000165688_PMPCA	chr9:136417018:C>T	chr9:136420007-136420011:+	1	31	0	0	trans	0.487044554019432	4	FALSE	1	2000	1987	1987	1	1	1	FALSE
4907	ENSG00000165688_PMPCA	chr9:136417018:C>T	chr9:136420011-136420080:+	1	31	0.06	0.176	trans	0.00901092619204169	69	TRUE	0.168831168831169	2000	1987	321	0.161971830985916	0.167416291854073	1	FALSE
4908	ENSG00000165688_PMPCA	chr9:136417018:C>T	chr9:136420080-136420933:+	1	31	0	0	trans	0.487044554019432	853	TRUE	1	2000	1987	1987	1	1	1	FALSE
4909	ENSG00000165688_PMPCA	chr9:136417018:C>T	chr9:136421976-136422021:+	1	31	0.01	0.164	trans	0.336782019429095	45	TRUE	0.266733266733267	2000	1987	522	0.26307847082495	0.267866066966517	1	FALSE
4910	ENSG00000165688_PMPCA	chr9:136417018:C>T	chr9:136422021-136423094:+	1	31	0.01	0.164	trans	0.336782019429095	1073	TRUE	0.266733266733267	2000	1987	522	0.26307847082495	0.267866066966517	1	FALSE
4911	ENSG00000165688_PMPCA	chr9:136417018:C>T	chr9:136423480-136423508:+	1	31	0	0	trans	0.487044554019432	28	TRUE	1	2000	1987	1987	1	1	1	FALSE
4912	ENSG00000165688_PMPCA	chr9:136417018:C>T	chr9:136423508-136423677:+	1	31	0	0	trans	0.487044554019432	169	TRUE	1	2000	1987	1987	1	1	1	FALSE
4913	ENSG00000165688_PMPCA	chr9:136417018:C>T	chr9:136423677-136423734:+	1	31	-0.016	0.084	trans	0.722260552033306	57	TRUE	0.470529470529471	2000	1987	904	0.45523138832998	0.458770614692654	1	FALSE
4914	ENSG00000165688_PMPCA	chr9:136417018:C>T	chr9:136423734-136423737:+	1	31	-0.016	0.084	trans	0.722260552033306	3	FALSE	0.470529470529471	2000	1987	904	0.45523138832998	0.458770614692654	1	FALSE
4915	ENSG00000165688_PMPCA	chr9:136417018:C>T	chr9:136423737-136423742:+	0	0					5	FALSE		2000	0					FALSE
4916	ENSG00000165688_PMPCA	chr9:136417018:C>T	chr9:136423742-136423744:+	0	0					2	FALSE		2000	0					FALSE
4917	ENSG00000165688_PMPCA	chr9:136417018:C>T	chr9:136423744-136423748:+	0	0					4	FALSE		2000	0					FALSE
4918	ENSG00000165688_PMPCA	chr9:136417018:C>T	chr9:136423748-136423754:+	0	0					6	FALSE		2000	0					FALSE
4919	ENSG00000165688_PMPCA	chr9:136417018:C>T	chr9:136423754-136423760:+	0	0					6	FALSE		2000	0					FALSE
4920	ENSG00000165688_PMPCA	chr9:136417018:C>T	chr9:136423760-136423761:+	0	0					1	FALSE		2000	0					FALSE
4921	ENSG00000165688_PMPCA	chr9:136423416:T>C	chr9:136411117-136411405:+	2	99	0	0	trans	0.495907689790715	288	TRUE	1	2000	2000	2000	1	1	1	FALSE
4922	ENSG00000165688_PMPCA	chr9:136423416:T>C	chr9:136412199-136412489:+	2	99	0	0	trans	0.495907689790715	290	TRUE	1	2000	2000	2000	1	1	1	FALSE
4923	ENSG00000165688_PMPCA	chr9:136423416:T>C	chr9:136412560-136412569:+	2	99	0	0	trans	0.495907689790715	9	FALSE	1	2000	2000	2000	1	1	1	FALSE
4924	ENSG00000165688_PMPCA	chr9:136423416:T>C	chr9:136412569-136412606:+	2	99	0	0	trans	0.495907689790715	37	TRUE	1	2000	2000	2000	1	1	1	FALSE
4925	ENSG00000165688_PMPCA	chr9:136423416:T>C	chr9:136412809-136412892:+	2	99	0	0	trans	0.495907689790715	83	TRUE	1	2000	2000	2000	1	1	1	FALSE
4926	ENSG00000165688_PMPCA	chr9:136423416:T>C	chr9:136412892-136412965:+	2	97	-0.004	-0.046	trans	0.702505204522669	73	TRUE	0.625374625374625	2000	2000	1265	0.632683658170915	0.632683658170915	1	FALSE
4927	ENSG00000165688_PMPCA	chr9:136423416:T>C	chr9:136412965-136414552:+	2	97	-0.004	-0.046	trans	0.702505204522669	1587	TRUE	0.625374625374625	2000	2000	1265	0.632683658170915	0.632683658170915	1	FALSE
4928	ENSG00000165688_PMPCA	chr9:136423416:T>C	chr9:136414552-136414585:+	2	98	0.018	-0.103	amb	0.00993623067522964	33	TRUE	0.147852147852148	2000	2000	277	0.138930534732634	0.138930534732634	1	FALSE
4929	ENSG00000165688_PMPCA	chr9:136423416:T>C	chr9:136414585-136414647:+	2	98	0.018	-0.103	amb	0.00993623067522964	62	TRUE	0.147852147852148	2000	2000	277	0.138930534732634	0.138930534732634	1	FALSE
4930	ENSG00000165688_PMPCA	chr9:136423416:T>C	chr9:136414647-136414675:+	2	100	0.018	0.045	amb	0.0038841241106844	28	TRUE	0.054945054945055	2000	2000	104	0.0524737631184408	0.0524737631184408	1	FALSE
4931	ENSG00000165688_PMPCA	chr9:136423416:T>C	chr9:136414675-136414743:+	2	99	0	0	trans	0.495907689790715	68	TRUE	1	2000	2000	2000	1	1	1	FALSE
4932	ENSG00000165688_PMPCA	chr9:136423416:T>C	chr9:136416066-136416290:+	2	99	0	0	trans	0.495907689790715	224	TRUE	1	2000	2000	2000	1	1	1	FALSE
4933	ENSG00000165688_PMPCA	chr9:136423416:T>C	chr9:136416290-136416297:+	2	99	-0.002	0.018	trans	0.601348327085018	7	FALSE	0.926073926073926	2000	2000	1855	0.927536231884058	0.927536231884058	1	FALSE
4934	ENSG00000165688_PMPCA	chr9:136423416:T>C	chr9:136416297-136416391:+	2	99	-0.002	0.018	trans	0.601348327085018	94	TRUE	0.926073926073926	2000	2000	1855	0.927536231884058	0.927536231884058	1	FALSE
4935	ENSG00000165688_PMPCA	chr9:136423416:T>C	chr9:136416391-136416555:+	2	99	-0.001	-0.085	trans	0.549061379643832	164	TRUE	0.413586413586414	2000	2000	808	0.404297851074463	0.404297851074463	1	FALSE
4936	ENSG00000165688_PMPCA	chr9:136423416:T>C	chr9:136416555-136416845:+	2	99	-0.001	-0.085	trans	0.549061379643832	290	TRUE	0.413586413586414	2000	2000	808	0.404297851074463	0.404297851074463	1	FALSE
4937	ENSG00000165688_PMPCA	chr9:136423416:T>C	chr9:136416845-136416950:+	2	99	-0.001	-0.085	trans	0.549061379643832	105	TRUE	0.413586413586414	2000	2000	808	0.404297851074463	0.404297851074463	1	FALSE
4938	ENSG00000165688_PMPCA	chr9:136423416:T>C	chr9:136416950-136416999:+	2	99	0	0	trans	0.495907689790715	49	TRUE	1	2000	2000	2000	1	1	1	FALSE
4939	ENSG00000165688_PMPCA	chr9:136423416:T>C	chr9:136417076-136417195:+	2	99	0	0	trans	0.495907689790715	119	TRUE	1	2000	2000	2000	1	1	1	FALSE
4940	ENSG00000165688_PMPCA	chr9:136423416:T>C	chr9:136417195-136417214:+	2	99	0	0	trans	0.495907689790715	19	TRUE	1	2000	2000	2000	1	1	1	FALSE
4941	ENSG00000165688_PMPCA	chr9:136423416:T>C	chr9:136417214-136418016:+	2	99	0.003	0.023	trans	0.340571776451389	802	TRUE	0.105894105894106	2000	2000	221	0.110944527736132	0.110944527736132	1	FALSE
4942	ENSG00000165688_PMPCA	chr9:136423416:T>C	chr9:136418016-136418109:+	2	99	0	0	trans	0.495907689790715	93	TRUE	1	2000	2000	2000	1	1	1	FALSE
4943	ENSG00000165688_PMPCA	chr9:136423416:T>C	chr9:136418109-136418195:+	2	99	0	0	trans	0.495907689790715	86	TRUE	1	2000	2000	2000	1	1	1	FALSE
4944	ENSG00000165688_PMPCA	chr9:136423416:T>C	chr9:136418254-136418437:+	2	99	0	0	trans	0.495907689790715	183	TRUE	1	2000	2000	2000	1	1	1	FALSE
4945	ENSG00000165688_PMPCA	chr9:136423416:T>C	chr9:136418437-136418554:+	2	99	0	0	trans	0.495907689790715	117	TRUE	1	2000	2000	2000	1	1	1	FALSE
4946	ENSG00000165688_PMPCA	chr9:136423416:T>C	chr9:136418554-136418673:+	2	99	0	0	trans	0.495907689790715	119	TRUE	1	2000	2000	2000	1	1	1	FALSE
4947	ENSG00000165688_PMPCA	chr9:136423416:T>C	chr9:136418827-136418918:+	2	99	0	0	trans	0.495907689790715	91	TRUE	1	2000	2000	2000	1	1	1	FALSE
4948	ENSG00000165688_PMPCA	chr9:136423416:T>C	chr9:136419106-136420007:+	2	99	0	0	trans	0.495907689790715	901	TRUE	1	2000	2000	2000	1	1	1	FALSE
4949	ENSG00000165688_PMPCA	chr9:136423416:T>C	chr9:136420007-136420011:+	2	99	0	0	trans	0.495907689790715	4	FALSE	1	2000	2000	2000	1	1	1	FALSE
4950	ENSG00000165688_PMPCA	chr9:136423416:T>C	chr9:136420011-136420080:+	2	99	0.003	0.023	trans	0.340571776451389	69	TRUE	0.100899100899101	2000	2000	218	0.109445277361319	0.109445277361319	1	FALSE
4951	ENSG00000165688_PMPCA	chr9:136423416:T>C	chr9:136420080-136420933:+	2	99	0	0	trans	0.495907689790715	853	TRUE	1	2000	2000	2000	1	1	1	FALSE
4952	ENSG00000165688_PMPCA	chr9:136423416:T>C	chr9:136421976-136422021:+	2	99	0.005	0.086	trans	0.248885890258835	45	TRUE	0.241758241758242	2000	2000	512	0.256371814092954	0.256371814092954	1	FALSE
4953	ENSG00000165688_PMPCA	chr9:136423416:T>C	chr9:136422021-136423094:+	2	99	0.005	0.086	trans	0.248885890258835	1073	TRUE	0.241758241758242	2000	2000	512	0.256371814092954	0.256371814092954	1	FALSE
4954	ENSG00000165688_PMPCA	chr9:136423416:T>C	chr9:136423480-136423508:+	2	99	0	0	trans	0.495907689790715	28	TRUE	1	2000	2000	2000	1	1	1	FALSE
4955	ENSG00000165688_PMPCA	chr9:136423416:T>C	chr9:136423508-136423677:+	2	99	0	0	trans	0.495907689790715	169	TRUE	1	2000	2000	2000	1	1	1	FALSE
4956	ENSG00000165688_PMPCA	chr9:136423416:T>C	chr9:136423677-136423734:+	2	99	0	0	trans	0.495907689790715	57	TRUE	1	2000	2000	2000	1	1	1	FALSE
4957	ENSG00000165688_PMPCA	chr9:136423416:T>C	chr9:136423734-136423737:+	2	99	0	0	trans	0.495907689790715	3	FALSE	1	2000	2000	2000	1	1	1	FALSE
4958	ENSG00000165688_PMPCA	chr9:136423416:T>C	chr9:136423737-136423742:+	2	98	0	0	trans	0.504249996842584	5	FALSE	1	2000	2000	2000	1	1	1	FALSE
4959	ENSG00000165688_PMPCA	chr9:136423416:T>C	chr9:136423742-136423744:+	2	97	0	0	trans	0.514015621388285	2	FALSE	1	2000	2000	2000	1	1	1	FALSE
4960	ENSG00000165688_PMPCA	chr9:136423416:T>C	chr9:136423744-136423748:+	2	97	0	0	trans	0.514015621388285	4	FALSE	1	2000	2000	2000	1	1	1	FALSE
4961	ENSG00000165688_PMPCA	chr9:136423416:T>C	chr9:136423748-136423754:+	2	97	0	0	trans	0.514015621388285	6	FALSE	1	2000	2000	2000	1	1	1	FALSE
4962	ENSG00000165688_PMPCA	chr9:136423416:T>C	chr9:136423754-136423760:+	2	94	0	0	trans	0.439631932285067	6	FALSE	1	2000	2000	2000	1	1	1	FALSE
4963	ENSG00000165688_PMPCA	chr9:136423416:T>C	chr9:136423760-136423761:+	2	78	0	0	trans	0.489484244938181	1	FALSE	1	2000	2000	2000	1	1	1	FALSE
4964	ENSG00000165688_PMPCA	chr9:136423416:T>C	chr9:136423761-136424589:+	1	36	0	0	trans	0.53339629130863	828	TRUE	1	2000	2000	2000	1	1	1	FALSE
4965	ENSG00000165688_PMPCA	chr9:136423618:A>G	chr9:136411117-136411405:+	1	61	0	0	trans	0.503959451421178	288	TRUE	1	2000	2000	2000	1	1	1	FALSE
4966	ENSG00000165688_PMPCA	chr9:136423618:A>G	chr9:136412199-136412489:+	1	61	0	0	trans	0.503959451421178	290	TRUE	1	2000	2000	2000	1	1	1	FALSE
4967	ENSG00000165688_PMPCA	chr9:136423618:A>G	chr9:136412560-136412569:+	1	61	0	0	trans	0.503959451421178	9	FALSE	1	2000	2000	2000	1	1	1	FALSE
4968	ENSG00000165688_PMPCA	chr9:136423618:A>G	chr9:136412569-136412606:+	1	61	0	0	trans	0.503959451421178	37	TRUE	1	2000	2000	2000	1	1	1	FALSE
4969	ENSG00000165688_PMPCA	chr9:136423618:A>G	chr9:136412809-136412892:+	1	61	0	0	trans	0.503959451421178	83	TRUE	1	2000	2000	2000	1	1	1	FALSE
4970	ENSG00000165688_PMPCA	chr9:136423618:A>G	chr9:136412892-136412965:+	1	61	-0.005	-0.073	trans	0.667030492909727	73	TRUE	0.504495504495505	2000	2000	1039	0.519740129935033	0.519740129935033	1	FALSE
4971	ENSG00000165688_PMPCA	chr9:136423618:A>G	chr9:136412965-136414552:+	1	61	-0.005	-0.073	trans	0.667030492909727	1587	TRUE	0.504495504495505	2000	2000	1039	0.519740129935033	0.519740129935033	1	FALSE
4972	ENSG00000165688_PMPCA	chr9:136423618:A>G	chr9:136414552-136414585:+	1	61	0.011	-0.056	trans	0.17929849416816	33	TRUE	0.48951048951049	2000	2000	988	0.494252873563218	0.494252873563218	1	FALSE
4973	ENSG00000165688_PMPCA	chr9:136423618:A>G	chr9:136414585-136414647:+	1	61	0.011	-0.056	trans	0.17929849416816	62	TRUE	0.48951048951049	2000	2000	988	0.494252873563218	0.494252873563218	1	FALSE
4974	ENSG00000165688_PMPCA	chr9:136423618:A>G	chr9:136414647-136414675:+	1	61	-0.014	-0.024	trans	0.883168049443701	28	TRUE	0.697302697302697	2000	2000	1371	0.685657171414293	0.685657171414293	1	FALSE
4975	ENSG00000165688_PMPCA	chr9:136423618:A>G	chr9:136414675-136414743:+	1	61	0	0	trans	0.503959451421178	68	TRUE	1	2000	2000	2000	1	1	1	FALSE
4976	ENSG00000165688_PMPCA	chr9:136423618:A>G	chr9:136416066-136416290:+	1	61	0	0	trans	0.503959451421178	224	TRUE	1	2000	2000	2000	1	1	1	FALSE
4977	ENSG00000165688_PMPCA	chr9:136423618:A>G	chr9:136416290-136416297:+	1	61	0.007	0.04	trans	0.280755269651501	7	FALSE	0.038961038961039	2000	2000	76	0.0384807596201899	0.0384807596201899	0.898162489003432	FALSE
4978	ENSG00000165688_PMPCA	chr9:136423618:A>G	chr9:136416297-136416391:+	1	61	0.007	0.04	trans	0.280755269651501	94	TRUE	0.038961038961039	2000	2000	76	0.0384807596201899	0.0384807596201899	0.898162489003432	FALSE
4979	ENSG00000165688_PMPCA	chr9:136423618:A>G	chr9:136416391-136416555:+	1	61	-0.001	-0.124	trans	0.537558878101624	164	TRUE	0.428571428571429	2000	2000	802	0.401299350324838	0.401299350324838	1	FALSE
4980	ENSG00000165688_PMPCA	chr9:136423618:A>G	chr9:136416555-136416845:+	1	61	-0.001	-0.124	trans	0.537558878101624	290	TRUE	0.428571428571429	2000	2000	802	0.401299350324838	0.401299350324838	1	FALSE
4981	ENSG00000165688_PMPCA	chr9:136423618:A>G	chr9:136416845-136416950:+	1	61	-0.001	-0.124	trans	0.537558878101624	105	TRUE	0.428571428571429	2000	2000	802	0.401299350324838	0.401299350324838	1	FALSE
4982	ENSG00000165688_PMPCA	chr9:136423618:A>G	chr9:136416950-136416999:+	1	61	0	0	trans	0.503959451421178	49	TRUE	1	2000	2000	2000	1	1	1	FALSE
4983	ENSG00000165688_PMPCA	chr9:136423618:A>G	chr9:136417076-136417195:+	1	61	0	0	trans	0.503959451421178	119	TRUE	1	2000	2000	2000	1	1	1	FALSE
4984	ENSG00000165688_PMPCA	chr9:136423618:A>G	chr9:136417195-136417214:+	1	61	0	0	trans	0.503959451421178	19	TRUE	1	2000	2000	2000	1	1	1	FALSE
4985	ENSG00000165688_PMPCA	chr9:136423618:A>G	chr9:136417214-136418016:+	1	61	0	0	trans	0.503959451421178	802	TRUE	1	2000	2000	2000	1	1	1	FALSE
4986	ENSG00000165688_PMPCA	chr9:136423618:A>G	chr9:136418016-136418109:+	1	61	0	0	trans	0.503959451421178	93	TRUE	1	2000	2000	2000	1	1	1	FALSE
4987	ENSG00000165688_PMPCA	chr9:136423618:A>G	chr9:136418109-136418195:+	1	61	0	0	trans	0.503959451421178	86	TRUE	1	2000	2000	2000	1	1	1	FALSE
4988	ENSG00000165688_PMPCA	chr9:136423618:A>G	chr9:136418254-136418437:+	1	61	0.033	-0.08	amb	0.0027687929428869	183	TRUE	0.014985014985015	2000	2000	36	0.0184907546226887	0.0184907546226887	0.781094301334181	FALSE
4989	ENSG00000165688_PMPCA	chr9:136423618:A>G	chr9:136418437-136418554:+	1	61	0.033	-0.08	amb	0.0027687929428869	117	TRUE	0.014985014985015	2000	2000	36	0.0184907546226887	0.0184907546226887	0.781094301334181	FALSE
4990	ENSG00000165688_PMPCA	chr9:136423618:A>G	chr9:136418554-136418673:+	1	61	0	0	trans	0.503959451421178	119	TRUE	1	2000	2000	2000	1	1	1	FALSE
4991	ENSG00000165688_PMPCA	chr9:136423618:A>G	chr9:136418827-136418918:+	1	61	0	0	trans	0.503959451421178	91	TRUE	1	2000	2000	2000	1	1	1	FALSE
4992	ENSG00000165688_PMPCA	chr9:136423618:A>G	chr9:136419106-136420007:+	1	61	0	0	trans	0.503959451421178	901	TRUE	1	2000	2000	2000	1	1	1	FALSE
4993	ENSG00000165688_PMPCA	chr9:136423618:A>G	chr9:136420007-136420011:+	1	61	0	0	trans	0.503959451421178	4	FALSE	1	2000	2000	2000	1	1	1	FALSE
4994	ENSG00000165688_PMPCA	chr9:136423618:A>G	chr9:136420011-136420080:+	1	61	-0.005	0.028	trans	0.667030492909727	69	TRUE	0.989010989010989	2000	2000	1984	0.992003998000999	0.992003998000999	1	FALSE
4995	ENSG00000165688_PMPCA	chr9:136423618:A>G	chr9:136420080-136420933:+	1	61	0	0	trans	0.503959451421178	853	TRUE	1	2000	2000	2000	1	1	1	FALSE
4996	ENSG00000165688_PMPCA	chr9:136423618:A>G	chr9:136421976-136422021:+	1	61	-0.011	0.031	trans	0.825850006756485	45	TRUE	0.725274725274725	2000	2000	1447	0.723638180909545	0.723638180909545	1	FALSE
4997	ENSG00000165688_PMPCA	chr9:136423618:A>G	chr9:136422021-136423094:+	1	61	-0.011	0.031	trans	0.825850006756485	1073	TRUE	0.725274725274725	2000	2000	1447	0.723638180909545	0.723638180909545	1	FALSE
4998	ENSG00000165688_PMPCA	chr9:136423618:A>G	chr9:136423480-136423508:+	1	61	0	0	trans	0.503959451421178	28	TRUE	1	2000	2000	2000	1	1	1	FALSE
4999	ENSG00000165688_PMPCA	chr9:136423618:A>G	chr9:136423508-136423677:+	1	61	0	0	trans	0.503959451421178	169	TRUE	1	2000	2000	2000	1	1	1	FALSE
5000	ENSG00000165688_PMPCA	chr9:136423618:A>G	chr9:136423677-136423734:+	1	61	0	0	trans	0.503959451421178	57	TRUE	1	2000	2000	2000	1	1	1	FALSE
5001	ENSG00000165688_PMPCA	chr9:136423618:A>G	chr9:136423734-136423737:+	1	61	0	0	trans	0.503959451421178	3	FALSE	1	2000	2000	2000	1	1	1	FALSE
5002	ENSG00000165688_PMPCA	chr9:136423618:A>G	chr9:136423737-136423742:+	1	60	0	0	trans	0.494944656084381	5	FALSE	1	2000	2000	2000	1	1	1	FALSE
5003	ENSG00000165688_PMPCA	chr9:136423618:A>G	chr9:136423742-136423744:+	1	60	0	0	trans	0.494944656084381	2	FALSE	1	2000	2000	2000	1	1	1	FALSE
5004	ENSG00000165688_PMPCA	chr9:136423618:A>G	chr9:136423744-136423748:+	1	58	0	0	trans	0.50385616305635	4	FALSE	1	2000	2000	2000	1	1	1	FALSE
5005	ENSG00000165688_PMPCA	chr9:136423618:A>G	chr9:136423748-136423754:+	1	58	0	0	trans	0.50385616305635	6	FALSE	1	2000	2000	2000	1	1	1	FALSE
5006	ENSG00000165688_PMPCA	chr9:136423618:A>G	chr9:136423754-136423760:+	1	53	0	0	trans	0.513070834746567	6	FALSE	1	2000	2000	2000	1	1	1	FALSE
5007	ENSG00000165688_PMPCA	chr9:136423618:A>G	chr9:136423760-136423761:+	1	45	0	0	trans	0.491208409889844	1	FALSE	1	2000	2000	2000	1	1	1	FALSE
5008	ENSG00000165688_PMPCA	chr9:136423618:A>G	chr9:136423761-136424589:+	1	35	0	0	trans	0.43650398648461	828	TRUE	1	2000	1997	1997	1	1	1	FALSE
5009	ENSG00000165688_PMPCA	chr9:136412014:C>T	chr9:136411117-136411405:+	0	0					288	FALSE		2000	0					FALSE
5010	ENSG00000165688_PMPCA	chr9:136412014:C>T	chr9:136412199-136412489:+	0	0					290	FALSE		2000	0					FALSE
5011	ENSG00000165688_PMPCA	chr9:136412014:C>T	chr9:136412560-136412569:+	0	0					9	FALSE		2000	0					FALSE
5012	ENSG00000165688_PMPCA	chr9:136412014:C>T	chr9:136412569-136412606:+	0	0					37	FALSE		2000	0					FALSE
5013	ENSG00000165688_PMPCA	chr9:136412014:C>T	chr9:136412809-136412892:+	0	0					83	FALSE		2000	0					FALSE
5014	ENSG00000165688_PMPCA	chr9:136412014:C>T	chr9:136412892-136412965:+	0	0					73	FALSE		2000	0					FALSE
5015	ENSG00000165688_PMPCA	chr9:136412014:C>T	chr9:136412965-136414552:+	0	0					1587	FALSE		2000	0					FALSE
5016	ENSG00000165688_PMPCA	chr9:136412014:C>T	chr9:136414552-136414585:+	0	0					33	FALSE		2000	0					FALSE
5017	ENSG00000165688_PMPCA	chr9:136412014:C>T	chr9:136414585-136414647:+	0	0					62	FALSE		2000	0					FALSE
5018	ENSG00000165688_PMPCA	chr9:136412014:C>T	chr9:136414647-136414675:+	0	0					28	FALSE		2000	0					FALSE
5019	ENSG00000165688_PMPCA	chr9:136412014:C>T	chr9:136414675-136414743:+	0	0					68	FALSE		2000	0					FALSE
5020	ENSG00000165688_PMPCA	chr9:136412014:C>T	chr9:136416066-136416290:+	0	0					224	FALSE		2000	0					FALSE
5021	ENSG00000165688_PMPCA	chr9:136412014:C>T	chr9:136416290-136416297:+	0	0					7	FALSE		2000	0					FALSE
5022	ENSG00000165688_PMPCA	chr9:136412014:C>T	chr9:136416297-136416391:+	0	0					94	FALSE		2000	0					FALSE
5023	ENSG00000165688_PMPCA	chr9:136412014:C>T	chr9:136416391-136416555:+	0	0					164	FALSE		2000	0					FALSE
5024	ENSG00000165688_PMPCA	chr9:136412014:C>T	chr9:136416555-136416845:+	0	0					290	FALSE		2000	0					FALSE
5025	ENSG00000165688_PMPCA	chr9:136412014:C>T	chr9:136416845-136416950:+	0	0					105	FALSE		2000	0					FALSE
5026	ENSG00000165688_PMPCA	chr9:136412014:C>T	chr9:136416950-136416999:+	0	0					49	FALSE		2000	0					FALSE
5027	ENSG00000165688_PMPCA	chr9:136412014:C>T	chr9:136417076-136417195:+	0	0					119	FALSE		2000	0					FALSE
5028	ENSG00000165688_PMPCA	chr9:136412014:C>T	chr9:136417195-136417214:+	0	0					19	FALSE		2000	0					FALSE
5029	ENSG00000165688_PMPCA	chr9:136412014:C>T	chr9:136417214-136418016:+	0	0					802	FALSE		2000	0					FALSE
5030	ENSG00000165688_PMPCA	chr9:136412014:C>T	chr9:136418016-136418109:+	0	0					93	FALSE		2000	0					FALSE
5031	ENSG00000165688_PMPCA	chr9:136412014:C>T	chr9:136418109-136418195:+	0	0					86	FALSE		2000	0					FALSE
5032	ENSG00000165688_PMPCA	chr9:136412014:C>T	chr9:136418254-136418437:+	0	0					183	FALSE		2000	0					FALSE
5033	ENSG00000165688_PMPCA	chr9:136412014:C>T	chr9:136418437-136418554:+	0	0					117	FALSE		2000	0					FALSE
5034	ENSG00000165688_PMPCA	chr9:136412014:C>T	chr9:136418554-136418673:+	0	0					119	FALSE		2000	0					FALSE
5035	ENSG00000165688_PMPCA	chr9:136412014:C>T	chr9:136418827-136418918:+	0	0					91	FALSE		2000	0					FALSE
5036	ENSG00000165688_PMPCA	chr9:136412014:C>T	chr9:136419106-136420007:+	0	0					901	FALSE		2000	0					FALSE
5037	ENSG00000165688_PMPCA	chr9:136412014:C>T	chr9:136420007-136420011:+	0	0					4	FALSE		2000	0					FALSE
5038	ENSG00000165688_PMPCA	chr9:136412014:C>T	chr9:136420011-136420080:+	0	0					69	FALSE		2000	0					FALSE
5039	ENSG00000165688_PMPCA	chr9:136412014:C>T	chr9:136420080-136420933:+	0	0					853	FALSE		2000	0					FALSE
5040	ENSG00000165688_PMPCA	chr9:136412014:C>T	chr9:136421976-136422021:+	0	0					45	FALSE		2000	0					FALSE
5041	ENSG00000165688_PMPCA	chr9:136412014:C>T	chr9:136422021-136423094:+	0	0					1073	FALSE		2000	0					FALSE
5042	ENSG00000165688_PMPCA	chr9:136412014:C>T	chr9:136423480-136423508:+	0	0					28	FALSE		2000	0					FALSE
5043	ENSG00000165688_PMPCA	chr9:136412014:C>T	chr9:136423508-136423677:+	0	0					169	FALSE		2000	0					FALSE
5044	ENSG00000165688_PMPCA	chr9:136412014:C>T	chr9:136423677-136423734:+	0	0					57	FALSE		2000	0					FALSE
5045	ENSG00000165688_PMPCA	chr9:136412014:C>T	chr9:136423734-136423737:+	0	0					3	FALSE		2000	0					FALSE
5046	ENSG00000165688_PMPCA	chr9:136412014:C>T	chr9:136423737-136423742:+	0	0					5	FALSE		2000	0					FALSE
5047	ENSG00000165688_PMPCA	chr9:136412014:C>T	chr9:136423742-136423744:+	0	0					2	FALSE		2000	0					FALSE
5048	ENSG00000165688_PMPCA	chr9:136412014:C>T	chr9:136423744-136423748:+	0	0					4	FALSE		2000	0					FALSE
5049	ENSG00000165688_PMPCA	chr9:136412014:C>T	chr9:136423748-136423754:+	0	0					6	FALSE		2000	0					FALSE
5050	ENSG00000165688_PMPCA	chr9:136412014:C>T	chr9:136423754-136423760:+	0	0					6	FALSE		2000	0					FALSE
5051	ENSG00000165688_PMPCA	chr9:136412014:C>T	chr9:136423760-136423761:+	0	0					1	FALSE		2000	0					FALSE
5052	ENSG00000165688_PMPCA	chr9:136423315:C>T	chr9:136411117-136411405:+	1	41	0	0	trans	0.517319060542444	288	TRUE	1	2000	2000	2000	1	1	1	FALSE
5053	ENSG00000165688_PMPCA	chr9:136423315:C>T	chr9:136412199-136412489:+	1	41	0	0	trans	0.517319060542444	290	TRUE	1	2000	2000	2000	1	1	1	FALSE
5054	ENSG00000165688_PMPCA	chr9:136423315:C>T	chr9:136412560-136412569:+	1	41	0	0	trans	0.517319060542444	9	FALSE	1	2000	2000	2000	1	1	1	FALSE
5055	ENSG00000165688_PMPCA	chr9:136423315:C>T	chr9:136412569-136412606:+	1	41	0	0	trans	0.517319060542444	37	TRUE	1	2000	2000	2000	1	1	1	FALSE
5056	ENSG00000165688_PMPCA	chr9:136423315:C>T	chr9:136412809-136412892:+	1	41	0	0	trans	0.517319060542444	83	TRUE	1	2000	2000	2000	1	1	1	FALSE
5057	ENSG00000165688_PMPCA	chr9:136423315:C>T	chr9:136412892-136412965:+	1	41	-0.015	0.012	trans	0.799983242581737	73	TRUE	0.995004995004995	2000	2000	1991	0.995502248875562	0.995502248875562	1	FALSE
5058	ENSG00000165688_PMPCA	chr9:136423315:C>T	chr9:136412965-136414552:+	1	41	-0.015	0.012	trans	0.799983242581737	1587	TRUE	0.995004995004995	2000	2000	1991	0.995502248875562	0.995502248875562	1	FALSE
5059	ENSG00000165688_PMPCA	chr9:136423315:C>T	chr9:136414552-136414585:+	1	41	0.101	0.238	cis	4.89215445931279e-08	33	TRUE	0.012987012987013	2000	2000	28	0.0144927536231884	0.0144927536231884	0.751941489572674	TRUE
5060	ENSG00000165688_PMPCA	chr9:136423315:C>T	chr9:136414585-136414647:+	1	41	0.101	0.238	cis	4.89215445931279e-08	62	TRUE	0.012987012987013	2000	2000	28	0.0144927536231884	0.0144927536231884	0.751941489572674	TRUE
5061	ENSG00000165688_PMPCA	chr9:136423315:C>T	chr9:136414647-136414675:+	1	41	0	0	trans	0.517319060542444	28	TRUE	1	2000	2000	2000	1	1	1	FALSE
5062	ENSG00000165688_PMPCA	chr9:136423315:C>T	chr9:136414675-136414743:+	1	41	0	0	trans	0.517319060542444	68	TRUE	1	2000	2000	2000	1	1	1	FALSE
5063	ENSG00000165688_PMPCA	chr9:136423315:C>T	chr9:136416066-136416290:+	1	41	0	0	trans	0.517319060542444	224	TRUE	1	2000	2000	2000	1	1	1	FALSE
5064	ENSG00000165688_PMPCA	chr9:136423315:C>T	chr9:136416290-136416297:+	1	41	0	0	trans	0.517319060542444	7	FALSE	1	2000	2000	2000	1	1	1	FALSE
5065	ENSG00000165688_PMPCA	chr9:136423315:C>T	chr9:136416297-136416391:+	1	41	0	0	trans	0.517319060542444	94	TRUE	1	2000	2000	2000	1	1	1	FALSE
5066	ENSG00000165688_PMPCA	chr9:136423315:C>T	chr9:136416391-136416555:+	1	41	-0.005	0.126	trans	0.621518436963778	164	TRUE	0.442557442557443	2000	2000	915	0.457771114442779	0.457771114442779	1	FALSE
5067	ENSG00000165688_PMPCA	chr9:136423315:C>T	chr9:136416555-136416845:+	1	41	-0.005	0.126	trans	0.621518436963778	290	TRUE	0.442557442557443	2000	2000	915	0.457771114442779	0.457771114442779	1	FALSE
5068	ENSG00000165688_PMPCA	chr9:136423315:C>T	chr9:136416845-136416950:+	1	41	-0.005	0.126	trans	0.621518436963778	105	TRUE	0.442557442557443	2000	2000	915	0.457771114442779	0.457771114442779	1	FALSE
5069	ENSG00000165688_PMPCA	chr9:136423315:C>T	chr9:136416950-136416999:+	1	41	0	0	trans	0.517319060542444	49	TRUE	1	2000	2000	2000	1	1	1	FALSE
5070	ENSG00000165688_PMPCA	chr9:136423315:C>T	chr9:136417076-136417195:+	1	41	0	0	trans	0.517319060542444	119	TRUE	1	2000	2000	2000	1	1	1	FALSE
5071	ENSG00000165688_PMPCA	chr9:136423315:C>T	chr9:136417195-136417214:+	1	41	0	0	trans	0.517319060542444	19	TRUE	1	2000	2000	2000	1	1	1	FALSE
5072	ENSG00000165688_PMPCA	chr9:136423315:C>T	chr9:136417214-136418016:+	1	41	-0.001	-0.048	trans	0.538491913838138	802	TRUE	0.538461538461538	2000	2000	1093	0.546726636681659	0.546726636681659	1	FALSE
5073	ENSG00000165688_PMPCA	chr9:136423315:C>T	chr9:136418016-136418109:+	1	41	0	0	trans	0.517319060542444	93	TRUE	1	2000	2000	2000	1	1	1	FALSE
5074	ENSG00000165688_PMPCA	chr9:136423315:C>T	chr9:136418109-136418195:+	1	41	0	0	trans	0.517319060542444	86	TRUE	1	2000	2000	2000	1	1	1	FALSE
5075	ENSG00000165688_PMPCA	chr9:136423315:C>T	chr9:136418254-136418437:+	1	41	0	0	trans	0.517319060542444	183	TRUE	1	2000	2000	2000	1	1	1	FALSE
5076	ENSG00000165688_PMPCA	chr9:136423315:C>T	chr9:136418437-136418554:+	1	41	0	0	trans	0.517319060542444	117	TRUE	1	2000	2000	2000	1	1	1	FALSE
5077	ENSG00000165688_PMPCA	chr9:136423315:C>T	chr9:136418554-136418673:+	1	41	0	0	trans	0.517319060542444	119	TRUE	1	2000	2000	2000	1	1	1	FALSE
5078	ENSG00000165688_PMPCA	chr9:136423315:C>T	chr9:136418827-136418918:+	1	41	0	0	trans	0.517319060542444	91	TRUE	1	2000	2000	2000	1	1	1	FALSE
5079	ENSG00000165688_PMPCA	chr9:136423315:C>T	chr9:136419106-136420007:+	1	41	0	0	trans	0.517319060542444	901	TRUE	1	2000	2000	2000	1	1	1	FALSE
5080	ENSG00000165688_PMPCA	chr9:136423315:C>T	chr9:136420007-136420011:+	1	41	0	0	trans	0.517319060542444	4	FALSE	1	2000	2000	2000	1	1	1	FALSE
5081	ENSG00000165688_PMPCA	chr9:136423315:C>T	chr9:136420011-136420080:+	1	41	0	0	trans	0.517319060542444	69	TRUE	1	2000	2000	2000	1	1	1	FALSE
5082	ENSG00000165688_PMPCA	chr9:136423315:C>T	chr9:136420080-136420933:+	1	41	0	0	trans	0.517319060542444	853	TRUE	1	2000	2000	2000	1	1	1	FALSE
5083	ENSG00000165688_PMPCA	chr9:136423315:C>T	chr9:136421976-136422021:+	1	41	-0.016	-0.043	trans	0.81454508126756	45	TRUE	0.687312687312687	2000	2000	1388	0.694152923538231	0.694152923538231	1	FALSE
5084	ENSG00000165688_PMPCA	chr9:136423315:C>T	chr9:136422021-136423094:+	1	41	-0.016	-0.043	trans	0.81454508126756	1073	TRUE	0.687312687312687	2000	2000	1388	0.694152923538231	0.694152923538231	1	FALSE
5085	ENSG00000165688_PMPCA	chr9:136423315:C>T	chr9:136423480-136423508:+	1	41	0	0	trans	0.517319060542444	28	TRUE	1	2000	2000	2000	1	1	1	FALSE
5086	ENSG00000165688_PMPCA	chr9:136423315:C>T	chr9:136423508-136423677:+	1	41	0	0	trans	0.517319060542444	169	TRUE	1	2000	2000	2000	1	1	1	FALSE
5087	ENSG00000165688_PMPCA	chr9:136423315:C>T	chr9:136423677-136423734:+	1	41	0	0	trans	0.517319060542444	57	TRUE	1	2000	2000	2000	1	1	1	FALSE
5088	ENSG00000165688_PMPCA	chr9:136423315:C>T	chr9:136423734-136423737:+	1	41	0	0	trans	0.517319060542444	3	FALSE	1	2000	2000	2000	1	1	1	FALSE
5089	ENSG00000165688_PMPCA	chr9:136423315:C>T	chr9:136423737-136423742:+	1	41	0	0	trans	0.517319060542444	5	FALSE	1	2000	2000	2000	1	1	1	FALSE
5090	ENSG00000165688_PMPCA	chr9:136423315:C>T	chr9:136423742-136423744:+	1	40	0	0	trans	0.494717558753228	2	FALSE	1	2000	2000	2000	1	1	1	FALSE
5091	ENSG00000165688_PMPCA	chr9:136423315:C>T	chr9:136423744-136423748:+	1	40	0	0	trans	0.494717558753228	4	FALSE	1	2000	2000	2000	1	1	1	FALSE
5092	ENSG00000165688_PMPCA	chr9:136423315:C>T	chr9:136423748-136423754:+	1	40	0	0	trans	0.494717558753228	6	FALSE	1	2000	2000	2000	1	1	1	FALSE
5093	ENSG00000165688_PMPCA	chr9:136423315:C>T	chr9:136423754-136423760:+	1	40	0	0	trans	0.494717558753228	6	FALSE	1	2000	2000	2000	1	1	1	FALSE
5094	ENSG00000165688_PMPCA	chr9:136423315:C>T	chr9:136423760-136423761:+	1	31	0	0	trans	0.487044554019432	1	FALSE	1	2000	1924	1924	1	1	1	FALSE
5095	ENSG00000165688_PMPCA	chr9:136423315:C>T	chr9:136423761-136424589:+	0	0					828	FALSE		2000	0					FALSE
5096	ENSG00000165688_PMPCA	chr9:136423526:C>T	chr9:136411117-136411405:+	1	41	0	0	trans	0.517319060542444	288	TRUE	1	2000	2000	2000	1	1	1	FALSE
5097	ENSG00000165688_PMPCA	chr9:136423526:C>T	chr9:136412199-136412489:+	1	41	0	0	trans	0.517319060542444	290	TRUE	1	2000	2000	2000	1	1	1	FALSE
5098	ENSG00000165688_PMPCA	chr9:136423526:C>T	chr9:136412560-136412569:+	1	41	0	0	trans	0.517319060542444	9	FALSE	1	2000	2000	2000	1	1	1	FALSE
5099	ENSG00000165688_PMPCA	chr9:136423526:C>T	chr9:136412569-136412606:+	1	41	0	0	trans	0.517319060542444	37	TRUE	1	2000	2000	2000	1	1	1	FALSE
5100	ENSG00000165688_PMPCA	chr9:136423526:C>T	chr9:136412809-136412892:+	1	41	0	0	trans	0.517319060542444	83	TRUE	1	2000	2000	2000	1	1	1	FALSE
5101	ENSG00000165688_PMPCA	chr9:136423526:C>T	chr9:136412892-136412965:+	1	41	0.005	-0.155	trans	0.411916022390368	73	TRUE	0.277722277722278	2000	2000	534	0.267366316841579	0.267366316841579	1	FALSE
5102	ENSG00000165688_PMPCA	chr9:136423526:C>T	chr9:136412965-136414552:+	1	41	0.005	-0.155	trans	0.411916022390368	1587	TRUE	0.277722277722278	2000	2000	534	0.267366316841579	0.267366316841579	1	FALSE
5103	ENSG00000165688_PMPCA	chr9:136423526:C>T	chr9:136414552-136414585:+	1	41	0.048	-0.21	trans	0.00602619247818159	33	TRUE	0.0749250749250749	2000	2000	145	0.0729635182408796	0.0729635182408796	1	FALSE
5104	ENSG00000165688_PMPCA	chr9:136423526:C>T	chr9:136414585-136414647:+	1	41	0.048	-0.21	trans	0.00602619247818159	62	TRUE	0.0749250749250749	2000	2000	145	0.0729635182408796	0.0729635182408796	1	FALSE
5105	ENSG00000165688_PMPCA	chr9:136423526:C>T	chr9:136414647-136414675:+	1	41	0	0	trans	0.517319060542444	28	TRUE	1	2000	2000	2000	1	1	1	FALSE
5106	ENSG00000165688_PMPCA	chr9:136423526:C>T	chr9:136414675-136414743:+	1	41	0	0	trans	0.517319060542444	68	TRUE	1	2000	2000	2000	1	1	1	FALSE
5107	ENSG00000165688_PMPCA	chr9:136423526:C>T	chr9:136416066-136416290:+	1	41	0	0	trans	0.517319060542444	224	TRUE	1	2000	2000	2000	1	1	1	FALSE
5108	ENSG00000165688_PMPCA	chr9:136423526:C>T	chr9:136416290-136416297:+	1	41	0	0	trans	0.517319060542444	7	FALSE	1	2000	2000	2000	1	1	1	FALSE
5109	ENSG00000165688_PMPCA	chr9:136423526:C>T	chr9:136416297-136416391:+	1	41	0	0	trans	0.517319060542444	94	TRUE	1	2000	2000	2000	1	1	1	FALSE
5110	ENSG00000165688_PMPCA	chr9:136423526:C>T	chr9:136416391-136416555:+	1	41	-0.003	-0.14	trans	0.580453254905116	164	TRUE	0.3996003996004	2000	2000	847	0.423788105947027	0.423788105947027	1	FALSE
5111	ENSG00000165688_PMPCA	chr9:136423526:C>T	chr9:136416555-136416845:+	1	41	-0.003	-0.14	trans	0.580453254905116	290	TRUE	0.3996003996004	2000	2000	847	0.423788105947027	0.423788105947027	1	FALSE
5112	ENSG00000165688_PMPCA	chr9:136423526:C>T	chr9:136416845-136416950:+	1	41	-0.003	-0.14	trans	0.580453254905116	105	TRUE	0.3996003996004	2000	2000	847	0.423788105947027	0.423788105947027	1	FALSE
5113	ENSG00000165688_PMPCA	chr9:136423526:C>T	chr9:136416950-136416999:+	1	41	0	0	trans	0.517319060542444	49	TRUE	1	2000	2000	2000	1	1	1	FALSE
5114	ENSG00000165688_PMPCA	chr9:136423526:C>T	chr9:136417076-136417195:+	1	41	0	0	trans	0.517319060542444	119	TRUE	1	2000	2000	2000	1	1	1	FALSE
5115	ENSG00000165688_PMPCA	chr9:136423526:C>T	chr9:136417195-136417214:+	1	41	0	0	trans	0.517319060542444	19	TRUE	1	2000	2000	2000	1	1	1	FALSE
5116	ENSG00000165688_PMPCA	chr9:136423526:C>T	chr9:136417214-136418016:+	1	41	0.013	0.062	trans	0.258398326298104	802	TRUE	0.107892107892108	2000	2000	222	0.111444277861069	0.111444277861069	1	FALSE
5117	ENSG00000165688_PMPCA	chr9:136423526:C>T	chr9:136418016-136418109:+	1	41	0	0	trans	0.517319060542444	93	TRUE	1	2000	2000	2000	1	1	1	FALSE
5118	ENSG00000165688_PMPCA	chr9:136423526:C>T	chr9:136418109-136418195:+	1	41	0	0	trans	0.517319060542444	86	TRUE	1	2000	2000	2000	1	1	1	FALSE
5119	ENSG00000165688_PMPCA	chr9:136423526:C>T	chr9:136418254-136418437:+	1	41	0	0	trans	0.517319060542444	183	TRUE	1	2000	2000	2000	1	1	1	FALSE
5120	ENSG00000165688_PMPCA	chr9:136423526:C>T	chr9:136418437-136418554:+	1	41	0	0	trans	0.517319060542444	117	TRUE	1	2000	2000	2000	1	1	1	FALSE
5121	ENSG00000165688_PMPCA	chr9:136423526:C>T	chr9:136418554-136418673:+	1	41	0	0	trans	0.517319060542444	119	TRUE	1	2000	2000	2000	1	1	1	FALSE
5122	ENSG00000165688_PMPCA	chr9:136423526:C>T	chr9:136418827-136418918:+	1	41	0	0	trans	0.517319060542444	91	TRUE	1	2000	2000	2000	1	1	1	FALSE
5123	ENSG00000165688_PMPCA	chr9:136423526:C>T	chr9:136419106-136420007:+	1	41	0	0	trans	0.517319060542444	901	TRUE	1	2000	2000	2000	1	1	1	FALSE
5124	ENSG00000165688_PMPCA	chr9:136423526:C>T	chr9:136420007-136420011:+	1	41	0	0	trans	0.517319060542444	4	FALSE	1	2000	2000	2000	1	1	1	FALSE
5125	ENSG00000165688_PMPCA	chr9:136423526:C>T	chr9:136420011-136420080:+	1	41	0	0	trans	0.517319060542444	69	TRUE	1	2000	2000	2000	1	1	1	FALSE
5126	ENSG00000165688_PMPCA	chr9:136423526:C>T	chr9:136420080-136420933:+	1	41	0	0	trans	0.517319060542444	853	TRUE	1	2000	2000	2000	1	1	1	FALSE
5127	ENSG00000165688_PMPCA	chr9:136423526:C>T	chr9:136421976-136422021:+	1	41	-0.002	0.108	trans	0.55955620426132	45	TRUE	0.326673326673327	2000	2000	707	0.353823088455772	0.353823088455772	1	FALSE
5128	ENSG00000165688_PMPCA	chr9:136423526:C>T	chr9:136422021-136423094:+	1	41	-0.002	0.108	trans	0.55955620426132	1073	TRUE	0.326673326673327	2000	2000	707	0.353823088455772	0.353823088455772	1	FALSE
5129	ENSG00000165688_PMPCA	chr9:136423526:C>T	chr9:136423480-136423508:+	1	41	0	0	trans	0.517319060542444	28	TRUE	1	2000	2000	2000	1	1	1	FALSE
5130	ENSG00000165688_PMPCA	chr9:136423526:C>T	chr9:136423508-136423677:+	1	41	0	0	trans	0.517319060542444	169	TRUE	1	2000	2000	2000	1	1	1	FALSE
5131	ENSG00000165688_PMPCA	chr9:136423526:C>T	chr9:136423677-136423734:+	1	41	0	0	trans	0.517319060542444	57	TRUE	1	2000	2000	2000	1	1	1	FALSE
5132	ENSG00000165688_PMPCA	chr9:136423526:C>T	chr9:136423734-136423737:+	1	41	0	0	trans	0.517319060542444	3	FALSE	1	2000	2000	2000	1	1	1	FALSE
5133	ENSG00000165688_PMPCA	chr9:136423526:C>T	chr9:136423737-136423742:+	1	41	0	0	trans	0.517319060542444	5	FALSE	1	2000	2000	2000	1	1	1	FALSE
5134	ENSG00000165688_PMPCA	chr9:136423526:C>T	chr9:136423742-136423744:+	1	40	0	0	trans	0.494717558753228	2	FALSE	1	2000	2000	2000	1	1	1	FALSE
5135	ENSG00000165688_PMPCA	chr9:136423526:C>T	chr9:136423744-136423748:+	1	40	0	0	trans	0.494717558753228	4	FALSE	1	2000	2000	2000	1	1	1	FALSE
5136	ENSG00000165688_PMPCA	chr9:136423526:C>T	chr9:136423748-136423754:+	1	40	0	0	trans	0.494717558753228	6	FALSE	1	2000	2000	2000	1	1	1	FALSE
5137	ENSG00000165688_PMPCA	chr9:136423526:C>T	chr9:136423754-136423760:+	1	40	0	0	trans	0.494717558753228	6	FALSE	1	2000	2000	2000	1	1	1	FALSE
5138	ENSG00000165688_PMPCA	chr9:136423526:C>T	chr9:136423760-136423761:+	1	31					1	FALSE		2000	1952					FALSE
5139	ENSG00000148396_SEC16A	chr9:136454296:G>A	chr9:136443900-136444082:-	0	0					182	FALSE		2000	0					FALSE
5140	ENSG00000148396_SEC16A	chr9:136454296:G>A	chr9:136445051-136445111:-	0	0					60	FALSE		2000	0					FALSE
5141	ENSG00000148396_SEC16A	chr9:136454296:G>A	chr9:136445644-136445719:-	0	0					75	FALSE		2000	0					FALSE
5142	ENSG00000148396_SEC16A	chr9:136454296:G>A	chr9:136446949-136447015:-	0	0					66	FALSE		2000	0					FALSE
5143	ENSG00000148396_SEC16A	chr9:136454296:G>A	chr9:136447015-136447039:-	0	0					24	FALSE		2000	0					FALSE
5144	ENSG00000148396_SEC16A	chr9:136454296:G>A	chr9:136448008-136448083:-	0	0					75	FALSE		2000	0					FALSE
5145	ENSG00000148396_SEC16A	chr9:136454296:G>A	chr9:136448249-136448620:-	0	0					371	FALSE		2000	0					FALSE
5146	ENSG00000148396_SEC16A	chr9:136454296:G>A	chr9:136448620-136448726:-	0	0					106	FALSE		2000	0					FALSE
5147	ENSG00000148396_SEC16A	chr9:136454296:G>A	chr9:136448726-136448842:-	0	0					116	FALSE		2000	0					FALSE
5148	ENSG00000148396_SEC16A	chr9:136454296:G>A	chr9:136450817-136450881:-	0	0					64	FALSE		2000	0					FALSE
5149	ENSG00000148396_SEC16A	chr9:136454296:G>A	chr9:136451408-136452346:-	0	0					938	FALSE		2000	0					FALSE
5150	ENSG00000172889_EGFL7	chr9:136672370:A>G	chr9:136665791-136665817:+	2	79	-0.002	-0.092	trans	0.565841772619292	26	TRUE	0.464535464535465	2000	2000	913	0.456771614192904	0.456771614192904	1	FALSE
5151	ENSG00000172889_EGFL7	chr9:136672370:A>G	chr9:136668240-136668362:+	2	79	-0.001	-0.054	trans	0.521850225427599	122	TRUE	0.381618381618382	2000	2000	766	0.383308345827086	0.383308345827086	1	FALSE
5152	ENSG00000172889_EGFL7	chr9:136672370:A>G	chr9:136662929-136662931:+	0	0					2	FALSE		2000	0					FALSE
5153	ENSG00000172889_EGFL7	chr9:136672370:A>G	chr9:136662931-136662932:+	0	0					1	FALSE		2000	0					FALSE
5154	ENSG00000172889_EGFL7	chr9:136672370:A>G	chr9:136662932-136663108:+	0	0					176	FALSE		2000	0					FALSE
5155	ENSG00000172889_EGFL7	chr9:136672370:A>G	chr9:136663407-136663623:+	0	0					216	FALSE		2000	0					FALSE
5156	ENSG00000172889_EGFL7	chr9:136672370:A>G	chr9:136664691-136664694:+	0	0					3	FALSE		2000	0					FALSE
5157	ENSG00000172889_EGFL7	chr9:136672668:T>C	chr9:136665764-136665787:+	0	0					23	FALSE		2000	0					FALSE
5158	ENSG00000172889_EGFL7	chr9:136672668:T>C	chr9:136665787-136665791:+	0	0					4	FALSE		2000	0					FALSE
5159	ENSG00000172889_EGFL7	chr9:136672668:T>C	chr9:136665791-136665817:+	0	0					26	FALSE		2000	0					FALSE
5160	ENSG00000172889_EGFL7	chr9:136672668:T>C	chr9:136668240-136668362:+	0	0					122	FALSE		2000	0					FALSE
5161	ENSG00000172889_EGFL7	chr9:136670215:G>A	chr9:136665791-136665817:+	1	31	-0.018	-0.026	trans	0.747718165936307	26	TRUE	0.966033966033966	2000	2000	1942	0.971014492753623	0.971014492753623	1	FALSE
5162	ENSG00000172889_EGFL7	chr9:136670215:G>A	chr9:136668240-136668362:+	1	31	-0.028	-0.034	trans	0.854540525450123	122	TRUE	0.95004995004995	2000	2000	1895	0.947526236881559	0.947526236881559	1	FALSE
5163	ENSG00000172889_EGFL7	chr9:136672543:G>A	chr9:136665791-136665817:+	1	34	-0.013	0.079	trans	0.696725023800251	26	TRUE	0.669330669330669	2000	2000	1353	0.676661669165417	0.676661669165417	1	FALSE
5164	ENSG00000172889_EGFL7	chr9:136672543:G>A	chr9:136668240-136668362:+	1	34	0.019	-0.1	trans	0.152136807306327	122	TRUE	0.45954045954046	2000	2000	923	0.461769115442279	0.461769115442279	1	FALSE
5165	ENSG00000196642_RABL6	chr9:136840190:G>A	chr9:136809254-136809429:+	1	62	0	0	trans	0.520759649186922	175	FALSE	1	2000	2000	2000	1	1	1	FALSE
5166	ENSG00000196642_RABL6	chr9:136840190:G>A	chr9:136809687-136810026:+	1	62	0	0	trans	0.520759649186922	339	FALSE	1	2000	2000	2000	1	1	1	FALSE
5167	ENSG00000196642_RABL6	chr9:136840190:G>A	chr9:136821328-136822040:+	1	75	-0.007	0.044	trans	0.751556665853479	712	FALSE	0.749250749250749	2000	2000	1483	0.741629185407296	0.741629185407296	1	FALSE
5168	ENSG00000196642_RABL6	chr9:136840190:G>A	chr9:136822040-136822056:+	1	75	-0.007	0.044	trans	0.751556665853479	16	FALSE	0.749250749250749	2000	2000	1483	0.741629185407296	0.741629185407296	1	FALSE
5169	ENSG00000196642_RABL6	chr9:136840190:G>A	chr9:136823400-136823524:+	1	75	0	0	trans	0.482183442785755	124	FALSE	1	2000	2000	2000	1	1	1	FALSE
5170	ENSG00000196642_RABL6	chr9:136840190:G>A	chr9:136826596-136828471:+	1	75	0	0	trans	0.482183442785755	1875	FALSE	1	2000	2000	2000	1	1	1	FALSE
5171	ENSG00000196642_RABL6	chr9:136840190:G>A	chr9:136828471-136828493:+	1	75	0	0	trans	0.482183442785755	22	FALSE	1	2000	2000	2000	1	1	1	FALSE
5172	ENSG00000196642_RABL6	chr9:136840190:G>A	chr9:136831861-136832261:+	1	75	0	0	trans	0.482183442785755	400	FALSE	1	2000	2000	2000	1	1	1	FALSE
5173	ENSG00000196642_RABL6	chr9:136840190:G>A	chr9:136832261-136832264:+	1	75	0.011	0.167	trans	0.11850369328397	3	FALSE	0.122877122877123	2000	2000	222	0.111444277861069	0.111444277861069	1	FALSE
5174	ENSG00000196642_RABL6	chr9:136840190:G>A	chr9:136832370-136833719:+	1	75	0	0	trans	0.482183442785755	1349	FALSE	1	2000	2000	2000	1	1	1	FALSE
5175	ENSG00000196642_RABL6	chr9:136840190:G>A	chr9:136833719-136834340:+	1	75	0	0	trans	0.482183442785755	621	FALSE	1	2000	2000	2000	1	1	1	FALSE
5176	ENSG00000196642_RABL6	chr9:136840190:G>A	chr9:136835170-136835741:+	1	81	0.03	0.121	amb	0.000650855106919535	571	FALSE	0.046953046953047	2000	2000	92	0.0464767616191904	0.0464767616191904	0.981645540865931	FALSE
5177	ENSG00000196642_RABL6	chr9:136840190:G>A	chr9:136835845-136836998:+	1	81	0.03	0.121	amb	0.000650855106919535	1153	FALSE	0.046953046953047	2000	2000	92	0.0464767616191904	0.0464767616191904	0.981645540865931	FALSE
5178	ENSG00000196642_RABL6	chr9:136840190:G>A	chr9:136836998-136837345:+	1	81	0.03	0.121	amb	0.000650855106919535	347	FALSE	0.046953046953047	2000	2000	92	0.0464767616191904	0.0464767616191904	0.981645540865931	FALSE
5179	ENSG00000196642_RABL6	chr9:136840190:G>A	chr9:136837615-136837662:+	1	81	0	0	trans	0.521007689321195	47	FALSE	1	2000	2000	2000	1	1	1	FALSE
5180	ENSG00000196642_RABL6	chr9:136840190:G>A	chr9:136837861-136837980:+	1	81	0	0	trans	0.521007689321195	119	FALSE	1	2000	2000	2000	1	1	1	FALSE
5181	ENSG00000196642_RABL6	chr9:136840190:G>A	chr9:136837980-136838015:+	1	81	0.016	0.102	trans	0.0454754738044261	35	FALSE	0.100899100899101	2000	2000	204	0.102448775612194	0.102448775612194	1	FALSE
5182	ENSG00000196642_RABL6	chr9:136840190:G>A	chr9:136838908-136839121:+	1	81	0.016	0.102	trans	0.0454754738044261	213	FALSE	0.100899100899101	2000	2000	204	0.102448775612194	0.102448775612194	1	FALSE
5183	ENSG00000196642_RABL6	chr9:136840190:G>A	chr9:136839221-136839313:+	1	81	-0.002	0.083	trans	0.606638542202807	92	FALSE	0.450549450549451	2000	2000	899	0.449775112443778	0.449775112443778	1	FALSE
5184	ENSG00000196642_RABL6	chr9:136840190:G>A	chr9:136839313-136839350:+	1	81	0	0	trans	0.521007689321195	37	FALSE	1	2000	2000	2000	1	1	1	FALSE
5185	ENSG00000196642_RABL6	chr9:136840190:G>A	chr9:136839350-136839486:+	1	81	0	0	trans	0.521007689321195	136	FALSE	1	2000	2000	2000	1	1	1	FALSE
5186	ENSG00000196642_RABL6	chr9:136840190:G>A	chr9:136839693-136839865:+	1	81	0	0	trans	0.521007689321195	172	FALSE	1	2000	2000	2000	1	1	1	FALSE
5187	ENSG00000196642_RABL6	chr9:136840190:G>A	chr9:136840153-136840185:+	1	81	0	0	trans	0.521007689321195	32	FALSE	1	2000	2000	2000	1	1	1	FALSE
5188	ENSG00000196642_RABL6	chr9:136840190:G>A	chr9:136840185-136840212:+	1	70	0	0	trans	0.474380440484406	27	FALSE	1	2000	2000	2000	1	1	1	FALSE
5189	ENSG00000196642_RABL6	chr9:136840190:G>A	chr9:136840321-136840484:+	1	70	0	0	trans	0.474380440484406	163	FALSE	1	2000	2000	2000	1	1	1	FALSE
5190	ENSG00000196642_RABL6	chr9:136837516:C>T	chr9:136809254-136809429:+	0	0					175	FALSE		2000	0					FALSE
5191	ENSG00000196642_RABL6	chr9:136837516:C>T	chr9:136809687-136810026:+	0	0					339	FALSE		2000	0					FALSE
5192	ENSG00000196642_RABL6	chr9:136837516:C>T	chr9:136821328-136822040:+	0	0					712	FALSE		2000	0					FALSE
5193	ENSG00000196642_RABL6	chr9:136837516:C>T	chr9:136822040-136822056:+	0	0					16	FALSE		2000	0					FALSE
5194	ENSG00000196642_RABL6	chr9:136837516:C>T	chr9:136823400-136823524:+	0	0					124	FALSE		2000	0					FALSE
5195	ENSG00000196642_RABL6	chr9:136837516:C>T	chr9:136826596-136828471:+	0	0					1875	FALSE		2000	0					FALSE
5196	ENSG00000196642_RABL6	chr9:136837516:C>T	chr9:136828471-136828493:+	0	0					22	FALSE		2000	0					FALSE
5197	ENSG00000196642_RABL6	chr9:136837516:C>T	chr9:136831861-136832261:+	0	0					400	FALSE		2000	0					FALSE
5198	ENSG00000196642_RABL6	chr9:136837516:C>T	chr9:136832261-136832264:+	0	0					3	FALSE		2000	0					FALSE
5199	ENSG00000196642_RABL6	chr9:136837516:C>T	chr9:136832370-136833719:+	0	0					1349	FALSE		2000	0					FALSE
5200	ENSG00000196642_RABL6	chr9:136837516:C>T	chr9:136833719-136834340:+	0	0					621	FALSE		2000	0					FALSE
5201	ENSG00000196642_RABL6	chr9:136837516:C>T	chr9:136835170-136835741:+	0	0					571	FALSE		2000	0					FALSE
5202	ENSG00000196642_RABL6	chr9:136837516:C>T	chr9:136835845-136836998:+	0	0					1153	FALSE		2000	0					FALSE
5203	ENSG00000196642_RABL6	chr9:136837516:C>T	chr9:136836998-136837345:+	0	0					347	FALSE		2000	0					FALSE
5204	ENSG00000196642_RABL6	chr9:136837516:C>T	chr9:136837615-136837662:+	0	0					47	FALSE		2000	0					FALSE
5205	ENSG00000196642_RABL6	chr9:136837516:C>T	chr9:136837861-136837980:+	0	0					119	FALSE		2000	0					FALSE
5206	ENSG00000196642_RABL6	chr9:136837516:C>T	chr9:136837980-136838015:+	0	0					35	FALSE		2000	0					FALSE
5207	ENSG00000196642_RABL6	chr9:136837516:C>T	chr9:136838908-136839121:+	0	0					213	FALSE		2000	0					FALSE
5208	ENSG00000196642_RABL6	chr9:136837516:C>T	chr9:136839221-136839313:+	0	0					92	FALSE		2000	0					FALSE
5209	ENSG00000196642_RABL6	chr9:136837516:C>T	chr9:136839313-136839350:+	0	0					37	FALSE		2000	0					FALSE
5210	ENSG00000196642_RABL6	chr9:136837516:C>T	chr9:136839350-136839486:+	0	0					136	FALSE		2000	0					FALSE
5211	ENSG00000196642_RABL6	chr9:136837516:C>T	chr9:136839693-136839865:+	0	0					172	FALSE		2000	0					FALSE
5212	ENSG00000196642_RABL6	chr9:136837516:C>T	chr9:136840153-136840185:+	0	0					32	FALSE		2000	0					FALSE
5213	ENSG00000196642_RABL6	chr9:136837878:G>C	chr9:136809254-136809429:+	0	0					175	FALSE		2000	0					FALSE
5214	ENSG00000196642_RABL6	chr9:136837878:G>C	chr9:136809687-136810026:+	0	0					339	FALSE		2000	0					FALSE
5215	ENSG00000196642_RABL6	chr9:136837878:G>C	chr9:136821328-136822040:+	0	0					712	FALSE		2000	0					FALSE
5216	ENSG00000196642_RABL6	chr9:136837878:G>C	chr9:136822040-136822056:+	0	0					16	FALSE		2000	0					FALSE
5217	ENSG00000196642_RABL6	chr9:136837878:G>C	chr9:136823400-136823524:+	0	0					124	FALSE		2000	0					FALSE
5218	ENSG00000196642_RABL6	chr9:136837878:G>C	chr9:136826596-136828471:+	0	0					1875	FALSE		2000	0					FALSE
5219	ENSG00000196642_RABL6	chr9:136837878:G>C	chr9:136828471-136828493:+	0	0					22	FALSE		2000	0					FALSE
5220	ENSG00000196642_RABL6	chr9:136837878:G>C	chr9:136831861-136832261:+	0	0					400	FALSE		2000	0					FALSE
5221	ENSG00000196642_RABL6	chr9:136837878:G>C	chr9:136832261-136832264:+	0	0					3	FALSE		2000	0					FALSE
5222	ENSG00000196642_RABL6	chr9:136837878:G>C	chr9:136832370-136833719:+	0	0					1349	FALSE		2000	0					FALSE
5223	ENSG00000196642_RABL6	chr9:136837878:G>C	chr9:136833719-136834340:+	0	0					621	FALSE		2000	0					FALSE
5224	ENSG00000196642_RABL6	chr9:136837878:G>C	chr9:136835170-136835741:+	0	0					571	FALSE		2000	0					FALSE
5225	ENSG00000196642_RABL6	chr9:136837878:G>C	chr9:136835845-136836998:+	0	0					1153	FALSE		2000	0					FALSE
5226	ENSG00000196642_RABL6	chr9:136837878:G>C	chr9:136836998-136837345:+	0	0					347	FALSE		2000	0					FALSE
5227	ENSG00000196642_RABL6	chr9:136837878:G>C	chr9:136837615-136837662:+	0	0					47	FALSE		2000	0					FALSE
5228	ENSG00000196642_RABL6	chr9:136837878:G>C	chr9:136837861-136837980:+	0	0					119	FALSE		2000	0					FALSE
5229	ENSG00000196642_RABL6	chr9:136837878:G>C	chr9:136837980-136838015:+	0	0					35	FALSE		2000	0					FALSE
5230	ENSG00000196642_RABL6	chr9:136837878:G>C	chr9:136838908-136839121:+	0	0					213	FALSE		2000	0					FALSE
5231	ENSG00000196642_RABL6	chr9:136837878:G>C	chr9:136839221-136839313:+	0	0					92	FALSE		2000	0					FALSE
5232	ENSG00000196642_RABL6	chr9:136837878:G>C	chr9:136839313-136839350:+	0	0					37	FALSE		2000	0					FALSE
5233	ENSG00000196642_RABL6	chr9:136837878:G>C	chr9:136839350-136839486:+	0	0					136	FALSE		2000	0					FALSE
5234	ENSG00000196642_RABL6	chr9:136837878:G>C	chr9:136839693-136839865:+	0	0					172	FALSE		2000	0					FALSE
5235	ENSG00000196642_RABL6	chr9:136837878:G>C	chr9:136840153-136840185:+	0	0					32	FALSE		2000	0					FALSE
5236	ENSG00000107331_ABCA2	chr9:137007713:G>A	chr9:137008235-137008415:-	0	0					180	FALSE		2000	0					FALSE
5237	ENSG00000107331_ABCA2	chr9:137007713:G>A	chr9:137008595-137008622:-	0	0					27	FALSE		2000	0					FALSE
5238	ENSG00000107331_ABCA2	chr9:137007713:G>A	chr9:137009053-137009183:-	0	0					130	FALSE		2000	0					FALSE
5239	ENSG00000107331_ABCA2	chr9:137007713:G>A	chr9:137009350-137009369:-	0	0					19	FALSE		2000	0					FALSE
5240	ENSG00000107331_ABCA2	chr9:137007713:G>A	chr9:137010124-137010192:-	0	0					68	FALSE		2000	0					FALSE
5241	ENSG00000107331_ABCA2	chr9:137007713:G>A	chr9:137010192-137010371:-	0	0					179	FALSE		2000	0					FALSE
5242	ENSG00000107331_ABCA2	chr9:137007713:G>A	chr9:137010371-137010384:-	0	0					13	FALSE		2000	0					FALSE
5243	ENSG00000107331_ABCA2	chr9:137007713:G>A	chr9:137010384-137010619:-	0	0					235	FALSE		2000	0					FALSE
5244	ENSG00000107331_ABCA2	chr9:137007713:G>A	chr9:137011105-137011185:-	0	0					80	FALSE		2000	0					FALSE
5245	ENSG00000107331_ABCA2	chr9:137007713:G>A	chr9:137011554-137011633:-	0	0					79	FALSE		2000	0					FALSE
5246	ENSG00000107331_ABCA2	chr9:137007713:G>A	chr9:137012590-137012637:-	0	0					47	FALSE		2000	0					FALSE
5247	ENSG00000107331_ABCA2	chr9:137007713:G>A	chr9:137012925-137012949:-	0	0					24	FALSE		2000	0					FALSE
5248	ENSG00000107331_ABCA2	chr9:137007713:G>A	chr9:137016697-137016738:-	0	0					41	FALSE		2000	0					FALSE
5249	ENSG00000107331_ABCA2	chr9:137007713:G>A	chr9:137017692-137017786:-	0	0					94	FALSE		2000	0					FALSE
5250	ENSG00000107331_ABCA2	chr9:137007713:G>A	chr9:137017901-137017972:-	0	0					71	FALSE		2000	0					FALSE
5251	ENSG00000107331_ABCA2	chr9:137007713:G>A	chr9:137019306-137019363:-	0	0					57	FALSE		2000	0					FALSE
5252	ENSG00000107331_ABCA2	chr9:137007713:G>A	chr9:137019425-137020182:-	0	0					757	FALSE		2000	0					FALSE
5253	ENSG00000107331_ABCA2	chr9:137007713:G>A	chr9:137020182-137020335:-	0	0					153	FALSE		2000	0					FALSE
5254	ENSG00000107331_ABCA2	chr9:137007713:G>A	chr9:137020479-137020495:-	0	0					16	FALSE		2000	0					FALSE
5255	ENSG00000107331_ABCA2	chr9:137007713:G>A	chr9:137021610-137021666:-	0	0					56	FALSE		2000	0					FALSE
5256	ENSG00000107331_ABCA2	chr9:137007713:G>A	chr9:137021666-137021780:-	0	0					114	FALSE		2000	0					FALSE
5257	ENSG00000107331_ABCA2	chr9:137007713:G>A	chr9:137021780-137021890:-	0	0					110	FALSE		2000	0					FALSE
5258	ENSG00000107331_ABCA2	chr9:137007713:G>A	chr9:137022865-137022940:-	0	0					75	FALSE		2000	0					FALSE
5259	ENSG00000107331_ABCA2	chr9:137007713:G>A	chr9:137023052-137023812:-	0	0					760	FALSE		2000	0					FALSE
5260	ENSG00000107331_ABCA2	chr9:137007713:G>A	chr9:137023812-137023837:-	0	0					25	FALSE		2000	0					FALSE
5261	ENSG00000107331_ABCA2	chr9:137007713:G>A	chr9:137023837-137023840:-	0	0					3	FALSE		2000	0					FALSE
5262	ENSG00000107331_ABCA2	chr9:137007713:G>A	chr9:137028074-137028171:-	0	0					97	FALSE		2000	0					FALSE
5263	ENSG00000107331_ABCA2	chr9:137007713:G>A	chr9:137028171-137028178:-	0	0					7	FALSE		2000	0					FALSE
5264	ENSG00000107331_ABCA2	chr9:137007713:G>A	chr9:137028178-137028184:-	0	0					6	FALSE		2000	0					FALSE
5265	ENSG00000107331_ABCA2	chr9:137007713:G>A	chr9:137028184-137028237:-	0	0					53	FALSE		2000	0					FALSE
5266	ENSG00000107281_NPDC1	chr9:137039845:G>A	chr9:137040067-137040125:-	1	313	0	0	trans	0.478366133813244	58	TRUE	1	2000	2000	2000	1	1	1	FALSE
5267	ENSG00000107281_NPDC1	chr9:137039845:G>A	chr9:137040125-137040156:-	1	313	0	0	trans	0.478366133813244	31	TRUE	1	2000	2000	2000	1	1	1	FALSE
5268	ENSG00000107281_NPDC1	chr9:137039845:G>A	chr9:137040812-137040813:-	1	313	0	0	trans	0.478366133813244	1	FALSE	1	2000	2000	2000	1	1	1	FALSE
5269	ENSG00000107281_NPDC1	chr9:137039845:G>A	chr9:137040984-137041061:-	1	313	0	0	trans	0.478366133813244	77	TRUE	1	2000	2000	2000	1	1	1	FALSE
5270	ENSG00000107281_NPDC1	chr9:137039845:G>A	chr9:137042869-137042926:-	1	313	0	0	trans	0.478366133813244	57	TRUE	1	2000	2000	2000	1	1	1	FALSE
5271	ENSG00000107281_NPDC1	chr9:137039845:G>A	chr9:137042926-137043073:-	1	313	-0.002	-0.005	trans	0.781899291579491	147	TRUE	1	2000	2000	2000	1	1	1	FALSE
5272	ENSG00000107281_NPDC1	chr9:137039845:G>A	chr9:137043073-137044092:-	1	313	-0.002	0.017	trans	0.781899291579491	1019	TRUE	1	2000	2000	2000	1	1	1	FALSE
5273	ENSG00000107281_NPDC1	chr9:137040829:G>A	chr9:137040067-137040125:-	1	134	0	0	trans	0.507021313068687	58	TRUE	1	2000	2000	2000	1	1	1	FALSE
5274	ENSG00000107281_NPDC1	chr9:137040829:G>A	chr9:137040125-137040156:-	1	134	0	0	trans	0.507021313068687	31	TRUE	1	2000	2000	2000	1	1	1	FALSE
5275	ENSG00000107281_NPDC1	chr9:137040829:G>A	chr9:137040812-137040813:-	1	134	0	0	trans	0.507021313068687	1	FALSE	1	2000	2000	2000	1	1	1	FALSE
5276	ENSG00000107281_NPDC1	chr9:137040829:G>A	chr9:137040984-137041061:-	1	134	0	0	trans	0.507021313068687	77	TRUE	1	2000	2000	2000	1	1	1	FALSE
5277	ENSG00000107281_NPDC1	chr9:137040829:G>A	chr9:137042869-137042926:-	1	134	0	0	trans	0.507021313068687	57	TRUE	1	2000	2000	2000	1	1	1	FALSE
5278	ENSG00000107281_NPDC1	chr9:137040829:G>A	chr9:137042926-137043073:-	1	134	-0.001	0.068	trans	0.580759037702483	147	TRUE	0.454545454545455	2000	2000	908	0.454272863568216	0.454272863568216	1	FALSE
5279	ENSG00000107281_NPDC1	chr9:137040829:G>A	chr9:137043073-137044092:-	1	134	-0.005	0.006	trans	0.828632567274056	1019	TRUE	1	2000	2000	2000	1	1	1	FALSE
5280	ENSG00000177239_MAN1B1	chr9:137108536:T>C	chr9:137087218-137087357:+	0	0					139	FALSE		2000	0					FALSE
5281	ENSG00000177239_MAN1B1	chr9:137108536:T>C	chr9:137087357-137087363:+	0	0					6	FALSE		2000	0					FALSE
5282	ENSG00000177239_MAN1B1	chr9:137108536:T>C	chr9:137087363-137087566:+	0	0					203	FALSE		2000	0					FALSE
5283	ENSG00000177239_MAN1B1	chr9:137108536:T>C	chr9:137088183-137088267:+	0	0					84	FALSE		2000	0					FALSE
5284	ENSG00000177239_MAN1B1	chr9:137108536:T>C	chr9:137088267-137088304:+	0	0					37	FALSE		2000	0					FALSE
5285	ENSG00000177239_MAN1B1	chr9:137108536:T>C	chr9:137088304-137088398:+	0	0					94	FALSE		2000	0					FALSE
5286	ENSG00000177239_MAN1B1	chr9:137108536:T>C	chr9:137088398-137088560:+	0	0					162	FALSE		2000	0					FALSE
5287	ENSG00000177239_MAN1B1	chr9:137108536:T>C	chr9:137088868-137088952:+	0	0					84	FALSE		2000	0					FALSE
5288	ENSG00000177239_MAN1B1	chr9:137108536:T>C	chr9:137089180-137089278:+	0	0					98	FALSE		2000	0					FALSE
5289	ENSG00000177239_MAN1B1	chr9:137108536:T>C	chr9:137089278-137089291:+	0	0					13	FALSE		2000	0					FALSE
5290	ENSG00000177239_MAN1B1	chr9:137108536:T>C	chr9:137096236-137096239:+	0	0					3	FALSE		2000	0					FALSE
5291	ENSG00000177239_MAN1B1	chr9:137108536:T>C	chr9:137097937-137098856:+	0	0					919	FALSE		2000	0					FALSE
5292	ENSG00000177239_MAN1B1	chr9:137108536:T>C	chr9:137099695-137099826:+	0	0					131	FALSE		2000	0					FALSE
5293	ENSG00000177239_MAN1B1	chr9:137108536:T>C	chr9:137099826-137099881:+	0	0					55	FALSE		2000	0					FALSE
5294	ENSG00000177239_MAN1B1	chr9:137108536:T>C	chr9:137099881-137101004:+	0	0					1123	FALSE		2000	0					FALSE
5295	ENSG00000177239_MAN1B1	chr9:137108536:T>C	chr9:137101672-137102585:+	0	0					913	FALSE		2000	0					FALSE
5296	ENSG00000177239_MAN1B1	chr9:137108536:T>C	chr9:137102585-137102665:+	0	0					80	FALSE		2000	0					FALSE
5297	ENSG00000177239_MAN1B1	chr9:137108536:T>C	chr9:137102665-137102711:+	0	0					46	FALSE		2000	0					FALSE
5298	ENSG00000177239_MAN1B1	chr9:137108536:T>C	chr9:137102711-137102901:+	0	0					190	FALSE		2000	0					FALSE
5299	ENSG00000177239_MAN1B1	chr9:137108536:T>C	chr9:137102901-137103347:+	0	0					446	FALSE		2000	0					FALSE
5300	ENSG00000177239_MAN1B1	chr9:137108536:T>C	chr9:137103347-137104329:+	0	0					982	FALSE		2000	0					FALSE
5301	ENSG00000177239_MAN1B1	chr9:137108536:T>C	chr9:137104329-137104425:+	0	0					96	FALSE		2000	0					FALSE
5302	ENSG00000177239_MAN1B1	chr9:137108536:T>C	chr9:137104425-137104602:+	0	0					177	FALSE		2000	0					FALSE
5303	ENSG00000177239_MAN1B1	chr9:137108536:T>C	chr9:137104602-137104863:+	0	0					261	FALSE		2000	0					FALSE
5304	ENSG00000177239_MAN1B1	chr9:137108536:T>C	chr9:137104863-137105011:+	0	0					148	FALSE		2000	0					FALSE
5305	ENSG00000177239_MAN1B1	chr9:137108536:T>C	chr9:137105011-137105424:+	0	0					413	FALSE		2000	0					FALSE
5306	ENSG00000177239_MAN1B1	chr9:137108536:T>C	chr9:137105424-137105607:+	0	0					183	FALSE		2000	0					FALSE
5307	ENSG00000177239_MAN1B1	chr9:137108536:T>C	chr9:137105607-137105829:+	0	0					222	FALSE		2000	0					FALSE
5308	ENSG00000177239_MAN1B1	chr9:137108536:T>C	chr9:137105829-137105916:+	0	0					87	FALSE		2000	0					FALSE
5309	ENSG00000177239_MAN1B1	chr9:137108536:T>C	chr9:137105916-137106124:+	0	0					208	FALSE		2000	0					FALSE
5310	ENSG00000177239_MAN1B1	chr9:137108536:T>C	chr9:137106124-137106127:+	0	0					3	FALSE		2000	0					FALSE
5311	ENSG00000177239_MAN1B1	chr9:137108536:T>C	chr9:137106127-137106315:+	0	0					188	FALSE		2000	0					FALSE
5312	ENSG00000177239_MAN1B1	chr9:137108536:T>C	chr9:137106315-137106688:+	0	0					373	FALSE		2000	0					FALSE
5313	ENSG00000177239_MAN1B1	chr9:137108536:T>C	chr9:137106809-137107132:+	0	0					323	FALSE		2000	0					FALSE
5314	ENSG00000177239_MAN1B1	chr9:137108536:T>C	chr9:137107132-137107249:+	0	0					117	FALSE		2000	0					FALSE
5315	ENSG00000177239_MAN1B1	chr9:137108536:T>C	chr9:137107249-137107274:+	0	0					25	FALSE		2000	0					FALSE
5316	ENSG00000177239_MAN1B1	chr9:137108536:T>C	chr9:137107447-137107530:+	0	0					83	FALSE		2000	0					FALSE
5317	ENSG00000177239_MAN1B1	chr9:137108536:T>C	chr9:137107530-137107534:+	0	0					4	FALSE		2000	0					FALSE
5318	ENSG00000177239_MAN1B1	chr9:137108536:T>C	chr9:137107534-137107537:+	0	0					3	FALSE		2000	0					FALSE
5319	ENSG00000177239_MAN1B1	chr9:137108536:T>C	chr9:137107537-137107541:+	0	0					4	FALSE		2000	0					FALSE
5320	ENSG00000177239_MAN1B1	chr9:137108536:T>C	chr9:137107662-137108211:+	0	0					549	FALSE		2000	0					FALSE
5321	ENSG00000177239_MAN1B1	chr9:137108536:T>C	chr9:137108211-137108387:+	0	0					176	FALSE		2000	0					FALSE
5322	ENSG00000177239_MAN1B1	chr9:137108536:T>C	chr9:137108387-137108426:+	0	0					39	FALSE		2000	0					FALSE
5323	ENSG00000177239_MAN1B1	chr9:137108536:T>C	chr9:137108426-137108530:+	0	0					104	FALSE		2000	0					FALSE
5324	ENSG00000177239_MAN1B1	chr9:137108974:A>G	chr9:137087218-137087357:+	0	0					139	FALSE		2000	0					FALSE
5325	ENSG00000177239_MAN1B1	chr9:137108974:A>G	chr9:137087357-137087363:+	0	0					6	FALSE		2000	0					FALSE
5326	ENSG00000177239_MAN1B1	chr9:137108974:A>G	chr9:137087363-137087566:+	0	0					203	FALSE		2000	0					FALSE
5327	ENSG00000177239_MAN1B1	chr9:137108974:A>G	chr9:137088183-137088267:+	0	0					84	FALSE		2000	0					FALSE
5328	ENSG00000177239_MAN1B1	chr9:137108974:A>G	chr9:137088267-137088304:+	0	0					37	FALSE		2000	0					FALSE
5329	ENSG00000177239_MAN1B1	chr9:137108974:A>G	chr9:137088304-137088398:+	0	0					94	FALSE		2000	0					FALSE
5330	ENSG00000177239_MAN1B1	chr9:137108974:A>G	chr9:137088398-137088560:+	0	0					162	FALSE		2000	0					FALSE
5331	ENSG00000177239_MAN1B1	chr9:137108974:A>G	chr9:137088868-137088952:+	0	0					84	FALSE		2000	0					FALSE
5332	ENSG00000177239_MAN1B1	chr9:137108974:A>G	chr9:137089180-137089278:+	0	0					98	FALSE		2000	0					FALSE
5333	ENSG00000177239_MAN1B1	chr9:137108974:A>G	chr9:137089278-137089291:+	0	0					13	FALSE		2000	0					FALSE
5334	ENSG00000177239_MAN1B1	chr9:137108974:A>G	chr9:137096236-137096239:+	0	0					3	FALSE		2000	0					FALSE
5335	ENSG00000177239_MAN1B1	chr9:137108974:A>G	chr9:137097937-137098856:+	0	0					919	FALSE		2000	0					FALSE
5336	ENSG00000177239_MAN1B1	chr9:137108974:A>G	chr9:137099695-137099826:+	0	0					131	FALSE		2000	0					FALSE
5337	ENSG00000177239_MAN1B1	chr9:137108974:A>G	chr9:137099826-137099881:+	0	0					55	FALSE		2000	0					FALSE
5338	ENSG00000177239_MAN1B1	chr9:137108974:A>G	chr9:137099881-137101004:+	0	0					1123	FALSE		2000	0					FALSE
5339	ENSG00000177239_MAN1B1	chr9:137108974:A>G	chr9:137101672-137102585:+	0	0					913	FALSE		2000	0					FALSE
5340	ENSG00000177239_MAN1B1	chr9:137108974:A>G	chr9:137102585-137102665:+	0	0					80	FALSE		2000	0					FALSE
5341	ENSG00000177239_MAN1B1	chr9:137108974:A>G	chr9:137102665-137102711:+	0	0					46	FALSE		2000	0					FALSE
5342	ENSG00000177239_MAN1B1	chr9:137108974:A>G	chr9:137102711-137102901:+	0	0					190	FALSE		2000	0					FALSE
5343	ENSG00000177239_MAN1B1	chr9:137108974:A>G	chr9:137102901-137103347:+	0	0					446	FALSE		2000	0					FALSE
5344	ENSG00000177239_MAN1B1	chr9:137108974:A>G	chr9:137103347-137104329:+	0	0					982	FALSE		2000	0					FALSE
5345	ENSG00000177239_MAN1B1	chr9:137108974:A>G	chr9:137104329-137104425:+	0	0					96	FALSE		2000	0					FALSE
5346	ENSG00000177239_MAN1B1	chr9:137108974:A>G	chr9:137104425-137104602:+	0	0					177	FALSE		2000	0					FALSE
5347	ENSG00000177239_MAN1B1	chr9:137108974:A>G	chr9:137104602-137104863:+	0	0					261	FALSE		2000	0					FALSE
5348	ENSG00000177239_MAN1B1	chr9:137108974:A>G	chr9:137104863-137105011:+	0	0					148	FALSE		2000	0					FALSE
5349	ENSG00000177239_MAN1B1	chr9:137108974:A>G	chr9:137105011-137105424:+	0	0					413	FALSE		2000	0					FALSE
5350	ENSG00000177239_MAN1B1	chr9:137108974:A>G	chr9:137105424-137105607:+	0	0					183	FALSE		2000	0					FALSE
5351	ENSG00000177239_MAN1B1	chr9:137108974:A>G	chr9:137105607-137105829:+	0	0					222	FALSE		2000	0					FALSE
5352	ENSG00000177239_MAN1B1	chr9:137108974:A>G	chr9:137105829-137105916:+	0	0					87	FALSE		2000	0					FALSE
5353	ENSG00000177239_MAN1B1	chr9:137108974:A>G	chr9:137105916-137106124:+	0	0					208	FALSE		2000	0					FALSE
5354	ENSG00000177239_MAN1B1	chr9:137108974:A>G	chr9:137106124-137106127:+	0	0					3	FALSE		2000	0					FALSE
5355	ENSG00000177239_MAN1B1	chr9:137108974:A>G	chr9:137106127-137106315:+	0	0					188	FALSE		2000	0					FALSE
5356	ENSG00000177239_MAN1B1	chr9:137108974:A>G	chr9:137106315-137106688:+	0	0					373	FALSE		2000	0					FALSE
5357	ENSG00000177239_MAN1B1	chr9:137108974:A>G	chr9:137106809-137107132:+	0	0					323	FALSE		2000	0					FALSE
5358	ENSG00000177239_MAN1B1	chr9:137108974:A>G	chr9:137107132-137107249:+	0	0					117	FALSE		2000	0					FALSE
5359	ENSG00000177239_MAN1B1	chr9:137108974:A>G	chr9:137107249-137107274:+	0	0					25	FALSE		2000	0					FALSE
5360	ENSG00000177239_MAN1B1	chr9:137108974:A>G	chr9:137107447-137107530:+	0	0					83	FALSE		2000	0					FALSE
5361	ENSG00000177239_MAN1B1	chr9:137108974:A>G	chr9:137107530-137107534:+	0	0					4	FALSE		2000	0					FALSE
5362	ENSG00000177239_MAN1B1	chr9:137108974:A>G	chr9:137107534-137107537:+	0	0					3	FALSE		2000	0					FALSE
5363	ENSG00000177239_MAN1B1	chr9:137108974:A>G	chr9:137107537-137107541:+	0	0					4	FALSE		2000	0					FALSE
5364	ENSG00000177239_MAN1B1	chr9:137108974:A>G	chr9:137107662-137108211:+	0	0					549	FALSE		2000	0					FALSE
5365	ENSG00000177239_MAN1B1	chr9:137108974:A>G	chr9:137108211-137108387:+	0	0					176	FALSE		2000	0					FALSE
5366	ENSG00000177239_MAN1B1	chr9:137108974:A>G	chr9:137108387-137108426:+	0	0					39	FALSE		2000	0					FALSE
5367	ENSG00000177239_MAN1B1	chr9:137108974:A>G	chr9:137108426-137108530:+	0	0					104	FALSE		2000	0					FALSE
5368	ENSG00000176978_DPP7	chr9:137111749:G>A	chr9:137111872-137111940:-	0	0					68	FALSE		2000	0					FALSE
5369	ENSG00000176978_DPP7	chr9:137111749:G>A	chr9:137111940-137111998:-	0	0					58	FALSE		2000	0					FALSE
5370	ENSG00000176978_DPP7	chr9:137111749:G>A	chr9:137111998-137112029:-	0	0					31	FALSE		2000	0					FALSE
5371	ENSG00000176978_DPP7	chr9:137111749:G>A	chr9:137112169-137112215:-	0	0					46	FALSE		2000	0					FALSE
5372	ENSG00000176978_DPP7	chr9:137111749:G>A	chr9:137112215-137112230:-	0	0					15	FALSE		2000	0					FALSE
5373	ENSG00000176978_DPP7	chr9:137111749:G>A	chr9:137112230-137112604:-	0	0					374	FALSE		2000	0					FALSE
5374	ENSG00000176978_DPP7	chr9:137111749:G>A	chr9:137112604-137112719:-	0	0					115	FALSE		2000	0					FALSE
5375	ENSG00000176978_DPP7	chr9:137111749:G>A	chr9:137112719-137112744:-	0	0					25	FALSE		2000	0					FALSE
5376	ENSG00000176978_DPP7	chr9:137111749:G>A	chr9:137112744-137112748:-	0	0					4	FALSE		2000	0					FALSE
5377	ENSG00000176978_DPP7	chr9:137111749:G>A	chr9:137112805-137112816:-	0	0					11	FALSE		2000	0					FALSE
5378	ENSG00000176978_DPP7	chr9:137111749:G>A	chr9:137112816-137112952:-	0	0					136	FALSE		2000	0					FALSE
5379	ENSG00000176978_DPP7	chr9:137111749:G>A	chr9:137113205-137113287:-	0	0					82	FALSE		2000	0					FALSE
5380	ENSG00000176978_DPP7	chr9:137111749:G>A	chr9:137113287-137113356:-	0	0					69	FALSE		2000	0					FALSE
5381	ENSG00000176978_DPP7	chr9:137111749:G>A	chr9:137113356-137113360:-	0	0					4	FALSE		2000	0					FALSE
5382	ENSG00000176978_DPP7	chr9:137111749:G>A	chr9:137113360-137113374:-	0	0					14	FALSE		2000	0					FALSE
5383	ENSG00000176978_DPP7	chr9:137111749:G>A	chr9:137113374-137113415:-	0	0					41	FALSE		2000	0					FALSE
5384	ENSG00000176978_DPP7	chr9:137111749:G>A	chr9:137113415-137113433:-	0	0					18	FALSE		2000	0					FALSE
5385	ENSG00000176978_DPP7	chr9:137111749:G>A	chr9:137113433-137113478:-	0	0					45	FALSE		2000	0					FALSE
5386	ENSG00000176978_DPP7	chr9:137111749:G>A	chr9:137113478-137113496:-	0	0					18	FALSE		2000	0					FALSE
5387	ENSG00000176978_DPP7	chr9:137111749:G>A	chr9:137113496-137113715:-	0	0					219	FALSE		2000	0					FALSE
5388	ENSG00000176978_DPP7	chr9:137111749:G>A	chr9:137114378-137114382:-	0	0					4	FALSE		2000	0					FALSE
5389	ENSG00000176978_DPP7	chr9:137111749:G>A	chr9:137114382-137114462:-	0	0					80	FALSE		2000	0					FALSE
5390	ENSG00000176978_DPP7	chr9:137111749:G>A	chr9:137114576-137114646:-	0	0					70	FALSE		2000	0					FALSE
5391	ENSG00000176978_DPP7	chr9:137111749:G>A	chr9:137114646-137114703:-	0	0					57	FALSE		2000	0					FALSE
5392	ENSG00000176978_DPP7	chr9:137111749:G>A	chr9:137114703-137114704:-	0	0					1	FALSE		2000	0					FALSE
5393	ENSG00000176978_DPP7	chr9:137111749:G>A	chr9:137114704-137114713:-	0	0					9	FALSE		2000	0					FALSE
5394	ENSG00000176978_DPP7	chr9:137111749:G>A	chr9:137114713-137114718:-	0	0					5	FALSE		2000	0					FALSE
5395	ENSG00000176978_DPP7	chr9:137111749:G>A	chr9:137114718-137114726:-	0	0					8	FALSE		2000	0					FALSE
5396	ENSG00000176978_DPP7	chr9:137111749:G>A	chr9:137114726-137114728:-	0	0					2	FALSE		2000	0					FALSE
5397	ENSG00000176978_DPP7	chr9:137111749:G>A	chr9:137114728-137114733:-	0	0					5	FALSE		2000	0					FALSE
5398	ENSG00000176978_DPP7	chr9:137111749:G>A	chr9:137114733-137114741:-	0	0					8	FALSE		2000	0					FALSE
5399	ENSG00000176978_DPP7	chr9:137111749:G>A	chr9:137114741-137114744:-	0	0					3	FALSE		2000	0					FALSE
5400	ENSG00000176978_DPP7	chr9:137111749:G>A	chr9:137114744-137114752:-	0	0					8	FALSE		2000	0					FALSE
5401	ENSG00000176978_DPP7	chr9:137111749:G>A	chr9:137114752-137114755:-	0	0					3	FALSE		2000	0					FALSE
5402	ENSG00000176978_DPP7	chr9:137111749:G>A	chr9:137114755-137114761:-	0	0					6	FALSE		2000	0					FALSE
5403	ENSG00000176978_DPP7	chr9:137114481:A>G	chr9:137111872-137111940:-	2	128	0.002	-0.076	trans	0.369714679172799	68	TRUE	0.28971028971029	2000	2000	573	0.286856571714143	0.286856571714143	1	FALSE
5404	ENSG00000176978_DPP7	chr9:137114481:A>G	chr9:137111940-137111998:-	2	128	0.002	-0.076	trans	0.369714679172799	58	TRUE	0.28971028971029	2000	2000	573	0.286856571714143	0.286856571714143	1	FALSE
5405	ENSG00000176978_DPP7	chr9:137114481:A>G	chr9:137111998-137112029:-	2	128	0.002	-0.076	trans	0.369714679172799	31	TRUE	0.28971028971029	2000	2000	573	0.286856571714143	0.286856571714143	1	FALSE
5406	ENSG00000176978_DPP7	chr9:137114481:A>G	chr9:137112169-137112215:-	2	128	0	0	trans	0.520750447615105	46	TRUE	1	2000	2000	2000	1	1	1	FALSE
5407	ENSG00000176978_DPP7	chr9:137114481:A>G	chr9:137112215-137112230:-	2	128	0	0	trans	0.520750447615105	15	TRUE	1	2000	2000	2000	1	1	1	FALSE
5408	ENSG00000176978_DPP7	chr9:137114481:A>G	chr9:137112230-137112604:-	2	128	-0.001	-0.07	trans	0.596524091960298	374	TRUE	0.424575424575425	2000	2000	839	0.419790104947526	0.419790104947526	1	FALSE
5409	ENSG00000176978_DPP7	chr9:137114481:A>G	chr9:137112604-137112719:-	2	128	-0.001	-0.07	trans	0.596524091960298	115	TRUE	0.424575424575425	2000	2000	839	0.419790104947526	0.419790104947526	1	FALSE
5410	ENSG00000176978_DPP7	chr9:137114481:A>G	chr9:137112719-137112744:-	2	128	-0.001	-0.07	trans	0.596524091960298	25	TRUE	0.424575424575425	2000	2000	839	0.419790104947526	0.419790104947526	1	FALSE
5411	ENSG00000176978_DPP7	chr9:137114481:A>G	chr9:137112744-137112748:-	2	127	0.001	-0.017	trans	0.465902885797302	4	FALSE	0.327672327672328	2000	2000	655	0.327836081959021	0.327836081959021	1	FALSE
5412	ENSG00000176978_DPP7	chr9:137114481:A>G	chr9:137112805-137112816:-	2	128	-0.001	-0.015	trans	0.596524091960298	11	TRUE	0.893106893106893	2000	2000	1801	0.900549725137431	0.900549725137431	1	FALSE
5413	ENSG00000176978_DPP7	chr9:137114481:A>G	chr9:137112816-137112952:-	2	128	-0.001	-0.015	trans	0.596524091960298	136	TRUE	0.893106893106893	2000	2000	1801	0.900549725137431	0.900549725137431	1	FALSE
5414	ENSG00000176978_DPP7	chr9:137114481:A>G	chr9:137113205-137113287:-	2	128	-0.001	0.015	trans	0.596524091960298	82	TRUE	0.892107892107892	2000	2000	1792	0.896051974012994	0.896051974012994	1	FALSE
5415	ENSG00000176978_DPP7	chr9:137114481:A>G	chr9:137113287-137113356:-	2	127	-0.007	0.005	trans	0.898498255030013	69	TRUE	1	2000	2000	2000	1	1	1	FALSE
5416	ENSG00000176978_DPP7	chr9:137114481:A>G	chr9:137113356-137113360:-	2	127	-0.006	0.009	trans	0.865032931479736	4	FALSE	1	2000	2000	2000	1	1	1	FALSE
5417	ENSG00000176978_DPP7	chr9:137114481:A>G	chr9:137113360-137113374:-	2	128	0.001	-0.016	trans	0.444217015470298	14	TRUE	0.271728271728272	2000	2000	552	0.276361819090455	0.276361819090455	1	FALSE
5418	ENSG00000176978_DPP7	chr9:137114481:A>G	chr9:137113374-137113415:-	2	128	0.001	-0.016	trans	0.444217015470298	41	TRUE	0.271728271728272	2000	2000	552	0.276361819090455	0.276361819090455	1	FALSE
5419	ENSG00000176978_DPP7	chr9:137114481:A>G	chr9:137113415-137113433:-	2	128	0.001	-0.016	trans	0.444217015470298	18	TRUE	0.271728271728272	2000	2000	552	0.276361819090455	0.276361819090455	1	FALSE
5420	ENSG00000176978_DPP7	chr9:137114481:A>G	chr9:137113433-137113478:-	2	128	0.001	-0.016	trans	0.444217015470298	45	TRUE	0.271728271728272	2000	2000	552	0.276361819090455	0.276361819090455	1	FALSE
5421	ENSG00000176978_DPP7	chr9:137114481:A>G	chr9:137113478-137113496:-	2	128	0.001	-0.016	trans	0.444217015470298	18	TRUE	0.271728271728272	2000	2000	552	0.276361819090455	0.276361819090455	1	FALSE
5422	ENSG00000176978_DPP7	chr9:137114481:A>G	chr9:137113496-137113715:-	2	128	0	0	trans	0.520750447615105	219	TRUE	1	2000	2000	2000	1	1	1	FALSE
5423	ENSG00000176978_DPP7	chr9:137114481:A>G	chr9:137114378-137114382:-	2	128	-0.007	0.013	trans	0.918988354395638	4	FALSE	0.864135864135864	2000	2000	1733	0.866566716641679	0.866566716641679	1	FALSE
5424	ENSG00000176978_DPP7	chr9:137114481:A>G	chr9:137114382-137114462:-	2	128	0	0	trans	0.520750447615105	80	TRUE	1	2000	2000	2000	1	1	1	FALSE
5425	ENSG00000176978_DPP7	chr9:137114481:A>G	chr9:137114576-137114646:-	2	127	0.015	-0.162	amb	0.00688615589592934	70	TRUE	0.036963036963037	2000	2000	67	0.0339830084957521	0.0339830084957521	0.816764031777215	FALSE
5426	ENSG00000176978_DPP7	chr9:137114481:A>G	chr9:137114646-137114703:-	2	128	0.001	-0.016	trans	0.444217015470298	57	TRUE	0.273726273726274	2000	2000	565	0.282858570714643	0.282858570714643	1	FALSE
5427	ENSG00000176978_DPP7	chr9:137114481:A>G	chr9:137114703-137114704:-	2	128	0.001	-0.016	trans	0.444217015470298	1	FALSE	0.273726273726274	2000	2000	565	0.282858570714643	0.282858570714643	1	FALSE
5428	ENSG00000176978_DPP7	chr9:137114481:A>G	chr9:137114704-137114713:-	2	128	0.001	-0.016	trans	0.444217015470298	9	FALSE	0.273726273726274	2000	2000	565	0.282858570714643	0.282858570714643	1	FALSE
5429	ENSG00000176978_DPP7	chr9:137114481:A>G	chr9:137114713-137114718:-	2	128	0.001	-0.016	trans	0.444217015470298	5	FALSE	0.273726273726274	2000	2000	565	0.282858570714643	0.282858570714643	1	FALSE
5430	ENSG00000176978_DPP7	chr9:137114481:A>G	chr9:137114718-137114726:-	2	128	0.001	-0.016	trans	0.444217015470298	8	FALSE	0.273726273726274	2000	2000	565	0.282858570714643	0.282858570714643	1	FALSE
5431	ENSG00000176978_DPP7	chr9:137114481:A>G	chr9:137114726-137114728:-	2	128	0.001	-0.016	trans	0.444217015470298	2	FALSE	0.273726273726274	2000	2000	565	0.282858570714643	0.282858570714643	1	FALSE
5432	ENSG00000176978_DPP7	chr9:137114481:A>G	chr9:137114728-137114733:-	2	128	0.001	-0.016	trans	0.444217015470298	5	FALSE	0.273726273726274	2000	2000	565	0.282858570714643	0.282858570714643	1	FALSE
5433	ENSG00000176978_DPP7	chr9:137114481:A>G	chr9:137114733-137114741:-	2	90	0.003	-0.026	trans	0.35477774452231	8	FALSE	0.110889110889111	2000	2000	241	0.120939530234883	0.120939530234883	1	FALSE
5434	ENSG00000176978_DPP7	chr9:137114481:A>G	chr9:137114741-137114744:-	2	90	0.004	-0.026	trans	0.311358062895619	3	FALSE	0.0529470529470529	2000	2000	118	0.0594702648675662	0.0594702648675662	1	FALSE
5435	ENSG00000176978_DPP7	chr9:137114481:A>G	chr9:137114744-137114752:-	2	86	0.004	-0.027	trans	0.36257840145269	8	FALSE	0.0689310689310689	2000	2000	156	0.0784607696151924	0.0784607696151924	1	FALSE
5436	ENSG00000176978_DPP7	chr9:137114481:A>G	chr9:137114752-137114755:-	1	30	0	-0.067	trans	0.49403254274629	3	FALSE	0.514485514485515	2000	1809	859	0.475138121546961	0.525237381309345	1	FALSE
5437	ENSG00000176978_DPP7	chr9:137114297:G>C	chr9:137111872-137111940:-	1	55	-0.004	-0.089	trans	0.616799309094759	68	TRUE	0.447552447552448	2000	2000	888	0.444277861069465	0.444277861069465	1	FALSE
5438	ENSG00000176978_DPP7	chr9:137114297:G>C	chr9:137111940-137111998:-	1	55	-0.004	-0.089	trans	0.616799309094759	58	TRUE	0.447552447552448	2000	2000	888	0.444277861069465	0.444277861069465	1	FALSE
5439	ENSG00000176978_DPP7	chr9:137114297:G>C	chr9:137111998-137112029:-	1	55	-0.004	-0.089	trans	0.616799309094759	31	TRUE	0.447552447552448	2000	2000	888	0.444277861069465	0.444277861069465	1	FALSE
5440	ENSG00000176978_DPP7	chr9:137114297:G>C	chr9:137112169-137112215:-	1	55	0	0	trans	0.49552912932619	46	TRUE	1	2000	2000	2000	1	1	1	FALSE
5441	ENSG00000176978_DPP7	chr9:137114297:G>C	chr9:137112215-137112230:-	1	55	0	0	trans	0.49552912932619	15	TRUE	1	2000	2000	2000	1	1	1	FALSE
5442	ENSG00000176978_DPP7	chr9:137114297:G>C	chr9:137112230-137112604:-	1	55	-0.007	0.075	trans	0.701356020147449	374	TRUE	0.603396603396603	2000	2000	1199	0.599700149925038	0.599700149925038	1	FALSE
5443	ENSG00000176978_DPP7	chr9:137114297:G>C	chr9:137112604-137112719:-	1	55	-0.007	0.075	trans	0.701356020147449	115	TRUE	0.603396603396603	2000	2000	1199	0.599700149925038	0.599700149925038	1	FALSE
5444	ENSG00000176978_DPP7	chr9:137114297:G>C	chr9:137112719-137112744:-	1	55	-0.007	0.075	trans	0.701356020147449	25	TRUE	0.603396603396603	2000	2000	1199	0.599700149925038	0.599700149925038	1	FALSE
5445	ENSG00000176978_DPP7	chr9:137114297:G>C	chr9:137112744-137112748:-	1	55	0.005	-0.042	trans	0.345841372805626	4	FALSE	0.176823176823177	2000	2000	365	0.182908545727136	0.182908545727136	1	FALSE
5446	ENSG00000176978_DPP7	chr9:137114297:G>C	chr9:137112805-137112816:-	1	55	0	0	trans	0.49552912932619	11	TRUE	1	2000	2000	2000	1	1	1	FALSE
5447	ENSG00000176978_DPP7	chr9:137114297:G>C	chr9:137112816-137112952:-	1	55	0	0	trans	0.49552912932619	136	TRUE	1	2000	2000	2000	1	1	1	FALSE
5448	ENSG00000176978_DPP7	chr9:137114297:G>C	chr9:137113205-137113287:-	1	55	0	0	trans	0.49552912932619	82	TRUE	1	2000	2000	2000	1	1	1	FALSE
5449	ENSG00000176978_DPP7	chr9:137114297:G>C	chr9:137113287-137113356:-	1	55	-0.021	0.009	trans	0.946008760833846	69	TRUE	1	2000	2000	2000	1	1	1	FALSE
5450	ENSG00000176978_DPP7	chr9:137114297:G>C	chr9:137113356-137113360:-	1	55	-0.021	0.009	trans	0.946008760833846	4	FALSE	1	2000	2000	2000	1	1	1	FALSE
5451	ENSG00000176978_DPP7	chr9:137114297:G>C	chr9:137113360-137113374:-	1	55	0	0	trans	0.49552912932619	14	TRUE	1	2000	2000	2000	1	1	1	FALSE
5452	ENSG00000176978_DPP7	chr9:137114297:G>C	chr9:137113374-137113415:-	1	55	0	0	trans	0.49552912932619	41	TRUE	1	2000	2000	2000	1	1	1	FALSE
5453	ENSG00000176978_DPP7	chr9:137114297:G>C	chr9:137113415-137113433:-	1	55	0	0	trans	0.49552912932619	18	TRUE	1	2000	2000	2000	1	1	1	FALSE
5454	ENSG00000176978_DPP7	chr9:137114297:G>C	chr9:137113433-137113478:-	1	55	0	0	trans	0.49552912932619	45	TRUE	1	2000	2000	2000	1	1	1	FALSE
5455	ENSG00000176978_DPP7	chr9:137114297:G>C	chr9:137113478-137113496:-	1	55	0	0	trans	0.49552912932619	18	TRUE	1	2000	2000	2000	1	1	1	FALSE
5456	ENSG00000176978_DPP7	chr9:137114297:G>C	chr9:137113496-137113715:-	1	55	0	0	trans	0.49552912932619	219	TRUE	1	2000	2000	2000	1	1	1	FALSE
5457	ENSG00000176978_DPP7	chr9:137114297:G>C	chr9:137114378-137114382:-	1	55	-0.004	0.032	trans	0.616799309094759	4	FALSE	0.855144855144855	2000	2000	1695	0.847576211894053	0.847576211894053	1	FALSE
5458	ENSG00000176978_DPP7	chr9:137114297:G>C	chr9:137114382-137114462:-	1	55	0	0	trans	0.49552912932619	80	TRUE	1	2000	2000	2000	1	1	1	FALSE
5459	ENSG00000176978_DPP7	chr9:137114297:G>C	chr9:137114576-137114646:-	1	55	0.072	-0.281	cis	1.34525025563548e-08	70	TRUE	0.00999000999000999	2000	2000	13	0.00699650174912544	0.00699650174912544	0.500160176322095	TRUE
5460	ENSG00000176978_DPP7	chr9:137114297:G>C	chr9:137114646-137114703:-	1	55	0	0	trans	0.49552912932619	57	TRUE	1	2000	2000	2000	1	1	1	FALSE
5461	ENSG00000176978_DPP7	chr9:137114297:G>C	chr9:137114703-137114704:-	1	55	0	0	trans	0.49552912932619	1	FALSE	1	2000	2000	2000	1	1	1	FALSE
5462	ENSG00000176978_DPP7	chr9:137114297:G>C	chr9:137114704-137114713:-	1	55	0	0	trans	0.49552912932619	9	FALSE	1	2000	2000	2000	1	1	1	FALSE
5463	ENSG00000176978_DPP7	chr9:137114297:G>C	chr9:137114713-137114718:-	1	55	0	0	trans	0.49552912932619	5	FALSE	1	2000	2000	2000	1	1	1	FALSE
5464	ENSG00000176978_DPP7	chr9:137114297:G>C	chr9:137114718-137114726:-	1	55	0	0	trans	0.49552912932619	8	FALSE	1	2000	2000	2000	1	1	1	FALSE
5465	ENSG00000176978_DPP7	chr9:137114297:G>C	chr9:137114726-137114728:-	1	55	0	0	trans	0.49552912932619	2	FALSE	1	2000	2000	2000	1	1	1	FALSE
5466	ENSG00000176978_DPP7	chr9:137114297:G>C	chr9:137114728-137114733:-	1	55	0	0	trans	0.49552912932619	5	FALSE	1	2000	2000	2000	1	1	1	FALSE
5467	ENSG00000176978_DPP7	chr9:137114297:G>C	chr9:137114733-137114741:-	1	40	0	0	trans	0.494717558753228	8	FALSE	1	2000	2000	2000	1	1	1	FALSE
5468	ENSG00000176978_DPP7	chr9:137114297:G>C	chr9:137114741-137114744:-	1	40	0	0	trans	0.494717558753228	3	FALSE	1	2000	2000	2000	1	1	1	FALSE
5469	ENSG00000176978_DPP7	chr9:137114297:G>C	chr9:137114744-137114752:-	1	39	0	0	trans	0.519357429037164	8	FALSE	1	2000	1999	1999	1	1	1	FALSE
5470	ENSG00000187609_EXD3	chr9:137367973:C>T	chr9:137366144-137366156:-	0	0					12	FALSE		2000	0					FALSE
5471	ENSG00000187609_EXD3	chr9:137367973:C>T	chr9:137366156-137366361:-	0	0					205	FALSE		2000	0					FALSE
5472	ENSG00000187609_EXD3	chr9:137367973:C>T	chr9:137366361-137366492:-	0	0					131	FALSE		2000	0					FALSE
5473	ENSG00000187609_EXD3	chr9:137367973:C>T	chr9:137367564-137367935:-	0	0					371	FALSE		2000	0					FALSE
5474	ENSG00000187609_EXD3	chr9:137367973:C>T	chr9:137374611-137374763:-	0	0					152	FALSE		2000	0					FALSE
5475	ENSG00000187609_EXD3	chr9:137367973:C>T	chr9:137377073-137377281:-	0	0					208	FALSE		2000	0					FALSE
5476	ENSG00000187609_EXD3	chr9:137367973:C>T	chr9:137381192-137381246:-	0	0					54	FALSE		2000	0					FALSE
5477	ENSG00000187609_EXD3	chr9:137367973:C>T	chr9:137391801-137393235:-	0	0					1434	FALSE		2000	0					FALSE
5478	ENSG00000187609_EXD3	chr9:137367973:C>T	chr9:137395404-137395408:-	0	0					4	FALSE		2000	0					FALSE
5479	ENSG00000187609_EXD3	chr9:137367973:C>T	chr9:137419821-137420156:-	0	0					335	FALSE		2000	0					FALSE
5480	ENSG00000203993_ARRDC1-AS1	chr9:137618102:G>A	chr9:137616132-137616199:-	0	0					67	FALSE		2000	0					FALSE
5481	ENSG00000203993_ARRDC1-AS1	chr9:137618102:G>A	chr9:137616229-137617387:-	0	0					1158	FALSE		2000	0					FALSE
5482	ENSG00000203993_ARRDC1-AS1	chr9:137618102:G>A	chr9:137617387-137617933:-	0	0					546	FALSE		2000	0					FALSE
5483	ENSG00000203993_ARRDC1-AS1	chr9:137618102:G>A	chr9:137618191-137618530:-	0	0					339	FALSE		2000	0					FALSE
5484	ENSG00000181090_EHMT1	chr9:137716983:T>C	chr9:137620046-137620068:+	1	67	0	0	trans	0.499715360361105	22	TRUE	1	2000	2000	2000	1	1	1	FALSE
5485	ENSG00000181090_EHMT1	chr9:137716983:T>C	chr9:137637501-137637624:+	1	67	0	0	trans	0.499715360361105	123	TRUE	1	2000	2000	2000	1	1	1	FALSE
5486	ENSG00000181090_EHMT1	chr9:137716983:T>C	chr9:137646335-137646376:+	1	67	0	0	trans	0.499715360361105	41	TRUE	1	2000	2000	2000	1	1	1	FALSE
5487	ENSG00000181090_EHMT1	chr9:137716983:T>C	chr9:137646376-137646395:+	1	67	0	0	trans	0.499715360361105	19	TRUE	1	2000	2000	2000	1	1	1	FALSE
5488	ENSG00000181090_EHMT1	chr9:137716983:T>C	chr9:137646395-137646438:+	1	67	0	0	trans	0.499715360361105	43	TRUE	1	2000	2000	2000	1	1	1	FALSE
5489	ENSG00000181090_EHMT1	chr9:137716983:T>C	chr9:137650859-137651037:+	1	67	0	0	trans	0.499715360361105	178	TRUE	1	2000	2000	2000	1	1	1	FALSE
5490	ENSG00000181090_EHMT1	chr9:137716983:T>C	chr9:137651037-137651809:+	1	67	0	0	trans	0.499715360361105	772	TRUE	1	2000	2000	2000	1	1	1	FALSE
5491	ENSG00000181090_EHMT1	chr9:137716983:T>C	chr9:137664905-137664965:+	1	67	0	0	trans	0.499715360361105	60	TRUE	1	2000	2000	2000	1	1	1	FALSE
5492	ENSG00000181090_EHMT1	chr9:137716983:T>C	chr9:137665955-137666052:+	1	69	-0.017	-0.004	trans	0.929988087528048	97	TRUE	1	2000	2000	2000	1	1	1	FALSE
5493	ENSG00000181090_EHMT1	chr9:137716983:T>C	chr9:137667006-137667227:+	1	69	0	0	trans	0.504541550773616	221	TRUE	1	2000	2000	2000	1	1	1	FALSE
5494	ENSG00000181090_EHMT1	chr9:137716983:T>C	chr9:137667349-137667494:+	1	69	0	0	trans	0.504541550773616	145	TRUE	1	2000	2000	2000	1	1	1	FALSE
5495	ENSG00000181090_EHMT1	chr9:137716983:T>C	chr9:137674896-137674969:+	1	69	0	0	trans	0.504541550773616	73	TRUE	1	2000	2000	2000	1	1	1	FALSE
5496	ENSG00000181090_EHMT1	chr9:137716983:T>C	chr9:137675185-137675211:+	1	71	-0.017	-0.004	trans	0.938559335976058	26	TRUE	1	2000	2000	2000	1	1	1	FALSE
5497	ENSG00000181090_EHMT1	chr9:137716983:T>C	chr9:137676102-137676508:+	1	71	0	0	trans	0.492266287423206	406	TRUE	1	2000	2000	2000	1	1	1	FALSE
5498	ENSG00000181090_EHMT1	chr9:137716983:T>C	chr9:137680897-137680922:+	1	71	0	0	trans	0.492266287423206	25	TRUE	1	2000	2000	2000	1	1	1	FALSE
5499	ENSG00000181090_EHMT1	chr9:137716983:T>C	chr9:137685287-137685335:+	1	71	0	0	trans	0.492266287423206	48	TRUE	1	2000	2000	2000	1	1	1	FALSE
5500	ENSG00000181090_EHMT1	chr9:137716983:T>C	chr9:137710966-137710969:+	1	71	0.002	0.065	trans	0.419500120463855	3	FALSE	0.228771228771229	2000	2000	458	0.229385307346327	0.229385307346327	1	FALSE
5501	ENSG00000181090_EHMT1	chr9:137716983:T>C	chr9:137710969-137710993:+	1	72	0.003	0.065	trans	0.376835985994156	24	TRUE	0.196803196803197	2000	2000	405	0.202898550724638	0.202898550724638	1	FALSE
5502	ENSG00000181090_EHMT1	chr9:137716983:T>C	chr9:137710993-137711000:+	1	72	0.003	0.065	trans	0.376835985994156	7	FALSE	0.196803196803197	2000	2000	405	0.202898550724638	0.202898550724638	1	FALSE
5503	ENSG00000181090_EHMT1	chr9:137716983:T>C	chr9:137711000-137711004:+	1	73	0.004	0.066	trans	0.312737703660054	4	FALSE	0.171828171828172	2000	2000	361	0.180909545227386	0.180909545227386	1	FALSE
5504	ENSG00000181090_EHMT1	chr9:137716983:T>C	chr9:137711004-137711006:+	1	73	0.004	0.066	trans	0.312737703660054	2	FALSE	0.171828171828172	2000	2000	361	0.180909545227386	0.180909545227386	1	FALSE
5505	ENSG00000181090_EHMT1	chr9:137716983:T>C	chr9:137711006-137711018:+	1	73	0.004	0.066	trans	0.312737703660054	12	TRUE	0.171828171828172	2000	2000	361	0.180909545227386	0.180909545227386	1	FALSE
5506	ENSG00000181090_EHMT1	chr9:137716983:T>C	chr9:137711018-137711021:+	1	73	0.004	0.066	trans	0.312737703660054	3	FALSE	0.171828171828172	2000	2000	361	0.180909545227386	0.180909545227386	1	FALSE
5507	ENSG00000181090_EHMT1	chr9:137716983:T>C	chr9:137711021-137711030:+	1	74	0.003	0.063	trans	0.371893333446666	9	FALSE	0.201798201798202	2000	2000	415	0.207896051974013	0.207896051974013	1	FALSE
5508	ENSG00000181090_EHMT1	chr9:137716983:T>C	chr9:137711030-137711255:+	1	74	0	0	trans	0.497550962535023	225	TRUE	1	2000	2000	2000	1	1	1	FALSE
5509	ENSG00000181090_EHMT1	chr9:137716983:T>C	chr9:137717182-137717273:+	1	74	0	0	trans	0.497550962535023	91	TRUE	1	2000	2000	2000	1	1	1	FALSE
5510	ENSG00000181090_EHMT1	chr9:137716983:T>C	chr9:137728529-137728593:+	1	74	-0.002	0.025	trans	0.582254282181575	64	TRUE	0.955044955044955	2000	2000	1920	0.960019990004998	0.960019990004998	1	FALSE
5511	ENSG00000181090_EHMT1	chr9:137716983:T>C	chr9:137738606-137738779:+	1	74	0	0	trans	0.497550962535023	173	TRUE	1	2000	2000	2000	1	1	1	FALSE
5512	ENSG00000181090_EHMT1	chr9:137716983:T>C	chr9:137742956-137742965:+	1	74	0	0	trans	0.497550962535023	9	FALSE	1	2000	2000	2000	1	1	1	FALSE
5513	ENSG00000181090_EHMT1	chr9:137716983:T>C	chr9:137742965-137743100:+	1	74	0	0	trans	0.497550962535023	135	TRUE	1	2000	2000	2000	1	1	1	FALSE
5514	ENSG00000181090_EHMT1	chr9:137716983:T>C	chr9:137743173-137743262:+	1	74	0	0	trans	0.497550962535023	89	TRUE	1	2000	2000	2000	1	1	1	FALSE
5515	ENSG00000181090_EHMT1	chr9:137716983:T>C	chr9:137743370-137743376:+	1	74	-0.008	0.034	trans	0.802079398396862	6	FALSE	0.371628371628372	2000	2000	754	0.377311344327836	0.377311344327836	1	FALSE
5516	ENSG00000181090_EHMT1	chr9:137716983:T>C	chr9:137743376-137743391:+	1	74	-0.008	0.034	trans	0.802079398396862	15	TRUE	0.371628371628372	2000	2000	754	0.377311344327836	0.377311344327836	1	FALSE
5517	ENSG00000181090_EHMT1	chr9:137716983:T>C	chr9:137745472-137745602:+	1	53	0	0	trans	0.513070834746567	130	TRUE	1	2000	2000	2000	1	1	1	FALSE
5518	ENSG00000181090_EHMT1	chr9:137716983:T>C	chr9:137745602-137747964:+	1	53	0	0	trans	0.513070834746567	2362	TRUE	1	2000	2000	2000	1	1	1	FALSE
5519	ENSG00000181090_EHMT1	chr9:137716983:T>C	chr9:137752330-137752408:+	1	53	0	0	trans	0.513070834746567	78	TRUE	1	2000	2000	2000	1	1	1	FALSE
5520	ENSG00000181090_EHMT1	chr9:137716983:T>C	chr9:137762820-137764126:+	1	52	-0.019	0.017	trans	0.890627428811157	1306	TRUE	0.993006993006993	2000	2000	1986	0.993003498250875	0.993003498250875	1	FALSE
5521	ENSG00000181090_EHMT1	chr9:137716983:T>C	chr9:137764126-137764701:+	1	52	-0.011	0.049	trans	0.76313060945724	575	TRUE	0.62037962037962	2000	2000	1191	0.595702148925537	0.595702148925537	1	FALSE
5522	ENSG00000181090_EHMT1	chr9:137716983:T>C	chr9:137764701-137764757:+	1	51	-0.019	0.019	trans	0.903728074612665	56	TRUE	0.992007992007992	2000	2000	1982	0.991004497751124	0.991004497751124	1	FALSE
5523	ENSG00000181090_EHMT1	chr9:137716983:T>C	chr9:137775108-137775252:+	1	48	0	0	trans	0.522727879577405	144	TRUE	1	2000	2000	2000	1	1	1	FALSE
5524	ENSG00000181090_EHMT1	chr9:137716983:T>C	chr9:137784105-137784393:+	1	48	0.004	0.171	trans	0.429758445633003	288	TRUE	0.212787212787213	2000	2000	431	0.215892053973014	0.215892053973014	1	FALSE
5525	ENSG00000181090_EHMT1	chr9:137743410:G>A	chr9:137711000-137711004:+	2	74	-0.007	0.042	trans	0.771008035776473	4	FALSE	0.446553446553447	2000	2000	899	0.449775112443778	0.449775112443778	1	FALSE
5526	ENSG00000181090_EHMT1	chr9:137743410:G>A	chr9:137711004-137711006:+	2	74	-0.007	0.042	trans	0.771008035776473	2	FALSE	0.446553446553447	2000	2000	899	0.449775112443778	0.449775112443778	1	FALSE
5527	ENSG00000181090_EHMT1	chr9:137743410:G>A	chr9:137711006-137711018:+	2	74	-0.007	0.042	trans	0.771008035776473	12	TRUE	0.446553446553447	2000	2000	899	0.449775112443778	0.449775112443778	1	FALSE
5528	ENSG00000181090_EHMT1	chr9:137743410:G>A	chr9:137711018-137711021:+	2	74	-0.007	0.042	trans	0.771008035776473	3	FALSE	0.446553446553447	2000	2000	899	0.449775112443778	0.449775112443778	1	FALSE
5529	ENSG00000181090_EHMT1	chr9:137743410:G>A	chr9:137711021-137711030:+	2	75	-0.007	0.043	trans	0.751556665853479	9	FALSE	0.383616383616384	2000	2000	765	0.382808595702149	0.382808595702149	1	FALSE
5530	ENSG00000181090_EHMT1	chr9:137743410:G>A	chr9:137711030-137711255:+	2	75	0	0	trans	0.482183442785755	225	TRUE	1	2000	2000	2000	1	1	1	FALSE
5531	ENSG00000181090_EHMT1	chr9:137743410:G>A	chr9:137717182-137717273:+	2	75	0	0	trans	0.482183442785755	91	TRUE	1	2000	2000	2000	1	1	1	FALSE
5532	ENSG00000181090_EHMT1	chr9:137743410:G>A	chr9:137728529-137728593:+	2	75	-0.005	0.021	trans	0.681721849463766	64	TRUE	1	2000	2000	2000	1	1	1	FALSE
5533	ENSG00000181090_EHMT1	chr9:137743410:G>A	chr9:137738606-137738779:+	2	75	0	0	trans	0.482183442785755	173	TRUE	1	2000	2000	2000	1	1	1	FALSE
5534	ENSG00000181090_EHMT1	chr9:137743410:G>A	chr9:137742956-137742965:+	2	75	0	0	trans	0.482183442785755	9	FALSE	1	2000	2000	2000	1	1	1	FALSE
5535	ENSG00000181090_EHMT1	chr9:137743410:G>A	chr9:137742965-137743100:+	2	75	0	0	trans	0.482183442785755	135	TRUE	1	2000	2000	2000	1	1	1	FALSE
5536	ENSG00000181090_EHMT1	chr9:137743410:G>A	chr9:137743173-137743262:+	2	77	0.008	-0.034	trans	0.267153695274262	89	TRUE	0.180819180819181	2000	2000	337	0.168915542228886	0.168915542228886	1	FALSE
5537	ENSG00000181090_EHMT1	chr9:137743410:G>A	chr9:137743370-137743376:+	2	76	0.003	-0.072	trans	0.401816401114288	6	FALSE	0.395604395604396	2000	2000	771	0.385807096451774	0.385807096451774	1	FALSE
5538	ENSG00000181090_EHMT1	chr9:137743410:G>A	chr9:137743376-137743391:+	2	76	0.003	-0.072	trans	0.401816401114288	15	TRUE	0.395604395604396	2000	2000	771	0.385807096451774	0.385807096451774	1	FALSE
5539	ENSG00000181090_EHMT1	chr9:137743410:G>A	chr9:137745472-137745602:+	1	36	0	0	trans	0.53339629130863	130	TRUE	1	2000	1955	1955	1	1	1	FALSE
5540	ENSG00000181090_EHMT1	chr9:137743410:G>A	chr9:137745602-137747964:+	1	36	0	0	trans	0.53339629130863	2362	TRUE	1	2000	1955	1955	1	1	1	FALSE
5541	ENSG00000181090_EHMT1	chr9:137743410:G>A	chr9:137752330-137752408:+	1	36	0	0	trans	0.53339629130863	78	TRUE	1	2000	1955	1955	1	1	1	FALSE
5542	ENSG00000181090_EHMT1	chr9:137743410:G>A	chr9:137762820-137764126:+	1	36	-0.019	0.054	trans	0.795669190227915	1306	TRUE	0.747252747252747	2000	1955	1462	0.747955010224949	0.753623188405797	1	FALSE
5543	ENSG00000181090_EHMT1	chr9:137743410:G>A	chr9:137764126-137764701:+	1	36	-0.019	0.054	trans	0.795669190227915	575	TRUE	0.747252747252747	2000	1955	1462	0.747955010224949	0.753623188405797	1	FALSE
5544	ENSG00000181090_EHMT1	chr9:137743410:G>A	chr9:137620046-137620068:+	1	37	0	0	trans	0.50974092735955	22	TRUE	1	2000	1984	1984	1	1	1	FALSE
5545	ENSG00000181090_EHMT1	chr9:137743410:G>A	chr9:137637501-137637624:+	1	37	0	0	trans	0.50974092735955	123	TRUE	1	2000	1984	1984	1	1	1	FALSE
5546	ENSG00000181090_EHMT1	chr9:137743410:G>A	chr9:137646335-137646376:+	1	37	0	0	trans	0.50974092735955	41	TRUE	1	2000	1984	1984	1	1	1	FALSE
5547	ENSG00000181090_EHMT1	chr9:137743410:G>A	chr9:137646376-137646395:+	1	37	0	0	trans	0.50974092735955	19	TRUE	1	2000	1984	1984	1	1	1	FALSE
5548	ENSG00000181090_EHMT1	chr9:137743410:G>A	chr9:137646395-137646438:+	1	37	0	0	trans	0.50974092735955	43	TRUE	1	2000	1984	1984	1	1	1	FALSE
5549	ENSG00000181090_EHMT1	chr9:137743410:G>A	chr9:137650859-137651037:+	1	37	0	0	trans	0.50974092735955	178	TRUE	1	2000	1984	1984	1	1	1	FALSE
5550	ENSG00000181090_EHMT1	chr9:137743410:G>A	chr9:137651037-137651809:+	1	37	0	0	trans	0.50974092735955	772	TRUE	1	2000	1984	1984	1	1	1	FALSE
5551	ENSG00000181090_EHMT1	chr9:137743410:G>A	chr9:137664905-137664965:+	1	37	0	0	trans	0.50974092735955	60	TRUE	1	2000	1984	1984	1	1	1	FALSE
5552	ENSG00000181090_EHMT1	chr9:137743410:G>A	chr9:137665955-137666052:+	1	39	0.002	0.071	trans	0.483532475781255	97	TRUE	0.526473526473527	2000	2000	1075	0.537731134432784	0.537731134432784	1	FALSE
5553	ENSG00000181090_EHMT1	chr9:137743410:G>A	chr9:137667006-137667227:+	1	39	0	0	trans	0.519357429037164	221	TRUE	1	2000	2000	2000	1	1	1	FALSE
5554	ENSG00000181090_EHMT1	chr9:137743410:G>A	chr9:137667349-137667494:+	1	39	0	0	trans	0.519357429037164	145	TRUE	1	2000	2000	2000	1	1	1	FALSE
5555	ENSG00000181090_EHMT1	chr9:137743410:G>A	chr9:137674896-137674969:+	1	39	0	0	trans	0.519357429037164	73	TRUE	1	2000	2000	2000	1	1	1	FALSE
5556	ENSG00000181090_EHMT1	chr9:137743410:G>A	chr9:137675185-137675211:+	2	72	-0.01	0.032	trans	0.852186342720925	26	TRUE	0.665334665334665	2000	2000	1335	0.667666166916542	0.667666166916542	1	FALSE
5557	ENSG00000181090_EHMT1	chr9:137743410:G>A	chr9:137676102-137676508:+	2	72	0	0	trans	0.49998639124046	406	TRUE	1	2000	2000	2000	1	1	1	FALSE
5558	ENSG00000181090_EHMT1	chr9:137743410:G>A	chr9:137680897-137680922:+	2	72	0	0	trans	0.49998639124046	25	TRUE	1	2000	2000	2000	1	1	1	FALSE
5559	ENSG00000181090_EHMT1	chr9:137743410:G>A	chr9:137685287-137685335:+	2	72	0	0	trans	0.49998639124046	48	TRUE	1	2000	2000	2000	1	1	1	FALSE
5560	ENSG00000181090_EHMT1	chr9:137743410:G>A	chr9:137710966-137710969:+	2	72	-0.008	0.039	trans	0.79861330023918	3	FALSE	0.533466533466534	2000	2000	1056	0.528235882058971	0.528235882058971	1	FALSE
5561	ENSG00000181090_EHMT1	chr9:137743410:G>A	chr9:137710969-137710993:+	2	73	-0.008	0.04	trans	0.795214746299925	24	TRUE	0.582417582417583	2000	2000	1159	0.579710144927536	0.579710144927536	1	FALSE
5562	ENSG00000181090_EHMT1	chr9:137743410:G>A	chr9:137710993-137711000:+	2	73	-0.008	0.04	trans	0.795214746299925	7	FALSE	0.582417582417583	2000	2000	1159	0.579710144927536	0.579710144927536	1	FALSE
5563	ENSG00000181090_EHMT1	chr9:137743410:G>A	chr9:137764701-137764757:+	1	36	-0.019	0.054	trans	0.795669190227915	56	TRUE	0.747252747252747	2000	1955	1462	0.747955010224949	0.753623188405797	1	FALSE
5564	ENSG00000181090_EHMT1	chr9:137743410:G>A	chr9:137775108-137775252:+	1	32	0	0	trans	0.488432823061255	144	TRUE	1	2000	1603	1603	1	1	1	FALSE
5565	ENSG00000181090_EHMT1	chr9:137743410:G>A	chr9:137784105-137784393:+	1	31	-0.018	0.036	trans	0.747718165936307	288	TRUE	0.931068931068931	2000	1447	1319	0.911602209944751	0.936031984007996	1	FALSE
5566	ENSG00000181090_EHMT1	chr9:137743410:G>A	chr9:137788763-137788810:+	0	0					47	FALSE		2000	0					FALSE
5567	ENSG00000181090_EHMT1	chr9:137743410:G>A	chr9:137788810-137788828:+	0	0					18	FALSE		2000	0					FALSE
5568	ENSG00000181090_EHMT1	chr9:137743410:G>A	chr9:137792054-137792256:+	0	0					202	FALSE		2000	0					FALSE
5569	ENSG00000181090_EHMT1	chr9:137743410:G>A	chr9:137795079-137795092:+	0	0					13	FALSE		2000	0					FALSE
5570	ENSG00000181090_EHMT1	chr9:137743410:G>A	chr9:137795117-137795188:+	0	0					71	FALSE		2000	0					FALSE
5571	ENSG00000181090_EHMT1	chr9:137743410:G>A	chr9:137800378-137800413:+	0	0					35	FALSE		2000	0					FALSE
5572	ENSG00000181090_EHMT1	chr9:137743410:G>A	chr9:137800442-137800575:+	0	0					133	FALSE		2000	0					FALSE
5573	ENSG00000181090_EHMT1	chr9:137743410:G>A	chr9:137802408-137802856:+	0	0					448	FALSE		2000	0					FALSE
5574	ENSG00000181090_EHMT1	chr9:137743410:G>A	chr9:137802856-137803010:+	0	0					154	FALSE		2000	0					FALSE
5575	ENSG00000181090_EHMT1	chr9:137743410:G>A	chr9:137803010-137803195:+	0	0					185	FALSE		2000	0					FALSE
5576	ENSG00000181090_EHMT1	chr9:137743410:G>A	chr9:137803195-137803199:+	0	0					4	FALSE		2000	0					FALSE
5577	ENSG00000181090_EHMT1	chr9:137743410:G>A	chr9:137803243-137803352:+	0	0					109	FALSE		2000	0					FALSE
