gene	tp	variant_qual	exonic_part	pattern	dpsi	abs_dpsi	COV	passes	usable
ABCA7	0hr	chr19:1065563:G>C	chr19:1054569-1054694:+	post_stim_only				FALSE	FALSE
ABCA7	1hr	chr19:1065563:G>C	chr19:1054569-1054694:+	post_stim_only	-0.291	0.291	80	TRUE	TRUE
ABCA7	6hr	chr19:1065563:G>C	chr19:1054569-1054694:+	post_stim_only	-0.141	0.141	51	FALSE	TRUE
ABCD4	0hr	chr14:74299648:A>G	chr14:74296449-74297638:-	post_stim_only				FALSE	FALSE
ABCD4	1hr	chr14:74299648:A>G	chr14:74296449-74297638:-	post_stim_only	-0.072	0.072	35	FALSE	TRUE
ABCD4	6hr	chr14:74299648:A>G	chr14:74296449-74297638:-	post_stim_only	-0.364	0.364	23	TRUE	TRUE
ABCF2	0hr	chr7:151224863:A>G	chr7:151226288-151226304:-	post_stim_only				FALSE	FALSE
ABCF2	1hr	chr7:151224863:A>G	chr7:151226288-151226304:-	post_stim_only				FALSE	FALSE
ABCF2	6hr	chr7:151224863:A>G	chr7:151226288-151226304:-	post_stim_only	-0.121	0.121	73	TRUE	TRUE
ABHD12	0hr	chr20:25307995:G>A	chr20:25389925-25389952:-	post_stim_only				FALSE	FALSE
ABHD12	1hr	chr20:25307995:G>A	chr20:25389925-25389952:-	post_stim_only				FALSE	FALSE
ABHD12	6hr	chr20:25307995:G>A	chr20:25389925-25389952:-	post_stim_only	0.232	0.232	72	TRUE	TRUE
ABHD16A	0hr	chr6:31689635:T>C	chr6:31702611-31702984:-	detected_after_stim	0.09	0.09	188	FALSE	TRUE
ABHD16A	1hr	chr6:31689635:T>C	chr6:31702611-31702984:-	detected_after_stim	0.046	0.046	280	FALSE	TRUE
ABHD16A	6hr	chr6:31689635:T>C	chr6:31702611-31702984:-	detected_after_stim	0.186	0.186	279	TRUE	TRUE
ACAA1	0hr	chr3:38125603:A>G	chr3:38126161-38126341:-	post_stim_only				FALSE	FALSE
ACAA1	1hr	chr3:38125603:A>G	chr3:38126161-38126341:-	post_stim_only	0.134	0.134	139	TRUE	TRUE
ACAA1	6hr	chr3:38125603:A>G	chr3:38126161-38126341:-	post_stim_only	-0.014	0.014	209	FALSE	TRUE
ACADM	0hr	chr1:75732723:T>C	chr1:75733050-75733149:+	detected_after_stim	-0.054	0.054	155	FALSE	TRUE
ACADM	1hr	chr1:75732723:T>C	chr1:75733050-75733149:+	detected_after_stim	0.286	0.286	232	TRUE	TRUE
ACADM	6hr	chr1:75732723:T>C	chr1:75733050-75733149:+	detected_after_stim	-0.131	0.131	93	FALSE	TRUE
ACAT1	0hr	chr11:108138932:C>A	chr11:108121592-108121678:+	detected_at_baseline_only	-0.201	0.201	161	TRUE	TRUE
ACAT1	1hr	chr11:108138932:C>A	chr11:108121592-108121678:+	detected_at_baseline_only	-0.001	0.001	274	FALSE	TRUE
ACAT1	6hr	chr11:108138932:C>A	chr11:108121592-108121678:+	detected_at_baseline_only	-0.101	0.101	265	FALSE	TRUE
ACD	0hr	chr16:67657611:C>A	chr16:67659876-67659902:-	post_stim_only				FALSE	FALSE
ACD	1hr	chr16:67657611:C>A	chr16:67659876-67659902:-	post_stim_only				FALSE	FALSE
ACD	6hr	chr16:67657611:C>A	chr16:67659876-67659902:-	post_stim_only	0.172	0.172	160	TRUE	TRUE
ACO2	0hr	chr22:41515520:C>T	chr22:41517631-41517942:+	post_stim_only				FALSE	FALSE
ACO2	1hr	chr22:41515520:C>T	chr22:41517631-41517942:+	post_stim_only	0.2	0.2	75	TRUE	TRUE
ACO2	6hr	chr22:41515520:C>T	chr22:41517631-41517942:+	post_stim_only				FALSE	FALSE
ACSL3	0hr	chr2:222930716:C>A	chr2:222933505-222933693:+	other	0.169	0.169	325	TRUE	TRUE
ACSL3	1hr	chr2:222930716:C>A	chr2:222933505-222933693:+	other				FALSE	FALSE
ACSL3	6hr	chr2:222930716:C>A	chr2:222933505-222933693:+	other				FALSE	FALSE
ACTB	0hr	chr7:5529549:C>G	chr7:5530604-5530627:-	other	-0.443	0.443	134	TRUE	TRUE
ACTB	1hr	chr7:5529549:C>G	chr7:5530604-5530627:-	other				FALSE	FALSE
ACTB	6hr	chr7:5529549:C>G	chr7:5530604-5530627:-	other				FALSE	FALSE
ACTR3	0hr	chr2:113951841:G>A	chr2:113890597-113890778:+	detected_at_baseline_only	0.14	0.14	203	TRUE	TRUE
ACTR3	1hr	chr2:113951841:G>A	chr2:113890597-113890778:+	detected_at_baseline_only	0.092	0.092	349	FALSE	TRUE
ACTR3	6hr	chr2:113951841:G>A	chr2:113890597-113890778:+	detected_at_baseline_only	0.053	0.053	400	FALSE	TRUE
ACYP1	0hr	chr14:75053361:T>C	chr14:75061683-75061762:-	detected_after_stim	0.147	0.147	191	FALSE	TRUE
ACYP1	1hr	chr14:75053361:T>C	chr14:75061683-75061762:-	detected_after_stim	0.204	0.204	456	TRUE	TRUE
ACYP1	6hr	chr14:75053361:T>C	chr14:75061683-75061762:-	detected_after_stim	-0.178	0.178	562	TRUE	TRUE
ADAL	0hr	chr15:43333419:G>A	chr15:43349045-43349077:+	detected_after_stim	-0.01	0.01	70	FALSE	TRUE
ADAL	1hr	chr15:43333419:G>A	chr15:43349045-43349077:+	detected_after_stim	-0.048	0.048	130	FALSE	TRUE
ADAL	6hr	chr15:43333419:G>A	chr15:43349045-43349077:+	detected_after_stim	-0.188	0.188	81	TRUE	TRUE
ADAM22	0hr	chr7:87935181:C>G	chr7:87935186-87935340:+	other	-0.472	0.472	72	TRUE	TRUE
ADAM22	1hr	chr7:87935181:C>G	chr7:87935186-87935340:+	other	-0.54	0.54	102	TRUE	TRUE
ADAM22	6hr	chr7:87935181:C>G	chr7:87935186-87935340:+	other	-0.124	0.124	180	FALSE	TRUE
ADCYAP1	0hr	chr18:909559:A>G	chr18:909029-909165:+	detected_after_stim	0.113	0.113	113	FALSE	TRUE
ADCYAP1	1hr	chr18:909559:A>G	chr18:909029-909165:+	detected_after_stim	-0.028	0.028	165	FALSE	TRUE
ADCYAP1	6hr	chr18:909559:A>G	chr18:909029-909165:+	detected_after_stim	0.11	0.11	290	TRUE	TRUE
ADD2	0hr	chr2:70768100:G>A	chr2:70767603-70767715:-	post_stim_only				FALSE	FALSE
ADD2	1hr	chr2:70768100:G>A	chr2:70767603-70767715:-	post_stim_only	0.1	0.1	96	TRUE	TRUE
ADD2	6hr	chr2:70768100:G>A	chr2:70767603-70767715:-	post_stim_only	0	0	52	FALSE	TRUE
ADGRL3	0hr	chr4:61497171:C>T	chr4:62068183-62068217:+	all_timepoints	0.416	0.416	206	TRUE	TRUE
ADGRL3	1hr	chr4:61497171:C>T	chr4:62068183-62068217:+	all_timepoints	0.23	0.23	289	TRUE	TRUE
ADGRL3	6hr	chr4:61497171:C>T	chr4:62068183-62068217:+	all_timepoints	0.259	0.259	272	TRUE	TRUE
ADK	0hr	chr10:74176852:C>T	chr10:74339144-74339240:+	detected_after_stim	0.007	0.007	93	FALSE	TRUE
ADK	1hr	chr10:74176852:C>T	chr10:74339144-74339240:+	detected_after_stim	-0.217	0.217	119	TRUE	TRUE
ADK	6hr	chr10:74176852:C>T	chr10:74339144-74339240:+	detected_after_stim	0.069	0.069	163	FALSE	TRUE
AFF3	0hr	chr2:99582980:A>T	chr2:99580600-99580728:-	post_stim_only				FALSE	FALSE
AFF3	1hr	chr2:99582980:A>T	chr2:99580600-99580728:-	post_stim_only	-0.133	0.133	82	TRUE	TRUE
AFF3	6hr	chr2:99582980:A>T	chr2:99580600-99580728:-	post_stim_only				FALSE	FALSE
AFG3L2	0hr	chr18:12351342:C>T	chr18:12363781-12363856:-	detected_at_baseline_only	0.267	0.267	34	TRUE	TRUE
AFG3L2	1hr	chr18:12351342:C>T	chr18:12363781-12363856:-	detected_at_baseline_only	-0.018	0.018	104	FALSE	TRUE
AFG3L2	6hr	chr18:12351342:C>T	chr18:12363781-12363856:-	detected_at_baseline_only	0.008	0.008	60	FALSE	TRUE
AGL	0hr	chr1:99851032:A>G	chr1:99851124-99851649:+	other	0.17	0.17	84	TRUE	TRUE
AGL	1hr	chr1:99851032:A>G	chr1:99851124-99851649:+	other	-0.139	0.139	156	TRUE	TRUE
AGL	6hr	chr1:99851032:A>G	chr1:99851124-99851649:+	other	-0.005	0.005	128	FALSE	TRUE
AGPS	0hr	chr2:177513846:G>A	chr2:177543592-177543765:+	post_stim_only				FALSE	FALSE
AGPS	1hr	chr2:177513846:G>A	chr2:177543592-177543765:+	post_stim_only	-0.5	0.5	51	TRUE	TRUE
AGPS	6hr	chr2:177513846:G>A	chr2:177543592-177543765:+	post_stim_only	-0.354	0.354	37	FALSE	TRUE
AGTPBP1	0hr	chr9:85741827:A>G	chr9:85655200-85655215:-	detected_after_stim	-0.088	0.088	260	FALSE	TRUE
AGTPBP1	1hr	chr9:85741827:A>G	chr9:85655200-85655215:-	detected_after_stim	-0.13	0.13	456	TRUE	TRUE
AGTPBP1	6hr	chr9:85741827:A>G	chr9:85655200-85655215:-	detected_after_stim	-0.005	0.005	490	FALSE	TRUE
AHI1	0hr	chr6:135497758:C>A	chr6:135495813-135495898:-	detected_at_baseline_only	0.277	0.277	126	TRUE	TRUE
AHI1	1hr	chr6:135497758:C>A	chr6:135495813-135495898:-	detected_at_baseline_only	-0.108	0.108	230	FALSE	TRUE
AHI1	6hr	chr6:135497758:C>A	chr6:135495813-135495898:-	detected_at_baseline_only	0.1	0.1	117	FALSE	TRUE
AHSA1	0hr	chr14:77462181:A>G	chr14:77468589-77468689:+	detected_after_stim	-0.066	0.066	226	FALSE	TRUE
AHSA1	1hr	chr14:77462181:A>G	chr14:77468589-77468689:+	detected_after_stim	-0.029	0.029	376	FALSE	TRUE
AHSA1	6hr	chr14:77462181:A>G	chr14:77468589-77468689:+	detected_after_stim	-0.103	0.103	497	TRUE	TRUE
AIMP1	0hr	chr4:106328238:G>A	chr4:106318378-106318523:+	other	-0.114	0.114	149	TRUE	TRUE
AIMP1	1hr	chr4:106328238:G>A	chr4:106318378-106318523:+	other				FALSE	FALSE
AIMP1	6hr	chr4:106328238:G>A	chr4:106318378-106318523:+	other				FALSE	FALSE
AIMP2	0hr	chr7:6023651:C>T	chr7:6015145-6015251:+	post_stim_only				FALSE	FALSE
AIMP2	1hr	chr7:6023651:C>T	chr7:6015145-6015251:+	post_stim_only				FALSE	FALSE
AIMP2	6hr	chr7:6023651:C>T	chr7:6015145-6015251:+	post_stim_only	0.125	0.125	73	TRUE	TRUE
AKAP1	0hr	chr17:57120552:G>C	chr17:57096577-57096590:+	post_stim_only				FALSE	FALSE
AKAP1	1hr	chr17:57120552:G>C	chr17:57096577-57096590:+	post_stim_only	0.576	0.576	74	TRUE	TRUE
AKAP1	6hr	chr17:57120552:G>C	chr17:57096577-57096590:+	post_stim_only	0.52	0.52	50	TRUE	TRUE
AKAP12	0hr	chr6:151349761:T>C	chr6:151325856-151325885:+	post_stim_only				FALSE	FALSE
AKAP12	1hr	chr6:151349761:T>C	chr6:151325856-151325885:+	post_stim_only				FALSE	FALSE
AKAP12	6hr	chr6:151349761:T>C	chr6:151325856-151325885:+	post_stim_only	0.222	0.222	52	TRUE	TRUE
AKAP9	0hr	chr7:92084657:C>T	chr7:91973710-91973786:+	detected_after_stim	-0.091	0.091	68	FALSE	TRUE
AKAP9	1hr	chr7:92084657:C>T	chr7:91973710-91973786:+	detected_after_stim				FALSE	FALSE
AKAP9	6hr	chr7:92084657:C>T	chr7:91973710-91973786:+	detected_after_stim	-0.23	0.23	92	TRUE	TRUE
AKR1A1	0hr	chr1:45566638:A>G	chr1:45552435-45552563:+	detected_after_stim	0.162	0.162	225	FALSE	TRUE
AKR1A1	1hr	chr1:45566638:A>G	chr1:45552435-45552563:+	detected_after_stim	0.215	0.215	264	TRUE	TRUE
AKR1A1	6hr	chr1:45566638:A>G	chr1:45552435-45552563:+	detected_after_stim	-0.011	0.011	221	FALSE	TRUE
AKR1C2	0hr	chr10:5000591:G>A	chr10:5003922-5004014:-	detected_after_stim	-0.029	0.029	315	FALSE	TRUE
AKR1C2	1hr	chr10:5000591:G>A	chr10:5003922-5004014:-	detected_after_stim	-0.145	0.145	595	TRUE	TRUE
AKR1C2	6hr	chr10:5000591:G>A	chr10:5003922-5004014:-	detected_after_stim	-0.004	0.004	596	FALSE	TRUE
ALCAM	0hr	chr3:105547429:T>C	chr3:105552143-105552182:+	detected_at_baseline_only	0.158	0.158	434	TRUE	TRUE
ALCAM	1hr	chr3:105547429:T>C	chr3:105552143-105552182:+	detected_at_baseline_only	0.004	0.004	674	FALSE	TRUE
ALCAM	6hr	chr3:105547429:T>C	chr3:105552143-105552182:+	detected_at_baseline_only	0.012	0.012	517	FALSE	TRUE
ALDH3A2	0hr	chr17:19675559:A>T	chr17:19648850-19648877:+	post_stim_only				FALSE	FALSE
ALDH3A2	1hr	chr17:19675559:A>T	chr17:19648850-19648877:+	post_stim_only	0.458	0.458	96	TRUE	TRUE
ALDH3A2	6hr	chr17:19675559:A>T	chr17:19648850-19648877:+	post_stim_only				FALSE	FALSE
ALDH7A1	0hr	chr5:126544896:T>C	chr5:126594107-126594138:-	post_stim_only	0.165	0.165	80	FALSE	FALSE
ALDH7A1	1hr	chr5:126544896:T>C	chr5:126594107-126594138:-	post_stim_only	-0.134	0.134	107	TRUE	TRUE
ALDH7A1	6hr	chr5:126544896:T>C	chr5:126594107-126594138:-	post_stim_only				FALSE	FALSE
ALG6	0hr	chr1:63370946:G>A	chr1:63371059-63371089:+	other	-0.356	0.356	69	TRUE	TRUE
ALG6	1hr	chr1:63370946:G>A	chr1:63371059-63371089:+	other				FALSE	FALSE
ALG6	6hr	chr1:63370946:G>A	chr1:63371059-63371089:+	other				FALSE	FALSE
ALMS1	0hr	chr2:73602244:C>T	chr2:73599400-73599450:+	post_stim_only				FALSE	FALSE
ALMS1	1hr	chr2:73602244:C>T	chr2:73599400-73599450:+	post_stim_only	0.167	0.167	51	TRUE	TRUE
ALMS1	6hr	chr2:73602244:C>T	chr2:73599400-73599450:+	post_stim_only	-0.09	0.09	31	FALSE	TRUE
AMZ2	0hr	chr17:68256953:T>A	chr17:68249199-68250017:+	post_stim_only				FALSE	FALSE
AMZ2	1hr	chr17:68256953:T>A	chr17:68249199-68250017:+	post_stim_only	0.179	0.179	82	TRUE	TRUE
AMZ2	6hr	chr17:68256953:T>A	chr17:68249199-68250017:+	post_stim_only	-0.003	0.003	98	FALSE	TRUE
ANAPC4	0hr	chr4:25417660:T>C	chr4:25413742-25413871:+	post_stim_only				FALSE	FALSE
ANAPC4	1hr	chr4:25417660:T>C	chr4:25413742-25413871:+	post_stim_only	0.39	0.39	71	TRUE	TRUE
ANAPC4	6hr	chr4:25417660:T>C	chr4:25413742-25413871:+	post_stim_only	-0.003	0.003	41	FALSE	TRUE
ANK2	0hr	chr4:113373151:T>C	chr4:112861064-112861077:+	post_stim_only				FALSE	FALSE
ANK2	1hr	chr4:113373151:T>C	chr4:112861064-112861077:+	post_stim_only	0.153	0.153	87	TRUE	TRUE
ANK2	6hr	chr4:113373151:T>C	chr4:112861064-112861077:+	post_stim_only				FALSE	FALSE
ANK3	0hr	chr10:60029513:G>A	chr10:60145967-60146021:-	post_stim_only				FALSE	FALSE
ANK3	1hr	chr10:60029513:G>A	chr10:60145967-60146021:-	post_stim_only	0.023	0.023	75	FALSE	TRUE
ANK3	6hr	chr10:60029513:G>A	chr10:60145967-60146021:-	post_stim_only	-0.397	0.397	74	TRUE	TRUE
ANKRD17	0hr	chr4:73098380:G>T	chr4:73102547-73102779:-	other	-0.348	0.348	66	TRUE	TRUE
ANKRD17	1hr	chr4:73098380:G>T	chr4:73102547-73102779:-	other	-0.078	0.078	64	FALSE	TRUE
ANKRD17	6hr	chr4:73098380:G>T	chr4:73102547-73102779:-	other				FALSE	FALSE
ANKRD26	0hr	chr10:27092443:C>T	chr10:27092957-27093081:-	detected_after_stim	0.126	0.126	134	FALSE	TRUE
ANKRD26	1hr	chr10:27092443:C>T	chr10:27092957-27093081:-	detected_after_stim	0.129	0.129	211	TRUE	TRUE
ANKRD26	6hr	chr10:27092443:C>T	chr10:27092957-27093081:-	detected_after_stim	0.21	0.21	165	TRUE	TRUE
ANKRD36	0hr	chr2:97118093:C>T	chr2:97250178-97250199:+	detected_after_stim	0.046	0.046	344	FALSE	TRUE
ANKRD36	1hr	chr2:97118093:C>T	chr2:97250178-97250199:+	detected_after_stim	0.086	0.086	570	FALSE	TRUE
ANKRD36	6hr	chr2:97118093:C>T	chr2:97250178-97250199:+	detected_after_stim	-0.149	0.149	638	TRUE	TRUE
ANKRD36B	0hr	chr2:97547720:C>G	chr2:97550103-97550166:-	all_timepoints	0.48	0.48	98	TRUE	TRUE
ANKRD36B	1hr	chr2:97547720:C>G	chr2:97550103-97550166:-	all_timepoints	0.247	0.247	78	TRUE	TRUE
ANKRD36B	6hr	chr2:97547720:C>G	chr2:97550103-97550166:-	all_timepoints	0.335	0.335	113	TRUE	TRUE
ANKRD36C	0hr	chr2:95904764:T>C	chr2:95894212-95894275:-	post_stim_only				FALSE	FALSE
ANKRD36C	1hr	chr2:95904764:T>C	chr2:95894212-95894275:-	post_stim_only				FALSE	FALSE
ANKRD36C	6hr	chr2:95904764:T>C	chr2:95894212-95894275:-	post_stim_only	0.365	0.365	242	TRUE	TRUE
ANKRD49	0hr	chr11:94496891:G>A	chr11:94497056-94497077:+	detected_after_stim	-0.074	0.074	119	FALSE	TRUE
ANKRD49	1hr	chr11:94496891:G>A	chr11:94497056-94497077:+	detected_after_stim	-0.236	0.236	148	TRUE	TRUE
ANKRD49	6hr	chr11:94496891:G>A	chr11:94497056-94497077:+	detected_after_stim	-0.061	0.061	191	FALSE	TRUE
ANKRD50	0hr	chr4:124667424:G>T	chr4:124709999-124710517:-	all_timepoints	-0.28	0.28	92	TRUE	TRUE
ANKRD50	1hr	chr4:124667424:G>T	chr4:124709999-124710517:-	all_timepoints	-0.311	0.311	246	TRUE	TRUE
ANKRD50	6hr	chr4:124667424:G>T	chr4:124709999-124710517:-	all_timepoints	-0.341	0.341	317	TRUE	TRUE
ANXA2	0hr	chr15:60347334:C>T	chr15:60398114-60398157:-	detected_after_stim	0.085	0.085	115	FALSE	TRUE
ANXA2	1hr	chr15:60347334:C>T	chr15:60398114-60398157:-	detected_after_stim	-0.218	0.218	151	TRUE	TRUE
ANXA2	6hr	chr15:60347334:C>T	chr15:60398114-60398157:-	detected_after_stim	0.035	0.035	169	FALSE	TRUE
ANXA5	0hr	chr4:121696589:G>A	chr4:121678351-121678414:-	other	0.478	0.478	93	TRUE	TRUE
ANXA5	1hr	chr4:121696589:G>A	chr4:121678351-121678414:-	other	0.317	0.317	125	TRUE	TRUE
ANXA5	6hr	chr4:121696589:G>A	chr4:121678351-121678414:-	other	0.127	0.127	188	FALSE	TRUE
ANXA6	0hr	chr5:151138697:C>T	chr5:151138791-151139352:-	detected_after_stim	-0.094	0.094	65	FALSE	TRUE
ANXA6	1hr	chr5:151138697:C>T	chr5:151138791-151139352:-	detected_after_stim	0.1	0.1	112	FALSE	TRUE
ANXA6	6hr	chr5:151138697:C>T	chr5:151138791-151139352:-	detected_after_stim	0.154	0.154	151	TRUE	TRUE
AP1AR	0hr	chr4:112260829:C>A	chr4:112254773-112254894:+	post_stim_only				FALSE	FALSE
AP1AR	1hr	chr4:112260829:C>A	chr4:112254773-112254894:+	post_stim_only				FALSE	FALSE
AP1AR	6hr	chr4:112260829:C>A	chr4:112254773-112254894:+	post_stim_only	0.125	0.125	160	TRUE	TRUE
AP1G1	0hr	chr16:71771184:G>T	chr16:71808504-71808671:-	detected_after_stim	0.336	0.336	116	FALSE	TRUE
AP1G1	1hr	chr16:71771184:G>T	chr16:71808504-71808671:-	detected_after_stim				FALSE	FALSE
AP1G1	6hr	chr16:71771184:G>T	chr16:71808504-71808671:-	detected_after_stim	0.318	0.318	299	TRUE	TRUE
AP2A2	0hr	chr11:1010875:C>T	chr11:1003236-1003721:+	other	-0.21	0.21	160	TRUE	TRUE
AP2A2	1hr	chr11:1010875:C>T	chr11:1003236-1003721:+	other				FALSE	FALSE
AP2A2	6hr	chr11:1010875:C>T	chr11:1003236-1003721:+	other	-0.126	0.126	260	FALSE	TRUE
AP4S1	0hr	chr14:31072973:GT>AGTG	chr14:31072977-31073185:+	other	-0.562	0.562	45	TRUE	TRUE
AP4S1	1hr	chr14:31072973:GT>AGTG	chr14:31072977-31073185:+	other	-0.9	0.9	60	FALSE	FALSE
AP4S1	6hr	chr14:31072973:GT>AGTG	chr14:31072977-31073185:+	other				FALSE	FALSE
APBB1	0hr	chr11:6395619:G>A	chr11:6404744-6404784:-	other	-0.218	0.218	155	TRUE	TRUE
APBB1	1hr	chr11:6395619:G>A	chr11:6404744-6404784:-	other	0.055	0.055	264	FALSE	TRUE
APBB1	6hr	chr11:6395619:G>A	chr11:6404744-6404784:-	other				FALSE	FALSE
APBB2	0hr	chr4:41214531:C>T	chr4:41100463-41100638:-	detected_at_baseline_only	-0.351	0.351	47	TRUE	TRUE
APBB2	1hr	chr4:41214531:C>T	chr4:41100463-41100638:-	detected_at_baseline_only	0.004	0.004	47	FALSE	TRUE
APBB2	6hr	chr4:41214531:C>T	chr4:41100463-41100638:-	detected_at_baseline_only	-0.083	0.083	156	FALSE	TRUE
APEX1	0hr	chr14:20456994:T>G	chr14:20455328-20455338:+	detected_after_stim	0.025	0.025	153	FALSE	TRUE
APEX1	1hr	chr14:20456994:T>G	chr14:20455328-20455338:+	detected_after_stim	0.115	0.115	299	TRUE	TRUE
APEX1	6hr	chr14:20456994:T>G	chr14:20455328-20455338:+	detected_after_stim	-0.079	0.079	302	FALSE	TRUE
APLP2	0hr	chr11:130143671:T>C	chr11:130069852-130069890:+	all_timepoints	0.319	0.319	133	TRUE	TRUE
APLP2	1hr	chr11:130143671:T>C	chr11:130069852-130069890:+	all_timepoints	0.361	0.361	309	TRUE	TRUE
APLP2	6hr	chr11:130143671:T>C	chr11:130069852-130069890:+	all_timepoints	0.344	0.344	286	TRUE	TRUE
APTR	0hr	chr7:77685326:G>A	chr7:77684784-77685201:-	detected_at_baseline_only	0.284	0.284	77	TRUE	TRUE
APTR	1hr	chr7:77685326:G>A	chr7:77684784-77685201:-	detected_at_baseline_only	-0.176	0.176	55	FALSE	TRUE
APTR	6hr	chr7:77685326:G>A	chr7:77684784-77685201:-	detected_at_baseline_only	0.015	0.015	111	FALSE	TRUE
ARCN1	0hr	chr11:118590359:G>A	chr11:118581245-118581401:+	post_stim_only				FALSE	FALSE
ARCN1	1hr	chr11:118590359:G>A	chr11:118581245-118581401:+	post_stim_only				FALSE	FALSE
ARCN1	6hr	chr11:118590359:G>A	chr11:118581245-118581401:+	post_stim_only	0.166	0.166	195	TRUE	TRUE
ARF1	0hr	chr1:228098261:G>A	chr1:228082790-228082850:+	all_timepoints	0.222	0.222	713	TRUE	TRUE
ARF1	1hr	chr1:228098261:G>A	chr1:228082790-228082850:+	all_timepoints	0.204	0.204	1222	TRUE	TRUE
ARF1	6hr	chr1:228098261:G>A	chr1:228082790-228082850:+	all_timepoints	0.201	0.201	1323	TRUE	TRUE
ARFGAP2	0hr	chr11:47171508:C>T	chr11:47172709-47172751:-	detected_after_stim	0.047	0.047	115	FALSE	TRUE
ARFGAP2	1hr	chr11:47171508:C>T	chr11:47172709-47172751:-	detected_after_stim	-0.064	0.064	143	FALSE	TRUE
ARFGAP2	6hr	chr11:47171508:C>T	chr11:47172709-47172751:-	detected_after_stim	0.194	0.194	135	TRUE	TRUE
ARHGAP12	0hr	chr10:31928793:C>A	chr10:31854065-31854180:-	detected_after_stim	0.124	0.124	128	FALSE	TRUE
ARHGAP12	1hr	chr10:31928793:C>A	chr10:31854065-31854180:-	detected_after_stim	0.108	0.108	186	FALSE	TRUE
ARHGAP12	6hr	chr10:31928793:C>A	chr10:31854065-31854180:-	detected_after_stim	-0.196	0.196	287	TRUE	TRUE
ARHGAP22	0hr	chr10:48446549:C>T	chr10:48479635-48479764:-	post_stim_only				FALSE	FALSE
ARHGAP22	1hr	chr10:48446549:C>T	chr10:48479635-48479764:-	post_stim_only	0.302	0.302	64	TRUE	TRUE
ARHGAP22	6hr	chr10:48446549:C>T	chr10:48479635-48479764:-	post_stim_only				FALSE	FALSE
ARHGEF40	0hr	chr14:21088835:G>T	chr14:21087463-21087752:+	other	-0.6	0.6	23	TRUE	TRUE
ARHGEF40	1hr	chr14:21088835:G>T	chr14:21087463-21087752:+	other				FALSE	FALSE
ARHGEF40	6hr	chr14:21088835:G>T	chr14:21087463-21087752:+	other				FALSE	FALSE
ARID4B	0hr	chr1:235257177:G>A	chr1:235213768-235213876:-	detected_after_stim	-0.146	0.146	122	FALSE	TRUE
ARID4B	1hr	chr1:235257177:G>A	chr1:235213768-235213876:-	detected_after_stim	0.286	0.286	204	TRUE	TRUE
ARID4B	6hr	chr1:235257177:G>A	chr1:235213768-235213876:-	detected_after_stim				FALSE	FALSE
ARIH2	0hr	chr3:48927506:GAG>A	chr3:48921479-48921576:+	post_stim_only				FALSE	FALSE
ARIH2	1hr	chr3:48927506:GAG>A	chr3:48921479-48921576:+	post_stim_only	0.273	0.273	75	TRUE	TRUE
ARIH2	6hr	chr3:48927506:GAG>A	chr3:48921479-48921576:+	post_stim_only				FALSE	FALSE
ARMH4	0hr	chr14:58131638:C>T	chr14:58116123-58116507:-	post_stim_only				FALSE	FALSE
ARMH4	1hr	chr14:58131638:C>T	chr14:58116123-58116507:-	post_stim_only	0.145	0.145	195	TRUE	TRUE
ARMH4	6hr	chr14:58131638:C>T	chr14:58116123-58116507:-	post_stim_only				FALSE	FALSE
ARPC1B	0hr	chr7:99386730:G>C	chr7:99377357-99377439:+	post_stim_only				FALSE	FALSE
ARPC1B	1hr	chr7:99386730:G>C	chr7:99377357-99377439:+	post_stim_only				FALSE	FALSE
ARPC1B	6hr	chr7:99386730:G>C	chr7:99377357-99377439:+	post_stim_only	-0.569	0.569	141	TRUE	TRUE
ASAH1	0hr	chr8:18069817:T>C	chr8:18084461-18084586:-	post_stim_only				FALSE	FALSE
ASAH1	1hr	chr8:18069817:T>C	chr8:18084461-18084586:-	post_stim_only	0.177	0.177	73	FALSE	TRUE
ASAH1	6hr	chr8:18069817:T>C	chr8:18084461-18084586:-	post_stim_only	0.393	0.393	65	TRUE	TRUE
ASB3	0hr	chr2:53670316:T>TTC	chr2:53786820-53786849:-	post_stim_only				FALSE	FALSE
ASB3	1hr	chr2:53670316:T>TTC	chr2:53786820-53786849:-	post_stim_only				FALSE	FALSE
ASB3	6hr	chr2:53670316:T>TTC	chr2:53786820-53786849:-	post_stim_only	-0.277	0.277	152	TRUE	TRUE
ASRGL1	0hr	chr11:62337968:T>C	chr11:62337889-62337966:+	detected_after_stim	-0.172	0.172	120	FALSE	TRUE
ASRGL1	1hr	chr11:62337968:T>C	chr11:62337889-62337966:+	detected_after_stim	-0.305	0.305	205	TRUE	TRUE
ASRGL1	6hr	chr11:62337968:T>C	chr11:62337889-62337966:+	detected_after_stim	-0.384	0.384	235	TRUE	TRUE
ASXL3	0hr	chr18:33607676:GTC>AA	chr18:33607676-33608074:+	post_stim_only	-0.288	0.288	76	FALSE	FALSE
ASXL3	1hr	chr18:33607676:GTC>AA	chr18:33607676-33608074:+	post_stim_only				FALSE	FALSE
ASXL3	6hr	chr18:33607676:GTC>AA	chr18:33607676-33608074:+	post_stim_only	-0.755	0.755	88	TRUE	TRUE
ATAD1	0hr	chr10:87790352:C>T	chr10:87770951-87771041:-	post_stim_only				FALSE	FALSE
ATAD1	1hr	chr10:87790352:C>T	chr10:87770951-87771041:-	post_stim_only	-0.126	0.126	1218	TRUE	TRUE
ATAD1	6hr	chr10:87790352:C>T	chr10:87770951-87771041:-	post_stim_only				FALSE	FALSE
ATF2	0hr	chr2:175151087:T>C	chr2:175150914-175151059:-	all_timepoints	0.349	0.349	158	TRUE	TRUE
ATF2	1hr	chr2:175151087:T>C	chr2:175150914-175151059:-	all_timepoints	0.255	0.255	257	TRUE	TRUE
ATF2	6hr	chr2:175151087:T>C	chr2:175150914-175151059:-	all_timepoints	0.23	0.23	316	TRUE	TRUE
ATL1	0hr	chr14:50632326:G>A	chr14:50629950-50629994:+	all_timepoints	0.293	0.293	813	TRUE	TRUE
ATL1	1hr	chr14:50632326:G>A	chr14:50629950-50629994:+	all_timepoints	0.34	0.34	1573	TRUE	TRUE
ATL1	6hr	chr14:50632326:G>A	chr14:50629950-50629994:+	all_timepoints	0.33	0.33	1694	TRUE	TRUE
ATM	0hr	chr11:108223105:G>A	chr11:108235669-108235743:+	detected_after_stim	0.008	0.008	56	FALSE	TRUE
ATM	1hr	chr11:108223105:G>A	chr11:108235669-108235743:+	detected_after_stim	0.029	0.029	51	FALSE	TRUE
ATM	6hr	chr11:108223105:G>A	chr11:108235669-108235743:+	detected_after_stim	-0.182	0.182	41	TRUE	TRUE
ATP1B1	0hr	chr1:169124977:G>A	chr1:169132722-169135009:+	detected_after_stim	-0.168	0.168	136	FALSE	TRUE
ATP1B1	1hr	chr1:169124977:G>A	chr1:169132722-169135009:+	detected_after_stim	-0.248	0.248	248	TRUE	TRUE
ATP1B1	6hr	chr1:169124977:G>A	chr1:169132722-169135009:+	detected_after_stim	0.057	0.057	350	FALSE	TRUE
ATP2B2	0hr	chr3:10402142:G>C	chr3:10331910-10331982:-	post_stim_only				FALSE	FALSE
ATP2B2	1hr	chr3:10402142:G>C	chr3:10331910-10331982:-	post_stim_only				FALSE	FALSE
ATP2B2	6hr	chr3:10402142:G>C	chr3:10331910-10331982:-	post_stim_only	0.235	0.235	95	TRUE	TRUE
ATP2C1	0hr	chr3:130999627:G>A	chr3:130893990-130894014:+	detected_after_stim	0.057	0.057	98	FALSE	TRUE
ATP2C1	1hr	chr3:130999627:G>A	chr3:130893990-130894014:+	detected_after_stim	0.36	0.36	59	TRUE	TRUE
ATP2C1	6hr	chr3:130999627:G>A	chr3:130893990-130894014:+	detected_after_stim	-0.034	0.034	149	FALSE	TRUE
ATP5MG	0hr	chr11:118401604:T>G	chr11:118407097-118408999:+	all_timepoints	-0.137	0.137	567	TRUE	TRUE
ATP5MG	1hr	chr11:118401604:T>G	chr11:118407097-118408999:+	all_timepoints	-0.144	0.144	1053	TRUE	TRUE
ATP5MG	6hr	chr11:118401604:T>G	chr11:118407097-118408999:+	all_timepoints	-0.106	0.106	1002	TRUE	TRUE
ATP5MJ	0hr	chr14:103915164:T>C	chr14:103914478-103914633:-	detected_after_stim	0.086	0.086	2603	FALSE	TRUE
ATP5MJ	1hr	chr14:103915164:T>C	chr14:103914478-103914633:-	detected_after_stim	0.1	0.1	4833	TRUE	TRUE
ATP5MJ	6hr	chr14:103915164:T>C	chr14:103914478-103914633:-	detected_after_stim	0.047	0.047	4772	FALSE	TRUE
ATP6V0A1	0hr	chr17:42461422:T>C	chr17:42502793-42502868:+	post_stim_only				FALSE	FALSE
ATP6V0A1	1hr	chr17:42461422:T>C	chr17:42502793-42502868:+	post_stim_only	0.216	0.216	89	TRUE	TRUE
ATP6V0A1	6hr	chr17:42461422:T>C	chr17:42502793-42502868:+	post_stim_only				FALSE	FALSE
ATP6V0D1	0hr	chr16:67438052:G>A	chr16:67439351-67439818:-	other	-0.128	0.128	438	TRUE	TRUE
ATP6V0D1	1hr	chr16:67438052:G>A	chr16:67439351-67439818:-	other				FALSE	FALSE
ATP6V0D1	6hr	chr16:67438052:G>A	chr16:67439351-67439818:-	other				FALSE	FALSE
ATP8A1	0hr	chr4:42657010:T>C	chr4:42590810-42590884:-	detected_after_stim	0.134	0.134	154	FALSE	TRUE
ATP8A1	1hr	chr4:42657010:T>C	chr4:42590810-42590884:-	detected_after_stim	-0.212	0.212	244	TRUE	TRUE
ATP8A1	6hr	chr4:42657010:T>C	chr4:42590810-42590884:-	detected_after_stim	0.064	0.064	202	FALSE	TRUE
ATP8A2	0hr	chr13:26019966:G>A	chr13:25530561-25530571:+	detected_after_stim	-0.064	0.064	108	FALSE	TRUE
ATP8A2	1hr	chr13:26019966:G>A	chr13:25530561-25530571:+	detected_after_stim	0.032	0.032	223	FALSE	TRUE
ATP8A2	6hr	chr13:26019966:G>A	chr13:25530561-25530571:+	detected_after_stim	-0.207	0.207	218	TRUE	TRUE
ATP9B	0hr	chr18:79110396:G>A	chr18:79253541-79255271:+	post_stim_only				FALSE	FALSE
ATP9B	1hr	chr18:79110396:G>A	chr18:79253541-79255271:+	post_stim_only				FALSE	FALSE
ATP9B	6hr	chr18:79110396:G>A	chr18:79253541-79255271:+	post_stim_only	0.384	0.384	84	TRUE	TRUE
AZI2	0hr	chr3:28340395:A>T	chr3:28340086-28340401:-	other	0.354	0.354	60	TRUE	TRUE
AZI2	1hr	chr3:28340395:A>T	chr3:28340086-28340401:-	other				FALSE	FALSE
AZI2	6hr	chr3:28340395:A>T	chr3:28340086-28340401:-	other				FALSE	FALSE
AZIN1	0hr	chr8:102864096:G>A	chr8:102849998-102850144:-	detected_after_stim	0.073	0.073	232	FALSE	TRUE
AZIN1	1hr	chr8:102864096:G>A	chr8:102849998-102850144:-	detected_after_stim				FALSE	FALSE
AZIN1	6hr	chr8:102864096:G>A	chr8:102849998-102850144:-	detected_after_stim	0.204	0.204	351	TRUE	TRUE
B4GALNT1	0hr	chr12:57632029:G>C	chr12:57632540-57632581:-	post_stim_only				FALSE	FALSE
B4GALNT1	1hr	chr12:57632029:G>C	chr12:57632540-57632581:-	post_stim_only	-0.336	0.336	117	TRUE	TRUE
B4GALNT1	6hr	chr12:57632029:G>C	chr12:57632540-57632581:-	post_stim_only	0.143	0.143	117	FALSE	TRUE
BACH1	0hr	chr21:29326248:G>A	chr21:29299313-29299415:+	detected_after_stim	0.085	0.085	56	FALSE	TRUE
BACH1	1hr	chr21:29326248:G>A	chr21:29299313-29299415:+	detected_after_stim	0.116	0.116	155	TRUE	TRUE
BACH1	6hr	chr21:29326248:G>A	chr21:29299313-29299415:+	detected_after_stim	0.146	0.146	169	TRUE	TRUE
BAIAP2	0hr	chr17:81109061:G>A	chr17:81105085-81106077:+	post_stim_only				FALSE	FALSE
BAIAP2	1hr	chr17:81109061:G>A	chr17:81105085-81106077:+	post_stim_only	-0.16	0.16	107	FALSE	TRUE
BAIAP2	6hr	chr17:81109061:G>A	chr17:81105085-81106077:+	post_stim_only	0.254	0.254	98	TRUE	TRUE
BAZ2B	0hr	chr2:159325790:C>T	chr2:159321857-159322027:-	detected_after_stim	-0.01	0.01	133	FALSE	TRUE
BAZ2B	1hr	chr2:159325790:C>T	chr2:159321857-159322027:-	detected_after_stim	-0.006	0.006	266	FALSE	TRUE
BAZ2B	6hr	chr2:159325790:C>T	chr2:159321857-159322027:-	detected_after_stim	-0.144	0.144	267	TRUE	TRUE
BBS7	0hr	chr4:121870445:G>C	chr4:121857797-121858602:-	detected_after_stim	-0.156	0.156	49	FALSE	TRUE
BBS7	1hr	chr4:121870445:G>C	chr4:121857797-121858602:-	detected_after_stim	-0.323	0.323	43	TRUE	TRUE
BBS7	6hr	chr4:121870445:G>C	chr4:121857797-121858602:-	detected_after_stim	0.052	0.052	43	FALSE	TRUE
BDP1	0hr	chr5:71502713:A>G	chr5:71494464-71495249:+	post_stim_only				FALSE	FALSE
BDP1	1hr	chr5:71502713:A>G	chr5:71494464-71495249:+	post_stim_only	-0.222	0.222	93	TRUE	TRUE
BDP1	6hr	chr5:71502713:A>G	chr5:71494464-71495249:+	post_stim_only				FALSE	FALSE
BID	0hr	chr22:17735428:A>T	chr22:17743802-17744013:-	detected_after_stim	0.011	0.011	186	FALSE	TRUE
BID	1hr	chr22:17735428:A>T	chr22:17743802-17744013:-	detected_after_stim				FALSE	FALSE
BID	6hr	chr22:17735428:A>T	chr22:17743802-17744013:-	detected_after_stim	0.117	0.117	354	TRUE	TRUE
BIN1	0hr	chr2:127059055:G>A	chr2:127057472-127057601:-	post_stim_only				FALSE	FALSE
BIN1	1hr	chr2:127059055:G>A	chr2:127057472-127057601:-	post_stim_only	0.067	0.067	43	FALSE	TRUE
BIN1	6hr	chr2:127059055:G>A	chr2:127057472-127057601:-	post_stim_only	-0.147	0.147	80	TRUE	TRUE
BIRC6	0hr	chr2:32545814:C>T	chr2:32542801-32543240:+	post_stim_only				FALSE	FALSE
BIRC6	1hr	chr2:32545814:C>T	chr2:32542801-32543240:+	post_stim_only	-0.02	0.02	60	FALSE	TRUE
BIRC6	6hr	chr2:32545814:C>T	chr2:32542801-32543240:+	post_stim_only	0.283	0.283	91	TRUE	TRUE
BLTP1	0hr	chr4:122272192:T>C	chr4:122325684-122325784:+	post_stim_only				FALSE	FALSE
BLTP1	1hr	chr4:122272192:T>C	chr4:122325684-122325784:+	post_stim_only	0.246	0.246	143	TRUE	TRUE
BLTP1	6hr	chr4:122272192:T>C	chr4:122325684-122325784:+	post_stim_only	-0.037	0.037	121	FALSE	TRUE
BMERB1	0hr	chr16:15587753:C>T	chr16:15502265-15502376:+	post_stim_only				FALSE	FALSE
BMERB1	1hr	chr16:15587753:C>T	chr16:15502265-15502376:+	post_stim_only				FALSE	FALSE
BMERB1	6hr	chr16:15587753:C>T	chr16:15502265-15502376:+	post_stim_only	-0.12	0.12	166	TRUE	TRUE
BNIP3L	0hr	chr8:26408094:T>C	chr8:26408376-26408891:+	other	-0.109	0.109	100	TRUE	TRUE
BNIP3L	1hr	chr8:26408094:T>C	chr8:26408376-26408891:+	other				FALSE	FALSE
BNIP3L	6hr	chr8:26408094:T>C	chr8:26408376-26408891:+	other				FALSE	FALSE
BRD2	0hr	chr6:32976245:C>T	chr6:32976169-32976249:+	other	-0.409	0.409	51	TRUE	TRUE
BRD2	1hr	chr6:32976245:C>T	chr6:32976169-32976249:+	other				FALSE	FALSE
BRD2	6hr	chr6:32976245:C>T	chr6:32976169-32976249:+	other				FALSE	FALSE
BRD3	0hr	chr9:134053539:C>A	chr9:134051880-134052305:-	detected_after_stim	-0.015	0.015	69	FALSE	TRUE
BRD3	1hr	chr9:134053539:C>A	chr9:134051880-134052305:-	detected_after_stim	-0.062	0.062	78	FALSE	TRUE
BRD3	6hr	chr9:134053539:C>A	chr9:134051880-134052305:-	detected_after_stim	0.481	0.481	82	TRUE	TRUE
BRSK2	0hr	chr11:1461489:C>T	chr11:1459191-1459236:+	post_stim_only				FALSE	FALSE
BRSK2	1hr	chr11:1461489:C>T	chr11:1459191-1459236:+	post_stim_only				FALSE	FALSE
BRSK2	6hr	chr11:1461489:C>T	chr11:1459191-1459236:+	post_stim_only	0.364	0.364	25	TRUE	TRUE
BTBD10	0hr	chr11:13421702:C>T	chr11:13445023-13445164:-	detected_after_stim	0.087	0.087	162	FALSE	TRUE
BTBD10	1hr	chr11:13421702:C>T	chr11:13445023-13445164:-	detected_after_stim	-0.043	0.043	233	FALSE	TRUE
BTBD10	6hr	chr11:13421702:C>T	chr11:13445023-13445164:-	detected_after_stim	-0.121	0.121	295	TRUE	TRUE
BTBD7	0hr	chr14:93332874:G>A	chr14:93294852-93294937:-	post_stim_only				FALSE	FALSE
BTBD7	1hr	chr14:93332874:G>A	chr14:93294852-93294937:-	post_stim_only				FALSE	FALSE
BTBD7	6hr	chr14:93332874:G>A	chr14:93294852-93294937:-	post_stim_only	-0.213	0.213	70	TRUE	TRUE
BTG2	0hr	chr1:203307377:C>A	chr1:203307688-203309137:+	detected_after_stim	0.002	0.002	108	FALSE	TRUE
BTG2	1hr	chr1:203307377:C>A	chr1:203307688-203309137:+	detected_after_stim	0.051	0.051	1365	FALSE	TRUE
BTG2	6hr	chr1:203307377:C>A	chr1:203307688-203309137:+	detected_after_stim	-0.217	0.217	221	TRUE	TRUE
BTN2A1	0hr	chr6:26463431:G>A	chr6:26467718-26467947:+	detected_at_baseline_only	-0.178	0.178	207	TRUE	TRUE
BTN2A1	1hr	chr6:26463431:G>A	chr6:26467718-26467947:+	detected_at_baseline_only	-0.078	0.078	344	FALSE	TRUE
BTN2A1	6hr	chr6:26463431:G>A	chr6:26467718-26467947:+	detected_at_baseline_only	0.004	0.004	280	FALSE	TRUE
C11orf58	0hr	chr11:16755046:C>A	chr11:16755067-16755346:+	other	-0.487	0.487	641	TRUE	TRUE
C11orf58	1hr	chr11:16755046:C>A	chr11:16755067-16755346:+	other	-0.742	0.742	601	TRUE	TRUE
C11orf58	6hr	chr11:16755046:C>A	chr11:16755067-16755346:+	other				FALSE	FALSE
C12orf43	0hr	chr12:121016344:C>T	chr12:121005060-121005093:-	detected_after_stim	-0.033	0.033	46	FALSE	TRUE
C12orf43	1hr	chr12:121016344:C>T	chr12:121005060-121005093:-	detected_after_stim	-0.196	0.196	141	TRUE	TRUE
C12orf43	6hr	chr12:121016344:C>T	chr12:121005060-121005093:-	detected_after_stim	-0.063	0.063	88	FALSE	TRUE
C12orf57	0hr	chr12:6943921:A>G	chr12:6944565-6944652:+	post_stim_only				FALSE	FALSE
C12orf57	1hr	chr12:6943921:A>G	chr12:6944565-6944652:+	post_stim_only	0.187	0.187	67	FALSE	TRUE
C12orf57	6hr	chr12:6943921:A>G	chr12:6944565-6944652:+	post_stim_only	0.327	0.327	81	TRUE	TRUE
C1orf43	0hr	chr1:154206723:A>T	chr1:154213892-154213946:-	detected_after_stim	0.003	0.003	193	FALSE	TRUE
C1orf43	1hr	chr1:154206723:A>T	chr1:154213892-154213946:-	detected_after_stim	0.012	0.012	183	FALSE	TRUE
C1orf43	6hr	chr1:154206723:A>T	chr1:154213892-154213946:-	detected_after_stim	-0.129	0.129	174	TRUE	TRUE
C1orf52	0hr	chr1:85258644:C>T	chr1:85258213-85258523:-	detected_at_baseline_only	0.273	0.273	158	TRUE	TRUE
C1orf52	1hr	chr1:85258644:C>T	chr1:85258213-85258523:-	detected_at_baseline_only	-0.024	0.024	287	FALSE	TRUE
C1orf52	6hr	chr1:85258644:C>T	chr1:85258213-85258523:-	detected_at_baseline_only	-0.051	0.051	356	FALSE	TRUE
C20orf96	0hr	chr20:279176:G>A	chr20:279330-279488:-	detected_after_stim	0.144	0.144	75	FALSE	TRUE
C20orf96	1hr	chr20:279176:G>A	chr20:279330-279488:-	detected_after_stim	0.423	0.423	110	TRUE	TRUE
C20orf96	6hr	chr20:279176:G>A	chr20:279330-279488:-	detected_after_stim	0.268	0.268	113	TRUE	TRUE
C2CD3	0hr	chr11:74170802:A>G	chr11:74161398-74161433:-	post_stim_only				FALSE	FALSE
C2CD3	1hr	chr11:74170802:A>G	chr11:74161398-74161433:-	post_stim_only				FALSE	FALSE
C2CD3	6hr	chr11:74170802:A>G	chr11:74161398-74161433:-	post_stim_only	0.253	0.253	86	TRUE	TRUE
C7orf50	0hr	chr7:997162:G>A	chr7:1028257-1028339:-	post_stim_only				FALSE	FALSE
C7orf50	1hr	chr7:997162:G>A	chr7:1028257-1028339:-	post_stim_only				FALSE	FALSE
C7orf50	6hr	chr7:997162:G>A	chr7:1028257-1028339:-	post_stim_only	-0.231	0.231	312	TRUE	TRUE
C9orf72	0hr	chr9:27567146:C>T	chr9:27573494-27573506:-	detected_after_stim	0.014	0.014	80	FALSE	TRUE
C9orf72	1hr	chr9:27567146:C>T	chr9:27573494-27573506:-	detected_after_stim	0.016	0.016	160	FALSE	TRUE
C9orf72	6hr	chr9:27567146:C>T	chr9:27573494-27573506:-	detected_after_stim	0.172	0.172	175	TRUE	TRUE
CACNA1E	0hr	chr1:181483500:C>CT	chr1:181793667-181793793:+	post_stim_only				FALSE	FALSE
CACNA1E	1hr	chr1:181483500:C>CT	chr1:181793667-181793793:+	post_stim_only	0.488	0.488	232	TRUE	TRUE
CACNA1E	6hr	chr1:181483500:C>CT	chr1:181793667-181793793:+	post_stim_only	0.405	0.405	352	TRUE	TRUE
CADPS	0hr	chr3:62651049:C>T	chr3:62481722-62481855:-	detected_after_stim	0.124	0.124	46	FALSE	TRUE
CADPS	1hr	chr3:62651049:C>T	chr3:62481722-62481855:-	detected_after_stim	0.368	0.368	62	TRUE	TRUE
CADPS	6hr	chr3:62651049:C>T	chr3:62481722-62481855:-	detected_after_stim	0.063	0.063	84	FALSE	TRUE
CALD1	0hr	chr7:134933926:G>A	chr7:134933390-134933895:+	post_stim_only				FALSE	FALSE
CALD1	1hr	chr7:134933926:G>A	chr7:134933390-134933895:+	post_stim_only	-0.96	0.96	69	TRUE	TRUE
CALD1	6hr	chr7:134933926:G>A	chr7:134933390-134933895:+	post_stim_only	-0.844	0.844	84	FALSE	FALSE
CALM3	0hr	chr19:46609390:T>C	chr19:46607961-46608196:+	detected_at_baseline_only	0.235	0.235	133	TRUE	TRUE
CALM3	1hr	chr19:46609390:T>C	chr19:46607961-46608196:+	detected_at_baseline_only	-0.05	0.05	301	FALSE	TRUE
CALM3	6hr	chr19:46609390:T>C	chr19:46607961-46608196:+	detected_at_baseline_only	-0.012	0.012	400	FALSE	TRUE
CAMK2B	0hr	chr7:44220271:C>T	chr7:44217735-44217765:-	post_stim_only				FALSE	FALSE
CAMK2B	1hr	chr7:44220271:C>T	chr7:44217735-44217765:-	post_stim_only	-0.066	0.066	122	FALSE	TRUE
CAMK2B	6hr	chr7:44220271:C>T	chr7:44217735-44217765:-	post_stim_only	-0.182	0.182	100	TRUE	TRUE
CANX	0hr	chr5:179729447:T>C	chr5:179699574-179699770:+	detected_at_baseline_only	0.13	0.13	94	TRUE	TRUE
CANX	1hr	chr5:179729447:T>C	chr5:179699574-179699770:+	detected_at_baseline_only	-0.082	0.082	137	FALSE	TRUE
CANX	6hr	chr5:179729447:T>C	chr5:179699574-179699770:+	detected_at_baseline_only	0.023	0.023	146	FALSE	TRUE
CAP2	0hr	chr6:17543070:A>G	chr6:17507640-17507726:+	post_stim_only				FALSE	FALSE
CAP2	1hr	chr6:17543070:A>G	chr6:17507640-17507726:+	post_stim_only	-0.169	0.169	57	FALSE	TRUE
CAP2	6hr	chr6:17543070:A>G	chr6:17507640-17507726:+	post_stim_only	-0.278	0.278	79	TRUE	TRUE
CAPN7	0hr	chr3:15217515:T>C	chr3:15210801-15210922:+	post_stim_only				FALSE	FALSE
CAPN7	1hr	chr3:15217515:T>C	chr3:15210801-15210922:+	post_stim_only				FALSE	FALSE
CAPN7	6hr	chr3:15217515:T>C	chr3:15210801-15210922:+	post_stim_only	0.411	0.411	131	TRUE	TRUE
CAPNS1	0hr	chr19:36142305:G>T	chr19:36140967-36140996:+	other	1	1	40	TRUE	TRUE
CAPNS1	1hr	chr19:36142305:G>T	chr19:36140967-36140996:+	other				FALSE	FALSE
CAPNS1	6hr	chr19:36142305:G>T	chr19:36140967-36140996:+	other				FALSE	FALSE
CAPRIN2	0hr	chr12:30754805:T>G	chr12:30754688-30754725:-	post_stim_only				FALSE	FALSE
CAPRIN2	1hr	chr12:30754805:T>G	chr12:30754688-30754725:-	post_stim_only	-0.458	0.458	72	TRUE	TRUE
CAPRIN2	6hr	chr12:30754805:T>G	chr12:30754688-30754725:-	post_stim_only				FALSE	FALSE
CAPZA2	0hr	chr7:116888185:C>T	chr7:116888190-116888699:+	detected_after_stim	-0.002	0.002	331	FALSE	TRUE
CAPZA2	1hr	chr7:116888185:C>T	chr7:116888190-116888699:+	detected_after_stim	-0.516	0.516	382	TRUE	TRUE
CAPZA2	6hr	chr7:116888185:C>T	chr7:116888190-116888699:+	detected_after_stim	-0.644	0.644	449	TRUE	TRUE
CAPZB	0hr	chr1:19338962:A>C	chr1:19344357-19344434:-	other	-0.111	0.111	80	TRUE	TRUE
CAPZB	1hr	chr1:19338962:A>C	chr1:19344357-19344434:-	other				FALSE	FALSE
CAPZB	6hr	chr1:19338962:A>C	chr1:19344357-19344434:-	other				FALSE	FALSE
CARS1	0hr	chr11:3006909:G>A	chr11:3040984-3041031:-	detected_after_stim	0.063	0.063	193	FALSE	TRUE
CARS1	1hr	chr11:3006909:G>A	chr11:3040984-3041031:-	detected_after_stim	0.146	0.146	301	TRUE	TRUE
CARS1	6hr	chr11:3006909:G>A	chr11:3040984-3041031:-	detected_after_stim	-0.018	0.018	450	FALSE	TRUE
CARS2	0hr	chr13:110641567:T>G	chr13:110646090-110646278:-	other	0.234	0.234	89	TRUE	TRUE
CARS2	1hr	chr13:110641567:T>G	chr13:110646090-110646278:-	other	-0.124	0.124	137	FALSE	TRUE
CARS2	6hr	chr13:110641567:T>G	chr13:110646090-110646278:-	other				FALSE	FALSE
CASP3	0hr	chr4:184649398:T>C	chr4:184631036-184631157:-	detected_at_baseline_only	0.3	0.3	65	TRUE	TRUE
CASP3	1hr	chr4:184649398:T>C	chr4:184631036-184631157:-	detected_at_baseline_only	-0.023	0.023	87	FALSE	TRUE
CASP3	6hr	chr4:184649398:T>C	chr4:184631036-184631157:-	detected_at_baseline_only	0.121	0.121	153	FALSE	TRUE
CCDC106	0hr	chr19:55651409:C>T	chr19:55648945-55649001:+	detected_after_stim	-0.081	0.081	74	FALSE	TRUE
CCDC106	1hr	chr19:55651409:C>T	chr19:55648945-55649001:+	detected_after_stim	0.167	0.167	100	FALSE	TRUE
CCDC106	6hr	chr19:55651409:C>T	chr19:55648945-55649001:+	detected_after_stim	-0.364	0.364	80	TRUE	TRUE
CCDC126	0hr	chr7:23611334:G>A	chr7:23611553-23612165:+	detected_after_stim	0.339	0.339	108	FALSE	TRUE
CCDC126	1hr	chr7:23611334:G>A	chr7:23611553-23612165:+	detected_after_stim	0.381	0.381	102	TRUE	TRUE
CCDC126	6hr	chr7:23611334:G>A	chr7:23611553-23612165:+	detected_after_stim				FALSE	FALSE
CCDC171	0hr	chr9:15571631:T>A	chr9:15553042-15553290:+	post_stim_only				FALSE	FALSE
CCDC171	1hr	chr9:15571631:T>A	chr9:15553042-15553290:+	post_stim_only	-0.202	0.202	192	TRUE	TRUE
CCDC171	6hr	chr9:15571631:T>A	chr9:15553042-15553290:+	post_stim_only				FALSE	FALSE
CCDC186	0hr	chr10:114127463:G>T	chr10:114125885-114126105:-	all_timepoints	-0.6	0.6	29	TRUE	TRUE
CCDC186	1hr	chr10:114127463:G>T	chr10:114125885-114126105:-	all_timepoints	-0.652	0.652	47	TRUE	TRUE
CCDC186	6hr	chr10:114127463:G>T	chr10:114125885-114126105:-	all_timepoints	-0.352	0.352	130	TRUE	TRUE
CCDC47	0hr	chr17:63746380:A>G	chr17:63772776-63772863:-	post_stim_only				FALSE	FALSE
CCDC47	1hr	chr17:63746380:A>G	chr17:63772776-63772863:-	post_stim_only				FALSE	FALSE
CCDC47	6hr	chr17:63746380:A>G	chr17:63772776-63772863:-	post_stim_only	0.389	0.389	72	TRUE	TRUE
CCDC82	0hr	chr11:96384202:C>T	chr11:96385936-96385965:-	post_stim_only				FALSE	FALSE
CCDC82	1hr	chr11:96384202:C>T	chr11:96385936-96385965:-	post_stim_only	-0.183	0.183	183	TRUE	TRUE
CCDC82	6hr	chr11:96384202:C>T	chr11:96385936-96385965:-	post_stim_only				FALSE	FALSE
CCDC90B	0hr	chr11:83261812:T>C	chr11:83286085-83286099:-	detected_after_stim	0.014	0.014	162	FALSE	TRUE
CCDC90B	1hr	chr11:83261812:T>C	chr11:83286085-83286099:-	detected_after_stim	0.067	0.067	256	FALSE	TRUE
CCDC90B	6hr	chr11:83261812:T>C	chr11:83286085-83286099:-	detected_after_stim	0.151	0.151	203	TRUE	TRUE
CCM2	0hr	chr7:45038378:G>A	chr7:45000299-45000363:+	post_stim_only				FALSE	FALSE
CCM2	1hr	chr7:45038378:G>A	chr7:45000299-45000363:+	post_stim_only				FALSE	FALSE
CCM2	6hr	chr7:45038378:G>A	chr7:45000299-45000363:+	post_stim_only	-0.1	0.1	72	TRUE	TRUE
CCNH	0hr	chr5:87412822:C>A	chr5:87404843-87404950:-	detected_at_baseline_only	-0.1	0.1	97	TRUE	TRUE
CCNH	1hr	chr5:87412822:C>A	chr5:87404843-87404950:-	detected_at_baseline_only	-0.037	0.037	217	FALSE	TRUE
CCNH	6hr	chr5:87412822:C>A	chr5:87404843-87404950:-	detected_at_baseline_only	0.013	0.013	259	FALSE	TRUE
CCNL2	0hr	chr1:1390333:C>T	chr1:1391575-1391649:-	other	0.329	0.329	102	TRUE	TRUE
CCNL2	1hr	chr1:1390333:C>T	chr1:1391575-1391649:-	other				FALSE	FALSE
CCNL2	6hr	chr1:1390333:C>T	chr1:1391575-1391649:-	other				FALSE	FALSE
CCS	0hr	chr11:66605833:G>A	chr11:66605153-66605298:+	post_stim_only				FALSE	FALSE
CCS	1hr	chr11:66605833:G>A	chr11:66605153-66605298:+	post_stim_only	0.365	0.365	101	TRUE	TRUE
CCS	6hr	chr11:66605833:G>A	chr11:66605153-66605298:+	post_stim_only	-0.038	0.038	139	FALSE	TRUE
CCSER2	0hr	chr10:84371302:A>G	chr10:84499874-84499959:+	detected_after_stim	-0.092	0.092	97	FALSE	TRUE
CCSER2	1hr	chr10:84371302:A>G	chr10:84499874-84499959:+	detected_after_stim	0.256	0.256	200	TRUE	TRUE
CCSER2	6hr	chr10:84371302:A>G	chr10:84499874-84499959:+	detected_after_stim	-0.105	0.105	253	FALSE	TRUE
CCT3	0hr	chr1:156320863:A>T	chr1:156337078-156337240:-	other	0.179	0.179	553	TRUE	TRUE
CCT3	1hr	chr1:156320863:A>T	chr1:156337078-156337240:-	other	0.14	0.14	748	TRUE	TRUE
CCT3	6hr	chr1:156320863:A>T	chr1:156337078-156337240:-	other				FALSE	FALSE
CCT5	0hr	chr5:10264849:A>G	chr5:10250538-10250893:+	detected_at_baseline_only	-0.104	0.104	659	TRUE	TRUE
CCT5	1hr	chr5:10264849:A>G	chr5:10250538-10250893:+	detected_at_baseline_only	0.038	0.038	1206	FALSE	TRUE
CCT5	6hr	chr5:10264849:A>G	chr5:10250538-10250893:+	detected_at_baseline_only	0.037	0.037	1259	FALSE	TRUE
CCT6A	0hr	chr7:56058666:T>C	chr7:56058702-56059010:+	detected_at_baseline_only	-0.12	0.12	160	TRUE	TRUE
CCT6A	1hr	chr7:56058666:T>C	chr7:56058702-56059010:+	detected_at_baseline_only	-0.002	0.002	345	FALSE	TRUE
CCT6A	6hr	chr7:56058666:T>C	chr7:56058702-56059010:+	detected_at_baseline_only	0.009	0.009	267	FALSE	TRUE
CD200	0hr	chr3:112345002:C>A	chr3:112362132-112362654:+	detected_after_stim	-0.029	0.029	102	FALSE	TRUE
CD200	1hr	chr3:112345002:C>A	chr3:112362132-112362654:+	detected_after_stim	0.084	0.084	148	FALSE	TRUE
CD200	6hr	chr3:112345002:C>A	chr3:112362132-112362654:+	detected_after_stim	0.162	0.162	188	TRUE	TRUE
CD46	0hr	chr1:207752052:C>G	chr1:207790252-207790345:+	detected_after_stim	-0.051	0.051	93	FALSE	TRUE
CD46	1hr	chr1:207752052:C>G	chr1:207790252-207790345:+	detected_after_stim	-0.215	0.215	187	TRUE	TRUE
CD46	6hr	chr1:207752052:C>G	chr1:207790252-207790345:+	detected_after_stim	0.114	0.114	198	FALSE	TRUE
CD63	0hr	chr12:55726217:A>G	chr12:55729393-55729575:-	all_timepoints	0.145	0.145	272	TRUE	TRUE
CD63	1hr	chr12:55726217:A>G	chr12:55729393-55729575:-	all_timepoints	0.104	0.104	251	TRUE	TRUE
CD63	6hr	chr12:55726217:A>G	chr12:55729393-55729575:-	all_timepoints	0.13	0.13	223	TRUE	TRUE
CD9	0hr	chr12:6225509:AATAATA>C	chr12:6200384-6200399:+	all_timepoints	-0.467	0.467	95	TRUE	TRUE
CD9	1hr	chr12:6225509:AATAATA>C	chr12:6200384-6200399:+	all_timepoints	-0.424	0.424	123	TRUE	TRUE
CD9	6hr	chr12:6225509:AATAATA>C	chr12:6200384-6200399:+	all_timepoints	-0.592	0.592	173	TRUE	TRUE
CDC16	0hr	chr13:114265238:T>C	chr13:114239309-114239349:+	detected_after_stim	0.054	0.054	211	FALSE	TRUE
CDC16	1hr	chr13:114265238:T>C	chr13:114239309-114239349:+	detected_after_stim	0.033	0.033	360	FALSE	TRUE
CDC16	6hr	chr13:114265238:T>C	chr13:114239309-114239349:+	detected_after_stim	0.102	0.102	205	TRUE	TRUE
CDC25B	0hr	chr20:3787025:G>T	chr20:3787686-3788161:+	post_stim_only				FALSE	FALSE
CDC25B	1hr	chr20:3787025:G>T	chr20:3787686-3788161:+	post_stim_only	-0.358	0.358	64	TRUE	TRUE
CDC25B	6hr	chr20:3787025:G>T	chr20:3787686-3788161:+	post_stim_only				FALSE	FALSE
CDC34	0hr	chr19:541684:C>T	chr19:537651-540192:+	post_stim_only				FALSE	FALSE
CDC34	1hr	chr19:541684:C>T	chr19:537651-540192:+	post_stim_only	0.061	0.061	88	FALSE	TRUE
CDC34	6hr	chr19:541684:C>T	chr19:537651-540192:+	post_stim_only	-0.129	0.129	128	TRUE	TRUE
CDC42	0hr	chr1:22090471:T>A	chr1:22052759-22052864:+	other	0.143	0.143	481	TRUE	TRUE
CDC42	1hr	chr1:22090471:T>A	chr1:22052759-22052864:+	other				FALSE	FALSE
CDC42	6hr	chr1:22090471:T>A	chr1:22052759-22052864:+	other				FALSE	FALSE
CDC42BPA	0hr	chr1:227317092:T>C	chr1:227051880-227051985:-	detected_at_baseline_only	-0.375	0.375	60	TRUE	TRUE
CDC42BPA	1hr	chr1:227317092:T>C	chr1:227051880-227051985:-	detected_at_baseline_only	0.133	0.133	58	FALSE	TRUE
CDC42BPA	6hr	chr1:227317092:T>C	chr1:227051880-227051985:-	detected_at_baseline_only	0.167	0.167	63	FALSE	TRUE
CDH2	0hr	chr18:27963422:G>A	chr18:28036469-28036585:-	detected_at_baseline_only	-0.271	0.271	124	TRUE	TRUE
CDH2	1hr	chr18:27963422:G>A	chr18:28036469-28036585:-	detected_at_baseline_only	0.025	0.025	213	FALSE	TRUE
CDH2	6hr	chr18:27963422:G>A	chr18:28036469-28036585:-	detected_at_baseline_only	0.121	0.121	276	FALSE	TRUE
CDH7	0hr	chr18:65862779:A>G	chr18:65862917-65864125:+	other	-0.182	0.182	41	TRUE	TRUE
CDH7	1hr	chr18:65862779:A>G	chr18:65862917-65864125:+	other	0.035	0.035	161	FALSE	TRUE
CDH7	6hr	chr18:65862779:A>G	chr18:65862917-65864125:+	other				FALSE	FALSE
CDK5RAP3	0hr	chr17:47981743:C>T	chr17:47981106-47981162:+	detected_after_stim	-0.082	0.082	97	FALSE	TRUE
CDK5RAP3	1hr	chr17:47981743:C>T	chr17:47981106-47981162:+	detected_after_stim	-0.104	0.104	202	FALSE	TRUE
CDK5RAP3	6hr	chr17:47981743:C>T	chr17:47981106-47981162:+	detected_after_stim	0.208	0.208	136	TRUE	TRUE
CDKL2	0hr	chr4:75614404:C>T	chr4:75625790-75625820:-	detected_after_stim	0.029	0.029	53	FALSE	TRUE
CDKL2	1hr	chr4:75614404:C>T	chr4:75625790-75625820:-	detected_after_stim				FALSE	FALSE
CDKL2	6hr	chr4:75614404:C>T	chr4:75625790-75625820:-	detected_after_stim	0.126	0.126	146	TRUE	TRUE
CELF1	0hr	chr11:47478937:G>A	chr11:47470889-47471997:-	post_stim_only				FALSE	FALSE
CELF1	1hr	chr11:47478937:G>A	chr11:47470889-47471997:-	post_stim_only	-0.42	0.42	85	TRUE	TRUE
CELF1	6hr	chr11:47478937:G>A	chr11:47470889-47471997:-	post_stim_only				FALSE	FALSE
CEMIP2	0hr	chr9:71690103:C>T	chr9:71730704-71730738:-	post_stim_only				FALSE	FALSE
CEMIP2	1hr	chr9:71690103:C>T	chr9:71730704-71730738:-	post_stim_only				FALSE	FALSE
CEMIP2	6hr	chr9:71690103:C>T	chr9:71730704-71730738:-	post_stim_only	0.288	0.288	69	TRUE	TRUE
CEP164	0hr	chr11:117351875:G>A	chr11:117335604-117335680:+	detected_after_stim	-0.003	0.003	206	FALSE	TRUE
CEP164	1hr	chr11:117351875:G>A	chr11:117335604-117335680:+	detected_after_stim				FALSE	FALSE
CEP164	6hr	chr11:117351875:G>A	chr11:117335604-117335680:+	detected_after_stim	-0.279	0.279	272	TRUE	TRUE
CEP170	0hr	chr1:243199086:C>T	chr1:243185778-243186072:-	detected_after_stim	-0.029	0.029	438	FALSE	TRUE
CEP170	1hr	chr1:243199086:C>T	chr1:243185778-243186072:-	detected_after_stim	-0.088	0.088	706	FALSE	TRUE
CEP170	6hr	chr1:243199086:C>T	chr1:243185778-243186072:-	detected_after_stim	-0.145	0.145	707	TRUE	TRUE
CEP290	0hr	chr12:88111300:T>C	chr12:88054339-88054402:-	detected_after_stim	0.013	0.013	82	FALSE	TRUE
CEP290	1hr	chr12:88111300:T>C	chr12:88054339-88054402:-	detected_after_stim	-0.215	0.215	105	TRUE	TRUE
CEP290	6hr	chr12:88111300:T>C	chr12:88054339-88054402:-	detected_after_stim	0.228	0.228	81	FALSE	TRUE
CEP350	0hr	chr1:180024556:G>A	chr1:180073785-180073908:+	other	0.492	0.492	33	TRUE	TRUE
CEP350	1hr	chr1:180024556:G>A	chr1:180073785-180073908:+	other				FALSE	FALSE
CEP350	6hr	chr1:180024556:G>A	chr1:180073785-180073908:+	other	0.196	0.196	52	FALSE	TRUE
CEP57	0hr	chr11:95831176:G>A	chr11:95790532-95790658:+	post_stim_only				FALSE	FALSE
CEP57	1hr	chr11:95831176:G>A	chr11:95790532-95790658:+	post_stim_only				FALSE	FALSE
CEP57	6hr	chr11:95831176:G>A	chr11:95790532-95790658:+	post_stim_only	-0.222	0.222	41	TRUE	TRUE
CEP57L1	0hr	chr6:109146932:A>G	chr6:109155877-109155974:+	post_stim_only				FALSE	FALSE
CEP57L1	1hr	chr6:109146932:A>G	chr6:109155877-109155974:+	post_stim_only				FALSE	FALSE
CEP57L1	6hr	chr6:109146932:A>G	chr6:109155877-109155974:+	post_stim_only	-0.314	0.314	51	TRUE	TRUE
CEP63	0hr	chr3:134507126:T>C	chr3:134559149-134559305:+	post_stim_only				FALSE	FALSE
CEP63	1hr	chr3:134507126:T>C	chr3:134559149-134559305:+	post_stim_only	-0.152	0.152	97	FALSE	TRUE
CEP63	6hr	chr3:134507126:T>C	chr3:134559149-134559305:+	post_stim_only	0.356	0.356	67	TRUE	TRUE
CEP78	0hr	chr9:78236433:G>C	chr9:78236603-78236659:+	post_stim_only				FALSE	FALSE
CEP78	1hr	chr9:78236433:G>C	chr9:78236603-78236659:+	post_stim_only				FALSE	FALSE
CEP78	6hr	chr9:78236433:G>C	chr9:78236603-78236659:+	post_stim_only	-0.357	0.357	57	TRUE	TRUE
CEP85L	0hr	chr6:118632406:C>T	chr6:118491631-118491685:-	post_stim_only				FALSE	FALSE
CEP85L	1hr	chr6:118632406:C>T	chr6:118491631-118491685:-	post_stim_only	-0.364	0.364	124	TRUE	TRUE
CEP85L	6hr	chr6:118632406:C>T	chr6:118491631-118491685:-	post_stim_only				FALSE	FALSE
CERS4	0hr	chr19:8262276:A>G	chr19:8250525-8251043:+	post_stim_only				FALSE	FALSE
CERS4	1hr	chr19:8262276:A>G	chr19:8250525-8251043:+	post_stim_only	0.164	0.164	91	TRUE	TRUE
CERS4	6hr	chr19:8262276:A>G	chr19:8250525-8251043:+	post_stim_only				FALSE	FALSE
CETN3	0hr	chr5:90405715:C>G	chr5:90396492-90396564:-	detected_after_stim	0.161	0.161	32	FALSE	TRUE
CETN3	1hr	chr5:90405715:C>G	chr5:90396492-90396564:-	detected_after_stim	0.217	0.217	54	TRUE	TRUE
CETN3	6hr	chr5:90405715:C>G	chr5:90396492-90396564:-	detected_after_stim				FALSE	FALSE
CFAP210	0hr	chr2:169694328:A>G	chr2:169688855-169688948:-	detected_at_baseline_only	0.326	0.326	54	TRUE	TRUE
CFAP210	1hr	chr2:169694328:A>G	chr2:169688855-169688948:-	detected_at_baseline_only	0.034	0.034	104	FALSE	TRUE
CFAP210	6hr	chr2:169694328:A>G	chr2:169688855-169688948:-	detected_at_baseline_only	0.093	0.093	196	FALSE	TRUE
CFAP410	0hr	chr21:44330205:C>T	chr21:44336823-44336920:-	post_stim_only				FALSE	FALSE
CFAP410	1hr	chr21:44330205:C>T	chr21:44336823-44336920:-	post_stim_only	0.033	0.033	152	FALSE	TRUE
CFAP410	6hr	chr21:44330205:C>T	chr21:44336823-44336920:-	post_stim_only	0.127	0.127	181	TRUE	TRUE
CFDP1	0hr	chr16:75294017:A>G	chr16:75306386-75306545:-	detected_at_baseline_only	0.132	0.132	149	TRUE	TRUE
CFDP1	1hr	chr16:75294017:A>G	chr16:75306386-75306545:-	detected_at_baseline_only	-0.013	0.013	270	FALSE	TRUE
CFDP1	6hr	chr16:75294017:A>G	chr16:75306386-75306545:-	detected_at_baseline_only	0.038	0.038	286	FALSE	TRUE
CHD2	0hr	chr15:93002201:T>C	chr15:92998148-92998261:+	post_stim_only				FALSE	FALSE
CHD2	1hr	chr15:93002201:T>C	chr15:92998148-92998261:+	post_stim_only	-0.002	0.002	64	FALSE	TRUE
CHD2	6hr	chr15:93002201:T>C	chr15:92998148-92998261:+	post_stim_only	0.247	0.247	176	TRUE	TRUE
CHD4	0hr	chr12:6601980:C>A	chr12:6602154-6602175:-	detected_after_stim	-0.007	0.007	192	FALSE	TRUE
CHD4	1hr	chr12:6601980:C>A	chr12:6602154-6602175:-	detected_after_stim	0.162	0.162	266	TRUE	TRUE
CHD4	6hr	chr12:6601980:C>A	chr12:6602154-6602175:-	detected_after_stim	0.051	0.051	266	FALSE	TRUE
CHD9	0hr	chr16:53226393:G>A	chr16:53207988-53208031:+	all_timepoints	0.194	0.194	298	TRUE	TRUE
CHD9	1hr	chr16:53226393:G>A	chr16:53207988-53208031:+	all_timepoints	0.22	0.22	507	TRUE	TRUE
CHD9	6hr	chr16:53226393:G>A	chr16:53207988-53208031:+	all_timepoints	0.185	0.185	489	TRUE	TRUE
CHL1	0hr	chr3:319824:C>T	chr3:197289-197368:+	post_stim_only				FALSE	FALSE
CHL1	1hr	chr3:319824:C>T	chr3:197289-197368:+	post_stim_only	-0.373	0.373	322	TRUE	TRUE
CHL1	6hr	chr3:319824:C>T	chr3:197289-197368:+	post_stim_only				FALSE	FALSE
CHORDC1	0hr	chr11:90223037:G>A	chr11:90210594-90210765:-	all_timepoints	0.446	0.446	155	TRUE	TRUE
CHORDC1	1hr	chr11:90223037:G>A	chr11:90210594-90210765:-	all_timepoints	0.44	0.44	195	TRUE	TRUE
CHORDC1	6hr	chr11:90223037:G>A	chr11:90210594-90210765:-	all_timepoints	0.496	0.496	550	TRUE	TRUE
CHRNA5	0hr	chr15:78590582:G>A	chr15:78590506-78590636:+	post_stim_only				FALSE	FALSE
CHRNA5	1hr	chr15:78590582:G>A	chr15:78590506-78590636:+	post_stim_only	-0.118	0.118	75	TRUE	TRUE
CHRNA5	6hr	chr15:78590582:G>A	chr15:78590506-78590636:+	post_stim_only				FALSE	FALSE
CHTOP	0hr	chr1:153634079:G>T	chr1:153637662-153638083:+	other	0.498	0.498	58	TRUE	TRUE
CHTOP	1hr	chr1:153634079:G>T	chr1:153637662-153638083:+	other				FALSE	FALSE
CHTOP	6hr	chr1:153634079:G>T	chr1:153637662-153638083:+	other				FALSE	FALSE
CIBAR1	0hr	chr8:93726400:G>A	chr8:93724509-93724595:+	detected_after_stim	-0.118	0.118	107	FALSE	TRUE
CIBAR1	1hr	chr8:93726400:G>A	chr8:93724509-93724595:+	detected_after_stim	0.011	0.011	124	FALSE	TRUE
CIBAR1	6hr	chr8:93726400:G>A	chr8:93724509-93724595:+	detected_after_stim	-0.121	0.121	317	TRUE	TRUE
CINP	0hr	chr14:102348704:C>T	chr14:102362573-102362714:-	post_stim_only				FALSE	FALSE
CINP	1hr	chr14:102348704:C>T	chr14:102362573-102362714:-	post_stim_only				FALSE	FALSE
CINP	6hr	chr14:102348704:C>T	chr14:102362573-102362714:-	post_stim_only	0.186	0.186	83	TRUE	TRUE
CIRBP	0hr	chr19:1272040:T>C	chr19:1271246-1271328:+	detected_at_baseline_only	0.103	0.103	513	TRUE	TRUE
CIRBP	1hr	chr19:1272040:T>C	chr19:1271246-1271328:+	detected_at_baseline_only	0.003	0.003	1249	FALSE	TRUE
CIRBP	6hr	chr19:1272040:T>C	chr19:1271246-1271328:+	detected_at_baseline_only	0.013	0.013	1156	FALSE	TRUE
CISD2	0hr	chr4:102888487:T>G	chr4:102869321-102869335:+	post_stim_only				FALSE	FALSE
CISD2	1hr	chr4:102888487:T>G	chr4:102869321-102869335:+	post_stim_only	-0.29	0.29	53	TRUE	TRUE
CISD2	6hr	chr4:102888487:T>G	chr4:102869321-102869335:+	post_stim_only				FALSE	FALSE
CKMT1A	0hr	chr15:43696326:G>A	chr15:43693858-43693870:+	detected_after_stim	-0.032	0.032	121	FALSE	TRUE
CKMT1A	1hr	chr15:43696326:G>A	chr15:43693858-43693870:+	detected_after_stim	0.073	0.073	230	FALSE	TRUE
CKMT1A	6hr	chr15:43696326:G>A	chr15:43693858-43693870:+	detected_after_stim	0.297	0.297	166	TRUE	TRUE
CLASP1	0hr	chr2:121458842:A>G	chr2:121402594-121402663:-	post_stim_only				FALSE	FALSE
CLASP1	1hr	chr2:121458842:A>G	chr2:121402594-121402663:-	post_stim_only	0.326	0.326	64	TRUE	TRUE
CLASP1	6hr	chr2:121458842:A>G	chr2:121402594-121402663:-	post_stim_only				FALSE	FALSE
CLIP1	0hr	chr12:122380481:T>C	chr12:122351110-122351143:-	detected_after_stim	0.109	0.109	66	FALSE	TRUE
CLIP1	1hr	chr12:122380481:T>C	chr12:122351110-122351143:-	detected_after_stim	-0.251	0.251	140	TRUE	TRUE
CLIP1	6hr	chr12:122380481:T>C	chr12:122351110-122351143:-	detected_after_stim	0.121	0.121	150	FALSE	TRUE
CLPTM1	0hr	chr19:44987311:A>G	chr19:44955380-44955467:+	post_stim_only				FALSE	FALSE
CLPTM1	1hr	chr19:44987311:A>G	chr19:44955380-44955467:+	post_stim_only				FALSE	FALSE
CLPTM1	6hr	chr19:44987311:A>G	chr19:44955380-44955467:+	post_stim_only	0.192	0.192	113	TRUE	TRUE
CLSTN3	0hr	chr12:7158931:G>A	chr12:7132385-7132904:+	other	0.429	0.429	56	TRUE	TRUE
CLSTN3	1hr	chr12:7158931:G>A	chr12:7132385-7132904:+	other				FALSE	FALSE
CLSTN3	6hr	chr12:7158931:G>A	chr12:7132385-7132904:+	other				FALSE	FALSE
CLTC	0hr	chr17:59681657:G>A	chr17:59620173-59620294:+	detected_at_baseline_only	-0.105	0.105	176	TRUE	TRUE
CLTC	1hr	chr17:59681657:G>A	chr17:59620173-59620294:+	detected_at_baseline_only	0.007	0.007	343	FALSE	TRUE
CLTC	6hr	chr17:59681657:G>A	chr17:59620173-59620294:+	detected_at_baseline_only	0.028	0.028	427	FALSE	TRUE
CMC2	0hr	chr16:80976175:C>T	chr16:80980769-80980788:-	detected_after_stim	0.056	0.056	223	FALSE	TRUE
CMC2	1hr	chr16:80976175:C>T	chr16:80980769-80980788:-	detected_after_stim	0.153	0.153	380	TRUE	TRUE
CMC2	6hr	chr16:80976175:C>T	chr16:80980769-80980788:-	detected_after_stim	-0.015	0.015	530	FALSE	TRUE
CMPK1	0hr	chr1:47333966:G>C	chr1:47373107-47373443:+	detected_at_baseline_only	-0.118	0.118	129	TRUE	TRUE
CMPK1	1hr	chr1:47333966:G>C	chr1:47373107-47373443:+	detected_at_baseline_only	-0.008	0.008	242	FALSE	TRUE
CMPK1	6hr	chr1:47333966:G>C	chr1:47373107-47373443:+	detected_at_baseline_only	0.094	0.094	158	FALSE	TRUE
CMSS1	0hr	chr3:100167817:G>A	chr3:100010130-100010180:+	detected_after_stim	0.22	0.22	122	FALSE	TRUE
CMSS1	1hr	chr3:100167817:G>A	chr3:100010130-100010180:+	detected_after_stim	0.362	0.362	180	TRUE	TRUE
CMSS1	6hr	chr3:100167817:G>A	chr3:100010130-100010180:+	detected_after_stim	0.006	0.006	174	FALSE	TRUE
CNBP	0hr	chr3:129170458:T>A	chr3:129171633-129171651:-	other	0.231	0.231	282	TRUE	TRUE
CNBP	1hr	chr3:129170458:T>A	chr3:129171633-129171651:-	other				FALSE	FALSE
CNBP	6hr	chr3:129170458:T>A	chr3:129171633-129171651:-	other				FALSE	FALSE
CNDP2	0hr	chr18:74501372:G>A	chr18:74508928-74509138:+	post_stim_only				FALSE	FALSE
CNDP2	1hr	chr18:74501372:G>A	chr18:74508928-74509138:+	post_stim_only	-0.061	0.061	41	FALSE	TRUE
CNDP2	6hr	chr18:74501372:G>A	chr18:74508928-74509138:+	post_stim_only	-0.154	0.154	62	TRUE	TRUE
CNGB1	0hr	chr16:57923213:C>T	chr16:57931715-57931764:-	post_stim_only				FALSE	FALSE
CNGB1	1hr	chr16:57923213:C>T	chr16:57931715-57931764:-	post_stim_only	-0.101	0.101	115	TRUE	TRUE
CNGB1	6hr	chr16:57923213:C>T	chr16:57931715-57931764:-	post_stim_only				FALSE	FALSE
CNOT1	0hr	chr16:58599271:C>T	chr16:58599009-58599235:-	all_timepoints	-0.119	0.119	201	TRUE	TRUE
CNOT1	1hr	chr16:58599271:C>T	chr16:58599009-58599235:-	all_timepoints	-0.123	0.123	335	TRUE	TRUE
CNOT1	6hr	chr16:58599271:C>T	chr16:58599009-58599235:-	all_timepoints	-0.164	0.164	399	TRUE	TRUE
CNOT2	0hr	chr12:70243438:T>C	chr12:70294070-70294123:+	post_stim_only				FALSE	FALSE
CNOT2	1hr	chr12:70243438:T>C	chr12:70294070-70294123:+	post_stim_only	0.165	0.165	119	FALSE	TRUE
CNOT2	6hr	chr12:70243438:T>C	chr12:70294070-70294123:+	post_stim_only	0.142	0.142	178	TRUE	TRUE
CNPPD1	0hr	chr2:219173033:A>G	chr2:219171975-219172173:-	detected_at_baseline_only	-0.333	0.333	31	TRUE	TRUE
CNPPD1	1hr	chr2:219173033:A>G	chr2:219171975-219172173:-	detected_at_baseline_only	0.142	0.142	46	FALSE	TRUE
CNPPD1	6hr	chr2:219173033:A>G	chr2:219171975-219172173:-	detected_at_baseline_only	-0.233	0.233	47	FALSE	TRUE
CNTN1	0hr	chr12:41070200:G>A	chr12:40910072-40910105:+	detected_at_baseline_only	0.325	0.325	114	TRUE	TRUE
CNTN1	1hr	chr12:41070200:G>A	chr12:40910072-40910105:+	detected_at_baseline_only	-0.035	0.035	274	FALSE	TRUE
CNTN1	6hr	chr12:41070200:G>A	chr12:40910072-40910105:+	detected_at_baseline_only	-0.041	0.041	333	FALSE	TRUE
CNTN4	0hr	chr3:2925768:G>A	chr3:2511349-2511468:+	post_stim_only				FALSE	FALSE
CNTN4	1hr	chr3:2925768:G>A	chr3:2511349-2511468:+	post_stim_only				FALSE	FALSE
CNTN4	6hr	chr3:2925768:G>A	chr3:2511349-2511468:+	post_stim_only	0.389	0.389	29	TRUE	TRUE
COA1	0hr	chr7:43639397:T>C	chr7:43665657-43665722:-	detected_after_stim	-0.126	0.126	234	FALSE	TRUE
COA1	1hr	chr7:43639397:T>C	chr7:43665657-43665722:-	detected_after_stim	-0.031	0.031	479	FALSE	TRUE
COA1	6hr	chr7:43639397:T>C	chr7:43665657-43665722:-	detected_after_stim	-0.13	0.13	638	TRUE	TRUE
COCH	0hr	chr14:30885889:C>G	chr14:30874972-30875055:+	detected_after_stim	0.027	0.027	118	FALSE	TRUE
COCH	1hr	chr14:30885889:C>G	chr14:30874972-30875055:+	detected_after_stim	-0.086	0.086	101	FALSE	TRUE
COCH	6hr	chr14:30885889:C>G	chr14:30874972-30875055:+	detected_after_stim	-0.19	0.19	112	TRUE	TRUE
COL1A2	0hr	chr7:94420407:C>T	chr7:94421952-94422040:+	post_stim_only				FALSE	FALSE
COL1A2	1hr	chr7:94420407:C>T	chr7:94421952-94422040:+	post_stim_only				FALSE	FALSE
COL1A2	6hr	chr7:94420407:C>T	chr7:94421952-94422040:+	post_stim_only	-0.4	0.4	36	TRUE	TRUE
COL6A1	0hr	chr21:46003474:G>A	chr21:46001196-46001252:+	detected_at_baseline_only	-0.341	0.341	75	TRUE	TRUE
COL6A1	1hr	chr21:46003474:G>A	chr21:46001196-46001252:+	detected_at_baseline_only	0.053	0.053	193	FALSE	TRUE
COL6A1	6hr	chr21:46003474:G>A	chr21:46001196-46001252:+	detected_at_baseline_only	0.011	0.011	199	FALSE	TRUE
COL6A2	0hr	chr21:46112482:C>G	chr21:46129195-46129801:+	post_stim_only				FALSE	FALSE
COL6A2	1hr	chr21:46112482:C>G	chr21:46129195-46129801:+	post_stim_only				FALSE	FALSE
COL6A2	6hr	chr21:46112482:C>G	chr21:46129195-46129801:+	post_stim_only	-0.312	0.312	107	TRUE	TRUE
COMT	0hr	chr22:19964280:G>A	chr22:19966625-19966718:+	detected_after_stim	0.014	0.014	400	FALSE	TRUE
COMT	1hr	chr22:19964280:G>A	chr22:19966625-19966718:+	detected_after_stim	0.032	0.032	602	FALSE	TRUE
COMT	6hr	chr22:19964280:G>A	chr22:19966625-19966718:+	detected_after_stim	0.144	0.144	512	TRUE	TRUE
COPA	0hr	chr1:160289880:C>G	chr1:160333602-160333679:-	detected_after_stim	0.021	0.021	162	FALSE	TRUE
COPA	1hr	chr1:160289880:C>G	chr1:160333602-160333679:-	detected_after_stim	-0.031	0.031	239	FALSE	TRUE
COPA	6hr	chr1:160289880:C>G	chr1:160333602-160333679:-	detected_after_stim	0.129	0.129	257	TRUE	TRUE
COPB1	0hr	chr11:14499807:C>A	chr11:14499608-14499666:-	other	-0.117	0.117	294	TRUE	TRUE
COPB1	1hr	chr11:14499807:C>A	chr11:14499608-14499666:-	other				FALSE	FALSE
COPB1	6hr	chr11:14499807:C>A	chr11:14499608-14499666:-	other	-0.021	0.021	397	FALSE	TRUE
COPS2	0hr	chr15:49129530:C>G	chr15:49144226-49144304:-	other	-0.333	0.333	27	TRUE	TRUE
COPS2	1hr	chr15:49129530:C>G	chr15:49144226-49144304:-	other				FALSE	FALSE
COPS2	6hr	chr15:49129530:C>G	chr15:49144226-49144304:-	other				FALSE	FALSE
COX10	0hr	chr17:14069637:C>T	chr17:14102117-14102242:+	detected_after_stim	0	0	92	FALSE	TRUE
COX10	1hr	chr17:14069637:C>T	chr17:14102117-14102242:+	detected_after_stim	0.035	0.035	131	FALSE	TRUE
COX10	6hr	chr17:14069637:C>T	chr17:14102117-14102242:+	detected_after_stim	-0.143	0.143	104	TRUE	TRUE
CPEB4	0hr	chr5:173956190:C>A	chr5:173918215-173918254:+	post_stim_only				FALSE	FALSE
CPEB4	1hr	chr5:173956190:C>A	chr5:173918215-173918254:+	post_stim_only				FALSE	FALSE
CPEB4	6hr	chr5:173956190:C>A	chr5:173918215-173918254:+	post_stim_only	-0.237	0.237	103	TRUE	TRUE
CPSF6	0hr	chr12:69253133:G>A	chr12:69255001-69255160:+	detected_after_stim	-0.104	0.104	40	FALSE	TRUE
CPSF6	1hr	chr12:69253133:G>A	chr12:69255001-69255160:+	detected_after_stim	-0.153	0.153	135	TRUE	TRUE
CPSF6	6hr	chr12:69253133:G>A	chr12:69255001-69255160:+	detected_after_stim	-0.08	0.08	187	FALSE	TRUE
CRMP1	0hr	chr4:5836785:C>G	chr4:5887388-5887813:-	detected_after_stim	0.043	0.043	189	FALSE	TRUE
CRMP1	1hr	chr4:5836785:C>G	chr4:5887388-5887813:-	detected_after_stim	-0.056	0.056	280	FALSE	TRUE
CRMP1	6hr	chr4:5836785:C>G	chr4:5887388-5887813:-	detected_after_stim	0.119	0.119	353	TRUE	TRUE
CROT	0hr	chr7:87359322:G>A	chr7:87359330-87360116:+	detected_after_stim	-0.325	0.325	61	FALSE	TRUE
CROT	1hr	chr7:87359322:G>A	chr7:87359330-87360116:+	detected_after_stim	-0.266	0.266	115	TRUE	TRUE
CROT	6hr	chr7:87359322:G>A	chr7:87359330-87360116:+	detected_after_stim				FALSE	FALSE
CRYZL1	0hr	chr21:33641701:G>A	chr21:33641178-33641305:-	post_stim_only				FALSE	FALSE
CRYZL1	1hr	chr21:33641701:G>A	chr21:33641178-33641305:-	post_stim_only	0.284	0.284	99	FALSE	TRUE
CRYZL1	6hr	chr21:33641701:G>A	chr21:33641178-33641305:-	post_stim_only	0.484	0.484	84	TRUE	TRUE
CSNK2B	0hr	chr6:31667932:T>C	chr6:31668692-31668830:+	detected_after_stim	0.11	0.11	478	FALSE	TRUE
CSNK2B	1hr	chr6:31667932:T>C	chr6:31668692-31668830:+	detected_after_stim	0.15	0.15	510	TRUE	TRUE
CSNK2B	6hr	chr6:31667932:T>C	chr6:31668692-31668830:+	detected_after_stim	0.129	0.129	307	TRUE	TRUE
CST3	0hr	chr20:23637789:C>T	chr20:23637945-23637955:-	all_timepoints	-0.547	0.547	1763	TRUE	TRUE
CST3	1hr	chr20:23637789:C>T	chr20:23637945-23637955:-	all_timepoints	-0.515	0.515	3272	TRUE	TRUE
CST3	6hr	chr20:23637789:C>T	chr20:23637945-23637955:-	all_timepoints	-0.572	0.572	3722	TRUE	TRUE
CTSB	0hr	chr8:11853378:G>C	chr8:11861405-11861479:-	detected_at_baseline_only	-0.186	0.186	100	TRUE	TRUE
CTSB	1hr	chr8:11853378:G>C	chr8:11861405-11861479:-	detected_at_baseline_only	0.05	0.05	135	FALSE	TRUE
CTSB	6hr	chr8:11853378:G>C	chr8:11861405-11861479:-	detected_at_baseline_only	0.041	0.041	154	FALSE	TRUE
CTSL	0hr	chr9:87728589:G>A	chr9:87727395-87727468:+	detected_after_stim	-0.019	0.019	138	FALSE	TRUE
CTSL	1hr	chr9:87728589:G>A	chr9:87727395-87727468:+	detected_after_stim	0.299	0.299	235	TRUE	TRUE
CTSL	6hr	chr9:87728589:G>A	chr9:87727395-87727468:+	detected_after_stim	-0.017	0.017	200	FALSE	TRUE
CTU2	0hr	chr16:88715205:G>C	chr16:88715106-88715181:+	post_stim_only				FALSE	FALSE
CTU2	1hr	chr16:88715205:G>C	chr16:88715106-88715181:+	post_stim_only	-0.06	0.06	94	FALSE	TRUE
CTU2	6hr	chr16:88715205:G>C	chr16:88715106-88715181:+	post_stim_only	0.1	0.1	72	TRUE	TRUE
CUL2	0hr	chr10:35090463:C>T	chr10:35031619-35031643:-	detected_after_stim	-0.138	0.138	156	FALSE	TRUE
CUL2	1hr	chr10:35090463:C>T	chr10:35031619-35031643:-	detected_after_stim	0.247	0.247	277	TRUE	TRUE
CUL2	6hr	chr10:35090463:C>T	chr10:35031619-35031643:-	detected_after_stim	0.1	0.1	205	FALSE	TRUE
CWC22	0hr	chr2:179945619:C>T	chr2:180006866-180007069:-	post_stim_only				FALSE	FALSE
CWC22	1hr	chr2:179945619:C>T	chr2:180006866-180007069:-	post_stim_only	-0.501	0.501	68	TRUE	TRUE
CWC22	6hr	chr2:179945619:C>T	chr2:180006866-180007069:-	post_stim_only	-0.119	0.119	50	FALSE	TRUE
CXXC4	0hr	chr4:104472203:A>G	chr4:104475087-104475258:-	detected_after_stim	0.036	0.036	124	FALSE	TRUE
CXXC4	1hr	chr4:104472203:A>G	chr4:104475087-104475258:-	detected_after_stim	0.045	0.045	278	FALSE	TRUE
CXXC4	6hr	chr4:104472203:A>G	chr4:104475087-104475258:-	detected_after_stim	-0.203	0.203	178	TRUE	TRUE
CYB5A	0hr	chr18:74291839:G>A	chr18:74260914-74260944:-	post_stim_only				FALSE	FALSE
CYB5A	1hr	chr18:74291839:G>A	chr18:74260914-74260944:-	post_stim_only	-0.169	0.169	185	TRUE	TRUE
CYB5A	6hr	chr18:74291839:G>A	chr18:74260914-74260944:-	post_stim_only	-0.056	0.056	135	FALSE	TRUE
CYB5B	0hr	chr16:69462454:A>G	chr16:69456164-69456295:+	detected_after_stim	0.06	0.06	97	FALSE	TRUE
CYB5B	1hr	chr16:69462454:A>G	chr16:69456164-69456295:+	detected_after_stim	0.163	0.163	164	TRUE	TRUE
CYB5B	6hr	chr16:69462454:A>G	chr16:69456164-69456295:+	detected_after_stim	0.042	0.042	151	FALSE	TRUE
CYB5R4	0hr	chr6:83864296:C>A	chr6:83859666-83859688:+	post_stim_only				FALSE	FALSE
CYB5R4	1hr	chr6:83864296:C>A	chr6:83859666-83859688:+	post_stim_only	-0.171	0.171	136	TRUE	TRUE
CYB5R4	6hr	chr6:83864296:C>A	chr6:83859666-83859688:+	post_stim_only				FALSE	FALSE
CYBA	0hr	chr16:88643419:A>G	chr16:88643289-88643312:-	all_timepoints	-0.525	0.525	229	TRUE	TRUE
CYBA	1hr	chr16:88643419:A>G	chr16:88643289-88643312:-	all_timepoints	-0.426	0.426	318	TRUE	TRUE
CYBA	6hr	chr16:88643419:A>G	chr16:88643289-88643312:-	all_timepoints	-0.547	0.547	580	TRUE	TRUE
CYLD	0hr	chr16:50749895:G>A	chr16:50784451-50786781:+	other	0.239	0.239	88	TRUE	TRUE
CYLD	1hr	chr16:50749895:G>A	chr16:50784451-50786781:+	other				FALSE	FALSE
CYLD	6hr	chr16:50749895:G>A	chr16:50784451-50786781:+	other				FALSE	FALSE
CYP51A1	0hr	chr7:92113835:A>G	chr7:92134477-92134503:-	post_stim_only				FALSE	FALSE
CYP51A1	1hr	chr7:92113835:A>G	chr7:92134477-92134503:-	post_stim_only	-0.024	0.024	204	FALSE	TRUE
CYP51A1	6hr	chr7:92113835:A>G	chr7:92134477-92134503:-	post_stim_only	0.154	0.154	172	TRUE	TRUE
CYRIB	0hr	chr8:129852209:A>G	chr8:130016453-130016463:-	detected_after_stim	-0.017	0.017	72	FALSE	TRUE
CYRIB	1hr	chr8:129852209:A>G	chr8:130016453-130016463:-	detected_after_stim	-0.24	0.24	130	TRUE	TRUE
CYRIB	6hr	chr8:129852209:A>G	chr8:130016453-130016463:-	detected_after_stim	-0.072	0.072	123	FALSE	TRUE
CYTOR	0hr	chr2:87521508:G>A	chr2:87480222-87480362:+	post_stim_only				FALSE	FALSE
CYTOR	1hr	chr2:87521508:G>A	chr2:87480222-87480362:+	post_stim_only				FALSE	FALSE
CYTOR	6hr	chr2:87521508:G>A	chr2:87480222-87480362:+	post_stim_only	0.32	0.32	126	TRUE	TRUE
DALRD3	0hr	chr3:49017258:T>C	chr3:49015872-49015972:-	post_stim_only				FALSE	FALSE
DALRD3	1hr	chr3:49017258:T>C	chr3:49015872-49015972:-	post_stim_only	0.406	0.406	99	TRUE	TRUE
DALRD3	6hr	chr3:49017258:T>C	chr3:49015872-49015972:-	post_stim_only	0.004	0.004	134	FALSE	TRUE
DAP3	0hr	chr1:155689148:T>G	chr1:155709824-155710157:+	detected_at_baseline_only	0.344	0.344	100	TRUE	TRUE
DAP3	1hr	chr1:155689148:T>G	chr1:155709824-155710157:+	detected_at_baseline_only	0.04	0.04	147	FALSE	TRUE
DAP3	6hr	chr1:155689148:T>G	chr1:155709824-155710157:+	detected_at_baseline_only	-0.06	0.06	155	FALSE	TRUE
DBN1	0hr	chr5:177467754:C>T	chr5:177459602-177459740:-	detected_after_stim	-0.01	0.01	317	FALSE	TRUE
DBN1	1hr	chr5:177467754:C>T	chr5:177459602-177459740:-	detected_after_stim	-0.174	0.174	379	TRUE	TRUE
DBN1	6hr	chr5:177467754:C>T	chr5:177459602-177459740:-	detected_after_stim	0.133	0.133	498	TRUE	TRUE
DCAF1	0hr	chr3:51470982:C>T	chr3:51492388-51492488:-	post_stim_only				FALSE	FALSE
DCAF1	1hr	chr3:51470982:C>T	chr3:51492388-51492488:-	post_stim_only				FALSE	FALSE
DCAF1	6hr	chr3:51470982:C>T	chr3:51492388-51492488:-	post_stim_only	0.304	0.304	88	TRUE	TRUE
DCAF13	0hr	chr8:103420402:T>C	chr8:103427252-103427430:+	post_stim_only				FALSE	FALSE
DCAF13	1hr	chr8:103420402:T>C	chr8:103427252-103427430:+	post_stim_only	-0.083	0.083	215	FALSE	TRUE
DCAF13	6hr	chr8:103420402:T>C	chr8:103427252-103427430:+	post_stim_only	0.303	0.303	231	TRUE	TRUE
DCAF17	0hr	chr2:171435105:C>T	chr2:171473865-171473975:+	other	-0.463	0.463	48	TRUE	TRUE
DCAF17	1hr	chr2:171435105:C>T	chr2:171473865-171473975:+	other				FALSE	FALSE
DCAF17	6hr	chr2:171435105:C>T	chr2:171473865-171473975:+	other				FALSE	FALSE
DCBLD2	0hr	chr3:98819211:C>T	chr3:98901326-98901639:-	post_stim_only				FALSE	FALSE
DCBLD2	1hr	chr3:98819211:C>T	chr3:98901326-98901639:-	post_stim_only	-0.474	0.474	73	TRUE	TRUE
DCBLD2	6hr	chr3:98819211:C>T	chr3:98901326-98901639:-	post_stim_only	-0.321	0.321	116	FALSE	FALSE
DCLK1	0hr	chr13:35771678:C>T	chr13:35855509-35855642:-	detected_after_stim	-0.071	0.071	54	FALSE	TRUE
DCLK1	1hr	chr13:35771678:C>T	chr13:35855509-35855642:-	detected_after_stim				FALSE	FALSE
DCLK1	6hr	chr13:35771678:C>T	chr13:35855509-35855642:-	detected_after_stim	0.488	0.488	124	TRUE	TRUE
DCTN2	0hr	chr12:57530266:A>G	chr12:57535154-57535476:-	post_stim_only				FALSE	FALSE
DCTN2	1hr	chr12:57530266:A>G	chr12:57535154-57535476:-	post_stim_only	0.278	0.278	57	TRUE	TRUE
DCTN2	6hr	chr12:57530266:A>G	chr12:57535154-57535476:-	post_stim_only				FALSE	FALSE
DCXR	0hr	chr17:82036723:C>T	chr17:82037449-82037541:-	post_stim_only	-0.074	0.074	245	FALSE	FALSE
DCXR	1hr	chr17:82036723:C>T	chr17:82037449-82037541:-	post_stim_only	-0.143	0.143	273	TRUE	TRUE
DCXR	6hr	chr17:82036723:C>T	chr17:82037449-82037541:-	post_stim_only	0.013	0.013	390	FALSE	FALSE
DDA1	0hr	chr19:17320105:G>A	chr19:17315933-17315995:+	detected_at_baseline_only	0.161	0.161	96	TRUE	TRUE
DDA1	1hr	chr19:17320105:G>A	chr19:17315933-17315995:+	detected_at_baseline_only	-0.039	0.039	133	FALSE	TRUE
DDA1	6hr	chr19:17320105:G>A	chr19:17315933-17315995:+	detected_at_baseline_only	-0.008	0.008	124	FALSE	TRUE
DDHD1	0hr	chr14:53152962:C>T	chr14:53103030-53103051:-	post_stim_only				FALSE	FALSE
DDHD1	1hr	chr14:53152962:C>T	chr14:53103030-53103051:-	post_stim_only				FALSE	FALSE
DDHD1	6hr	chr14:53152962:C>T	chr14:53103030-53103051:-	post_stim_only	0.3	0.3	95	TRUE	TRUE
DDHD2	0hr	chr8:38237578:G>A	chr8:38238209-38239058:+	detected_after_stim	-0.215	0.215	75	FALSE	TRUE
DDHD2	1hr	chr8:38237578:G>A	chr8:38238209-38239058:+	detected_after_stim	0.133	0.133	87	FALSE	TRUE
DDHD2	6hr	chr8:38237578:G>A	chr8:38238209-38239058:+	detected_after_stim	-0.19	0.19	185	TRUE	TRUE
DDX1	0hr	chr2:15607268:C>T	chr2:15603787-15603813:+	detected_after_stim	-0.002	0.002	98	FALSE	TRUE
DDX1	1hr	chr2:15607268:C>T	chr2:15603787-15603813:+	detected_after_stim	0.026	0.026	112	FALSE	TRUE
DDX1	6hr	chr2:15607268:C>T	chr2:15603787-15603813:+	detected_after_stim	-0.103	0.103	168	TRUE	TRUE
DDX17	0hr	chr22:38494088:G>T	chr22:38490436-38492055:-	other	-0.575	0.575	245	TRUE	TRUE
DDX17	1hr	chr22:38494088:G>T	chr22:38490436-38492055:-	other	-0.48	0.48	439	TRUE	TRUE
DDX17	6hr	chr22:38494088:G>T	chr22:38490436-38492055:-	other				FALSE	FALSE
DDX42	0hr	chr17:63792563:CA>ATG	chr17:63775107-63775178:+	post_stim_only				FALSE	FALSE
DDX42	1hr	chr17:63792563:CA>ATG	chr17:63775107-63775178:+	post_stim_only	0.259	0.259	180	TRUE	TRUE
DDX42	6hr	chr17:63792563:CA>ATG	chr17:63775107-63775178:+	post_stim_only				FALSE	FALSE
DDX52	0hr	chr17:37621239:A>G	chr17:37639453-37639568:-	other	-0.21	0.21	117	TRUE	TRUE
DDX52	1hr	chr17:37621239:A>G	chr17:37639453-37639568:-	other				FALSE	FALSE
DDX52	6hr	chr17:37621239:A>G	chr17:37639453-37639568:-	other				FALSE	FALSE
DEF8	0hr	chr16:89948792:A>G	chr16:89954242-89954288:+	post_stim_only				FALSE	FALSE
DEF8	1hr	chr16:89948792:A>G	chr16:89954242-89954288:+	post_stim_only				FALSE	FALSE
DEF8	6hr	chr16:89948792:A>G	chr16:89954242-89954288:+	post_stim_only	-0.217	0.217	368	TRUE	TRUE
DEK	0hr	chr6:18264426:G>A	chr6:18244507-18244603:-	detected_at_baseline_only	-0.155	0.155	314	TRUE	TRUE
DEK	1hr	chr6:18264426:G>A	chr6:18244507-18244603:-	detected_at_baseline_only	-0.002	0.002	567	FALSE	TRUE
DEK	6hr	chr6:18264426:G>A	chr6:18244507-18244603:-	detected_at_baseline_only	0	0	545	FALSE	TRUE
DERL1	0hr	chr8:123019253:T>C	chr8:123013704-123013778:-	post_stim_only				FALSE	FALSE
DERL1	1hr	chr8:123019253:T>C	chr8:123013704-123013778:-	post_stim_only	0.007	0.007	139	FALSE	TRUE
DERL1	6hr	chr8:123019253:T>C	chr8:123013704-123013778:-	post_stim_only	-0.262	0.262	152	TRUE	TRUE
DHX36	0hr	chr3:154280584:C>T	chr3:154319080-154319284:-	all_timepoints	0.414	0.414	174	TRUE	TRUE
DHX36	1hr	chr3:154280584:C>T	chr3:154319080-154319284:-	all_timepoints	0.252	0.252	367	TRUE	TRUE
DHX36	6hr	chr3:154280584:C>T	chr3:154319080-154319284:-	all_timepoints	0.177	0.177	391	TRUE	TRUE
DIS3	0hr	chr13:72775940:T>C	chr13:72781288-72781356:-	post_stim_only				FALSE	FALSE
DIS3	1hr	chr13:72775940:T>C	chr13:72781288-72781356:-	post_stim_only				FALSE	FALSE
DIS3	6hr	chr13:72775940:T>C	chr13:72781288-72781356:-	post_stim_only	-0.414	0.414	130	TRUE	TRUE
DLG1	0hr	chr3:197226305:A>G	chr3:197193824-197193986:-	post_stim_only				FALSE	FALSE
DLG1	1hr	chr3:197226305:A>G	chr3:197193824-197193986:-	post_stim_only				FALSE	FALSE
DLG1	6hr	chr3:197226305:A>G	chr3:197193824-197193986:-	post_stim_only	-0.34	0.34	64	TRUE	TRUE
DLX6-AS1	0hr	chr7:96969055:G>A	chr7:97003508-97003554:-	detected_after_stim	0.006	0.006	92	FALSE	TRUE
DLX6-AS1	1hr	chr7:96969055:G>A	chr7:97003508-97003554:-	detected_after_stim	0.145	0.145	120	TRUE	TRUE
DLX6-AS1	6hr	chr7:96969055:G>A	chr7:97003508-97003554:-	detected_after_stim	-0.067	0.067	194	FALSE	TRUE
DMPK	0hr	chr19:45775181:C>T	chr19:45780506-45780541:-	post_stim_only				FALSE	FALSE
DMPK	1hr	chr19:45775181:C>T	chr19:45780506-45780541:-	post_stim_only				FALSE	FALSE
DMPK	6hr	chr19:45775181:C>T	chr19:45780506-45780541:-	post_stim_only	0.333	0.333	30	TRUE	TRUE
DMXL2	0hr	chr15:51622580:T>G	chr15:51575974-51576055:-	detected_after_stim	-0.052	0.052	71	FALSE	TRUE
DMXL2	1hr	chr15:51622580:T>G	chr15:51575974-51576055:-	detected_after_stim				FALSE	FALSE
DMXL2	6hr	chr15:51622580:T>G	chr15:51575974-51576055:-	detected_after_stim	-0.322	0.322	125	TRUE	TRUE
DNAJB11	0hr	chr3:186570775:A>G	chr3:186579880-186580104:+	detected_after_stim	-0.024	0.024	493	FALSE	TRUE
DNAJB11	1hr	chr3:186570775:A>G	chr3:186579880-186580104:+	detected_after_stim	0.049	0.049	806	FALSE	TRUE
DNAJB11	6hr	chr3:186570775:A>G	chr3:186579880-186580104:+	detected_after_stim	-0.153	0.153	1122	TRUE	TRUE
DNAJB14	0hr	chr4:99900516:C>T	chr4:99924759-99924790:-	post_stim_only				FALSE	FALSE
DNAJB14	1hr	chr4:99900516:C>T	chr4:99924759-99924790:-	post_stim_only	-0.007	0.007	53	FALSE	TRUE
DNAJB14	6hr	chr4:99900516:C>T	chr4:99924759-99924790:-	post_stim_only	0.485	0.485	47	TRUE	TRUE
DNAJC10	0hr	chr2:182720027:G>A	chr2:182743597-182743657:+	other	0.268	0.268	95	TRUE	TRUE
DNAJC10	1hr	chr2:182720027:G>A	chr2:182743597-182743657:+	other				FALSE	FALSE
DNAJC10	6hr	chr2:182720027:G>A	chr2:182743597-182743657:+	other				FALSE	FALSE
DNAJC6	0hr	chr1:65379498:A>C	chr1:65309542-65309938:+	post_stim_only				FALSE	FALSE
DNAJC6	1hr	chr1:65379498:A>C	chr1:65309542-65309938:+	post_stim_only	0.42	0.42	128	TRUE	TRUE
DNAJC6	6hr	chr1:65379498:A>C	chr1:65309542-65309938:+	post_stim_only	0.046	0.046	147	FALSE	TRUE
DNM1L	0hr	chr12:32722471:A>G	chr12:32706689-32706814:+	post_stim_only				FALSE	FALSE
DNM1L	1hr	chr12:32722471:A>G	chr12:32706689-32706814:+	post_stim_only	0.071	0.071	105	FALSE	TRUE
DNM1L	6hr	chr12:32722471:A>G	chr12:32706689-32706814:+	post_stim_only	-0.202	0.202	131	TRUE	TRUE
DNTTIP1	0hr	chr20:45791997:G>A	chr20:45795443-45796404:+	post_stim_only				FALSE	FALSE
DNTTIP1	1hr	chr20:45791997:G>A	chr20:45795443-45796404:+	post_stim_only	-0.231	0.231	63	TRUE	TRUE
DNTTIP1	6hr	chr20:45791997:G>A	chr20:45795443-45796404:+	post_stim_only	-0.093	0.093	84	FALSE	TRUE
DNTTIP2	0hr	chr1:93877466:A>G	chr1:93875644-93875665:-	post_stim_only				FALSE	FALSE
DNTTIP2	1hr	chr1:93877466:A>G	chr1:93875644-93875665:-	post_stim_only	-0.505	0.505	68	TRUE	TRUE
DNTTIP2	6hr	chr1:93877466:A>G	chr1:93875644-93875665:-	post_stim_only	-0.471	0.471	130	TRUE	TRUE
DOCK7	0hr	chr1:62636542:C>T	chr1:62584104-62584402:-	detected_after_stim	0.081	0.081	52	FALSE	TRUE
DOCK7	1hr	chr1:62636542:C>T	chr1:62584104-62584402:-	detected_after_stim				FALSE	FALSE
DOCK7	6hr	chr1:62636542:C>T	chr1:62584104-62584402:-	detected_after_stim	0.355	0.355	52	TRUE	TRUE
DPAGT1	0hr	chr11:119096580:A>G	chr11:119098043-119098073:-	detected_after_stim	-0.016	0.016	77	FALSE	TRUE
DPAGT1	1hr	chr11:119096580:A>G	chr11:119098043-119098073:-	detected_after_stim	0.194	0.194	64	TRUE	TRUE
DPAGT1	6hr	chr11:119096580:A>G	chr11:119098043-119098073:-	detected_after_stim				FALSE	FALSE
DPCD	0hr	chr10:101601330:C>T	chr10:101605139-101605212:+	detected_after_stim	-0.036	0.036	198	FALSE	TRUE
DPCD	1hr	chr10:101601330:C>T	chr10:101605139-101605212:+	detected_after_stim	-0.186	0.186	399	TRUE	TRUE
DPCD	6hr	chr10:101601330:C>T	chr10:101605139-101605212:+	detected_after_stim	0.043	0.043	330	FALSE	TRUE
DPF1	0hr	chr19:38212309:G>A	chr19:38224113-38224222:-	post_stim_only				FALSE	FALSE
DPF1	1hr	chr19:38212309:G>A	chr19:38224113-38224222:-	post_stim_only	0.374	0.374	71	TRUE	TRUE
DPF1	6hr	chr19:38212309:G>A	chr19:38224113-38224222:-	post_stim_only				FALSE	FALSE
DPH3	0hr	chr3:16264166:C>G	chr3:16263649-16264154:-	detected_after_stim	-0.082	0.082	83	FALSE	TRUE
DPH3	1hr	chr3:16264166:C>G	chr3:16263649-16264154:-	detected_after_stim	0.012	0.012	81	FALSE	TRUE
DPH3	6hr	chr3:16264166:C>G	chr3:16263649-16264154:-	detected_after_stim	0.106	0.106	117	TRUE	TRUE
DPP7	0hr	chr9:137114297:G>C	chr9:137114576-137114646:-	post_stim_only				FALSE	FALSE
DPP7	1hr	chr9:137114297:G>C	chr9:137114576-137114646:-	post_stim_only				FALSE	FALSE
DPP7	6hr	chr9:137114297:G>C	chr9:137114576-137114646:-	post_stim_only	-0.236	0.236	95	TRUE	TRUE
DPYSL2	0hr	chr8:26583960:G>A	chr8:26577842-26578293:+	detected_after_stim	0.068	0.068	159	FALSE	TRUE
DPYSL2	1hr	chr8:26583960:G>A	chr8:26577842-26578293:+	detected_after_stim	0.064	0.064	279	FALSE	TRUE
DPYSL2	6hr	chr8:26583960:G>A	chr8:26577842-26578293:+	detected_after_stim	-0.242	0.242	291	TRUE	TRUE
DST	0hr	chr6:56487227:T>C	chr6:56601442-56601676:-	detected_after_stim	0.194	0.194	84	FALSE	TRUE
DST	1hr	chr6:56487227:T>C	chr6:56601442-56601676:-	detected_after_stim				FALSE	FALSE
DST	6hr	chr6:56487227:T>C	chr6:56601442-56601676:-	detected_after_stim	0.444	0.444	89	TRUE	TRUE
DSTN	0hr	chr20:17604617:A>G	chr20:17591931-17592063:+	other	-0.347	0.347	1058	TRUE	TRUE
DSTN	1hr	chr20:17604617:A>G	chr20:17591931-17592063:+	other				FALSE	FALSE
DSTN	6hr	chr20:17604617:A>G	chr20:17591931-17592063:+	other				FALSE	FALSE
DTNBP1	0hr	chr6:15522869:T>C	chr6:15585718-15586015:-	detected_after_stim	0.053	0.053	143	FALSE	TRUE
DTNBP1	1hr	chr6:15522869:T>C	chr6:15585718-15586015:-	detected_after_stim	-0.098	0.098	181	FALSE	TRUE
DTNBP1	6hr	chr6:15522869:T>C	chr6:15585718-15586015:-	detected_after_stim	-0.387	0.387	129	TRUE	TRUE
DUSP11	0hr	chr2:73780008:T>C	chr2:73767418-73768952:-	detected_after_stim	-0.028	0.028	71	FALSE	TRUE
DUSP11	1hr	chr2:73780008:T>C	chr2:73767418-73768952:-	detected_after_stim	0.073	0.073	112	FALSE	TRUE
DUSP11	6hr	chr2:73780008:T>C	chr2:73767418-73768952:-	detected_after_stim	-0.141	0.141	132	TRUE	TRUE
DYNC1H1	0hr	chr14:101997069:A>G	chr14:102018450-102018511:+	detected_after_stim	0.04	0.04	218	FALSE	TRUE
DYNC1H1	1hr	chr14:101997069:A>G	chr14:102018450-102018511:+	detected_after_stim	-0.189	0.189	192	TRUE	TRUE
DYNC1H1	6hr	chr14:101997069:A>G	chr14:102018450-102018511:+	detected_after_stim	0.024	0.024	192	FALSE	TRUE
EBNA1BP2	0hr	chr1:43172260:T>C	chr1:43172268-43172279:-	other	-0.209	0.209	191	TRUE	TRUE
EBNA1BP2	1hr	chr1:43172260:T>C	chr1:43172268-43172279:-	other	-0.059	0.059	260	FALSE	TRUE
EBNA1BP2	6hr	chr1:43172260:T>C	chr1:43172268-43172279:-	other				FALSE	FALSE
ECI2	0hr	chr6:4116027:G>A	chr6:4130178-4130249:-	other	0.129	0.129	63	TRUE	TRUE
ECI2	1hr	chr6:4116027:G>A	chr6:4130178-4130249:-	other				FALSE	FALSE
ECI2	6hr	chr6:4116027:G>A	chr6:4130178-4130249:-	other	-0.051	0.051	158	FALSE	TRUE
EDEM3	0hr	chr1:184706679:G>A	chr1:184692145-184693365:-	detected_after_stim	0.086	0.086	53	FALSE	TRUE
EDEM3	1hr	chr1:184706679:G>A	chr1:184692145-184693365:-	detected_after_stim	-0.006	0.006	123	FALSE	TRUE
EDEM3	6hr	chr1:184706679:G>A	chr1:184692145-184693365:-	detected_after_stim	-0.125	0.125	62	TRUE	TRUE
EGLN2	0hr	chr19:40800456:G>A	chr19:40799709-40799724:+	post_stim_only				FALSE	FALSE
EGLN2	1hr	chr19:40800456:G>A	chr19:40799709-40799724:+	post_stim_only	-0.091	0.091	71	FALSE	TRUE
EGLN2	6hr	chr19:40800456:G>A	chr19:40799709-40799724:+	post_stim_only	-0.295	0.295	44	TRUE	TRUE
EHBP1	0hr	chr2:62864892:G>A	chr2:62705651-62705704:+	post_stim_only				FALSE	FALSE
EHBP1	1hr	chr2:62864892:G>A	chr2:62705651-62705704:+	post_stim_only	0.598	0.598	112	FALSE	FALSE
EHBP1	6hr	chr2:62864892:G>A	chr2:62705651-62705704:+	post_stim_only	0.606	0.606	90	TRUE	TRUE
EHD1	0hr	chr11:64855417:C>T	chr11:64855486-64855882:-	post_stim_only	0.301	0.301	27	FALSE	FALSE
EHD1	1hr	chr11:64855417:C>T	chr11:64855486-64855882:-	post_stim_only	-0.086	0.086	47	FALSE	FALSE
EHD1	6hr	chr11:64855417:C>T	chr11:64855486-64855882:-	post_stim_only	-0.21	0.21	57	TRUE	TRUE
EHMT2	0hr	chr6:31896769:G>T	chr6:31896989-31897202:-	post_stim_only				FALSE	FALSE
EHMT2	1hr	chr6:31896769:G>T	chr6:31896989-31897202:-	post_stim_only				FALSE	FALSE
EHMT2	6hr	chr6:31896769:G>T	chr6:31896989-31897202:-	post_stim_only	0.248	0.248	51	TRUE	TRUE
EIF1	0hr	chr17:41690888:C>G	chr17:41689265-41689777:+	other	-0.144	0.144	1610	TRUE	TRUE
EIF1	1hr	chr17:41690888:C>G	chr17:41689265-41689777:+	other				FALSE	FALSE
EIF1	6hr	chr17:41690888:C>G	chr17:41689265-41689777:+	other				FALSE	FALSE
EIF2AK1	0hr	chr7:6046116:A>TTTTTTT	chr7:6058147-6058242:-	post_stim_only				FALSE	FALSE
EIF2AK1	1hr	chr7:6046116:A>TTTTTTT	chr7:6058147-6058242:-	post_stim_only	0.199	0.199	389	TRUE	TRUE
EIF2AK1	6hr	chr7:6046116:A>TTTTTTT	chr7:6058147-6058242:-	post_stim_only				FALSE	FALSE
EIF2B5	0hr	chr3:184143454:A>G	chr3:184143142-184143430:+	other	-0.45	0.45	30	TRUE	TRUE
EIF2B5	1hr	chr3:184143454:A>G	chr3:184143142-184143430:+	other	-0.038	0.038	54	FALSE	TRUE
EIF2B5	6hr	chr3:184143454:A>G	chr3:184143142-184143430:+	other	-0.25	0.25	69	TRUE	TRUE
EIF3B	0hr	chr7:2366415:C>T	chr7:2367045-2367119:+	post_stim_only				FALSE	FALSE
EIF3B	1hr	chr7:2366415:C>T	chr7:2367045-2367119:+	post_stim_only				FALSE	FALSE
EIF3B	6hr	chr7:2366415:C>T	chr7:2367045-2367119:+	post_stim_only	0.2	0.2	52	TRUE	TRUE
EIF3I	0hr	chr1:32224428:C>T	chr1:32221522-32221583:+	other	0.272	0.272	139	TRUE	TRUE
EIF3I	1hr	chr1:32224428:C>T	chr1:32221522-32221583:+	other	0.329	0.329	137	TRUE	TRUE
EIF3I	6hr	chr1:32224428:C>T	chr1:32221522-32221583:+	other	0.222	0.222	70	FALSE	TRUE
EIF4E2	0hr	chr2:232567145:A>T	chr2:232568944-232569178:+	other	0.304	0.304	128	TRUE	TRUE
EIF4E2	1hr	chr2:232567145:A>T	chr2:232568944-232569178:+	other				FALSE	FALSE
EIF4E2	6hr	chr2:232567145:A>T	chr2:232568944-232569178:+	other				FALSE	FALSE
EIF4G1	0hr	chr3:184328681:C>T	chr3:184315407-184315488:+	detected_at_baseline_only	-0.315	0.315	65	TRUE	TRUE
EIF4G1	1hr	chr3:184328681:C>T	chr3:184315407-184315488:+	detected_at_baseline_only	-0.03	0.03	129	FALSE	TRUE
EIF4G1	6hr	chr3:184328681:C>T	chr3:184315407-184315488:+	detected_at_baseline_only	0.109	0.109	128	FALSE	TRUE
EIF4G3	0hr	chr1:20806477:C>T	chr1:20941490-20942330:-	post_stim_only				FALSE	FALSE
EIF4G3	1hr	chr1:20806477:C>T	chr1:20941490-20942330:-	post_stim_only				FALSE	FALSE
EIF4G3	6hr	chr1:20806477:C>T	chr1:20941490-20942330:-	post_stim_only	0.522	0.522	38	TRUE	TRUE
EIF5A	0hr	chr17:7311591:T>C	chr17:7307480-7307539:+	other	0.443	0.443	86	TRUE	TRUE
EIF5A	1hr	chr17:7311591:T>C	chr17:7307480-7307539:+	other				FALSE	FALSE
EIF5A	6hr	chr17:7311591:T>C	chr17:7307480-7307539:+	other				FALSE	FALSE
EIF6	0hr	chr20:35278949:G>C	chr20:35280653-35280697:-	detected_after_stim	0.004	0.004	428	FALSE	TRUE
EIF6	1hr	chr20:35278949:G>C	chr20:35280653-35280697:-	detected_after_stim	0.148	0.148	415	TRUE	TRUE
EIF6	6hr	chr20:35278949:G>C	chr20:35280653-35280697:-	detected_after_stim	0.065	0.065	510	FALSE	TRUE
ELAC2	0hr	chr17:12992611:G>A	chr17:13003574-13003786:-	post_stim_only				FALSE	FALSE
ELAC2	1hr	chr17:12992611:G>A	chr17:13003574-13003786:-	post_stim_only	-0.164	0.164	92	TRUE	TRUE
ELAC2	6hr	chr17:12992611:G>A	chr17:13003574-13003786:-	post_stim_only	-0.048	0.048	69	FALSE	TRUE
ELAVL2	0hr	chr9:23762177:G>A	chr9:23821226-23821275:-	detected_after_stim	-0.025	0.025	333	FALSE	TRUE
ELAVL2	1hr	chr9:23762177:G>A	chr9:23821226-23821275:-	detected_after_stim	-0.112	0.112	570	TRUE	TRUE
ELAVL2	6hr	chr9:23762177:G>A	chr9:23821226-23821275:-	detected_after_stim	0.014	0.014	613	FALSE	TRUE
ELAVL4	0hr	chr1:50201233:C>T	chr1:50108965-50109065:+	detected_at_baseline_only	-0.352	0.352	217	TRUE	TRUE
ELAVL4	1hr	chr1:50201233:C>T	chr1:50108965-50109065:+	detected_at_baseline_only	0.091	0.091	351	FALSE	TRUE
ELAVL4	6hr	chr1:50201233:C>T	chr1:50108965-50109065:+	detected_at_baseline_only	0.156	0.156	227	FALSE	TRUE
ELF2	0hr	chr4:139071872:C>T	chr4:139084496-139084521:-	post_stim_only				FALSE	FALSE
ELF2	1hr	chr4:139071872:C>T	chr4:139084496-139084521:-	post_stim_only	0.481	0.481	69	TRUE	TRUE
ELF2	6hr	chr4:139071872:C>T	chr4:139084496-139084521:-	post_stim_only	0.29	0.29	74	TRUE	TRUE
ELL2	0hr	chr5:95942974:G>A	chr5:95942917-95943001:-	post_stim_only				FALSE	FALSE
ELL2	1hr	chr5:95942974:G>A	chr5:95942917-95943001:-	post_stim_only	0.108	0.108	256	TRUE	TRUE
ELL2	6hr	chr5:95942974:G>A	chr5:95942917-95943001:-	post_stim_only				FALSE	FALSE
ELP1	0hr	chr9:108897202:T>G	chr9:108875632-108875735:-	post_stim_only				FALSE	FALSE
ELP1	1hr	chr9:108897202:T>G	chr9:108875632-108875735:-	post_stim_only				FALSE	FALSE
ELP1	6hr	chr9:108897202:T>G	chr9:108875632-108875735:-	post_stim_only	0.182	0.182	44	TRUE	TRUE
ELP2	0hr	chr18:36170082:C>T	chr18:36146249-36146376:+	detected_after_stim	-0.066	0.066	56	FALSE	TRUE
ELP2	1hr	chr18:36170082:C>T	chr18:36146249-36146376:+	detected_after_stim	-0.024	0.024	97	FALSE	TRUE
ELP2	6hr	chr18:36170082:C>T	chr18:36146249-36146376:+	detected_after_stim	-0.171	0.171	76	TRUE	TRUE
ELP3	0hr	chr8:28093152:C>T	chr8:28113173-28113396:+	post_stim_only				FALSE	FALSE
ELP3	1hr	chr8:28093152:C>T	chr8:28113173-28113396:+	post_stim_only	-0.417	0.417	51	TRUE	TRUE
ELP3	6hr	chr8:28093152:C>T	chr8:28113173-28113396:+	post_stim_only				FALSE	FALSE
EMC10	0hr	chr19:50480672:C>T	chr19:50482148-50482165:+	detected_after_stim	0.092	0.092	120	FALSE	TRUE
EMC10	1hr	chr19:50480672:C>T	chr19:50482148-50482165:+	detected_after_stim	-0.15	0.15	138	TRUE	TRUE
EMC10	6hr	chr19:50480672:C>T	chr19:50482148-50482165:+	detected_after_stim				FALSE	FALSE
EMSY	0hr	chr11:76451921:G>A	chr11:76453388-76453931:+	detected_after_stim	-0.213	0.213	78	FALSE	TRUE
EMSY	1hr	chr11:76451921:G>A	chr11:76453388-76453931:+	detected_after_stim	-0.34	0.34	106	TRUE	TRUE
EMSY	6hr	chr11:76451921:G>A	chr11:76453388-76453931:+	detected_after_stim	-0.342	0.342	172	TRUE	TRUE
ENC1	0hr	chr5:74635420:T>C	chr5:74637493-74637564:-	detected_at_baseline_only	-0.139	0.139	152	TRUE	TRUE
ENC1	1hr	chr5:74635420:T>C	chr5:74637493-74637564:-	detected_at_baseline_only	-0.045	0.045	209	FALSE	TRUE
ENC1	6hr	chr5:74635420:T>C	chr5:74637493-74637564:-	detected_at_baseline_only	-0.111	0.111	142	FALSE	TRUE
ENSG00000274253	0hr	chr15:22757902:G>A	chr15:22758062-22758108:+	other	-0.126	0.126	169	TRUE	TRUE
ENSG00000274253	1hr	chr15:22757902:G>A	chr15:22758062-22758108:+	other				FALSE	FALSE
ENSG00000274253	6hr	chr15:22757902:G>A	chr15:22758062-22758108:+	other				FALSE	FALSE
ENSG00000284707	0hr	chr7:97972258:G>A	chr7:97970372-97970545:-	all_timepoints	0.525	0.525	100	TRUE	TRUE
ENSG00000284707	1hr	chr7:97972258:G>A	chr7:97970372-97970545:-	all_timepoints	0.453	0.453	204	TRUE	TRUE
ENSG00000284707	6hr	chr7:97972258:G>A	chr7:97970372-97970545:-	all_timepoints	0.441	0.441	193	TRUE	TRUE
ENSG00000290993	0hr	chr3:129399198:T>A	chr3:129396216-129396293:-	detected_after_stim	0.016	0.016	262	FALSE	TRUE
ENSG00000290993	1hr	chr3:129399198:T>A	chr3:129396216-129396293:-	detected_after_stim	-0.173	0.173	396	TRUE	TRUE
ENSG00000290993	6hr	chr3:129399198:T>A	chr3:129396216-129396293:-	detected_after_stim	-0.035	0.035	129	FALSE	TRUE
ENSG00000291015	0hr	chr22:38361448:A>G	chr22:38361139-38361398:-	post_stim_only				FALSE	FALSE
ENSG00000291015	1hr	chr22:38361448:A>G	chr22:38361139-38361398:-	post_stim_only	0.016	0.016	127	FALSE	TRUE
ENSG00000291015	6hr	chr22:38361448:A>G	chr22:38361139-38361398:-	post_stim_only	-0.212	0.212	155	TRUE	TRUE
ENSG00000291073	0hr	chr16:21479570:T>C	chr16:21502260-21502281:-	post_stim_only				FALSE	FALSE
ENSG00000291073	1hr	chr16:21479570:T>C	chr16:21502260-21502281:-	post_stim_only	-0.214	0.214	144	TRUE	TRUE
ENSG00000291073	6hr	chr16:21479570:T>C	chr16:21502260-21502281:-	post_stim_only	-0.048	0.048	283	FALSE	TRUE
ENSG00000291075	0hr	chr9:41011646:T>C	chr9:41008880-41008919:+	post_stim_only				FALSE	FALSE
ENSG00000291075	1hr	chr9:41011646:T>C	chr9:41008880-41008919:+	post_stim_only	0.389	0.389	43	TRUE	TRUE
ENSG00000291075	6hr	chr9:41011646:T>C	chr9:41008880-41008919:+	post_stim_only				FALSE	FALSE
ENSG00000291078	0hr	chr3:10017751:T>C	chr3:10023559-10023581:-	post_stim_only				FALSE	FALSE
ENSG00000291078	1hr	chr3:10017751:T>C	chr3:10023559-10023581:-	post_stim_only	-0.014	0.014	57	FALSE	TRUE
ENSG00000291078	6hr	chr3:10017751:T>C	chr3:10023559-10023581:-	post_stim_only	0.179	0.179	53	TRUE	TRUE
ENSG00000291079	0hr	chr5:1633954:C>T	chr5:1628699-1628754:-	post_stim_only	-0.346	0.346	39	FALSE	FALSE
ENSG00000291079	1hr	chr5:1633954:C>T	chr5:1628699-1628754:-	post_stim_only				FALSE	FALSE
ENSG00000291079	6hr	chr5:1633954:C>T	chr5:1628699-1628754:-	post_stim_only	-0.605	0.605	53	TRUE	TRUE
ENSG00000291100	0hr	chr20:28602649:C>A	chr20:28585917-28586298:-	detected_after_stim	-0.045	0.045	199	FALSE	TRUE
ENSG00000291100	1hr	chr20:28602649:C>A	chr20:28585917-28586298:-	detected_after_stim	0.12	0.12	372	TRUE	TRUE
ENSG00000291100	6hr	chr20:28602649:C>A	chr20:28585917-28586298:-	detected_after_stim	-0.073	0.073	325	FALSE	TRUE
ENSG00000291147	0hr	chr2:242114703:G>A	chr2:242116330-242116372:+	detected_after_stim	0.244	0.244	48	FALSE	TRUE
ENSG00000291147	1hr	chr2:242114703:G>A	chr2:242116330-242116372:+	detected_after_stim	0.138	0.138	80	FALSE	FALSE
ENSG00000291147	6hr	chr2:242114703:G>A	chr2:242116330-242116372:+	detected_after_stim	0.244	0.244	76	TRUE	TRUE
ENSG00000291178	0hr	chr7:100328898:A>G	chr7:100332441-100332509:-	post_stim_only				FALSE	FALSE
ENSG00000291178	1hr	chr7:100328898:A>G	chr7:100332441-100332509:-	post_stim_only	-0.214	0.214	72	TRUE	TRUE
ENSG00000291178	6hr	chr7:100328898:A>G	chr7:100332441-100332509:-	post_stim_only				FALSE	FALSE
ENSG00000291203	0hr	chr4:119454874:C>G	chr4:119462979-119463641:+	post_stim_only				FALSE	FALSE
ENSG00000291203	1hr	chr4:119454874:C>G	chr4:119462979-119463641:+	post_stim_only	0.238	0.238	68	TRUE	TRUE
ENSG00000291203	6hr	chr4:119454874:C>G	chr4:119462979-119463641:+	post_stim_only				FALSE	FALSE
ENSG00000291233	0hr	chr1:149198375:C>G	chr1:149285453-149286062:-	post_stim_only				FALSE	FALSE
ENSG00000291233	1hr	chr1:149198375:C>G	chr1:149285453-149286062:-	post_stim_only				FALSE	FALSE
ENSG00000291233	6hr	chr1:149198375:C>G	chr1:149285453-149286062:-	post_stim_only	0.169	0.169	268	TRUE	TRUE
ENY2	0hr	chr8:109334334:T>G	chr8:109334406-109334474:+	other	-0.235	0.235	109	TRUE	TRUE
ENY2	1hr	chr8:109334334:T>G	chr8:109334406-109334474:+	other				FALSE	FALSE
ENY2	6hr	chr8:109334334:T>G	chr8:109334406-109334474:+	other				FALSE	FALSE
EPB41L1	0hr	chr20:36232724:C>T	chr20:36125422-36125527:+	post_stim_only				FALSE	FALSE
EPB41L1	1hr	chr20:36232724:C>T	chr20:36125422-36125527:+	post_stim_only	0.167	0.167	45	TRUE	TRUE
EPB41L1	6hr	chr20:36232724:C>T	chr20:36125422-36125527:+	post_stim_only				FALSE	FALSE
ERAL1	0hr	chr17:28860770:C>T	chr17:28860959-28861009:+	detected_at_baseline_only	0.25	0.25	39	TRUE	TRUE
ERAL1	1hr	chr17:28860770:C>T	chr17:28860959-28861009:+	detected_at_baseline_only	0.02	0.02	74	FALSE	TRUE
ERAL1	6hr	chr17:28860770:C>T	chr17:28860959-28861009:+	detected_at_baseline_only	-0.036	0.036	39	FALSE	TRUE
ERC1	0hr	chr12:1028050:A>G	chr12:1410388-1410453:+	detected_after_stim	-0.015	0.015	150	FALSE	TRUE
ERC1	1hr	chr12:1028050:A>G	chr12:1410388-1410453:+	detected_after_stim	-0.223	0.223	227	TRUE	TRUE
ERC1	6hr	chr12:1028050:A>G	chr12:1410388-1410453:+	detected_after_stim	-0.066	0.066	303	FALSE	TRUE
ERCC1	0hr	chr19:45420394:A>G	chr19:45416490-45416820:-	detected_at_baseline_only	0.1	0.1	60	TRUE	TRUE
ERCC1	1hr	chr19:45420394:A>G	chr19:45416490-45416820:-	detected_at_baseline_only	0	0	78	FALSE	TRUE
ERCC1	6hr	chr19:45420394:A>G	chr19:45416490-45416820:-	detected_at_baseline_only	0	0	88	FALSE	TRUE
ERCC6L2	0hr	chr9:95972387:C>T	chr9:95967318-95967458:+	post_stim_only				FALSE	FALSE
ERCC6L2	1hr	chr9:95972387:C>T	chr9:95967318-95967458:+	post_stim_only	0.105	0.105	31	FALSE	TRUE
ERCC6L2	6hr	chr9:95972387:C>T	chr9:95967318-95967458:+	post_stim_only	0.231	0.231	45	TRUE	TRUE
ERCC6L2-AS1	0hr	chr9:95875147:C>T	chr9:95874548-95874622:-	detected_at_baseline_only	-0.368	0.368	41	TRUE	TRUE
ERCC6L2-AS1	1hr	chr9:95875147:C>T	chr9:95874548-95874622:-	detected_at_baseline_only	-0.02	0.02	105	FALSE	TRUE
ERCC6L2-AS1	6hr	chr9:95875147:C>T	chr9:95874548-95874622:-	detected_at_baseline_only	-0.105	0.105	79	FALSE	TRUE
ERICH1	0hr	chr8:673905:C>T	chr8:731224-731325:-	other	0.181	0.181	132	TRUE	TRUE
ERICH1	1hr	chr8:673905:C>T	chr8:731224-731325:-	other				FALSE	FALSE
ERICH1	6hr	chr8:673905:C>T	chr8:731224-731325:-	other	0.066	0.066	184	FALSE	TRUE
ETFA	0hr	chr15:76286420:G>A	chr15:76227137-76227230:-	detected_at_baseline_only	-0.103	0.103	180	TRUE	TRUE
ETFA	1hr	chr15:76286420:G>A	chr15:76227137-76227230:-	detected_at_baseline_only	0.016	0.016	425	FALSE	TRUE
ETFA	6hr	chr15:76286420:G>A	chr15:76227137-76227230:-	detected_at_baseline_only	0.004	0.004	359	FALSE	TRUE
ETNK1	0hr	chr12:22661101:A>G	chr12:22661205-22661228:+	detected_at_baseline_only	-0.242	0.242	83	TRUE	TRUE
ETNK1	1hr	chr12:22661101:A>G	chr12:22661205-22661228:+	detected_at_baseline_only	0.07	0.07	276	FALSE	TRUE
ETNK1	6hr	chr12:22661101:A>G	chr12:22661205-22661228:+	detected_at_baseline_only	0.072	0.072	313	FALSE	TRUE
EXOC1	0hr	chr4:55904922:G>A	chr4:55888887-55888932:+	detected_at_baseline_only	0.299	0.299	132	TRUE	TRUE
EXOC1	1hr	chr4:55904922:G>A	chr4:55888887-55888932:+	detected_at_baseline_only	0.161	0.161	216	FALSE	TRUE
EXOC1	6hr	chr4:55904922:G>A	chr4:55888887-55888932:+	detected_at_baseline_only	-0.009	0.009	126	FALSE	TRUE
EXT2	0hr	chr11:44095821:C>G	chr11:44244366-44244464:+	post_stim_only				FALSE	FALSE
EXT2	1hr	chr11:44095821:C>G	chr11:44244366-44244464:+	post_stim_only	-0.295	0.295	157	TRUE	TRUE
EXT2	6hr	chr11:44095821:C>G	chr11:44244366-44244464:+	post_stim_only				FALSE	FALSE
EXTL3	0hr	chr8:28715695:G>A	chr8:28701454-28701488:+	post_stim_only				FALSE	FALSE
EXTL3	1hr	chr8:28715695:G>A	chr8:28701454-28701488:+	post_stim_only				FALSE	FALSE
EXTL3	6hr	chr8:28715695:G>A	chr8:28701454-28701488:+	post_stim_only	0.6	0.6	58	TRUE	TRUE
FAM104A	0hr	chr17:73232090:A>G	chr17:73212677-73212740:-	post_stim_only				FALSE	FALSE
FAM104A	1hr	chr17:73232090:A>G	chr17:73212677-73212740:-	post_stim_only				FALSE	FALSE
FAM104A	6hr	chr17:73232090:A>G	chr17:73212677-73212740:-	post_stim_only	-0.353	0.353	149	TRUE	TRUE
FAM200B	0hr	chr4:15687141:G>A	chr4:15687358-15687460:+	all_timepoints	-0.593	0.593	84	TRUE	TRUE
FAM200B	1hr	chr4:15687141:G>A	chr4:15687358-15687460:+	all_timepoints	-0.305	0.305	165	TRUE	TRUE
FAM200B	6hr	chr4:15687141:G>A	chr4:15687358-15687460:+	all_timepoints	-0.358	0.358	156	TRUE	TRUE
FAM228B	0hr	chr2:24169455:G>T	chr2:24124162-24124329:+	post_stim_only				FALSE	FALSE
FAM228B	1hr	chr2:24169455:G>T	chr2:24124162-24124329:+	post_stim_only	0.154	0.154	93	TRUE	TRUE
FAM228B	6hr	chr2:24169455:G>T	chr2:24124162-24124329:+	post_stim_only				FALSE	FALSE
FAM241B	0hr	chr10:69632800:C>T	chr10:69631479-69631547:+	detected_at_baseline_only	-0.128	0.128	158	TRUE	TRUE
FAM241B	1hr	chr10:69632800:C>T	chr10:69631479-69631547:+	detected_at_baseline_only	0.039	0.039	210	FALSE	TRUE
FAM241B	6hr	chr10:69632800:C>T	chr10:69631479-69631547:+	detected_at_baseline_only	0.058	0.058	271	FALSE	TRUE
FAM27C	0hr	chr9:61917580:T>C	chr9:61975790-61975912:+	post_stim_only				FALSE	FALSE
FAM27C	1hr	chr9:61917580:T>C	chr9:61975790-61975912:+	post_stim_only	0.111	0.111	44	FALSE	TRUE
FAM27C	6hr	chr9:61917580:T>C	chr9:61975790-61975912:+	post_stim_only	0.44	0.44	53	TRUE	TRUE
FAT1	0hr	chr4:186709834:C>A	chr4:186723663-186723856:-	post_stim_only				FALSE	FALSE
FAT1	1hr	chr4:186709834:C>A	chr4:186723663-186723856:-	post_stim_only	-0.053	0.053	161	FALSE	TRUE
FAT1	6hr	chr4:186709834:C>A	chr4:186723663-186723856:-	post_stim_only	-0.159	0.159	253	TRUE	TRUE
FBXL5	0hr	chr4:15638634:C>T	chr4:15630627-15630665:-	all_timepoints	0.269	0.269	108	TRUE	TRUE
FBXL5	1hr	chr4:15638634:C>T	chr4:15630627-15630665:-	all_timepoints	0.163	0.163	202	TRUE	TRUE
FBXL5	6hr	chr4:15638634:C>T	chr4:15630627-15630665:-	all_timepoints	0.166	0.166	210	TRUE	TRUE
FBXO25	0hr	chr8:431343:C>G	chr8:406807-406912:+	detected_at_baseline_only	-0.185	0.185	76	TRUE	TRUE
FBXO25	1hr	chr8:431343:C>G	chr8:406807-406912:+	detected_at_baseline_only	0.076	0.076	140	FALSE	TRUE
FBXO25	6hr	chr8:431343:C>G	chr8:406807-406912:+	detected_at_baseline_only	0.001	0.001	90	FALSE	TRUE
FBXO34	0hr	chr14:55271446:T>C	chr14:55354500-55354585:+	post_stim_only				FALSE	FALSE
FBXO34	1hr	chr14:55271446:T>C	chr14:55354500-55354585:+	post_stim_only	-0.389	0.389	75	TRUE	TRUE
FBXO34	6hr	chr14:55271446:T>C	chr14:55354500-55354585:+	post_stim_only	0.104	0.104	110	FALSE	TRUE
FBXO7	0hr	chr22:32491162:C>T	chr22:32487828-32491085:+	post_stim_only				FALSE	FALSE
FBXO7	1hr	chr22:32491162:C>T	chr22:32487828-32491085:+	post_stim_only	0.098	0.098	68	FALSE	TRUE
FBXO7	6hr	chr22:32491162:C>T	chr22:32487828-32491085:+	post_stim_only	0.317	0.317	86	TRUE	TRUE
FCF1	0hr	chr14:74716091:T>C	chr14:74715820-74715950:+	other	-0.219	0.219	119	TRUE	TRUE
FCF1	1hr	chr14:74716091:T>C	chr14:74715820-74715950:+	other	-0.111	0.111	105	TRUE	TRUE
FCF1	6hr	chr14:74716091:T>C	chr14:74715820-74715950:+	other				FALSE	FALSE
FCHSD2	0hr	chr11:72989025:C>T	chr11:73141220-73141344:-	post_stim_only				FALSE	FALSE
FCHSD2	1hr	chr11:72989025:C>T	chr11:73141220-73141344:-	post_stim_only	0.15	0.15	113	TRUE	TRUE
FCHSD2	6hr	chr11:72989025:C>T	chr11:73141220-73141344:-	post_stim_only	0.096	0.096	87	FALSE	TRUE
FDFT1	0hr	chr8:11831609:G>C	chr8:11802910-11802931:+	detected_at_baseline_only	-0.153	0.153	209	TRUE	TRUE
FDFT1	1hr	chr8:11831609:G>C	chr8:11802910-11802931:+	detected_at_baseline_only	0.013	0.013	327	FALSE	TRUE
FDFT1	6hr	chr8:11831609:G>C	chr8:11802910-11802931:+	detected_at_baseline_only	0.008	0.008	374	FALSE	TRUE
FERMT2	0hr	chr14:52893422:G>T	chr14:52951035-52951050:-	other	-0.841	0.841	77	TRUE	TRUE
FERMT2	1hr	chr14:52893422:G>T	chr14:52951035-52951050:-	other				FALSE	FALSE
FERMT2	6hr	chr14:52893422:G>T	chr14:52951035-52951050:-	other				FALSE	FALSE
FEZ1	0hr	chr11:125496271:G>C	chr11:125496122-125496218:-	post_stim_only				FALSE	FALSE
FEZ1	1hr	chr11:125496271:G>C	chr11:125496122-125496218:-	post_stim_only	-0.139	0.139	121	TRUE	TRUE
FEZ1	6hr	chr11:125496271:G>C	chr11:125496122-125496218:-	post_stim_only				FALSE	FALSE
FEZ2	0hr	chr2:36555742:G>A	chr2:36555976-36556060:-	post_stim_only				FALSE	FALSE
FEZ2	1hr	chr2:36555742:G>A	chr2:36555976-36556060:-	post_stim_only				FALSE	FALSE
FEZ2	6hr	chr2:36555742:G>A	chr2:36555976-36556060:-	post_stim_only	0.357	0.357	56	TRUE	TRUE
FGD4	0hr	chr12:32576399:G>A	chr12:32576449-32576509:+	other	-0.29	0.29	77	TRUE	TRUE
FGD4	1hr	chr12:32576399:G>A	chr12:32576449-32576509:+	other	0.07	0.07	133	FALSE	TRUE
FGD4	6hr	chr12:32576399:G>A	chr12:32576449-32576509:+	other				FALSE	FALSE
FGFR1	0hr	chr8:38412855:C>T	chr8:38428093-38428345:-	post_stim_only				FALSE	FALSE
FGFR1	1hr	chr8:38412855:C>T	chr8:38428093-38428345:-	post_stim_only				FALSE	FALSE
FGFR1	6hr	chr8:38412855:C>T	chr8:38428093-38428345:-	post_stim_only	0.134	0.134	112	TRUE	TRUE
FIP1L1	0hr	chr4:53377737:T>C	chr4:53414633-53414722:+	post_stim_only	-0.101	0.101	68	FALSE	FALSE
FIP1L1	1hr	chr4:53377737:T>C	chr4:53414633-53414722:+	post_stim_only	-0.048	0.048	123	FALSE	TRUE
FIP1L1	6hr	chr4:53377737:T>C	chr4:53414633-53414722:+	post_stim_only	-0.302	0.302	139	TRUE	TRUE
FKBP1A	0hr	chr20:1392867:G>C	chr20:1371147-1372075:-	other	-0.319	0.319	389	TRUE	TRUE
FKBP1A	1hr	chr20:1392867:G>C	chr20:1371147-1372075:-	other				FALSE	FALSE
FKBP1A	6hr	chr20:1392867:G>C	chr20:1371147-1372075:-	other				FALSE	FALSE
FLII	0hr	chr17:18245170:G>A	chr17:18245272-18245350:-	detected_at_baseline_only	0.174	0.174	86	TRUE	TRUE
FLII	1hr	chr17:18245170:G>A	chr17:18245272-18245350:-	detected_at_baseline_only	0.076	0.076	139	FALSE	TRUE
FLII	6hr	chr17:18245170:G>A	chr17:18245272-18245350:-	detected_at_baseline_only	-0.012	0.012	112	FALSE	TRUE
FLOT1	0hr	chr6:30741177:C>T	chr6:30740834-30740853:-	all_timepoints	0.672	0.672	148	TRUE	TRUE
FLOT1	1hr	chr6:30741177:C>T	chr6:30740834-30740853:-	all_timepoints	0.685	0.685	192	TRUE	TRUE
FLOT1	6hr	chr6:30741177:C>T	chr6:30740834-30740853:-	all_timepoints	0.562	0.562	210	TRUE	TRUE
FMN1	0hr	chr15:33065060:A>G	chr15:33119248-33119381:-	post_stim_only				FALSE	FALSE
FMN1	1hr	chr15:33065060:A>G	chr15:33119248-33119381:-	post_stim_only				FALSE	FALSE
FMN1	6hr	chr15:33065060:A>G	chr15:33119248-33119381:-	post_stim_only	-0.335	0.335	55	TRUE	TRUE
FNBP1	0hr	chr9:129900506:C>T	chr9:129919158-129919242:-	post_stim_only				FALSE	FALSE
FNBP1	1hr	chr9:129900506:C>T	chr9:129919158-129919242:-	post_stim_only	-0.067	0.067	32	FALSE	TRUE
FNBP1	6hr	chr9:129900506:C>T	chr9:129919158-129919242:-	post_stim_only	-0.129	0.129	66	TRUE	TRUE
FNDC3A	0hr	chr13:49191101:G>A	chr13:49191109-49191120:+	detected_after_stim	-0.158	0.158	52	FALSE	TRUE
FNDC3A	1hr	chr13:49191101:G>A	chr13:49191109-49191120:+	detected_after_stim	-0.119	0.119	131	FALSE	TRUE
FNDC3A	6hr	chr13:49191101:G>A	chr13:49191109-49191120:+	detected_after_stim	-0.177	0.177	344	TRUE	TRUE
FNDC5	0hr	chr1:32864455:C>T	chr1:32870652-32870746:-	detected_after_stim	-0.096	0.096	42	FALSE	TRUE
FNDC5	1hr	chr1:32864455:C>T	chr1:32870652-32870746:-	detected_after_stim	-0.425	0.425	123	TRUE	TRUE
FNDC5	6hr	chr1:32864455:C>T	chr1:32870652-32870746:-	detected_after_stim				FALSE	FALSE
FNTA	0hr	chr8:43056531:C>G	chr8:43085458-43085506:+	detected_after_stim	0.033	0.033	104	FALSE	TRUE
FNTA	1hr	chr8:43056531:C>G	chr8:43085458-43085506:+	detected_after_stim	-0.046	0.046	141	FALSE	TRUE
FNTA	6hr	chr8:43056531:C>G	chr8:43085458-43085506:+	detected_after_stim	-0.2	0.2	144	TRUE	TRUE
FRA10AC1	0hr	chr10:93698383:A>G	chr10:93702580-93702592:-	detected_at_baseline_only	-0.136	0.136	75	TRUE	TRUE
FRA10AC1	1hr	chr10:93698383:A>G	chr10:93702580-93702592:-	detected_at_baseline_only	-0.09	0.09	167	FALSE	TRUE
FRA10AC1	6hr	chr10:93698383:A>G	chr10:93702580-93702592:-	detected_at_baseline_only	-0.01	0.01	115	FALSE	TRUE
FRMD4A	0hr	chr10:13666216:G>T	chr10:13684035-13684864:-	detected_after_stim	0	0	80	FALSE	TRUE
FRMD4A	1hr	chr10:13666216:G>T	chr10:13684035-13684864:-	detected_after_stim	0.111	0.111	151	TRUE	TRUE
FRMD4A	6hr	chr10:13666216:G>T	chr10:13684035-13684864:-	detected_after_stim				FALSE	FALSE
FRY	0hr	chr13:32101976:A>G	chr13:31945825-31946008:+	detected_after_stim	0.118	0.118	51	FALSE	TRUE
FRY	1hr	chr13:32101976:A>G	chr13:31945825-31946008:+	detected_after_stim	-0.27	0.27	85	TRUE	TRUE
FRY	6hr	chr13:32101976:A>G	chr13:31945825-31946008:+	detected_after_stim	0.036	0.036	89	FALSE	TRUE
FUS	0hr	chr16:31182620:C>A	chr16:31182664-31183350:+	detected_at_baseline_only	-0.2	0.2	376	TRUE	TRUE
FUS	1hr	chr16:31182620:C>A	chr16:31182664-31183350:+	detected_at_baseline_only	-0.058	0.058	660	FALSE	TRUE
FUS	6hr	chr16:31182620:C>A	chr16:31182664-31183350:+	detected_at_baseline_only	-0.095	0.095	646	FALSE	TRUE
GAA	0hr	chr17:80119749:G>T	chr17:80112844-80112875:+	post_stim_only				FALSE	FALSE
GAA	1hr	chr17:80119749:G>T	chr17:80112844-80112875:+	post_stim_only	-0.364	0.364	67	TRUE	TRUE
GAA	6hr	chr17:80119749:G>T	chr17:80112844-80112875:+	post_stim_only				FALSE	FALSE
GABARAPL1	0hr	chr12:10212974:C>G	chr12:10212882-10212892:+	detected_after_stim	0	0	26	FALSE	TRUE
GABARAPL1	1hr	chr12:10212974:C>G	chr12:10212882-10212892:+	detected_after_stim	-0.008	0.008	88	FALSE	TRUE
GABARAPL1	6hr	chr12:10212974:C>G	chr12:10212882-10212892:+	detected_after_stim	-0.108	0.108	129	TRUE	TRUE
GABBR1	0hr	chr6:29608615:A>G	chr6:29632385-29632459:-	detected_after_stim	-0.222	0.222	40	FALSE	TRUE
GABBR1	1hr	chr6:29608615:A>G	chr6:29632385-29632459:-	detected_after_stim	0.026	0.026	133	FALSE	TRUE
GABBR1	6hr	chr6:29608615:A>G	chr6:29632385-29632459:-	detected_after_stim	-0.191	0.191	116	TRUE	TRUE
GABRG2	0hr	chr5:162093881:A>G	chr5:162102553-162102673:+	post_stim_only				FALSE	FALSE
GABRG2	1hr	chr5:162093881:A>G	chr5:162102553-162102673:+	post_stim_only	0.316	0.316	101	TRUE	TRUE
GABRG2	6hr	chr5:162093881:A>G	chr5:162102553-162102673:+	post_stim_only				FALSE	FALSE
GAD1	0hr	chr2:170822114:T>C	chr2:170836883-170837716:+	post_stim_only				FALSE	FALSE
GAD1	1hr	chr2:170822114:T>C	chr2:170836883-170837716:+	post_stim_only	-0.048	0.048	52	FALSE	TRUE
GAD1	6hr	chr2:170822114:T>C	chr2:170836883-170837716:+	post_stim_only	-0.137	0.137	245	TRUE	TRUE
GAK	0hr	chr4:849395:G>A	chr4:851673-851749:-	post_stim_only				FALSE	FALSE
GAK	1hr	chr4:849395:G>A	chr4:851673-851749:-	post_stim_only	-0.025	0.025	133	FALSE	TRUE
GAK	6hr	chr4:849395:G>A	chr4:851673-851749:-	post_stim_only	0.281	0.281	162	TRUE	TRUE
GALNT8	0hr	chr12:4814586:A>G	chr12:4839262-4839296:+	post_stim_only				FALSE	FALSE
GALNT8	1hr	chr12:4814586:A>G	chr12:4839262-4839296:+	post_stim_only	0.156	0.156	83	FALSE	TRUE
GALNT8	6hr	chr12:4814586:A>G	chr12:4839262-4839296:+	post_stim_only	0.239	0.239	83	TRUE	TRUE
GAPVD1	0hr	chr9:125363036:C>A	chr9:125345889-125346818:+	post_stim_only				FALSE	FALSE
GAPVD1	1hr	chr9:125363036:C>A	chr9:125345889-125346818:+	post_stim_only	0.305	0.305	79	TRUE	TRUE
GAPVD1	6hr	chr9:125363036:C>A	chr9:125345889-125346818:+	post_stim_only				FALSE	FALSE
GARRE1	0hr	chr19:34299851:G>A	chr19:34300567-34300754:+	post_stim_only				FALSE	FALSE
GARRE1	1hr	chr19:34299851:G>A	chr19:34300567-34300754:+	post_stim_only	-0.459	0.459	91	TRUE	TRUE
GARRE1	6hr	chr19:34299851:G>A	chr19:34300567-34300754:+	post_stim_only	-0.471	0.471	93	FALSE	FALSE
GCA	0hr	chr2:162352382:T>G	chr2:162344134-162344158:+	post_stim_only				FALSE	FALSE
GCA	1hr	chr2:162352382:T>G	chr2:162344134-162344158:+	post_stim_only	0	0	54	FALSE	TRUE
GCA	6hr	chr2:162352382:T>G	chr2:162344134-162344158:+	post_stim_only	-0.1	0.1	97	TRUE	TRUE
GCAT	0hr	chr22:37816754:A>G	chr22:37809948-37810026:+	detected_after_stim	-0.129	0.129	66	FALSE	TRUE
GCAT	1hr	chr22:37816754:A>G	chr22:37809948-37810026:+	detected_after_stim	-0.022	0.022	106	FALSE	TRUE
GCAT	6hr	chr22:37816754:A>G	chr22:37809948-37810026:+	detected_after_stim	-0.525	0.525	111	TRUE	TRUE
GDAP1	0hr	chr8:74361905:T>G	chr8:74366876-74368060:+	detected_after_stim	0.008	0.008	42	FALSE	TRUE
GDAP1	1hr	chr8:74361905:T>G	chr8:74366876-74368060:+	detected_after_stim	-0.016	0.016	95	FALSE	TRUE
GDAP1	6hr	chr8:74361905:T>G	chr8:74366876-74368060:+	detected_after_stim	0.246	0.246	49	TRUE	TRUE
GFM1	0hr	chr3:158691472:C>T	chr3:158650004-158650061:+	detected_after_stim	-0.127	0.127	94	FALSE	TRUE
GFM1	1hr	chr3:158691472:C>T	chr3:158650004-158650061:+	detected_after_stim	0.27	0.27	138	TRUE	TRUE
GFM1	6hr	chr3:158691472:C>T	chr3:158650004-158650061:+	detected_after_stim	-0.047	0.047	152	FALSE	TRUE
GFM2	0hr	chr5:74750638:C>T	chr5:74738501-74738642:-	post_stim_only				FALSE	FALSE
GFM2	1hr	chr5:74750638:C>T	chr5:74738501-74738642:-	post_stim_only	-0.278	0.278	41	TRUE	TRUE
GFM2	6hr	chr5:74750638:C>T	chr5:74738501-74738642:-	post_stim_only				FALSE	FALSE
GGCT	0hr	chr7:30504743:G>A	chr7:30500535-30500680:-	detected_after_stim	-0.14	0.14	150	FALSE	TRUE
GGCT	1hr	chr7:30504743:G>A	chr7:30500535-30500680:-	detected_after_stim	-0.136	0.136	200	TRUE	TRUE
GGCT	6hr	chr7:30504743:G>A	chr7:30500535-30500680:-	detected_after_stim	0.131	0.131	162	FALSE	TRUE
GGH	0hr	chr8:63038677:C>T	chr8:63023508-63023739:-	detected_after_stim	-0.029	0.029	151	FALSE	TRUE
GGH	1hr	chr8:63038677:C>T	chr8:63023508-63023739:-	detected_after_stim	0.03	0.03	238	FALSE	TRUE
GGH	6hr	chr8:63038677:C>T	chr8:63023508-63023739:-	detected_after_stim	0.114	0.114	284	TRUE	TRUE
GGNBP2	0hr	chr17:36586164:G>A	chr17:36585450-36585839:+	post_stim_only				FALSE	FALSE
GGNBP2	1hr	chr17:36586164:G>A	chr17:36585450-36585839:+	post_stim_only	-0.241	0.241	546	TRUE	TRUE
GGNBP2	6hr	chr17:36586164:G>A	chr17:36585450-36585839:+	post_stim_only				FALSE	FALSE
GHITM	0hr	chr10:84139590:G>T	chr10:84139666-84139742:+	other	0.215	0.215	526	TRUE	TRUE
GHITM	1hr	chr10:84139590:G>T	chr10:84139666-84139742:+	other	-0.022	0.022	922	FALSE	TRUE
GHITM	6hr	chr10:84139590:G>T	chr10:84139666-84139742:+	other				FALSE	FALSE
GIGYF2	0hr	chr2:232844095:A>G	chr2:232734416-232734486:+	post_stim_only				FALSE	FALSE
GIGYF2	1hr	chr2:232844095:A>G	chr2:232734416-232734486:+	post_stim_only	-0.448	0.448	57	TRUE	TRUE
GIGYF2	6hr	chr2:232844095:A>G	chr2:232734416-232734486:+	post_stim_only	-0.054	0.054	43	FALSE	TRUE
GLOD4	0hr	chr17:769949:T>A	chr17:778694-778744:-	post_stim_only				FALSE	FALSE
GLOD4	1hr	chr17:769949:T>A	chr17:778694-778744:-	post_stim_only	0.028	0.028	179	FALSE	TRUE
GLOD4	6hr	chr17:769949:T>A	chr17:778694-778744:-	post_stim_only	0.115	0.115	176	TRUE	TRUE
GLRX3	0hr	chr10:130136389:C>G	chr10:130179608-130179672:+	post_stim_only				FALSE	FALSE
GLRX3	1hr	chr10:130136389:C>G	chr10:130179608-130179672:+	post_stim_only	0.184	0.184	112	TRUE	TRUE
GLRX3	6hr	chr10:130136389:C>G	chr10:130179608-130179672:+	post_stim_only				FALSE	FALSE
GLS	0hr	chr2:190963161:G>A	chr2:190895603-190895619:+	other	-0.442	0.442	77	TRUE	TRUE
GLS	1hr	chr2:190963161:G>A	chr2:190895603-190895619:+	other				FALSE	FALSE
GLS	6hr	chr2:190963161:G>A	chr2:190895603-190895619:+	other				FALSE	FALSE
GLT8D1	0hr	chr3:52705619:T>G	chr3:52704812-52704948:-	post_stim_only				FALSE	FALSE
GLT8D1	1hr	chr3:52705619:T>G	chr3:52704812-52704948:-	post_stim_only	0.263	0.263	139	TRUE	TRUE
GLT8D1	6hr	chr3:52705619:T>G	chr3:52704812-52704948:-	post_stim_only				FALSE	FALSE
GMFB	0hr	chr14:54488958:A>T	chr14:54481325-54481394:-	post_stim_only				FALSE	FALSE
GMFB	1hr	chr14:54488958:A>T	chr14:54481325-54481394:-	post_stim_only	-0.162	0.162	84	FALSE	TRUE
GMFB	6hr	chr14:54488958:A>T	chr14:54481325-54481394:-	post_stim_only	0.272	0.272	96	TRUE	TRUE
GMPR2	0hr	chr14:24238272:G>A	chr14:24238405-24238588:+	post_stim_only				FALSE	FALSE
GMPR2	1hr	chr14:24238272:G>A	chr14:24238405-24238588:+	post_stim_only				FALSE	FALSE
GMPR2	6hr	chr14:24238272:G>A	chr14:24238405-24238588:+	post_stim_only	-0.217	0.217	96	TRUE	TRUE
GNAI1	0hr	chr7:80212840:T>C	chr7:80134376-80134399:+	detected_after_stim	0.025	0.025	71	FALSE	TRUE
GNAI1	1hr	chr7:80212840:T>C	chr7:80134376-80134399:+	detected_after_stim	0.137	0.137	148	FALSE	TRUE
GNAI1	6hr	chr7:80212840:T>C	chr7:80134376-80134399:+	detected_after_stim	0.155	0.155	212	TRUE	TRUE
GNAI2	0hr	chr3:50252474:C>T	chr3:50236203-50236453:+	other	0.64	0.64	50	TRUE	TRUE
GNAI2	1hr	chr3:50252474:C>T	chr3:50236203-50236453:+	other	0.346	0.346	52	TRUE	TRUE
GNAI2	6hr	chr3:50252474:C>T	chr3:50236203-50236453:+	other				FALSE	FALSE
GNAO1	0hr	chr16:56356329:T>A	chr16:56355081-56355132:+	post_stim_only				FALSE	FALSE
GNAO1	1hr	chr16:56356329:T>A	chr16:56355081-56355132:+	post_stim_only				FALSE	FALSE
GNAO1	6hr	chr16:56356329:T>A	chr16:56355081-56355132:+	post_stim_only	-0.28	0.28	123	TRUE	TRUE
GNAS	0hr	chr20:58903751:C>T	chr20:58889159-58889170:+	detected_after_stim	0.028	0.028	282	FALSE	TRUE
GNAS	1hr	chr20:58903751:C>T	chr20:58889159-58889170:+	detected_after_stim	-0.024	0.024	384	FALSE	TRUE
GNAS	6hr	chr20:58903751:C>T	chr20:58889159-58889170:+	detected_after_stim	0.128	0.128	454	TRUE	TRUE
GNG4	0hr	chr1:235552222:A>G	chr1:235595479-235595511:-	detected_at_baseline_only	-0.141	0.141	92	TRUE	TRUE
GNG4	1hr	chr1:235552222:A>G	chr1:235595479-235595511:-	detected_at_baseline_only	-0.004	0.004	161	FALSE	TRUE
GNG4	6hr	chr1:235552222:A>G	chr1:235595479-235595511:-	detected_at_baseline_only	0.022	0.022	180	FALSE	TRUE
GNG8	0hr	chr19:46634714:G>A	chr19:46634725-46635023:-	detected_after_stim	-0.122	0.122	361	FALSE	TRUE
GNG8	1hr	chr19:46634714:G>A	chr19:46634725-46635023:-	detected_after_stim	-0.098	0.098	425	FALSE	TRUE
GNG8	6hr	chr19:46634714:G>A	chr19:46634725-46635023:-	detected_after_stim	-0.188	0.188	572	TRUE	TRUE
GNL3	0hr	chr3:52687288:G>A	chr3:52688192-52688206:+	detected_at_baseline_only	0.195	0.195	105	TRUE	TRUE
GNL3	1hr	chr3:52687288:G>A	chr3:52688192-52688206:+	detected_at_baseline_only	0.029	0.029	397	FALSE	TRUE
GNL3	6hr	chr3:52687288:G>A	chr3:52688192-52688206:+	detected_at_baseline_only	-0.001	0.001	226	FALSE	TRUE
GNPAT	0hr	chr1:231260710:G>A	chr1:231260719-231260992:+	post_stim_only				FALSE	FALSE
GNPAT	1hr	chr1:231260710:G>A	chr1:231260719-231260992:+	post_stim_only				FALSE	FALSE
GNPAT	6hr	chr1:231260710:G>A	chr1:231260719-231260992:+	post_stim_only	-0.276	0.276	120	TRUE	TRUE
GNPDA1	0hr	chr5:142002072:C>T	chr5:142012339-142012377:-	other	-0.354	0.354	58	TRUE	TRUE
GNPDA1	1hr	chr5:142002072:C>T	chr5:142012339-142012377:-	other				FALSE	FALSE
GNPDA1	6hr	chr5:142002072:C>T	chr5:142012339-142012377:-	other				FALSE	FALSE
GNPDA2	0hr	chr4:44717152:G>T	chr4:44702787-44703142:-	other	0.422	0.422	85	TRUE	TRUE
GNPDA2	1hr	chr4:44717152:G>T	chr4:44702787-44703142:-	other				FALSE	FALSE
GNPDA2	6hr	chr4:44717152:G>T	chr4:44702787-44703142:-	other				FALSE	FALSE
GOLGA8A	0hr	chr15:34553036:A>G	chr15:34406046-34406673:-	other	-0.619	0.619	53	TRUE	TRUE
GOLGA8A	1hr	chr15:34553036:A>G	chr15:34406046-34406673:-	other	-0.31	0.31	95	TRUE	TRUE
GOLGA8A	6hr	chr15:34553036:A>G	chr15:34406046-34406673:-	other	-0.134	0.134	122	FALSE	TRUE
GOLGA8B	0hr	chr15:34552979:T>C	chr15:34583665-34583708:-	post_stim_only				FALSE	FALSE
GOLGA8B	1hr	chr15:34552979:T>C	chr15:34583665-34583708:-	post_stim_only	0.412	0.412	68	TRUE	TRUE
GOLGA8B	6hr	chr15:34552979:T>C	chr15:34583665-34583708:-	post_stim_only	0.444	0.444	89	TRUE	TRUE
GOLGB1	0hr	chr3:121664449:G>A	chr3:121690669-121690730:-	post_stim_only				FALSE	FALSE
GOLGB1	1hr	chr3:121664449:G>A	chr3:121690669-121690730:-	post_stim_only	-0.45	0.45	50	TRUE	TRUE
GOLGB1	6hr	chr3:121664449:G>A	chr3:121690669-121690730:-	post_stim_only				FALSE	FALSE
GOLT1B	0hr	chr12:21501896:G>T	chr12:21507116-21507151:+	detected_after_stim	-0.176	0.176	110	FALSE	TRUE
GOLT1B	1hr	chr12:21501896:G>T	chr12:21507116-21507151:+	detected_after_stim	-0.202	0.202	161	TRUE	TRUE
GOLT1B	6hr	chr12:21501896:G>T	chr12:21507116-21507151:+	detected_after_stim	0.019	0.019	178	FALSE	TRUE
GP6-AS1	0hr	chr19:55043110:G>A	chr19:55006289-55006299:+	post_stim_only				FALSE	FALSE
GP6-AS1	1hr	chr19:55043110:G>A	chr19:55006289-55006299:+	post_stim_only				FALSE	FALSE
GP6-AS1	6hr	chr19:55043110:G>A	chr19:55006289-55006299:+	post_stim_only	0.436	0.436	43	TRUE	TRUE
GPANK1	0hr	chr6:31664356:C>A	chr6:31665399-31665442:-	detected_after_stim	-0.191	0.191	85	FALSE	TRUE
GPANK1	1hr	chr6:31664356:C>A	chr6:31665399-31665442:-	detected_after_stim	0.388	0.388	134	TRUE	TRUE
GPANK1	6hr	chr6:31664356:C>A	chr6:31665399-31665442:-	detected_after_stim				FALSE	FALSE
GPM6A	0hr	chr4:175634535:C>T	chr4:175787335-175787387:-	post_stim_only				FALSE	FALSE
GPM6A	1hr	chr4:175634535:C>T	chr4:175787335-175787387:-	post_stim_only	0.192	0.192	104	TRUE	TRUE
GPM6A	6hr	chr4:175634535:C>T	chr4:175787335-175787387:-	post_stim_only				FALSE	FALSE
GPR162	0hr	chr12:6824437:C>T	chr12:6824765-6825172:+	post_stim_only				FALSE	FALSE
GPR162	1hr	chr12:6824437:C>T	chr12:6824765-6825172:+	post_stim_only				FALSE	FALSE
GPR162	6hr	chr12:6824437:C>T	chr12:6824765-6825172:+	post_stim_only	0.182	0.182	67	TRUE	TRUE
GRHPR	0hr	chr9:37436757:G>A	chr9:37428483-37428537:+	other	0.127	0.127	224	TRUE	TRUE
GRHPR	1hr	chr9:37436757:G>A	chr9:37428483-37428537:+	other				FALSE	FALSE
GRHPR	6hr	chr9:37436757:G>A	chr9:37428483-37428537:+	other				FALSE	FALSE
GRIA2	0hr	chr4:157360141:A>G	chr4:157220729-157220806:+	post_stim_only				FALSE	FALSE
GRIA2	1hr	chr4:157360141:A>G	chr4:157220729-157220806:+	post_stim_only				FALSE	FALSE
GRIA2	6hr	chr4:157360141:A>G	chr4:157220729-157220806:+	post_stim_only	0.353	0.353	32	TRUE	TRUE
GRIK2	0hr	chr6:101676729:G>A	chr6:101686330-101686353:+	post_stim_only				FALSE	FALSE
GRIK2	1hr	chr6:101676729:G>A	chr6:101686330-101686353:+	post_stim_only	-0.029	0.029	51	FALSE	TRUE
GRIK2	6hr	chr6:101676729:G>A	chr6:101686330-101686353:+	post_stim_only	-0.188	0.188	44	TRUE	TRUE
GSTO1	0hr	chr10:104263030:C>A	chr10:104254709-104254891:+	detected_after_stim	-0.024	0.024	78	FALSE	TRUE
GSTO1	1hr	chr10:104263030:C>A	chr10:104254709-104254891:+	detected_after_stim	0.248	0.248	115	TRUE	TRUE
GSTO1	6hr	chr10:104263030:C>A	chr10:104254709-104254891:+	detected_after_stim	-0.025	0.025	140	FALSE	TRUE
GTF2IRD1	0hr	chr7:74602590:G>A	chr7:74555392-74555437:+	post_stim_only				FALSE	FALSE
GTF2IRD1	1hr	chr7:74602590:G>A	chr7:74555392-74555437:+	post_stim_only	0.121	0.121	56	FALSE	TRUE
GTF2IRD1	6hr	chr7:74602590:G>A	chr7:74555392-74555437:+	post_stim_only	0.25	0.25	71	TRUE	TRUE
GTF3A	0hr	chr13:27424631:T>C	chr13:27432745-27432804:+	detected_after_stim	-0.094	0.094	232	FALSE	TRUE
GTF3A	1hr	chr13:27424631:T>C	chr13:27432745-27432804:+	detected_after_stim	-0.122	0.122	157	TRUE	TRUE
GTF3A	6hr	chr13:27424631:T>C	chr13:27432745-27432804:+	detected_after_stim	-0.115	0.115	281	TRUE	TRUE
GTPBP10	0hr	chr7:90352817:T>C	chr7:90353009-90353232:+	detected_at_baseline_only	-0.337	0.337	73	TRUE	TRUE
GTPBP10	1hr	chr7:90352817:T>C	chr7:90353009-90353232:+	detected_at_baseline_only	-0.104	0.104	64	FALSE	TRUE
GTPBP10	6hr	chr7:90352817:T>C	chr7:90353009-90353232:+	detected_at_baseline_only	-0.17	0.17	57	FALSE	TRUE
HACD1	0hr	chr10:17617149:C>T	chr10:17602905-17603559:-	post_stim_only				FALSE	FALSE
HACD1	1hr	chr10:17617149:C>T	chr10:17602905-17603559:-	post_stim_only	0.143	0.143	164	TRUE	TRUE
HACD1	6hr	chr10:17617149:C>T	chr10:17602905-17603559:-	post_stim_only	-0.15	0.15	176	FALSE	TRUE
HAUS1	0hr	chr18:46104398:G>C	chr18:46105368-46105408:+	post_stim_only				FALSE	FALSE
HAUS1	1hr	chr18:46104398:G>C	chr18:46105368-46105408:+	post_stim_only	0.384	0.384	121	TRUE	TRUE
HAUS1	6hr	chr18:46104398:G>C	chr18:46105368-46105408:+	post_stim_only	0.2	0.2	114	FALSE	TRUE
HDHD2	0hr	chr18:47108761:C>T	chr18:47136301-47136338:-	post_stim_only				FALSE	FALSE
HDHD2	1hr	chr18:47108761:C>T	chr18:47136301-47136338:-	post_stim_only	0.352	0.352	93	TRUE	TRUE
HDHD2	6hr	chr18:47108761:C>T	chr18:47136301-47136338:-	post_stim_only				FALSE	FALSE
HEATR5B	0hr	chr2:37084271:G>C	chr2:37081600-37081755:-	other	0.223	0.223	274	TRUE	TRUE
HEATR5B	1hr	chr2:37084271:G>C	chr2:37081600-37081755:-	other				FALSE	FALSE
HEATR5B	6hr	chr2:37084271:G>C	chr2:37081600-37081755:-	other				FALSE	FALSE
HEPACAM2	0hr	chr7:93189189:A>C	chr7:93205512-93205647:-	post_stim_only				FALSE	FALSE
HEPACAM2	1hr	chr7:93189189:A>C	chr7:93205512-93205647:-	post_stim_only				FALSE	FALSE
HEPACAM2	6hr	chr7:93189189:A>C	chr7:93205512-93205647:-	post_stim_only	0.1	0.1	105	TRUE	TRUE
HIBCH	0hr	chr2:190296895:T>C	chr2:190319826-190319890:-	post_stim_only				FALSE	FALSE
HIBCH	1hr	chr2:190296895:T>C	chr2:190319826-190319890:-	post_stim_only	0.051	0.051	64	FALSE	TRUE
HIBCH	6hr	chr2:190296895:T>C	chr2:190319826-190319890:-	post_stim_only	0.145	0.145	93	TRUE	TRUE
HK1	0hr	chr10:69343840:C>G	chr10:69398594-69398828:+	detected_after_stim	-0.065	0.065	289	FALSE	TRUE
HK1	1hr	chr10:69343840:C>G	chr10:69398594-69398828:+	detected_after_stim	-0.151	0.151	477	TRUE	TRUE
HK1	6hr	chr10:69343840:C>G	chr10:69398594-69398828:+	detected_after_stim	-0.117	0.117	626	FALSE	TRUE
HLA-A	0hr	chr6:29942546:G>C	chr6:29944616-29944634:+	all_timepoints	0.35	0.35	297	TRUE	TRUE
HLA-A	1hr	chr6:29942546:G>C	chr6:29944616-29944634:+	all_timepoints	0.391	0.391	518	TRUE	TRUE
HLA-A	6hr	chr6:29942546:G>C	chr6:29944616-29944634:+	all_timepoints	0.534	0.534	653	TRUE	TRUE
HLA-B	0hr	chr6:31354248:C>A	chr6:31355223-31355316:-	detected_at_baseline_only	0.207	0.207	153	TRUE	TRUE
HLA-B	1hr	chr6:31354248:C>A	chr6:31355223-31355316:-	detected_at_baseline_only	-0.026	0.026	219	FALSE	TRUE
HLA-B	6hr	chr6:31354248:C>A	chr6:31355223-31355316:-	detected_at_baseline_only	0.004	0.004	330	FALSE	TRUE
HLA-C	0hr	chr6:31269346:T>C	chr6:31272105-31272130:-	all_timepoints	0.513	0.513	93	TRUE	TRUE
HLA-C	1hr	chr6:31269346:T>C	chr6:31272105-31272130:-	all_timepoints	0.342	0.342	163	TRUE	TRUE
HLA-C	6hr	chr6:31269346:T>C	chr6:31272105-31272130:-	all_timepoints	0.281	0.281	218	TRUE	TRUE
HLTF	0hr	chr3:149041537:T>C	chr3:149041668-149041680:-	post_stim_only				FALSE	FALSE
HLTF	1hr	chr3:149041537:T>C	chr3:149041668-149041680:-	post_stim_only	0.045	0.045	75	FALSE	TRUE
HLTF	6hr	chr3:149041537:T>C	chr3:149041668-149041680:-	post_stim_only	0.152	0.152	78	TRUE	TRUE
HM13	0hr	chr20:31569222:A>G	chr20:31548964-31549026:+	detected_at_baseline_only	0.142	0.142	350	TRUE	TRUE
HM13	1hr	chr20:31569222:A>G	chr20:31548964-31549026:+	detected_at_baseline_only	0.079	0.079	551	FALSE	TRUE
HM13	6hr	chr20:31569222:A>G	chr20:31548964-31549026:+	detected_at_baseline_only	0.064	0.064	596	FALSE	TRUE
HMGN1	0hr	chr21:39348567:C>T	chr21:39347516-39347915:-	other	0.213	0.213	623	TRUE	TRUE
HMGN1	1hr	chr21:39348567:C>T	chr21:39347516-39347915:-	other	0.041	0.041	928	FALSE	TRUE
HMGN1	6hr	chr21:39348567:C>T	chr21:39347516-39347915:-	other				FALSE	FALSE
HMOX2	0hr	chr16:4506909:G>A	chr16:4476487-4476665:+	post_stim_only				FALSE	FALSE
HMOX2	1hr	chr16:4506909:G>A	chr16:4476487-4476665:+	post_stim_only	0.184	0.184	394	TRUE	TRUE
HMOX2	6hr	chr16:4506909:G>A	chr16:4476487-4476665:+	post_stim_only	0.047	0.047	464	FALSE	TRUE
HNRNPA2B1	0hr	chr7:26192448:A>G	chr7:26190460-26190483:-	post_stim_only				FALSE	FALSE
HNRNPA2B1	1hr	chr7:26192448:A>G	chr7:26190460-26190483:-	post_stim_only	0.311	0.311	133	TRUE	TRUE
HNRNPA2B1	6hr	chr7:26192448:A>G	chr7:26190460-26190483:-	post_stim_only				FALSE	FALSE
HNRNPAB	0hr	chr5:178210880:G>A	chr5:178210131-178210272:+	other	0.284	0.284	85	TRUE	TRUE
HNRNPAB	1hr	chr5:178210880:G>A	chr5:178210131-178210272:+	other				FALSE	FALSE
HNRNPAB	6hr	chr5:178210880:G>A	chr5:178210131-178210272:+	other	0.211	0.211	128	TRUE	TRUE
HNRNPC	0hr	chr14:21213053:C>T	chr14:21263666-21263829:-	other	0.115	0.115	489	TRUE	TRUE
HNRNPC	1hr	chr14:21213053:C>T	chr14:21263666-21263829:-	other				FALSE	FALSE
HNRNPC	6hr	chr14:21213053:C>T	chr14:21263666-21263829:-	other	0.02	0.02	1041	FALSE	TRUE
HNRNPF	0hr	chr10:43396544:G>A	chr10:43397278-43397346:-	post_stim_only				FALSE	FALSE
HNRNPF	1hr	chr10:43396544:G>A	chr10:43397278-43397346:-	post_stim_only	-0.041	0.041	123	FALSE	TRUE
HNRNPF	6hr	chr10:43396544:G>A	chr10:43397278-43397346:-	post_stim_only	-0.141	0.141	155	TRUE	TRUE
HNRNPH3	0hr	chr10:68332165:T>C	chr10:68332216-68332235:+	detected_at_baseline_only	0.213	0.213	281	TRUE	TRUE
HNRNPH3	1hr	chr10:68332165:T>C	chr10:68332216-68332235:+	detected_at_baseline_only	-0.085	0.085	503	FALSE	TRUE
HNRNPH3	6hr	chr10:68332165:T>C	chr10:68332216-68332235:+	detected_at_baseline_only	-0.073	0.073	537	FALSE	TRUE
HNRNPK	0hr	chr9:83980154:C>T	chr9:83980118-83980152:-	other	-0.126	0.126	385	TRUE	TRUE
HNRNPK	1hr	chr9:83980154:C>T	chr9:83980118-83980152:-	other	-0.099	0.099	677	FALSE	TRUE
HNRNPK	6hr	chr9:83980154:C>T	chr9:83980118-83980152:-	other	-0.362	0.362	523	TRUE	TRUE
HNRNPL	0hr	chr19:38836397:A>T	chr19:38841612-38841682:-	post_stim_only				FALSE	FALSE
HNRNPL	1hr	chr19:38836397:A>T	chr19:38841612-38841682:-	post_stim_only	0.55	0.55	89	TRUE	TRUE
HNRNPL	6hr	chr19:38836397:A>T	chr19:38841612-38841682:-	post_stim_only				FALSE	FALSE
HNRNPU	0hr	chr1:244855997:A>T	chr1:244860334-244860352:-	post_stim_only				FALSE	FALSE
HNRNPU	1hr	chr1:244855997:A>T	chr1:244860334-244860352:-	post_stim_only	-0.153	0.153	458	TRUE	TRUE
HNRNPU	6hr	chr1:244855997:A>T	chr1:244860334-244860352:-	post_stim_only				FALSE	FALSE
HOTAIRM1	0hr	chr7:27099209:G>A	chr7:27098838-27099006:+	other	0.521	0.521	94	TRUE	TRUE
HOTAIRM1	1hr	chr7:27099209:G>A	chr7:27098838-27099006:+	other	0.309	0.309	81	FALSE	TRUE
HOTAIRM1	6hr	chr7:27099209:G>A	chr7:27098838-27099006:+	other	0.383	0.383	330	TRUE	TRUE
HPS4	0hr	chr22:26481801:C>T	chr22:26476618-26476992:-	all_timepoints	-0.333	0.333	38	TRUE	TRUE
HPS4	1hr	chr22:26481801:C>T	chr22:26476618-26476992:-	all_timepoints	-0.338	0.338	72	TRUE	TRUE
HPS4	6hr	chr22:26481801:C>T	chr22:26476618-26476992:-	all_timepoints	-0.5	0.5	57	TRUE	TRUE
HRAS	0hr	chr11:534241:A>G	chr11:535256-535339:-	detected_after_stim	-0.109	0.109	78	FALSE	TRUE
HRAS	1hr	chr11:534241:A>G	chr11:535256-535339:-	detected_after_stim	0.088	0.088	159	FALSE	TRUE
HRAS	6hr	chr11:534241:A>G	chr11:535256-535339:-	detected_after_stim	-0.163	0.163	165	TRUE	TRUE
HS2ST1	0hr	chr1:86914947:C>T	chr1:86974911-86975043:+	post_stim_only				FALSE	FALSE
HS2ST1	1hr	chr1:86914947:C>T	chr1:86974911-86975043:+	post_stim_only	0.198	0.198	105	TRUE	TRUE
HS2ST1	6hr	chr1:86914947:C>T	chr1:86974911-86975043:+	post_stim_only	0.118	0.118	145	TRUE	TRUE
HSBP1	0hr	chr16:83812435:A>G	chr16:83807977-83807988:+	detected_after_stim	-0.01	0.01	116	FALSE	TRUE
HSBP1	1hr	chr16:83812435:A>G	chr16:83807977-83807988:+	detected_after_stim	0.202	0.202	174	TRUE	TRUE
HSBP1	6hr	chr16:83812435:A>G	chr16:83807977-83807988:+	detected_after_stim	-0.095	0.095	276	FALSE	TRUE
HSD17B12	0hr	chr11:43856383:C>A	chr11:43852046-43854714:+	post_stim_only				FALSE	FALSE
HSD17B12	1hr	chr11:43856383:C>A	chr11:43852046-43854714:+	post_stim_only	-0.178	0.178	265	TRUE	TRUE
HSD17B12	6hr	chr11:43856383:C>A	chr11:43852046-43854714:+	post_stim_only				FALSE	FALSE
HSD17B4	0hr	chr5:119475837:G>A	chr5:119452752-119452765:+	detected_after_stim	-0.002	0.002	48	FALSE	TRUE
HSD17B4	1hr	chr5:119475837:G>A	chr5:119452752-119452765:+	detected_after_stim	0.229	0.229	107	TRUE	TRUE
HSD17B4	6hr	chr5:119475837:G>A	chr5:119452752-119452765:+	detected_after_stim	-0.018	0.018	88	FALSE	TRUE
HSD17B7	0hr	chr1:162805476:C>T	chr1:162791518-162791700:+	detected_after_stim	0.028	0.028	105	FALSE	TRUE
HSD17B7	1hr	chr1:162805476:C>T	chr1:162791518-162791700:+	detected_after_stim	-0.152	0.152	122	TRUE	TRUE
HSD17B7	6hr	chr1:162805476:C>T	chr1:162791518-162791700:+	detected_after_stim	-0.004	0.004	134	FALSE	TRUE
HSF2	0hr	chr6:122399660:G>A	chr6:122427902-122427956:+	detected_at_baseline_only	-0.514	0.514	34	TRUE	TRUE
HSF2	1hr	chr6:122399660:G>A	chr6:122427902-122427956:+	detected_at_baseline_only	0.203	0.203	92	FALSE	TRUE
HSF2	6hr	chr6:122399660:G>A	chr6:122427902-122427956:+	detected_at_baseline_only	-0.074	0.074	148	FALSE	TRUE
HSPA8	0hr	chr11:123062068:G>A	chr11:123062207-123062312:-	other	-0.114	0.114	209	TRUE	TRUE
HSPA8	1hr	chr11:123062068:G>A	chr11:123062207-123062312:-	other				FALSE	FALSE
HSPA8	6hr	chr11:123062068:G>A	chr11:123062207-123062312:-	other				FALSE	FALSE
HSPA9	0hr	chr5:138555419:C>G	chr5:138575137-138575166:-	detected_at_baseline_only	0.239	0.239	95	TRUE	TRUE
HSPA9	1hr	chr5:138555419:C>G	chr5:138575137-138575166:-	detected_at_baseline_only	0.042	0.042	202	FALSE	TRUE
HSPA9	6hr	chr5:138555419:C>G	chr5:138575137-138575166:-	detected_at_baseline_only	0.032	0.032	218	FALSE	TRUE
HSPD1	0hr	chr2:197498779:A>G	chr2:197499941-197499998:-	detected_at_baseline_only	0.157	0.157	144	TRUE	TRUE
HSPD1	1hr	chr2:197498779:A>G	chr2:197499941-197499998:-	detected_at_baseline_only	-0.005	0.005	356	FALSE	TRUE
HSPD1	6hr	chr2:197498779:A>G	chr2:197499941-197499998:-	detected_at_baseline_only	0.008	0.008	390	FALSE	TRUE
HSPH1	0hr	chr13:31137181:C>T	chr13:31161904-31161927:-	detected_after_stim	0.088	0.088	174	FALSE	TRUE
HSPH1	1hr	chr13:31137181:C>T	chr13:31161904-31161927:-	detected_after_stim	0.129	0.129	414	FALSE	TRUE
HSPH1	6hr	chr13:31137181:C>T	chr13:31161904-31161927:-	detected_after_stim	0.181	0.181	508	TRUE	TRUE
HYOU1	0hr	chr11:119055530:C>T	chr11:119057050-119057066:-	detected_after_stim	0.084	0.084	99	FALSE	TRUE
HYOU1	1hr	chr11:119055530:C>T	chr11:119057050-119057066:-	detected_after_stim	0.049	0.049	169	FALSE	TRUE
HYOU1	6hr	chr11:119055530:C>T	chr11:119057050-119057066:-	detected_after_stim	0.181	0.181	313	TRUE	TRUE
IARS1	0hr	chr9:92210683:A>G	chr9:92240642-92240691:-	other	-0.111	0.111	131	TRUE	TRUE
IARS1	1hr	chr9:92210683:A>G	chr9:92240642-92240691:-	other	-0.001	0.001	306	FALSE	TRUE
IARS1	6hr	chr9:92210683:A>G	chr9:92240642-92240691:-	other	0.1	0.1	306	TRUE	TRUE
ID1	0hr	chr20:31605573:A>G	chr20:31605813-31606052:+	other	-0.4	0.4	141	TRUE	TRUE
ID1	1hr	chr20:31605573:A>G	chr20:31605813-31606052:+	other				FALSE	FALSE
ID1	6hr	chr20:31605573:A>G	chr20:31605813-31606052:+	other				FALSE	FALSE
IDI1	0hr	chr10:1043675:T>C	chr10:1043393-1043998:-	post_stim_only				FALSE	FALSE
IDI1	1hr	chr10:1043675:T>C	chr10:1043393-1043998:-	post_stim_only	0.329	0.329	47	FALSE	TRUE
IDI1	6hr	chr10:1043675:T>C	chr10:1043393-1043998:-	post_stim_only	-0.258	0.258	96	TRUE	TRUE
IFNAR2	0hr	chr21:33241949:T>G	chr21:33262757-33262792:+	post_stim_only				FALSE	FALSE
IFNAR2	1hr	chr21:33241949:T>G	chr21:33262757-33262792:+	post_stim_only	0.016	0.016	54	FALSE	TRUE
IFNAR2	6hr	chr21:33241949:T>G	chr21:33262757-33262792:+	post_stim_only	-0.727	0.727	32	TRUE	TRUE
IFNGR1	0hr	chr6:137197989:C>T	chr6:137218027-137218060:-	post_stim_only				FALSE	FALSE
IFNGR1	1hr	chr6:137197989:C>T	chr6:137218027-137218060:-	post_stim_only	-0.064	0.064	104	FALSE	TRUE
IFNGR1	6hr	chr6:137197989:C>T	chr6:137218027-137218060:-	post_stim_only	0.171	0.171	129	TRUE	TRUE
IFRD1	0hr	chr7:112475602:C>T	chr7:112450459-112450507:+	post_stim_only				FALSE	FALSE
IFRD1	1hr	chr7:112475602:C>T	chr7:112450459-112450507:+	post_stim_only	-0.334	0.334	118	TRUE	TRUE
IFRD1	6hr	chr7:112475602:C>T	chr7:112450459-112450507:+	post_stim_only	-0.111	0.111	193	FALSE	TRUE
IFT22	0hr	chr7:101314988:T>C	chr7:101318123-101318213:-	detected_at_baseline_only	-0.174	0.174	97	TRUE	TRUE
IFT22	1hr	chr7:101314988:T>C	chr7:101318123-101318213:-	detected_at_baseline_only	0.075	0.075	193	FALSE	TRUE
IFT22	6hr	chr7:101314988:T>C	chr7:101318123-101318213:-	detected_at_baseline_only	-0.023	0.023	143	FALSE	TRUE
IFT74	0hr	chr9:26978260:A>G	chr9:26956478-26956516:+	detected_after_stim	0.001	0.001	132	FALSE	TRUE
IFT74	1hr	chr9:26978260:A>G	chr9:26956478-26956516:+	detected_after_stim	-0.079	0.079	179	FALSE	TRUE
IFT74	6hr	chr9:26978260:A>G	chr9:26956478-26956516:+	detected_after_stim	-0.26	0.26	96	TRUE	TRUE
IGSF8	0hr	chr1:160091593:C>T	chr1:160098798-160098828:-	detected_after_stim	-0.043	0.043	75	FALSE	TRUE
IGSF8	1hr	chr1:160091593:C>T	chr1:160098798-160098828:-	detected_after_stim	-0.289	0.289	143	TRUE	TRUE
IGSF8	6hr	chr1:160091593:C>T	chr1:160098798-160098828:-	detected_after_stim	-0.132	0.132	105	FALSE	TRUE
IL17RD	0hr	chr3:57165321:C>A	chr3:57165160-57165178:-	post_stim_only				FALSE	FALSE
IL17RD	1hr	chr3:57165321:C>A	chr3:57165160-57165178:-	post_stim_only	-0.1	0.1	77	TRUE	TRUE
IL17RD	6hr	chr3:57165321:C>A	chr3:57165160-57165178:-	post_stim_only				FALSE	FALSE
ILK	0hr	chr11:6608773:G>T	chr11:6603822-6604179:+	other	0.507	0.507	55	TRUE	TRUE
ILK	1hr	chr11:6608773:G>T	chr11:6603822-6604179:+	other				FALSE	FALSE
ILK	6hr	chr11:6608773:G>T	chr11:6603822-6604179:+	other				FALSE	FALSE
ILVBL	0hr	chr19:15116158:G>A	chr19:15124924-15125069:-	detected_after_stim	0.082	0.082	119	FALSE	TRUE
ILVBL	1hr	chr19:15116158:G>A	chr19:15124924-15125069:-	detected_after_stim	0.134	0.134	128	TRUE	TRUE
ILVBL	6hr	chr19:15116158:G>A	chr19:15124924-15125069:-	detected_after_stim	-0.025	0.025	183	FALSE	TRUE
IMMT	0hr	chr2:86159628:C>T	chr2:86171312-86171345:-	detected_after_stim	0.074	0.074	167	FALSE	TRUE
IMMT	1hr	chr2:86159628:C>T	chr2:86171312-86171345:-	detected_after_stim	0.111	0.111	309	FALSE	TRUE
IMMT	6hr	chr2:86159628:C>T	chr2:86171312-86171345:-	detected_after_stim	0.16	0.16	320	TRUE	TRUE
IMP4	0hr	chr2:130346061:C>T	chr2:130346112-130346200:+	detected_at_baseline_only	0.214	0.214	100	TRUE	TRUE
IMP4	1hr	chr2:130346061:C>T	chr2:130346112-130346200:+	detected_at_baseline_only	0.077	0.077	120	FALSE	TRUE
IMP4	6hr	chr2:130346061:C>T	chr2:130346112-130346200:+	detected_at_baseline_only	0	0	120	FALSE	TRUE
IMPA1	0hr	chr8:81676239:A>T	chr8:81670939-81670977:-	post_stim_only				FALSE	FALSE
IMPA1	1hr	chr8:81676239:A>T	chr8:81670939-81670977:-	post_stim_only	-0.248	0.248	158	TRUE	TRUE
IMPA1	6hr	chr8:81676239:A>T	chr8:81670939-81670977:-	post_stim_only				FALSE	FALSE
INPP5F	0hr	chr10:119791641:G>A	chr10:119792036-119792156:+	detected_after_stim	0.016	0.016	59	FALSE	TRUE
INPP5F	1hr	chr10:119791641:G>A	chr10:119792036-119792156:+	detected_after_stim	-0.164	0.164	137	TRUE	TRUE
INPP5F	6hr	chr10:119791641:G>A	chr10:119792036-119792156:+	detected_after_stim	-0.105	0.105	133	FALSE	TRUE
INTS11	0hr	chr1:1312113:T>C	chr1:1313124-1313508:-	post_stim_only				FALSE	FALSE
INTS11	1hr	chr1:1312113:T>C	chr1:1313124-1313508:-	post_stim_only	-0.063	0.063	182	FALSE	TRUE
INTS11	6hr	chr1:1312113:T>C	chr1:1313124-1313508:-	post_stim_only	-0.183	0.183	204	TRUE	TRUE
INTS8	0hr	chr8:94876078:C>T	chr8:94867196-94867275:+	post_stim_only				FALSE	FALSE
INTS8	1hr	chr8:94876078:C>T	chr8:94867196-94867275:+	post_stim_only	0.058	0.058	40	FALSE	TRUE
INTS8	6hr	chr8:94876078:C>T	chr8:94867196-94867275:+	post_stim_only	0.144	0.144	115	TRUE	TRUE
IQCK	0hr	chr16:19735435:G>A	chr16:19763847-19763900:+	post_stim_only				FALSE	FALSE
IQCK	1hr	chr16:19735435:G>A	chr16:19763847-19763900:+	post_stim_only	-0.549	0.549	34	TRUE	TRUE
IQCK	6hr	chr16:19735435:G>A	chr16:19763847-19763900:+	post_stim_only	-0.3	0.3	36	TRUE	TRUE
IRAK1BP1	0hr	chr6:78885379:A>G	chr6:78903110-78903502:+	post_stim_only				FALSE	FALSE
IRAK1BP1	1hr	chr6:78885379:A>G	chr6:78903110-78903502:+	post_stim_only	0.498	0.498	34	TRUE	TRUE
IRAK1BP1	6hr	chr6:78885379:A>G	chr6:78903110-78903502:+	post_stim_only	0.153	0.153	62	FALSE	TRUE
ISOC2	0hr	chr19:55456480:C>T	chr19:55455331-55455378:-	detected_after_stim	0.043	0.043	153	FALSE	TRUE
ISOC2	1hr	chr19:55456480:C>T	chr19:55455331-55455378:-	detected_after_stim				FALSE	FALSE
ISOC2	6hr	chr19:55456480:C>T	chr19:55455331-55455378:-	detected_after_stim	-0.215	0.215	185	TRUE	TRUE
ITCH	0hr	chr20:34369409:G>A	chr20:34510417-34510737:+	post_stim_only				FALSE	FALSE
ITCH	1hr	chr20:34369409:G>A	chr20:34510417-34510737:+	post_stim_only	-0.025	0.025	98	FALSE	TRUE
ITCH	6hr	chr20:34369409:G>A	chr20:34510417-34510737:+	post_stim_only	-0.255	0.255	126	TRUE	TRUE
ITGB1	0hr	chr10:32925873:A>G	chr10:32907062-32907143:-	detected_after_stim	-0.105	0.105	151	FALSE	TRUE
ITGB1	1hr	chr10:32925873:A>G	chr10:32907062-32907143:-	detected_after_stim	-0.094	0.094	217	FALSE	TRUE
ITGB1	6hr	chr10:32925873:A>G	chr10:32907062-32907143:-	detected_after_stim	0.171	0.171	216	TRUE	TRUE
ITPA	0hr	chr20:3223437:G>A	chr20:3221752-3221840:+	detected_at_baseline_only	-0.111	0.111	226	TRUE	TRUE
ITPA	1hr	chr20:3223437:G>A	chr20:3221752-3221840:+	detected_at_baseline_only	0.002	0.002	361	FALSE	TRUE
ITPA	6hr	chr20:3223437:G>A	chr20:3221752-3221840:+	detected_at_baseline_only	-0.054	0.054	351	FALSE	TRUE
IVNS1ABP	0hr	chr1:185297981:A>G	chr1:185306500-185306625:-	post_stim_only				FALSE	FALSE
IVNS1ABP	1hr	chr1:185297981:A>G	chr1:185306500-185306625:-	post_stim_only	-0.137	0.137	36	FALSE	TRUE
IVNS1ABP	6hr	chr1:185297981:A>G	chr1:185306500-185306625:-	post_stim_only	-0.486	0.486	34	TRUE	TRUE
JAK1	0hr	chr1:64869378:A>G	chr1:64956933-64957017:-	other	-0.242	0.242	103	TRUE	TRUE
JAK1	1hr	chr1:64869378:A>G	chr1:64956933-64957017:-	other				FALSE	FALSE
JAK1	6hr	chr1:64869378:A>G	chr1:64956933-64957017:-	other	0.041	0.041	165	FALSE	TRUE
JAKMIP2	0hr	chr5:147644912:C>A	chr5:147601740-147601811:-	post_stim_only				FALSE	FALSE
JAKMIP2	1hr	chr5:147644912:C>A	chr5:147601740-147601811:-	post_stim_only				FALSE	FALSE
JAKMIP2	6hr	chr5:147644912:C>A	chr5:147601740-147601811:-	post_stim_only	0.41	0.41	128	TRUE	TRUE
JKAMP	0hr	chr14:59504320:T>G	chr14:59486712-59486730:+	detected_at_baseline_only	-0.348	0.348	187	TRUE	TRUE
JKAMP	1hr	chr14:59504320:T>G	chr14:59486712-59486730:+	detected_at_baseline_only	-0.158	0.158	303	FALSE	TRUE
JKAMP	6hr	chr14:59504320:T>G	chr14:59486712-59486730:+	detected_at_baseline_only	0.013	0.013	268	FALSE	TRUE
JMJD1C	0hr	chr10:63168062:C>G	chr10:63168566-63169519:-	post_stim_only	0.03	0.03	44	FALSE	FALSE
JMJD1C	1hr	chr10:63168062:C>G	chr10:63168566-63169519:-	post_stim_only	0.007	0.007	60	FALSE	TRUE
JMJD1C	6hr	chr10:63168062:C>G	chr10:63168566-63169519:-	post_stim_only	0.243	0.243	157	TRUE	TRUE
KANSL1	0hr	chr17:46171991:C>T	chr17:46170276-46170854:-	all_timepoints	-0.403	0.403	152	TRUE	TRUE
KANSL1	1hr	chr17:46171991:C>T	chr17:46170276-46170854:-	all_timepoints	-0.259	0.259	206	TRUE	TRUE
KANSL1	6hr	chr17:46171991:C>T	chr17:46170276-46170854:-	all_timepoints	-0.296	0.296	310	TRUE	TRUE
KARS1	0hr	chr16:75641710:T>C	chr16:75639781-75640183:-	detected_after_stim	0.006	0.006	160	FALSE	TRUE
KARS1	1hr	chr16:75641710:T>C	chr16:75639781-75640183:-	detected_after_stim	-0.06	0.06	240	FALSE	TRUE
KARS1	6hr	chr16:75641710:T>C	chr16:75639781-75640183:-	detected_after_stim	0.114	0.114	227	TRUE	TRUE
KAT6B	0hr	chr10:74842910:G>A	chr10:74960078-74960578:+	post_stim_only				FALSE	FALSE
KAT6B	1hr	chr10:74842910:G>A	chr10:74960078-74960578:+	post_stim_only	-0.22	0.22	170	TRUE	TRUE
KAT6B	6hr	chr10:74842910:G>A	chr10:74960078-74960578:+	post_stim_only				FALSE	FALSE
KC6	0hr	chr18:41521399:C>T	chr18:41594345-41594468:-	post_stim_only	0.455	0.455	32	FALSE	FALSE
KC6	1hr	chr18:41521399:C>T	chr18:41594345-41594468:-	post_stim_only	0.52	0.52	59	TRUE	TRUE
KC6	6hr	chr18:41521399:C>T	chr18:41594345-41594468:-	post_stim_only				FALSE	FALSE
KCNB2	0hr	chr8:72568169:G>A	chr8:72568313-72568454:+	all_timepoints	-0.236	0.236	215	TRUE	TRUE
KCNB2	1hr	chr8:72568169:G>A	chr8:72568313-72568454:+	all_timepoints	-0.24	0.24	333	TRUE	TRUE
KCNB2	6hr	chr8:72568169:G>A	chr8:72568313-72568454:+	all_timepoints	-0.283	0.283	292	TRUE	TRUE
KCNMA1	0hr	chr10:76970036:G>T	chr10:76970067-76970999:-	other	-0.171	0.171	88	TRUE	TRUE
KCNMA1	1hr	chr10:76970036:G>T	chr10:76970067-76970999:-	other				FALSE	FALSE
KCNMA1	6hr	chr10:76970036:G>T	chr10:76970067-76970999:-	other				FALSE	FALSE
KDM4B	0hr	chr19:5151893:G>A	chr19:5070617-5071009:+	post_stim_only				FALSE	FALSE
KDM4B	1hr	chr19:5151893:G>A	chr19:5070617-5071009:+	post_stim_only				FALSE	FALSE
KDM4B	6hr	chr19:5151893:G>A	chr19:5070617-5071009:+	post_stim_only	0.25	0.25	82	TRUE	TRUE
KDM5B	0hr	chr1:202735503:C>T	chr1:202735171-202735428:-	detected_after_stim	-0.056	0.056	120	FALSE	TRUE
KDM5B	1hr	chr1:202735503:C>T	chr1:202735171-202735428:-	detected_after_stim	-0.204	0.204	171	TRUE	TRUE
KDM5B	6hr	chr1:202735503:C>T	chr1:202735171-202735428:-	detected_after_stim	-0.075	0.075	224	FALSE	TRUE
KIAA0408	0hr	chr6:127447536:C>T	chr6:127451216-127451281:-	detected_after_stim	0.252	0.252	57	FALSE	TRUE
KIAA0408	1hr	chr6:127447536:C>T	chr6:127451216-127451281:-	detected_after_stim	0.184	0.184	92	FALSE	TRUE
KIAA0408	6hr	chr6:127447536:C>T	chr6:127451216-127451281:-	detected_after_stim	0.398	0.398	87	TRUE	TRUE
KIF1B	0hr	chr1:10376833:A>AAC	chr1:10355369-10355396:+	other	0.369	0.369	75	TRUE	TRUE
KIF1B	1hr	chr1:10376833:A>AAC	chr1:10355369-10355396:+	other				FALSE	FALSE
KIF1B	6hr	chr1:10376833:A>AAC	chr1:10355369-10355396:+	other				FALSE	FALSE
KIF2A	0hr	chr5:62306222:C>T	chr5:62353375-62354314:+	detected_after_stim	0.022	0.022	152	FALSE	TRUE
KIF2A	1hr	chr5:62306222:C>T	chr5:62353375-62354314:+	detected_after_stim	0.118	0.118	229	TRUE	TRUE
KIF2A	6hr	chr5:62306222:C>T	chr5:62353375-62354314:+	detected_after_stim				FALSE	FALSE
KIF5A	0hr	chr12:57569597:G>A	chr12:57563438-57563526:+	post_stim_only				FALSE	FALSE
KIF5A	1hr	chr12:57569597:G>A	chr12:57563438-57563526:+	post_stim_only	0.026	0.026	719	FALSE	TRUE
KIF5A	6hr	chr12:57569597:G>A	chr12:57563438-57563526:+	post_stim_only	0.119	0.119	714	TRUE	TRUE
KLF6	0hr	chr10:3779313:G>A	chr10:3781640-3781794:-	detected_after_stim	0.036	0.036	222	FALSE	TRUE
KLF6	1hr	chr10:3779313:G>A	chr10:3781640-3781794:-	detected_after_stim	-0.214	0.214	245	TRUE	TRUE
KLF6	6hr	chr10:3779313:G>A	chr10:3781640-3781794:-	detected_after_stim				FALSE	FALSE
KLHL7	0hr	chr7:23125081:C>T	chr7:23144025-23144947:+	detected_after_stim	0.032	0.032	116	FALSE	TRUE
KLHL7	1hr	chr7:23125081:C>T	chr7:23144025-23144947:+	detected_after_stim	-0.119	0.119	132	TRUE	TRUE
KLHL7	6hr	chr7:23125081:C>T	chr7:23144025-23144947:+	detected_after_stim	-0.029	0.029	236	FALSE	TRUE
KMT2C	0hr	chr7:152202994:A>T	chr7:152202859-152202933:-	post_stim_only				FALSE	FALSE
KMT2C	1hr	chr7:152202994:A>T	chr7:152202859-152202933:-	post_stim_only	-0.133	0.133	155	TRUE	TRUE
KMT2C	6hr	chr7:152202994:A>T	chr7:152202859-152202933:-	post_stim_only				FALSE	FALSE
KNOP1	0hr	chr16:19714252:G>A	chr16:19717350-19717485:-	other	0.231	0.231	64	TRUE	TRUE
KNOP1	1hr	chr16:19714252:G>A	chr16:19717350-19717485:-	other	0	0	60	FALSE	TRUE
KNOP1	6hr	chr16:19714252:G>A	chr16:19717350-19717485:-	other				FALSE	FALSE
KPNA2	0hr	chr17:68035783:T>C	chr17:68045925-68046503:+	detected_at_baseline_only	0.175	0.175	100	TRUE	TRUE
KPNA2	1hr	chr17:68035783:T>C	chr17:68045925-68046503:+	detected_at_baseline_only	0.048	0.048	224	FALSE	TRUE
KPNA2	6hr	chr17:68035783:T>C	chr17:68045925-68046503:+	detected_at_baseline_only	0.019	0.019	588	FALSE	TRUE
KPNA5	0hr	chr6:116689435:C>A	chr6:116692054-116692156:+	post_stim_only				FALSE	FALSE
KPNA5	1hr	chr6:116689435:C>A	chr6:116692054-116692156:+	post_stim_only	0.008	0.008	161	FALSE	TRUE
KPNA5	6hr	chr6:116689435:C>A	chr6:116692054-116692156:+	post_stim_only	-0.19	0.19	210	TRUE	TRUE
KRAS	0hr	chr12:25209184:C>T	chr12:25228774-25228891:-	post_stim_only				FALSE	FALSE
KRAS	1hr	chr12:25209184:C>T	chr12:25228774-25228891:-	post_stim_only	0.173	0.173	51	FALSE	TRUE
KRAS	6hr	chr12:25209184:C>T	chr12:25228774-25228891:-	post_stim_only	0.176	0.176	87	TRUE	TRUE
KRT8	0hr	chr12:52905050:T>G	chr12:52900683-52901158:-	detected_after_stim	0.181	0.181	74	FALSE	TRUE
KRT8	1hr	chr12:52905050:T>G	chr12:52900683-52901158:-	detected_after_stim	0.226	0.226	101	TRUE	TRUE
KRT8	6hr	chr12:52905050:T>G	chr12:52900683-52901158:-	detected_after_stim	0.151	0.151	216	TRUE	TRUE
KTN1	0hr	chr14:55630012:A>G	chr14:55663954-55664041:+	detected_after_stim	0.024	0.024	130	FALSE	TRUE
KTN1	1hr	chr14:55630012:A>G	chr14:55663954-55664041:+	detected_after_stim	0.001	0.001	240	FALSE	TRUE
KTN1	6hr	chr14:55630012:A>G	chr14:55663954-55664041:+	detected_after_stim	0.105	0.105	271	TRUE	TRUE
LAMTOR1	0hr	chr11:72103234:G>C	chr11:72097914-72098288:-	detected_at_baseline_only	0.141	0.141	362	TRUE	TRUE
LAMTOR1	1hr	chr11:72103234:G>C	chr11:72097914-72098288:-	detected_at_baseline_only	0.09	0.09	432	FALSE	TRUE
LAMTOR1	6hr	chr11:72103234:G>C	chr11:72097914-72098288:-	detected_at_baseline_only	0.093	0.093	469	FALSE	TRUE
LAMTOR4	0hr	chr7:100149506:G>A	chr7:100148993-100149053:+	other	-0.143	0.143	514	TRUE	TRUE
LAMTOR4	1hr	chr7:100149506:G>A	chr7:100148993-100149053:+	other	-0.11	0.11	911	TRUE	TRUE
LAMTOR4	6hr	chr7:100149506:G>A	chr7:100148993-100149053:+	other	-0.08	0.08	1204	FALSE	TRUE
LARP1B	0hr	chr4:128091025:G>A	chr4:128062131-128062219:+	detected_after_stim	0.014	0.014	42	FALSE	TRUE
LARP1B	1hr	chr4:128091025:G>A	chr4:128062131-128062219:+	detected_after_stim	0.1	0.1	51	FALSE	TRUE
LARP1B	6hr	chr4:128091025:G>A	chr4:128062131-128062219:+	detected_after_stim	-0.471	0.471	45	TRUE	TRUE
LARS1	0hr	chr5:146120432:C>T	chr5:146149621-146149657:-	detected_at_baseline_only	-0.279	0.279	82	TRUE	TRUE
LARS1	1hr	chr5:146120432:C>T	chr5:146149621-146149657:-	detected_at_baseline_only	-0.031	0.031	111	FALSE	TRUE
LARS1	6hr	chr5:146120432:C>T	chr5:146149621-146149657:-	detected_at_baseline_only	0.031	0.031	112	FALSE	TRUE
LEPROT	0hr	chr1:65420714:T>C	chr1:65421327-65421459:+	detected_after_stim	0.2	0.2	103	FALSE	TRUE
LEPROT	1hr	chr1:65420714:T>C	chr1:65421327-65421459:+	detected_after_stim	0.241	0.241	181	TRUE	TRUE
LEPROT	6hr	chr1:65420714:T>C	chr1:65421327-65421459:+	detected_after_stim	0.338	0.338	157	TRUE	TRUE
LEPROTL1	0hr	chr8:30095418:T>G	chr8:30108000-30108524:+	other	-0.187	0.187	88	TRUE	TRUE
LEPROTL1	1hr	chr8:30095418:T>G	chr8:30108000-30108524:+	other				FALSE	FALSE
LEPROTL1	6hr	chr8:30095418:T>G	chr8:30108000-30108524:+	other				FALSE	FALSE
LGALS8	0hr	chr1:236548022:T>C	chr1:236540563-236540683:+	post_stim_only				FALSE	FALSE
LGALS8	1hr	chr1:236548022:T>C	chr1:236540563-236540683:+	post_stim_only	-0.127	0.127	70	FALSE	TRUE
LGALS8	6hr	chr1:236548022:T>C	chr1:236540563-236540683:+	post_stim_only	0.285	0.285	83	TRUE	TRUE
LGMN	0hr	chr14:92704647:C>T	chr14:92704639-92704707:-	detected_at_baseline_only	-0.101	0.101	124	TRUE	TRUE
LGMN	1hr	chr14:92704647:C>T	chr14:92704639-92704707:-	detected_at_baseline_only	0.043	0.043	176	FALSE	TRUE
LGMN	6hr	chr14:92704647:C>T	chr14:92704639-92704707:-	detected_at_baseline_only	-0.018	0.018	134	FALSE	TRUE
LIG1	0hr	chr19:48119169:A>G	chr19:48151231-48151296:-	post_stim_only				FALSE	FALSE
LIG1	1hr	chr19:48119169:A>G	chr19:48151231-48151296:-	post_stim_only	0.3	0.3	26	TRUE	TRUE
LIG1	6hr	chr19:48119169:A>G	chr19:48151231-48151296:-	post_stim_only				FALSE	FALSE
LIG3	0hr	chr17:34980566:G>A	chr17:34989663-34989880:+	detected_at_baseline_only	0.248	0.248	95	TRUE	TRUE
LIG3	1hr	chr17:34980566:G>A	chr17:34989663-34989880:+	detected_at_baseline_only	0.087	0.087	159	FALSE	TRUE
LIG3	6hr	chr17:34980566:G>A	chr17:34989663-34989880:+	detected_at_baseline_only	0.06	0.06	182	FALSE	TRUE
LINC-PINT	0hr	chr7:131052078:T>C	chr7:131088319-131088474:-	post_stim_only				FALSE	FALSE
LINC-PINT	1hr	chr7:131052078:T>C	chr7:131088319-131088474:-	post_stim_only	0.1	0.1	60	TRUE	TRUE
LINC-PINT	6hr	chr7:131052078:T>C	chr7:131088319-131088474:-	post_stim_only				FALSE	FALSE
LINC00205	0hr	chr21:45290616:G>A	chr21:45293522-45294777:+	detected_after_stim	0.052	0.052	86	FALSE	TRUE
LINC00205	1hr	chr21:45290616:G>A	chr21:45293522-45294777:+	detected_after_stim	-0.025	0.025	184	FALSE	TRUE
LINC00205	6hr	chr21:45290616:G>A	chr21:45293522-45294777:+	detected_after_stim	0.173	0.173	148	TRUE	TRUE
LINC00621	0hr	chr13:22915780:C>T	chr13:22896360-22896477:-	post_stim_only				FALSE	FALSE
LINC00621	1hr	chr13:22915780:C>T	chr13:22896360-22896477:-	post_stim_only	0.165	0.165	70	TRUE	TRUE
LINC00621	6hr	chr13:22915780:C>T	chr13:22896360-22896477:-	post_stim_only				FALSE	FALSE
LINC00667	0hr	chr18:5238942:C>G	chr18:5239196-5239213:+	post_stim_only				FALSE	FALSE
LINC00667	1hr	chr18:5238942:C>G	chr18:5239196-5239213:+	post_stim_only	-0.433	0.433	40	TRUE	TRUE
LINC00667	6hr	chr18:5238942:C>G	chr18:5239196-5239213:+	post_stim_only				FALSE	FALSE
LINC00888	0hr	chr3:183455513:G>A	chr3:183452077-183452351:+	other	-0.308	0.308	68	TRUE	TRUE
LINC00888	1hr	chr3:183455513:G>A	chr3:183452077-183452351:+	other	0.054	0.054	89	FALSE	TRUE
LINC00888	6hr	chr3:183455513:G>A	chr3:183452077-183452351:+	other				FALSE	FALSE
LINC02987	0hr	chr19:27798246:A>G	chr19:27794681-27794697:+	post_stim_only				FALSE	FALSE
LINC02987	1hr	chr19:27798246:A>G	chr19:27794681-27794697:+	post_stim_only	0.062	0.062	68	FALSE	TRUE
LINC02987	6hr	chr19:27798246:A>G	chr19:27794681-27794697:+	post_stim_only	-0.229	0.229	84	TRUE	TRUE
LINC03000	0hr	chr5:164354184:T>A	chr5:164354224-164354750:+	post_stim_only				FALSE	FALSE
LINC03000	1hr	chr5:164354184:T>A	chr5:164354224-164354750:+	post_stim_only				FALSE	FALSE
LINC03000	6hr	chr5:164354184:T>A	chr5:164354224-164354750:+	post_stim_only	-0.348	0.348	125	TRUE	TRUE
LINC03011	0hr	chr7:66495269:G>C	chr7:66494025-66494212:+	post_stim_only				FALSE	FALSE
LINC03011	1hr	chr7:66495269:G>C	chr7:66494025-66494212:+	post_stim_only	-0.304	0.304	43	TRUE	TRUE
LINC03011	6hr	chr7:66495269:G>C	chr7:66494025-66494212:+	post_stim_only				FALSE	FALSE
LINS1	0hr	chr15:100580757:T>C	chr15:100574815-100574986:-	detected_after_stim	0.185	0.185	59	FALSE	TRUE
LINS1	1hr	chr15:100580757:T>C	chr15:100574815-100574986:-	detected_after_stim	0.107	0.107	80	TRUE	TRUE
LINS1	6hr	chr15:100580757:T>C	chr15:100574815-100574986:-	detected_after_stim	0.227	0.227	103	TRUE	TRUE
LMBRD1	0hr	chr6:69675816:G>A	chr6:69796597-69796608:-	other	0.769	0.769	77	TRUE	TRUE
LMBRD1	1hr	chr6:69675816:G>A	chr6:69796597-69796608:-	other				FALSE	FALSE
LMBRD1	6hr	chr6:69675816:G>A	chr6:69796597-69796608:-	other	0.838	0.838	118	TRUE	TRUE
LMNA	0hr	chr1:156137742:C>T	chr1:156114669-156114710:+	detected_at_baseline_only	0.381	0.381	94	TRUE	TRUE
LMNA	1hr	chr1:156137742:C>T	chr1:156114669-156114710:+	detected_at_baseline_only	0.055	0.055	117	FALSE	TRUE
LMNA	6hr	chr1:156137742:C>T	chr1:156114669-156114710:+	detected_at_baseline_only	-0.164	0.164	150	FALSE	TRUE
LNPK	0hr	chr2:175964388:G>C	chr2:175940987-175941080:-	other	-0.295	0.295	105	TRUE	TRUE
LNPK	1hr	chr2:175964388:G>C	chr2:175940987-175941080:-	other	-0.015	0.015	165	FALSE	TRUE
LNPK	6hr	chr2:175964388:G>C	chr2:175940987-175941080:-	other				FALSE	FALSE
LRPPRC	0hr	chr2:43995991:C>T	chr2:43958985-43959107:-	post_stim_only				FALSE	FALSE
LRPPRC	1hr	chr2:43995991:C>T	chr2:43958985-43959107:-	post_stim_only	-0.186	0.186	178	FALSE	TRUE
LRPPRC	6hr	chr2:43995991:C>T	chr2:43958985-43959107:-	post_stim_only	-0.195	0.195	187	TRUE	TRUE
LRRFIP2	0hr	chr3:37083646:C>T	chr3:37066223-37066325:-	post_stim_only				FALSE	FALSE
LRRFIP2	1hr	chr3:37083646:C>T	chr3:37066223-37066325:-	post_stim_only	-0.325	0.325	142	TRUE	TRUE
LRRFIP2	6hr	chr3:37083646:C>T	chr3:37066223-37066325:-	post_stim_only	-0.324	0.324	129	TRUE	TRUE
LSG1	0hr	chr3:194666570:C>T	chr3:194660741-194660886:-	detected_after_stim	0.036	0.036	120	FALSE	TRUE
LSG1	1hr	chr3:194666570:C>T	chr3:194660741-194660886:-	detected_after_stim	0.107	0.107	115	TRUE	TRUE
LSG1	6hr	chr3:194666570:C>T	chr3:194660741-194660886:-	detected_after_stim	0.043	0.043	181	FALSE	TRUE
LSM1	0hr	chr8:38176470:G>C	chr8:38169801-38169917:-	detected_after_stim	-0.053	0.053	74	FALSE	TRUE
LSM1	1hr	chr8:38176470:G>C	chr8:38169801-38169917:-	detected_after_stim	-0.046	0.046	80	FALSE	TRUE
LSM1	6hr	chr8:38176470:G>C	chr8:38169801-38169917:-	detected_after_stim	0.114	0.114	82	TRUE	TRUE
LSM5	0hr	chr7:32490323:G>C	chr7:32490130-32490319:-	detected_after_stim	0.001	0.001	126	FALSE	TRUE
LSM5	1hr	chr7:32490323:G>C	chr7:32490130-32490319:-	detected_after_stim				FALSE	FALSE
LSM5	6hr	chr7:32490323:G>C	chr7:32490130-32490319:-	detected_after_stim	-0.202	0.202	179	TRUE	TRUE
LTN1	0hr	chr21:28984841:G>T	chr21:28961316-28961533:-	detected_after_stim	-0.018	0.018	83	FALSE	TRUE
LTN1	1hr	chr21:28984841:G>T	chr21:28961316-28961533:-	detected_after_stim				FALSE	FALSE
LTN1	6hr	chr21:28984841:G>T	chr21:28961316-28961533:-	detected_after_stim	0.328	0.328	130	TRUE	TRUE
LUC7L3	0hr	chr17:50741683:G>A	chr17:50737286-50737360:+	all_timepoints	0.103	0.103	1157	TRUE	TRUE
LUC7L3	1hr	chr17:50741683:G>A	chr17:50737286-50737360:+	all_timepoints	0.163	0.163	1907	TRUE	TRUE
LUC7L3	6hr	chr17:50741683:G>A	chr17:50737286-50737360:+	all_timepoints	0.135	0.135	1984	TRUE	TRUE
LUZP1	0hr	chr1:23093442:G>T	chr1:23109584-23109650:-	post_stim_only				FALSE	FALSE
LUZP1	1hr	chr1:23093442:G>T	chr1:23109584-23109650:-	post_stim_only				FALSE	FALSE
LUZP1	6hr	chr1:23093442:G>T	chr1:23109584-23109650:-	post_stim_only	0.376	0.376	70	TRUE	TRUE
LYRM2	0hr	chr6:89637791:T>C	chr6:89636175-89636637:-	detected_at_baseline_only	0.19	0.19	50	TRUE	TRUE
LYRM2	1hr	chr6:89637791:T>C	chr6:89636175-89636637:-	detected_at_baseline_only	0.061	0.061	66	FALSE	TRUE
LYRM2	6hr	chr6:89637791:T>C	chr6:89636175-89636637:-	detected_at_baseline_only	-0.092	0.092	67	FALSE	TRUE
LYST	0hr	chr1:235791849:G>A	chr1:235791572-235791698:-	post_stim_only				FALSE	FALSE
LYST	1hr	chr1:235791849:G>A	chr1:235791572-235791698:-	post_stim_only	0.302	0.302	204	TRUE	TRUE
LYST	6hr	chr1:235791849:G>A	chr1:235791572-235791698:-	post_stim_only				FALSE	FALSE
LZIC	0hr	chr1:9930408:G>T	chr1:9926292-9929719:-	all_timepoints	-0.476	0.476	39	TRUE	TRUE
LZIC	1hr	chr1:9930408:G>T	chr1:9926292-9929719:-	all_timepoints	-0.293	0.293	161	TRUE	TRUE
LZIC	6hr	chr1:9930408:G>T	chr1:9926292-9929719:-	all_timepoints	-0.56	0.56	101	TRUE	TRUE
LZTR1	0hr	chr22:20987410:G>A	chr22:20987320-20987410:+	post_stim_only				FALSE	FALSE
LZTR1	1hr	chr22:20987410:G>A	chr22:20987320-20987410:+	post_stim_only	0.222	0.222	47	TRUE	TRUE
LZTR1	6hr	chr22:20987410:G>A	chr22:20987320-20987410:+	post_stim_only				FALSE	FALSE
MACF1	0hr	chr1:39284389:G>A	chr1:39083362-39083417:+	post_stim_only				FALSE	FALSE
MACF1	1hr	chr1:39284389:G>A	chr1:39083362-39083417:+	post_stim_only	0.507	0.507	42	TRUE	TRUE
MACF1	6hr	chr1:39284389:G>A	chr1:39083362-39083417:+	post_stim_only				FALSE	FALSE
MACROH2A1	0hr	chr5:135388931:T>C	chr5:135339427-135339575:-	detected_after_stim	0.013	0.013	343	FALSE	TRUE
MACROH2A1	1hr	chr5:135388931:T>C	chr5:135339427-135339575:-	detected_after_stim	0.11	0.11	499	TRUE	TRUE
MACROH2A1	6hr	chr5:135388931:T>C	chr5:135339427-135339575:-	detected_after_stim	-0.013	0.013	587	FALSE	TRUE
MADD	0hr	chr11:47290794:G>A	chr11:47326737-47326807:+	post_stim_only				FALSE	FALSE
MADD	1hr	chr11:47290794:G>A	chr11:47326737-47326807:+	post_stim_only	0.226	0.226	115	TRUE	TRUE
MADD	6hr	chr11:47290794:G>A	chr11:47326737-47326807:+	post_stim_only	0.125	0.125	113	FALSE	TRUE
MAEA	0hr	chr4:1336970:T>C	chr4:1309442-1309466:+	post_stim_only				FALSE	FALSE
MAEA	1hr	chr4:1336970:T>C	chr4:1309442-1309466:+	post_stim_only	-0.054	0.054	70	FALSE	TRUE
MAEA	6hr	chr4:1336970:T>C	chr4:1309442-1309466:+	post_stim_only	0.111	0.111	103	TRUE	TRUE
MALAT1	0hr	chr11:65503658:A>G	chr11:65505503-65505590:+	detected_at_baseline_only	0.254	0.254	193	TRUE	TRUE
MALAT1	1hr	chr11:65503658:A>G	chr11:65505503-65505590:+	detected_at_baseline_only	-0.018	0.018	222	FALSE	TRUE
MALAT1	6hr	chr11:65503658:A>G	chr11:65505503-65505590:+	detected_at_baseline_only	-0.164	0.164	224	FALSE	TRUE
MAP1B	0hr	chr5:72107445:T>C	chr5:72194081-72195181:+	detected_after_stim	-0.036	0.036	228	FALSE	TRUE
MAP1B	1hr	chr5:72107445:T>C	chr5:72194081-72195181:+	detected_after_stim	-0.052	0.052	427	FALSE	TRUE
MAP1B	6hr	chr5:72107445:T>C	chr5:72194081-72195181:+	detected_after_stim	-0.173	0.173	508	TRUE	TRUE
MAP1LC3B	0hr	chr16:87403500:G>A	chr16:87392467-87393319:+	detected_after_stim	0.008	0.008	66	FALSE	TRUE
MAP1LC3B	1hr	chr16:87403500:G>A	chr16:87392467-87393319:+	detected_after_stim				FALSE	FALSE
MAP1LC3B	6hr	chr16:87403500:G>A	chr16:87392467-87393319:+	detected_after_stim	0.135	0.135	187	TRUE	TRUE
MAP2	0hr	chr2:209692655:C>T	chr2:209579438-209579608:+	detected_at_baseline_only	-0.323	0.323	72	TRUE	TRUE
MAP2	1hr	chr2:209692655:C>T	chr2:209579438-209579608:+	detected_at_baseline_only	0.102	0.102	126	FALSE	TRUE
MAP2	6hr	chr2:209692655:C>T	chr2:209579438-209579608:+	detected_at_baseline_only	-0.119	0.119	133	FALSE	TRUE
MAP2K4	0hr	chr17:12110401:G>A	chr17:12081355-12081530:+	post_stim_only				FALSE	FALSE
MAP2K4	1hr	chr17:12110401:G>A	chr17:12081355-12081530:+	post_stim_only	0.167	0.167	63	TRUE	TRUE
MAP2K4	6hr	chr17:12110401:G>A	chr17:12081355-12081530:+	post_stim_only				FALSE	FALSE
MAP3K4	0hr	chr6:161117217:G>A	chr6:161098277-161098427:+	post_stim_only				FALSE	FALSE
MAP3K4	1hr	chr6:161117217:G>A	chr6:161098277-161098427:+	post_stim_only	-0.222	0.222	30	FALSE	TRUE
MAP3K4	6hr	chr6:161117217:G>A	chr6:161098277-161098427:+	post_stim_only	0.46	0.46	47	TRUE	TRUE
MAP3K9-DT	0hr	chr14:70815332:G>A	chr14:70810291-70810323:+	post_stim_only				FALSE	FALSE
MAP3K9-DT	1hr	chr14:70815332:G>A	chr14:70810291-70810323:+	post_stim_only	-0.158	0.158	100	FALSE	FALSE
MAP3K9-DT	6hr	chr14:70815332:G>A	chr14:70810291-70810323:+	post_stim_only	-0.192	0.192	133	TRUE	TRUE
MAP4K3-DT	0hr	chr2:39453844:A>G	chr2:39557981-39558046:+	detected_after_stim	0	0	124	FALSE	TRUE
MAP4K3-DT	1hr	chr2:39453844:A>G	chr2:39557981-39558046:+	detected_after_stim	-0.177	0.177	250	TRUE	TRUE
MAP4K3-DT	6hr	chr2:39453844:A>G	chr2:39557981-39558046:+	detected_after_stim	-0.032	0.032	206	FALSE	TRUE
MAP4K5	0hr	chr14:50532462:C>T	chr14:50532399-50532447:-	post_stim_only				FALSE	FALSE
MAP4K5	1hr	chr14:50532462:C>T	chr14:50532399-50532447:-	post_stim_only	0.37	0.37	131	TRUE	TRUE
MAP4K5	6hr	chr14:50532462:C>T	chr14:50532399-50532447:-	post_stim_only	0.078	0.078	115	FALSE	TRUE
MAPK6	0hr	chr15:52061300:C>G	chr15:52019218-52019228:+	post_stim_only				FALSE	FALSE
MAPK6	1hr	chr15:52061300:C>G	chr15:52019218-52019228:+	post_stim_only	0.337	0.337	72	TRUE	TRUE
MAPK6	6hr	chr15:52061300:C>G	chr15:52019218-52019228:+	post_stim_only	-0.087	0.087	54	FALSE	TRUE
MAPK8	0hr	chr10:48306707:C>G	chr10:48325896-48325965:+	detected_at_baseline_only	-0.343	0.343	111	TRUE	TRUE
MAPK8	1hr	chr10:48306707:C>G	chr10:48325896-48325965:+	detected_at_baseline_only	-0.119	0.119	202	FALSE	TRUE
MAPK8	6hr	chr10:48306707:C>G	chr10:48325896-48325965:+	detected_at_baseline_only	0.081	0.081	277	FALSE	TRUE
MAPT	0hr	chr17:46024407:TATTT>AA	chr17:46025701-46025848:+	other	-0.532	0.532	53	TRUE	TRUE
MAPT	1hr	chr17:46024407:TATTT>AA	chr17:46025701-46025848:+	other				FALSE	FALSE
MAPT	6hr	chr17:46024407:TATTT>AA	chr17:46025701-46025848:+	other	-0.233	0.233	105	FALSE	TRUE
MARCHF7	0hr	chr2:159747851:G>A	chr2:159712606-159712661:+	all_timepoints	0.351	0.351	123	TRUE	TRUE
MARCHF7	1hr	chr2:159747851:G>A	chr2:159712606-159712661:+	all_timepoints	0.607	0.607	209	TRUE	TRUE
MARCHF7	6hr	chr2:159747851:G>A	chr2:159712606-159712661:+	all_timepoints	0.393	0.393	289	TRUE	TRUE
MARK1	0hr	chr1:220650612:C>T	chr1:220647961-220650619:+	detected_at_baseline_only	0.44	0.44	39	TRUE	TRUE
MARK1	1hr	chr1:220650612:C>T	chr1:220647961-220650619:+	detected_at_baseline_only	-0.071	0.071	64	FALSE	TRUE
MARK1	6hr	chr1:220650612:C>T	chr1:220647961-220650619:+	detected_at_baseline_only	-0.083	0.083	81	FALSE	TRUE
MARK3	0hr	chr14:103385826:C>G	chr14:103457141-103457176:+	detected_at_baseline_only	-0.253	0.253	61	TRUE	TRUE
MARK3	1hr	chr14:103385826:C>G	chr14:103457141-103457176:+	detected_at_baseline_only	-0.029	0.029	128	FALSE	TRUE
MARK3	6hr	chr14:103385826:C>G	chr14:103457141-103457176:+	detected_at_baseline_only	0.011	0.011	169	FALSE	TRUE
MBP	0hr	chr18:77066358:A>G	chr18:77012778-77016831:-	post_stim_only				FALSE	FALSE
MBP	1hr	chr18:77066358:A>G	chr18:77012778-77016831:-	post_stim_only	-0.552	0.552	76	TRUE	TRUE
MBP	6hr	chr18:77066358:A>G	chr18:77012778-77016831:-	post_stim_only				FALSE	FALSE
MCPH1	0hr	chr8:6436153:C>A	chr8:6447164-6447419:+	detected_at_baseline_only	-0.25	0.25	62	TRUE	TRUE
MCPH1	1hr	chr8:6436153:C>A	chr8:6447164-6447419:+	detected_at_baseline_only	-0.034	0.034	134	FALSE	TRUE
MCPH1	6hr	chr8:6436153:C>A	chr8:6447164-6447419:+	detected_at_baseline_only	0.035	0.035	125	FALSE	TRUE
MCUR1	0hr	chr6:13801382:T>C	chr6:13803729-13804315:-	post_stim_only				FALSE	FALSE
MCUR1	1hr	chr6:13801382:T>C	chr6:13803729-13804315:-	post_stim_only				FALSE	FALSE
MCUR1	6hr	chr6:13801382:T>C	chr6:13803729-13804315:-	post_stim_only	-0.335	0.335	89	TRUE	TRUE
MDGA2	0hr	chr14:46841644:A>G	chr14:47343097-47343116:-	post_stim_only				FALSE	FALSE
MDGA2	1hr	chr14:46841644:A>G	chr14:47343097-47343116:-	post_stim_only				FALSE	FALSE
MDGA2	6hr	chr14:46841644:A>G	chr14:47343097-47343116:-	post_stim_only	0.261	0.261	97	TRUE	TRUE
MDM2	0hr	chr12:68824646:G>A	chr12:68809023-68809086:+	post_stim_only				FALSE	FALSE
MDM2	1hr	chr12:68824646:G>A	chr12:68809023-68809086:+	post_stim_only				FALSE	FALSE
MDM2	6hr	chr12:68824646:G>A	chr12:68809023-68809086:+	post_stim_only	0.509	0.509	56	TRUE	TRUE
MDM4	0hr	chr1:204532254:C>T	chr1:204532246-204532650:+	post_stim_only				FALSE	FALSE
MDM4	1hr	chr1:204532254:C>T	chr1:204532246-204532650:+	post_stim_only				FALSE	FALSE
MDM4	6hr	chr1:204532254:C>T	chr1:204532246-204532650:+	post_stim_only	0.5	0.5	90	TRUE	TRUE
ME2	0hr	chr18:50932291:G>A	chr18:50921073-50921187:+	other	-0.1	0.1	73	TRUE	TRUE
ME2	1hr	chr18:50932291:G>A	chr18:50921073-50921187:+	other				FALSE	FALSE
ME2	6hr	chr18:50932291:G>A	chr18:50921073-50921187:+	other				FALSE	FALSE
MEAF6	0hr	chr1:37493211:C>G	chr1:37496706-37496736:-	detected_at_baseline_only	-0.282	0.282	74	TRUE	TRUE
MEAF6	1hr	chr1:37493211:C>G	chr1:37496706-37496736:-	detected_at_baseline_only	-0.115	0.115	103	FALSE	TRUE
MEAF6	6hr	chr1:37493211:C>G	chr1:37496706-37496736:-	detected_at_baseline_only	0.027	0.027	167	FALSE	TRUE
MED17	0hr	chr11:93812396:T>C	chr11:93801548-93801834:+	post_stim_only				FALSE	FALSE
MED17	1hr	chr11:93812396:T>C	chr11:93801548-93801834:+	post_stim_only				FALSE	FALSE
MED17	6hr	chr11:93812396:T>C	chr11:93801548-93801834:+	post_stim_only	0.503	0.503	82	TRUE	TRUE
MED24	0hr	chr17:40019612:G>A	chr17:40036120-40036154:-	detected_at_baseline_only	0.323	0.323	125	TRUE	TRUE
MED24	1hr	chr17:40019612:G>A	chr17:40036120-40036154:-	detected_at_baseline_only	-0.088	0.088	177	FALSE	TRUE
MED24	6hr	chr17:40019612:G>A	chr17:40036120-40036154:-	detected_at_baseline_only	0.197	0.197	175	FALSE	TRUE
MEG3	0hr	chr14:100861020:C>A	chr14:100829749-100829787:+	other	0.297	0.297	149	TRUE	TRUE
MEG3	1hr	chr14:100861020:C>A	chr14:100829749-100829787:+	other				FALSE	FALSE
MEG3	6hr	chr14:100861020:C>A	chr14:100829749-100829787:+	other				FALSE	FALSE
MESD	0hr	chr15:80989802:C>G	chr15:80975751-80978765:-	detected_at_baseline_only	-0.184	0.184	390	TRUE	TRUE
MESD	1hr	chr15:80989802:C>G	chr15:80975751-80978765:-	detected_at_baseline_only	-0.104	0.104	592	FALSE	TRUE
MESD	6hr	chr15:80989802:C>G	chr15:80975751-80978765:-	detected_at_baseline_only	0.145	0.145	381	FALSE	TRUE
METTL16	0hr	chr17:2473563:C>T	chr17:2436673-2436840:-	detected_after_stim	0.186	0.186	45	FALSE	TRUE
METTL16	1hr	chr17:2473563:C>T	chr17:2436673-2436840:-	detected_after_stim	0.462	0.462	76	TRUE	TRUE
METTL16	6hr	chr17:2473563:C>T	chr17:2436673-2436840:-	detected_after_stim				FALSE	FALSE
METTL4	0hr	chr18:2571370:G>A	chr18:2544194-2544286:-	post_stim_only				FALSE	FALSE
METTL4	1hr	chr18:2571370:G>A	chr18:2544194-2544286:-	post_stim_only	-0.438	0.438	79	TRUE	TRUE
METTL4	6hr	chr18:2571370:G>A	chr18:2544194-2544286:-	post_stim_only	0	0	86	FALSE	TRUE
METTL8	0hr	chr2:171360457:C>T	chr2:171434123-171434138:-	post_stim_only				FALSE	FALSE
METTL8	1hr	chr2:171360457:C>T	chr2:171434123-171434138:-	post_stim_only	0.522	0.522	49	TRUE	TRUE
METTL8	6hr	chr2:171360457:C>T	chr2:171434123-171434138:-	post_stim_only	0.254	0.254	36	FALSE	TRUE
MFF	0hr	chr2:227357008:A>G	chr2:227350935-227350968:+	other	-0.127	0.127	270	TRUE	TRUE
MFF	1hr	chr2:227357008:A>G	chr2:227350935-227350968:+	other				FALSE	FALSE
MFF	6hr	chr2:227357008:A>G	chr2:227350935-227350968:+	other				FALSE	FALSE
MFHAS1	0hr	chr8:8797387:C>T	chr8:8859989-8860031:-	other	0.115	0.115	74	TRUE	TRUE
MFHAS1	1hr	chr8:8797387:C>T	chr8:8859989-8860031:-	other	0.037	0.037	75	FALSE	FALSE
MFHAS1	6hr	chr8:8797387:C>T	chr8:8859989-8860031:-	other	0.037	0.037	161	FALSE	TRUE
MFSD4B	0hr	chr6:111259530:C>T	chr6:111259550-111259612:+	post_stim_only				FALSE	FALSE
MFSD4B	1hr	chr6:111259530:C>T	chr6:111259550-111259612:+	post_stim_only				FALSE	FALSE
MFSD4B	6hr	chr6:111259530:C>T	chr6:111259550-111259612:+	post_stim_only	-0.1	0.1	77	TRUE	TRUE
MGA	0hr	chr15:41762203:G>A	chr15:41736368-41736698:+	post_stim_only				FALSE	FALSE
MGA	1hr	chr15:41762203:G>A	chr15:41736368-41736698:+	post_stim_only				FALSE	FALSE
MGA	6hr	chr15:41762203:G>A	chr15:41736368-41736698:+	post_stim_only	-0.226	0.226	78	TRUE	TRUE
MIA2	0hr	chr14:39279492:G>A	chr14:39267099-39267123:+	post_stim_only				FALSE	FALSE
MIA2	1hr	chr14:39279492:G>A	chr14:39267099-39267123:+	post_stim_only	0.285	0.285	79	FALSE	TRUE
MIA2	6hr	chr14:39279492:G>A	chr14:39267099-39267123:+	post_stim_only	0.453	0.453	132	TRUE	TRUE
MIAT	0hr	chr22:26666220:C>A	chr22:26663398-26663477:+	detected_after_stim	0.164	0.164	73	FALSE	TRUE
MIAT	1hr	chr22:26666220:C>A	chr22:26663398-26663477:+	detected_after_stim	0.05	0.05	76	FALSE	TRUE
MIAT	6hr	chr22:26666220:C>A	chr22:26663398-26663477:+	detected_after_stim	0.261	0.261	131	TRUE	TRUE
MICU1	0hr	chr10:72508250:C>T	chr10:72531459-72531690:-	post_stim_only				FALSE	FALSE
MICU1	1hr	chr10:72508250:C>T	chr10:72531459-72531690:-	post_stim_only				FALSE	FALSE
MICU1	6hr	chr10:72508250:C>T	chr10:72531459-72531690:-	post_stim_only	0.573	0.573	59	TRUE	TRUE
MICU2	0hr	chr13:21604118:C>T	chr13:21520567-21521244:-	detected_after_stim	-0.027	0.027	127	FALSE	TRUE
MICU2	1hr	chr13:21604118:C>T	chr13:21520567-21521244:-	detected_after_stim	-0.217	0.217	261	TRUE	TRUE
MICU2	6hr	chr13:21604118:C>T	chr13:21520567-21521244:-	detected_after_stim	0.048	0.048	259	FALSE	TRUE
MINDY3	0hr	chr10:15860303:A>G	chr10:15846725-15847638:-	detected_at_baseline_only	0.285	0.285	105	TRUE	TRUE
MINDY3	1hr	chr10:15860303:A>G	chr10:15846725-15847638:-	detected_at_baseline_only	-0.04	0.04	148	FALSE	TRUE
MINDY3	6hr	chr10:15860303:A>G	chr10:15846725-15847638:-	detected_at_baseline_only	-0.048	0.048	210	FALSE	TRUE
MIR7-3HG	0hr	chr19:4772189:A>C	chr19:4770282-4770347:+	detected_at_baseline_only	-0.126	0.126	131	TRUE	TRUE
MIR7-3HG	1hr	chr19:4772189:A>C	chr19:4770282-4770347:+	detected_at_baseline_only	0.023	0.023	245	FALSE	TRUE
MIR7-3HG	6hr	chr19:4772189:A>C	chr19:4770282-4770347:+	detected_at_baseline_only	0.032	0.032	237	FALSE	TRUE
MIX23	0hr	chr3:122363003:C>G	chr3:122383147-122383173:-	all_timepoints	0.543	0.543	104	TRUE	TRUE
MIX23	1hr	chr3:122363003:C>G	chr3:122383147-122383173:-	all_timepoints	0.453	0.453	96	TRUE	TRUE
MIX23	6hr	chr3:122363003:C>G	chr3:122383147-122383173:-	all_timepoints	0.522	0.522	56	TRUE	TRUE
MLF2	0hr	chr12:6753092:G>C	chr12:6748571-6748720:-	detected_after_stim	0.014	0.014	88	FALSE	TRUE
MLF2	1hr	chr12:6753092:G>C	chr12:6748571-6748720:-	detected_after_stim	0.112	0.112	239	TRUE	TRUE
MLF2	6hr	chr12:6753092:G>C	chr12:6748571-6748720:-	detected_after_stim	0.005	0.005	217	FALSE	TRUE
MLLT10	0hr	chr10:21673695:G>A	chr10:21611030-21611141:+	detected_after_stim	0.021	0.021	34	FALSE	TRUE
MLLT10	1hr	chr10:21673695:G>A	chr10:21611030-21611141:+	detected_after_stim	-0.178	0.178	66	TRUE	TRUE
MLLT10	6hr	chr10:21673695:G>A	chr10:21611030-21611141:+	detected_after_stim	0.003	0.003	38	FALSE	TRUE
MOCS2	0hr	chr5:53101480:T>C	chr5:53101125-53101358:-	post_stim_only				FALSE	FALSE
MOCS2	1hr	chr5:53101480:T>C	chr5:53101125-53101358:-	post_stim_only	-0.109	0.109	267	TRUE	TRUE
MOCS2	6hr	chr5:53101480:T>C	chr5:53101125-53101358:-	post_stim_only				FALSE	FALSE
MON2	0hr	chr12:62467013:G>A	chr12:62588855-62588916:+	post_stim_only				FALSE	FALSE
MON2	1hr	chr12:62467013:G>A	chr12:62588855-62588916:+	post_stim_only	-0.267	0.267	104	TRUE	TRUE
MON2	6hr	chr12:62467013:G>A	chr12:62588855-62588916:+	post_stim_only				FALSE	FALSE
MORF4L1	0hr	chr15:78893555:C>A	chr15:78873118-78873218:+	detected_at_baseline_only	-0.103	0.103	302	TRUE	TRUE
MORF4L1	1hr	chr15:78893555:C>A	chr15:78873118-78873218:+	detected_at_baseline_only	-0.059	0.059	632	FALSE	TRUE
MORF4L1	6hr	chr15:78893555:C>A	chr15:78873118-78873218:+	detected_at_baseline_only	-0.044	0.044	783	FALSE	TRUE
MPHOSPH10	0hr	chr2:71133151:G>A	chr2:71130754-71130845:+	detected_after_stim	-0.052	0.052	207	FALSE	TRUE
MPHOSPH10	1hr	chr2:71133151:G>A	chr2:71130754-71130845:+	detected_after_stim	0.058	0.058	189	FALSE	TRUE
MPHOSPH10	6hr	chr2:71133151:G>A	chr2:71130754-71130845:+	detected_after_stim	-0.131	0.131	282	TRUE	TRUE
MPRIP	0hr	chr17:17185111:C>T	chr17:17180606-17180669:+	post_stim_only				FALSE	FALSE
MPRIP	1hr	chr17:17185111:C>T	chr17:17180606-17180669:+	post_stim_only				FALSE	FALSE
MPRIP	6hr	chr17:17185111:C>T	chr17:17180606-17180669:+	post_stim_only	0.324	0.324	134	TRUE	TRUE
MPV17L2	0hr	chr19:18196179:G>C	chr19:18194776-18194853:+	detected_after_stim	0.011	0.011	53	FALSE	TRUE
MPV17L2	1hr	chr19:18196179:G>C	chr19:18194776-18194853:+	detected_after_stim	0.111	0.111	50	FALSE	TRUE
MPV17L2	6hr	chr19:18196179:G>C	chr19:18194776-18194853:+	detected_after_stim	-0.176	0.176	48	TRUE	TRUE
MRNIP	0hr	chr5:179858751:G>A	chr5:179853196-179853276:-	post_stim_only	-0.037	0.037	60	FALSE	FALSE
MRNIP	1hr	chr5:179858751:G>A	chr5:179853196-179853276:-	post_stim_only	0.15	0.15	84	FALSE	TRUE
MRNIP	6hr	chr5:179858751:G>A	chr5:179853196-179853276:-	post_stim_only	0.216	0.216	54	TRUE	TRUE
MRPL17	0hr	chr11:6682102:A>G	chr11:6682815-6683122:-	detected_after_stim	-0.098	0.098	188	FALSE	TRUE
MRPL17	1hr	chr11:6682102:A>G	chr11:6682815-6683122:-	detected_after_stim	-0.043	0.043	206	FALSE	TRUE
MRPL17	6hr	chr11:6682102:A>G	chr11:6682815-6683122:-	detected_after_stim	-0.127	0.127	198	TRUE	TRUE
MRPL18	0hr	chr6:159790603:G>A	chr6:159790466-159790516:+	detected_after_stim	-0.098	0.098	57	FALSE	TRUE
MRPL18	1hr	chr6:159790603:G>A	chr6:159790466-159790516:+	detected_after_stim	-0.157	0.157	133	TRUE	TRUE
MRPL18	6hr	chr6:159790603:G>A	chr6:159790466-159790516:+	detected_after_stim	-0.114	0.114	210	TRUE	TRUE
MRPL22	0hr	chr5:154966764:G>A	chr5:154959050-154959175:+	other	0.21	0.21	291	TRUE	TRUE
MRPL22	1hr	chr5:154966764:G>A	chr5:154959050-154959175:+	other				FALSE	FALSE
MRPL22	6hr	chr5:154966764:G>A	chr5:154959050-154959175:+	other	-0.005	0.005	518	FALSE	TRUE
MRPL28	0hr	chr16:369091:A>G	chr16:370484-370498:-	detected_after_stim	-0.093	0.093	103	FALSE	TRUE
MRPL28	1hr	chr16:369091:A>G	chr16:370484-370498:-	detected_after_stim	-0.055	0.055	254	FALSE	TRUE
MRPL28	6hr	chr16:369091:A>G	chr16:370484-370498:-	detected_after_stim	0.157	0.157	180	TRUE	TRUE
MRPL4	0hr	chr19:10259977:A>G	chr19:10259171-10259616:+	detected_after_stim	0.1	0.1	97	FALSE	TRUE
MRPL4	1hr	chr19:10259977:A>G	chr19:10259171-10259616:+	detected_after_stim	0.03	0.03	129	FALSE	TRUE
MRPL4	6hr	chr19:10259977:A>G	chr19:10259171-10259616:+	detected_after_stim	0.126	0.126	163	TRUE	TRUE
MRPL52	0hr	chr14:22829925:G>T	chr14:22829948-22830048:+	detected_after_stim	-0.011	0.011	424	FALSE	TRUE
MRPL52	1hr	chr14:22829925:G>T	chr14:22829948-22830048:+	detected_after_stim	-0.433	0.433	499	TRUE	TRUE
MRPL52	6hr	chr14:22829925:G>T	chr14:22829948-22830048:+	detected_after_stim	0.014	0.014	638	FALSE	TRUE
MRPS22	0hr	chr3:139346905:A>G	chr3:139352792-139355681:+	other	0.12	0.12	274	TRUE	TRUE
MRPS22	1hr	chr3:139346905:A>G	chr3:139352792-139355681:+	other	0.146	0.146	399	TRUE	TRUE
MRPS22	6hr	chr3:139346905:A>G	chr3:139352792-139355681:+	other	-0.073	0.073	398	FALSE	TRUE
MRPS34	0hr	chr16:1772157:T>C	chr16:1772646-1772698:-	all_timepoints	0.146	0.146	319	TRUE	TRUE
MRPS34	1hr	chr16:1772157:T>C	chr16:1772646-1772698:-	all_timepoints	0.11	0.11	444	TRUE	TRUE
MRPS34	6hr	chr16:1772157:T>C	chr16:1772646-1772698:-	all_timepoints	0.103	0.103	505	TRUE	TRUE
MSH3	0hr	chr5:80654961:A>G	chr5:80741463-80741548:+	detected_at_baseline_only	0.134	0.134	270	TRUE	TRUE
MSH3	1hr	chr5:80654961:A>G	chr5:80741463-80741548:+	detected_at_baseline_only	0.054	0.054	373	FALSE	TRUE
MSH3	6hr	chr5:80654961:A>G	chr5:80741463-80741548:+	detected_at_baseline_only	0.101	0.101	200	FALSE	TRUE
MSH6	0hr	chr2:47790941:A>G	chr2:47796073-47798423:+	detected_at_baseline_only	0.193	0.193	92	TRUE	TRUE
MSH6	1hr	chr2:47790941:A>G	chr2:47796073-47798423:+	detected_at_baseline_only	0.035	0.035	171	FALSE	TRUE
MSH6	6hr	chr2:47790941:A>G	chr2:47796073-47798423:+	detected_at_baseline_only	-0.001	0.001	256	FALSE	TRUE
MT1F	0hr	chr16:56657980:G>T	chr16:56658086-56658674:+	other	0.177	0.177	279	TRUE	TRUE
MT1F	1hr	chr16:56657980:G>T	chr16:56658086-56658674:+	other				FALSE	FALSE
MT1F	6hr	chr16:56657980:G>T	chr16:56658086-56658674:+	other				FALSE	FALSE
MTDH	0hr	chr8:97724826:G>A	chr8:97699753-97699852:+	detected_after_stim	-0.165	0.165	27	FALSE	TRUE
MTDH	1hr	chr8:97724826:G>A	chr8:97699753-97699852:+	detected_after_stim	-0.32	0.32	96	TRUE	TRUE
MTDH	6hr	chr8:97724826:G>A	chr8:97699753-97699852:+	detected_after_stim				FALSE	FALSE
MTERF4	0hr	chr2:241097381:A>G	chr2:241096392-241096438:-	detected_after_stim	-0.162	0.162	51	FALSE	TRUE
MTERF4	1hr	chr2:241097381:A>G	chr2:241096392-241096438:-	detected_after_stim	-0.122	0.122	106	FALSE	TRUE
MTERF4	6hr	chr2:241097381:A>G	chr2:241096392-241096438:-	detected_after_stim	-0.346	0.346	103	TRUE	TRUE
MTIF3	0hr	chr13:27435713:G>A	chr13:27441016-27441077:-	other	-0.295	0.295	101	TRUE	TRUE
MTIF3	1hr	chr13:27435713:G>A	chr13:27441016-27441077:-	other				FALSE	FALSE
MTIF3	6hr	chr13:27435713:G>A	chr13:27441016-27441077:-	other	0.216	0.216	229	TRUE	TRUE
MTOR	0hr	chr1:11262507:C>G	chr1:11127806-11128003:-	post_stim_only				FALSE	FALSE
MTOR	1hr	chr1:11262507:C>G	chr1:11127806-11128003:-	post_stim_only				FALSE	FALSE
MTOR	6hr	chr1:11262507:C>G	chr1:11127806-11128003:-	post_stim_only	0.411	0.411	35	TRUE	TRUE
MTREX	0hr	chr5:55307993:T>C	chr5:55322725-55322795:+	detected_after_stim	-0.178	0.178	208	FALSE	TRUE
MTREX	1hr	chr5:55307993:T>C	chr5:55322725-55322795:+	detected_after_stim	0.095	0.095	314	FALSE	TRUE
MTREX	6hr	chr5:55307993:T>C	chr5:55322725-55322795:+	detected_after_stim	0.155	0.155	322	TRUE	TRUE
MTX1	0hr	chr1:155212197:G>A	chr1:155210415-155210435:+	detected_after_stim	-0.058	0.058	117	FALSE	TRUE
MTX1	1hr	chr1:155212197:G>A	chr1:155210415-155210435:+	detected_after_stim	0.192	0.192	183	TRUE	TRUE
MTX1	6hr	chr1:155212197:G>A	chr1:155210415-155210435:+	detected_after_stim	-0.022	0.022	156	FALSE	TRUE
MVD	0hr	chr16:88662102:A>G	chr16:88662711-88662781:-	post_stim_only				FALSE	FALSE
MVD	1hr	chr16:88662102:A>G	chr16:88662711-88662781:-	post_stim_only	-0.366	0.366	68	TRUE	TRUE
MVD	6hr	chr16:88662102:A>G	chr16:88662711-88662781:-	post_stim_only	-0.1	0.1	133	FALSE	TRUE
MXRA7	0hr	chr17:76679727:G>A	chr17:76688176-76688669:-	post_stim_only				FALSE	FALSE
MXRA7	1hr	chr17:76679727:G>A	chr17:76688176-76688669:-	post_stim_only				FALSE	FALSE
MXRA7	6hr	chr17:76679727:G>A	chr17:76688176-76688669:-	post_stim_only	0.19	0.19	81	TRUE	TRUE
MYCBP2	0hr	chr13:77158072:G>A	chr13:77103208-77103310:-	post_stim_only				FALSE	FALSE
MYCBP2	1hr	chr13:77158072:G>A	chr13:77103208-77103310:-	post_stim_only	0.048	0.048	152	FALSE	TRUE
MYCBP2	6hr	chr13:77158072:G>A	chr13:77103208-77103310:-	post_stim_only	-0.211	0.211	137	TRUE	TRUE
MYO1B	0hr	chr2:191245492:C>T	chr2:191400748-191400835:+	post_stim_only				FALSE	FALSE
MYO1B	1hr	chr2:191245492:C>T	chr2:191400748-191400835:+	post_stim_only				FALSE	FALSE
MYO1B	6hr	chr2:191245492:C>T	chr2:191400748-191400835:+	post_stim_only	0.497	0.497	56	TRUE	TRUE
MYO5A	0hr	chr15:52319253:A>G	chr15:52379294-52379451:-	post_stim_only				FALSE	FALSE
MYO5A	1hr	chr15:52319253:A>G	chr15:52379294-52379451:-	post_stim_only				FALSE	FALSE
MYO5A	6hr	chr15:52319253:A>G	chr15:52379294-52379451:-	post_stim_only	0.311	0.311	94	TRUE	TRUE
MYO9A	0hr	chr15:71880541:G>C	chr15:71892964-71893177:-	post_stim_only				FALSE	FALSE
MYO9A	1hr	chr15:71880541:G>C	chr15:71892964-71893177:-	post_stim_only	-0.379	0.379	101	TRUE	TRUE
MYO9A	6hr	chr15:71880541:G>C	chr15:71892964-71893177:-	post_stim_only				FALSE	FALSE
MYT1L	0hr	chr2:1917319:C>T	chr2:1887058-1887121:-	post_stim_only				FALSE	FALSE
MYT1L	1hr	chr2:1917319:C>T	chr2:1887058-1887121:-	post_stim_only	-0.154	0.154	46	TRUE	TRUE
MYT1L	6hr	chr2:1917319:C>T	chr2:1887058-1887121:-	post_stim_only	0.028	0.028	43	FALSE	TRUE
N4BP2L2	0hr	chr13:32443866:C>T	chr13:32527407-32527457:-	post_stim_only				FALSE	FALSE
N4BP2L2	1hr	chr13:32443866:C>T	chr13:32527407-32527457:-	post_stim_only	0.583	0.583	34	TRUE	TRUE
N4BP2L2	6hr	chr13:32443866:C>T	chr13:32527407-32527457:-	post_stim_only				FALSE	FALSE
NAA16	0hr	chr13:41369210:G>A	chr13:41362159-41362454:+	other	0.5	0.5	46	TRUE	TRUE
NAA16	1hr	chr13:41369210:G>A	chr13:41362159-41362454:+	other	0.288	0.288	54	FALSE	TRUE
NAA16	6hr	chr13:41369210:G>A	chr13:41362159-41362454:+	other				FALSE	FALSE
NAA38	0hr	chr17:7857385:A>G	chr17:7857198-7857263:-	post_stim_only				FALSE	FALSE
NAA38	1hr	chr17:7857385:A>G	chr17:7857198-7857263:-	post_stim_only	-0.366	0.366	359	TRUE	TRUE
NAA38	6hr	chr17:7857385:A>G	chr17:7857198-7857263:-	post_stim_only				FALSE	FALSE
NAGK	0hr	chr2:71070564:T>C	chr2:71072825-71073131:+	detected_after_stim	-0.106	0.106	142	FALSE	TRUE
NAGK	1hr	chr2:71070564:T>C	chr2:71072825-71073131:+	detected_after_stim	-0.105	0.105	262	TRUE	TRUE
NAGK	6hr	chr2:71070564:T>C	chr2:71072825-71073131:+	detected_after_stim	-0.084	0.084	280	FALSE	TRUE
NAMPT	0hr	chr7:106263457:T>C	chr7:106277022-106277083:-	post_stim_only				FALSE	FALSE
NAMPT	1hr	chr7:106263457:T>C	chr7:106277022-106277083:-	post_stim_only	0.25	0.25	46	TRUE	TRUE
NAMPT	6hr	chr7:106263457:T>C	chr7:106277022-106277083:-	post_stim_only	-0.087	0.087	133	FALSE	TRUE
NAP1L1	0hr	chr12:76084685:A>C	chr12:76068908-76068993:-	detected_after_stim	0.1	0.1	195	FALSE	TRUE
NAP1L1	1hr	chr12:76084685:A>C	chr12:76068908-76068993:-	detected_after_stim	0.181	0.181	356	TRUE	TRUE
NAP1L1	6hr	chr12:76084685:A>C	chr12:76068908-76068993:-	detected_after_stim	0.054	0.054	233	FALSE	TRUE
NARF	0hr	chr17:82458213:C>G	chr17:82464286-82464430:+	post_stim_only				FALSE	FALSE
NARF	1hr	chr17:82458213:C>G	chr17:82464286-82464430:+	post_stim_only	-0.167	0.167	49	TRUE	TRUE
NARF	6hr	chr17:82458213:C>G	chr17:82464286-82464430:+	post_stim_only				FALSE	FALSE
NASP	0hr	chr1:45613211:C>T	chr1:45610553-45610995:+	detected_at_baseline_only	-0.308	0.308	37	TRUE	TRUE
NASP	1hr	chr1:45613211:C>T	chr1:45610553-45610995:+	detected_at_baseline_only	-0.002	0.002	73	FALSE	TRUE
NASP	6hr	chr1:45613211:C>T	chr1:45610553-45610995:+	detected_at_baseline_only	-0.007	0.007	144	FALSE	TRUE
NAXE	0hr	chr1:156591858:G>C	chr1:156599350-156599383:+	post_stim_only				FALSE	FALSE
NAXE	1hr	chr1:156591858:G>C	chr1:156599350-156599383:+	post_stim_only				FALSE	FALSE
NAXE	6hr	chr1:156591858:G>C	chr1:156599350-156599383:+	post_stim_only	-0.658	0.658	89	TRUE	TRUE
NBEA	0hr	chr13:35668375:C>A	chr13:35668519-35668600:+	post_stim_only				FALSE	FALSE
NBEA	1hr	chr13:35668375:C>A	chr13:35668519-35668600:+	post_stim_only				FALSE	FALSE
NBEA	6hr	chr13:35668375:C>A	chr13:35668519-35668600:+	post_stim_only	0.158	0.158	128	TRUE	TRUE
NBEAL1	0hr	chr2:203016268:T>C	chr2:203084569-203085271:+	detected_after_stim	0.022	0.022	89	FALSE	TRUE
NBEAL1	1hr	chr2:203016268:T>C	chr2:203084569-203085271:+	detected_after_stim	-0.266	0.266	155	TRUE	TRUE
NBEAL1	6hr	chr2:203016268:T>C	chr2:203084569-203085271:+	detected_after_stim	0.011	0.011	185	FALSE	TRUE
NBN	0hr	chr8:89978250:C>G	chr8:89953075-89953243:-	other	0.143	0.143	50	TRUE	TRUE
NBN	1hr	chr8:89978250:C>G	chr8:89953075-89953243:-	other	0.051	0.051	43	FALSE	TRUE
NBN	6hr	chr8:89978250:C>G	chr8:89953075-89953243:-	other				FALSE	FALSE
NBPF15	0hr	chr1:144459496:G>A	chr1:144450771-144450802:-	detected_at_baseline_only	-0.583	0.583	60	TRUE	TRUE
NBPF15	1hr	chr1:144459496:G>A	chr1:144450771-144450802:-	detected_at_baseline_only	-0.156	0.156	51	FALSE	TRUE
NBPF15	6hr	chr1:144459496:G>A	chr1:144450771-144450802:-	detected_at_baseline_only	-0.151	0.151	86	FALSE	TRUE
NCAM1	0hr	chr11:113275310:C>T	chr11:113273048-113273748:+	detected_at_baseline_only	-0.173	0.173	569	TRUE	TRUE
NCAM1	1hr	chr11:113275310:C>T	chr11:113273048-113273748:+	detected_at_baseline_only	-0.043	0.043	1076	FALSE	TRUE
NCAM1	6hr	chr11:113275310:C>T	chr11:113273048-113273748:+	detected_at_baseline_only	0.008	0.008	1003	FALSE	TRUE
NCBP3	0hr	chr17:3826099:C>T	chr17:3845745-3845971:-	post_stim_only				FALSE	FALSE
NCBP3	1hr	chr17:3826099:C>T	chr17:3845745-3845971:-	post_stim_only	0.069	0.069	113	FALSE	TRUE
NCBP3	6hr	chr17:3826099:C>T	chr17:3845745-3845971:-	post_stim_only	0.252	0.252	156	TRUE	TRUE
NCS1	0hr	chr9:130233333:G>A	chr9:130200431-130200611:+	detected_after_stim	0.175	0.175	46	FALSE	TRUE
NCS1	1hr	chr9:130233333:G>A	chr9:130200431-130200611:+	detected_after_stim	0.226	0.226	156	TRUE	TRUE
NCS1	6hr	chr9:130233333:G>A	chr9:130200431-130200611:+	detected_after_stim	0.223	0.223	192	TRUE	TRUE
NDFIP2	0hr	chr13:79520894:C>T	chr13:79553183-79553195:+	other	0.247	0.247	98	TRUE	TRUE
NDFIP2	1hr	chr13:79520894:C>T	chr13:79553183-79553195:+	other				FALSE	FALSE
NDFIP2	6hr	chr13:79520894:C>T	chr13:79553183-79553195:+	other	0.059	0.059	157	FALSE	TRUE
NDRG4	0hr	chr16:58511521:A>G	chr16:58503705-58503743:+	detected_after_stim	0.045	0.045	45	FALSE	TRUE
NDRG4	1hr	chr16:58511521:A>G	chr16:58503705-58503743:+	detected_after_stim	-0.136	0.136	68	TRUE	TRUE
NDRG4	6hr	chr16:58511521:A>G	chr16:58503705-58503743:+	detected_after_stim	0	0	128	FALSE	TRUE
NDUFA10	0hr	chr2:240007348:T>C	chr2:240014694-240014738:-	detected_after_stim	-0.029	0.029	66	FALSE	TRUE
NDUFA10	1hr	chr2:240007348:T>C	chr2:240014694-240014738:-	detected_after_stim	0.108	0.108	111	FALSE	TRUE
NDUFA10	6hr	chr2:240007348:T>C	chr2:240014694-240014738:-	detected_after_stim	0.238	0.238	178	TRUE	TRUE
NDUFA2	0hr	chr5:140647630:T>C	chr5:140645678-140645725:-	all_timepoints	-0.23	0.23	406	TRUE	TRUE
NDUFA2	1hr	chr5:140647630:T>C	chr5:140645678-140645725:-	all_timepoints	-0.176	0.176	412	TRUE	TRUE
NDUFA2	6hr	chr5:140647630:T>C	chr5:140645678-140645725:-	all_timepoints	-0.183	0.183	526	TRUE	TRUE
NDUFB1	0hr	chr14:92121193:A>G	chr14:92121195-92121211:-	other	-0.444	0.444	28	TRUE	TRUE
NDUFB1	1hr	chr14:92121193:A>G	chr14:92121195-92121211:-	other				FALSE	FALSE
NDUFB1	6hr	chr14:92121193:A>G	chr14:92121195-92121211:-	other				FALSE	FALSE
NDUFS2	0hr	chr1:161214306:A>G	chr1:161199314-161199523:+	detected_at_baseline_only	-0.168	0.168	201	TRUE	TRUE
NDUFS2	1hr	chr1:161214306:A>G	chr1:161199314-161199523:+	detected_at_baseline_only	0.122	0.122	257	FALSE	TRUE
NDUFS2	6hr	chr1:161214306:A>G	chr1:161199314-161199523:+	detected_at_baseline_only	-0.098	0.098	244	FALSE	TRUE
NEDD4L	0hr	chr18:58383301:C>A	chr18:58227829-58227888:+	post_stim_only				FALSE	FALSE
NEDD4L	1hr	chr18:58383301:C>A	chr18:58227829-58227888:+	post_stim_only				FALSE	FALSE
NEDD4L	6hr	chr18:58383301:C>A	chr18:58227829-58227888:+	post_stim_only	0.154	0.154	75	TRUE	TRUE
NELL2	0hr	chr12:44875919:A>T	chr12:44876355-44876431:-	post_stim_only				FALSE	FALSE
NELL2	1hr	chr12:44875919:A>T	chr12:44876355-44876431:-	post_stim_only				FALSE	FALSE
NELL2	6hr	chr12:44875919:A>T	chr12:44876355-44876431:-	post_stim_only	0.238	0.238	101	TRUE	TRUE
NEMF	0hr	chr14:49784952:C>T	chr14:49786750-49787174:-	post_stim_only				FALSE	FALSE
NEMF	1hr	chr14:49784952:C>T	chr14:49786750-49787174:-	post_stim_only				FALSE	FALSE
NEMF	6hr	chr14:49784952:C>T	chr14:49786750-49787174:-	post_stim_only	0.182	0.182	65	TRUE	TRUE
NEO1	0hr	chr15:73249171:A>G	chr15:73274691-73274724:+	post_stim_only				FALSE	FALSE
NEO1	1hr	chr15:73249171:A>G	chr15:73274691-73274724:+	post_stim_only	0.457	0.457	36	TRUE	TRUE
NEO1	6hr	chr15:73249171:A>G	chr15:73274691-73274724:+	post_stim_only				FALSE	FALSE
NFE2L1	0hr	chr17:48050881:A>T	chr17:48049131-48049160:+	other	0.105	0.105	110	TRUE	TRUE
NFE2L1	1hr	chr17:48050881:A>T	chr17:48049131-48049160:+	other				FALSE	FALSE
NFE2L1	6hr	chr17:48050881:A>T	chr17:48049131-48049160:+	other				FALSE	FALSE
NGDN	0hr	chr14:23478164:G>A	chr14:23477560-23477598:+	other	0.37	0.37	109	TRUE	TRUE
NGDN	1hr	chr14:23478164:G>A	chr14:23477560-23477598:+	other	0.074	0.074	110	FALSE	TRUE
NGDN	6hr	chr14:23478164:G>A	chr14:23477560-23477598:+	other				FALSE	FALSE
NIPSNAP3A	0hr	chr9:104752932:G>A	chr9:104753064-104753241:+	detected_after_stim	-0.012	0.012	90	FALSE	TRUE
NIPSNAP3A	1hr	chr9:104752932:G>A	chr9:104753064-104753241:+	detected_after_stim	0.147	0.147	122	TRUE	TRUE
NIPSNAP3A	6hr	chr9:104752932:G>A	chr9:104753064-104753241:+	detected_after_stim	-0.098	0.098	139	FALSE	TRUE
NIT1	0hr	chr1:161119518:C>A	chr1:161119100-161119133:+	other	0.323	0.323	57	TRUE	TRUE
NIT1	1hr	chr1:161119518:C>A	chr1:161119100-161119133:+	other				FALSE	FALSE
NIT1	6hr	chr1:161119518:C>A	chr1:161119100-161119133:+	other				FALSE	FALSE
NKAIN4	0hr	chr20:63240855:G>C	chr20:63242538-63242623:-	post_stim_only				FALSE	FALSE
NKAIN4	1hr	chr20:63240855:G>C	chr20:63242538-63242623:-	post_stim_only	0.364	0.364	76	TRUE	TRUE
NKAIN4	6hr	chr20:63240855:G>C	chr20:63242538-63242623:-	post_stim_only				FALSE	FALSE
NKAPD1	0hr	chr11:112082018:G>C	chr11:112075650-112075684:+	detected_after_stim	-0.012	0.012	96	FALSE	TRUE
NKAPD1	1hr	chr11:112082018:G>C	chr11:112075650-112075684:+	detected_after_stim	0.001	0.001	141	FALSE	TRUE
NKAPD1	6hr	chr11:112082018:G>C	chr11:112075650-112075684:+	detected_after_stim	-0.423	0.423	137	TRUE	TRUE
NKTR	0hr	chr3:42637000:G>A	chr3:42633208-42633579:+	other	0.231	0.231	46	TRUE	TRUE
NKTR	1hr	chr3:42637000:G>A	chr3:42633208-42633579:+	other	0.169	0.169	281	TRUE	TRUE
NKTR	6hr	chr3:42637000:G>A	chr3:42633208-42633579:+	other				FALSE	FALSE
NLN	0hr	chr5:65722298:C>G	chr5:65792655-65793649:+	post_stim_only				FALSE	FALSE
NLN	1hr	chr5:65722298:C>G	chr5:65792655-65793649:+	post_stim_only	0.347	0.347	66	TRUE	TRUE
NLN	6hr	chr5:65722298:C>G	chr5:65792655-65793649:+	post_stim_only				FALSE	FALSE
NLRP1	0hr	chr17:5499636:A>G	chr17:5533303-5533384:-	detected_at_baseline_only	-0.301	0.301	87	TRUE	TRUE
NLRP1	1hr	chr17:5499636:A>G	chr17:5533303-5533384:-	detected_at_baseline_only	-0.069	0.069	211	FALSE	TRUE
NLRP1	6hr	chr17:5499636:A>G	chr17:5533303-5533384:-	detected_at_baseline_only	0.046	0.046	154	FALSE	TRUE
NME2	0hr	chr17:51171706:A>G	chr17:51165814-51165904:+	detected_after_stim	-0.049	0.049	238	FALSE	TRUE
NME2	1hr	chr17:51171706:A>G	chr17:51165814-51165904:+	detected_after_stim	-0.003	0.003	170	FALSE	TRUE
NME2	6hr	chr17:51171706:A>G	chr17:51165814-51165904:+	detected_after_stim	-0.162	0.162	273	TRUE	TRUE
NME6	0hr	chr3:48294317:T>C	chr3:48301278-48301295:-	post_stim_only				FALSE	FALSE
NME6	1hr	chr3:48294317:T>C	chr3:48301278-48301295:-	post_stim_only	0.364	0.364	33	TRUE	TRUE
NME6	6hr	chr3:48294317:T>C	chr3:48301278-48301295:-	post_stim_only				FALSE	FALSE
NME7	0hr	chr1:169324482:G>A	chr1:169324194-169324392:-	detected_at_baseline_only	-0.18	0.18	114	TRUE	TRUE
NME7	1hr	chr1:169324482:G>A	chr1:169324194-169324392:-	detected_at_baseline_only	-0.004	0.004	249	FALSE	TRUE
NME7	6hr	chr1:169324482:G>A	chr1:169324194-169324392:-	detected_at_baseline_only	-0.019	0.019	135	FALSE	TRUE
NNT	0hr	chr5:43615974:G>A	chr5:43603152-43603162:+	post_stim_only				FALSE	FALSE
NNT	1hr	chr5:43615974:G>A	chr5:43603152-43603162:+	post_stim_only	0.58	0.58	35	TRUE	TRUE
NNT	6hr	chr5:43615974:G>A	chr5:43603152-43603162:+	post_stim_only				FALSE	FALSE
NOL4	0hr	chr18:34129856:C>T	chr18:34129846-34129870:-	post_stim_only				FALSE	FALSE
NOL4	1hr	chr18:34129856:C>T	chr18:34129846-34129870:-	post_stim_only				FALSE	FALSE
NOL4	6hr	chr18:34129856:C>T	chr18:34129846-34129870:-	post_stim_only	0.417	0.417	112	TRUE	TRUE
NOL8	0hr	chr9:92305763:C>T	chr9:92311145-92311259:-	detected_after_stim	0.162	0.162	58	FALSE	TRUE
NOL8	1hr	chr9:92305763:C>T	chr9:92311145-92311259:-	detected_after_stim	-0.26	0.26	91	TRUE	TRUE
NOL8	6hr	chr9:92305763:C>T	chr9:92311145-92311259:-	detected_after_stim				FALSE	FALSE
NOP56	0hr	chr20:2658335:C>G	chr20:2657225-2657372:+	detected_at_baseline_only	0.218	0.218	284	TRUE	TRUE
NOP56	1hr	chr20:2658335:C>G	chr20:2657225-2657372:+	detected_at_baseline_only	0.015	0.015	484	FALSE	TRUE
NOP56	6hr	chr20:2658335:C>G	chr20:2657225-2657372:+	detected_at_baseline_only	0.006	0.006	361	FALSE	TRUE
NOP58	0hr	chr2:202265908:G>C	chr2:202284481-202284712:+	detected_after_stim	0.075	0.075	175	FALSE	TRUE
NOP58	1hr	chr2:202265908:G>C	chr2:202284481-202284712:+	detected_after_stim	-0.054	0.054	302	FALSE	TRUE
NOP58	6hr	chr2:202265908:G>C	chr2:202284481-202284712:+	detected_after_stim	-0.199	0.199	278	TRUE	TRUE
NPDC1	0hr	chr9:137040829:G>A	chr9:137043073-137044092:-	detected_at_baseline_only	-0.141	0.141	277	TRUE	TRUE
NPDC1	1hr	chr9:137040829:G>A	chr9:137043073-137044092:-	detected_at_baseline_only	-0.094	0.094	436	FALSE	TRUE
NPDC1	6hr	chr9:137040829:G>A	chr9:137043073-137044092:-	detected_at_baseline_only	0.013	0.013	492	FALSE	TRUE
NPR2	0hr	chr9:35809710:A>G	chr9:35808508-35808683:+	post_stim_only				FALSE	FALSE
NPR2	1hr	chr9:35809710:A>G	chr9:35808508-35808683:+	post_stim_only	-0.236	0.236	142	TRUE	TRUE
NPR2	6hr	chr9:35809710:A>G	chr9:35808508-35808683:+	post_stim_only				FALSE	FALSE
NPTN	0hr	chr15:73633378:G>C	chr15:73597021-73597369:-	post_stim_only				FALSE	FALSE
NPTN	1hr	chr15:73633378:G>C	chr15:73597021-73597369:-	post_stim_only				FALSE	FALSE
NPTN	6hr	chr15:73633378:G>C	chr15:73597021-73597369:-	post_stim_only	0.362	0.362	168	TRUE	TRUE
NQO1	0hr	chr16:69715050:A>G	chr16:69726432-69726500:-	post_stim_only				FALSE	FALSE
NQO1	1hr	chr16:69715050:A>G	chr16:69726432-69726500:-	post_stim_only	-0.4	0.4	24	FALSE	TRUE
NQO1	6hr	chr16:69715050:A>G	chr16:69726432-69726500:-	post_stim_only	-0.526	0.526	30	TRUE	TRUE
NQO2	0hr	chr6:3010063:A>G	chr6:3018192-3018560:+	detected_after_stim	-0.051	0.051	109	FALSE	TRUE
NQO2	1hr	chr6:3010063:A>G	chr6:3018192-3018560:+	detected_after_stim	-0.05	0.05	178	FALSE	TRUE
NQO2	6hr	chr6:3010063:A>G	chr6:3018192-3018560:+	detected_after_stim	0.193	0.193	156	TRUE	TRUE
NR4A1	0hr	chr12:52059497:T>C	chr12:52037714-52038749:+	post_stim_only				FALSE	FALSE
NR4A1	1hr	chr12:52059497:T>C	chr12:52037714-52038749:+	post_stim_only	0.597	0.597	78	TRUE	TRUE
NR4A1	6hr	chr12:52059497:T>C	chr12:52037714-52038749:+	post_stim_only	0.258	0.258	36	FALSE	TRUE
NRCAM	0hr	chr7:108160490:C>T	chr7:108225644-108225701:-	detected_after_stim	-0.062	0.062	221	FALSE	TRUE
NRCAM	1hr	chr7:108160490:C>T	chr7:108225644-108225701:-	detected_after_stim				FALSE	FALSE
NRCAM	6hr	chr7:108160490:C>T	chr7:108225644-108225701:-	detected_after_stim	-0.142	0.142	441	TRUE	TRUE
NREP	0hr	chr5:111730999:T>C	chr5:111757179-111757194:-	post_stim_only				FALSE	FALSE
NREP	1hr	chr5:111730999:T>C	chr5:111757179-111757194:-	post_stim_only	-0.251	0.251	601	TRUE	TRUE
NREP	6hr	chr5:111730999:T>C	chr5:111757179-111757194:-	post_stim_only	0.134	0.134	577	FALSE	TRUE
NRSN2	0hr	chr20:349763:C>G	chr20:347433-347506:+	post_stim_only				FALSE	FALSE
NRSN2	1hr	chr20:349763:C>G	chr20:347433-347506:+	post_stim_only				FALSE	FALSE
NRSN2	6hr	chr20:349763:C>G	chr20:347433-347506:+	post_stim_only	0.406	0.406	63	TRUE	TRUE
NRXN1	0hr	chr2:49921833:C>T	chr2:50185541-50185650:-	detected_at_baseline_only	0.155	0.155	160	TRUE	TRUE
NRXN1	1hr	chr2:49921833:C>T	chr2:50185541-50185650:-	detected_at_baseline_only	-0.02	0.02	290	FALSE	TRUE
NRXN1	6hr	chr2:49921833:C>T	chr2:50185541-50185650:-	detected_at_baseline_only	-0.014	0.014	247	FALSE	TRUE
NSF	0hr	chr17:46751564:G>A	chr17:46591020-46591247:+	post_stim_only				FALSE	FALSE
NSF	1hr	chr17:46751564:G>A	chr17:46591020-46591247:+	post_stim_only	0.279	0.279	114	TRUE	TRUE
NSF	6hr	chr17:46751564:G>A	chr17:46591020-46591247:+	post_stim_only	0.056	0.056	95	FALSE	TRUE
NSFL1C	0hr	chr20:1445747:C>T	chr20:1464328-1464426:-	detected_at_baseline_only	0.156	0.156	117	TRUE	TRUE
NSFL1C	1hr	chr20:1445747:C>T	chr20:1464328-1464426:-	detected_at_baseline_only	-0.006	0.006	244	FALSE	TRUE
NSFL1C	6hr	chr20:1445747:C>T	chr20:1464328-1464426:-	detected_at_baseline_only	-0.028	0.028	277	FALSE	TRUE
NSMCE1	0hr	chr16:27235295:T>C	chr16:27241352-27241484:-	detected_after_stim	-0.092	0.092	114	FALSE	TRUE
NSMCE1	1hr	chr16:27235295:T>C	chr16:27241352-27241484:-	detected_after_stim	0.018	0.018	185	FALSE	TRUE
NSMCE1	6hr	chr16:27235295:T>C	chr16:27241352-27241484:-	detected_after_stim	0.234	0.234	172	TRUE	TRUE
NSUN6	0hr	chr10:18651227:C>A	chr10:18648047-18648489:-	detected_after_stim	0.167	0.167	48	FALSE	TRUE
NSUN6	1hr	chr10:18651227:C>A	chr10:18648047-18648489:-	detected_after_stim	0.198	0.198	63	FALSE	TRUE
NSUN6	6hr	chr10:18651227:C>A	chr10:18648047-18648489:-	detected_after_stim	0.293	0.293	63	TRUE	TRUE
NT5C2	0hr	chr10:103174951:T>C	chr10:103139190-103139405:-	detected_after_stim	0.091	0.091	104	FALSE	TRUE
NT5C2	1hr	chr10:103174951:T>C	chr10:103139190-103139405:-	detected_after_stim	-0.148	0.148	157	TRUE	TRUE
NT5C2	6hr	chr10:103174951:T>C	chr10:103139190-103139405:-	detected_after_stim	0.367	0.367	174	TRUE	TRUE
NT5C3A	0hr	chr7:33021333:A>G	chr7:33035933-33035983:-	detected_after_stim	0.081	0.081	159	FALSE	TRUE
NT5C3A	1hr	chr7:33021333:A>G	chr7:33035933-33035983:-	detected_after_stim	-0.155	0.155	246	TRUE	TRUE
NT5C3A	6hr	chr7:33021333:A>G	chr7:33035933-33035983:-	detected_after_stim	-0.12	0.12	171	FALSE	TRUE
NTPCR	0hr	chr1:232950647:C>G	chr1:232955556-232955657:+	other	-0.392	0.392	114	TRUE	TRUE
NTPCR	1hr	chr1:232950647:C>G	chr1:232955556-232955657:+	other	-0.179	0.179	98	FALSE	TRUE
NTPCR	6hr	chr1:232950647:C>G	chr1:232955556-232955657:+	other	-0.5	0.5	124	TRUE	TRUE
NUB1	0hr	chr7:151341810:C>G	chr7:151374201-151374243:+	post_stim_only				FALSE	FALSE
NUB1	1hr	chr7:151341810:C>G	chr7:151374201-151374243:+	post_stim_only	0.489	0.489	59	TRUE	TRUE
NUB1	6hr	chr7:151341810:C>G	chr7:151374201-151374243:+	post_stim_only	0.339	0.339	44	FALSE	TRUE
NUCB1	0hr	chr19:48922841:G>A	chr19:48921325-48921826:+	post_stim_only				FALSE	FALSE
NUCB1	1hr	chr19:48922841:G>A	chr19:48921325-48921826:+	post_stim_only				FALSE	FALSE
NUCB1	6hr	chr19:48922841:G>A	chr19:48921325-48921826:+	post_stim_only	-0.1	0.1	72	TRUE	TRUE
NUCB2	0hr	chr11:17276817:G>C	chr11:17276697-17276730:+	detected_after_stim	-0.156	0.156	261	FALSE	TRUE
NUCB2	1hr	chr11:17276817:G>C	chr11:17276697-17276730:+	detected_after_stim	0.172	0.172	337	TRUE	TRUE
NUCB2	6hr	chr11:17276817:G>C	chr11:17276697-17276730:+	detected_after_stim	-0.037	0.037	477	FALSE	TRUE
NUP42	0hr	chr7:23185114:A>G	chr7:23188032-23188219:+	detected_after_stim	0.131	0.131	160	FALSE	TRUE
NUP42	1hr	chr7:23185114:A>G	chr7:23188032-23188219:+	detected_after_stim	0.148	0.148	244	TRUE	TRUE
NUP42	6hr	chr7:23185114:A>G	chr7:23188032-23188219:+	detected_after_stim	-0.06	0.06	200	FALSE	TRUE
NUP54	0hr	chr4:76134289:C>T	chr4:76131229-76131284:-	post_stim_only				FALSE	FALSE
NUP54	1hr	chr4:76134289:C>T	chr4:76131229-76131284:-	post_stim_only	-0.328	0.328	63	TRUE	TRUE
NUP54	6hr	chr4:76134289:C>T	chr4:76131229-76131284:-	post_stim_only	-0.147	0.147	51	FALSE	TRUE
NUP58	0hr	chr13:25301872:G>A	chr13:25331558-25336212:+	post_stim_only				FALSE	FALSE
NUP58	1hr	chr13:25301872:G>A	chr13:25331558-25336212:+	post_stim_only	-0.095	0.095	68	FALSE	TRUE
NUP58	6hr	chr13:25301872:G>A	chr13:25331558-25336212:+	post_stim_only	-0.408	0.408	60	TRUE	TRUE
NUP88	0hr	chr17:5388941:C>T	chr17:5394890-5394979:-	detected_at_baseline_only	-0.182	0.182	73	TRUE	TRUE
NUP88	1hr	chr17:5388941:C>T	chr17:5394890-5394979:-	detected_at_baseline_only	-0.118	0.118	96	FALSE	TRUE
NUP88	6hr	chr17:5388941:C>T	chr17:5394890-5394979:-	detected_at_baseline_only	-0.023	0.023	152	FALSE	TRUE
NUTM2A-AS1	0hr	chr10:87326663:C>T	chr10:87208170-87208185:-	post_stim_only				FALSE	FALSE
NUTM2A-AS1	1hr	chr10:87326663:C>T	chr10:87208170-87208185:-	post_stim_only	0.293	0.293	109	TRUE	TRUE
NUTM2A-AS1	6hr	chr10:87326663:C>T	chr10:87208170-87208185:-	post_stim_only	0.033	0.033	108	FALSE	TRUE
NXPE3	0hr	chr3:101782135:A>C	chr3:101816794-101817001:+	post_stim_only				FALSE	FALSE
NXPE3	1hr	chr3:101782135:A>C	chr3:101816794-101817001:+	post_stim_only	0.243	0.243	81	TRUE	TRUE
NXPE3	6hr	chr3:101782135:A>C	chr3:101816794-101817001:+	post_stim_only				FALSE	FALSE
OCIAD1	0hr	chr4:48861171:T>C	chr4:48831065-48831081:+	other	-0.15	0.15	574	TRUE	TRUE
OCIAD1	1hr	chr4:48861171:T>C	chr4:48831065-48831081:+	other	-0.05	0.05	1041	FALSE	TRUE
OCIAD1	6hr	chr4:48861171:T>C	chr4:48831065-48831081:+	other	-0.174	0.174	874	TRUE	TRUE
ODF2L	0hr	chr1:86358801:A>T	chr1:86358343-86358786:-	post_stim_only				FALSE	FALSE
ODF2L	1hr	chr1:86358801:A>T	chr1:86358343-86358786:-	post_stim_only				FALSE	FALSE
ODF2L	6hr	chr1:86358801:A>T	chr1:86358343-86358786:-	post_stim_only	-0.585	0.585	208	TRUE	TRUE
OGDH	0hr	chr7:44624381:A>C	chr7:44645518-44645937:+	post_stim_only				FALSE	FALSE
OGDH	1hr	chr7:44624381:A>C	chr7:44645518-44645937:+	post_stim_only				FALSE	FALSE
OGDH	6hr	chr7:44624381:A>C	chr7:44645518-44645937:+	post_stim_only	0.361	0.361	103	TRUE	TRUE
OIP5-AS1	0hr	chr15:41286260:G>A	chr15:41285363-41285461:+	detected_after_stim	0.212	0.212	77	FALSE	TRUE
OIP5-AS1	1hr	chr15:41286260:G>A	chr15:41285363-41285461:+	detected_after_stim	0.222	0.222	223	TRUE	TRUE
OIP5-AS1	6hr	chr15:41286260:G>A	chr15:41285363-41285461:+	detected_after_stim	0.264	0.264	173	TRUE	TRUE
OPA1	0hr	chr3:193694882:A>G	chr3:193645552-193645611:+	detected_at_baseline_only	-0.146	0.146	74	TRUE	TRUE
OPA1	1hr	chr3:193694882:A>G	chr3:193645552-193645611:+	detected_at_baseline_only	-0.082	0.082	76	FALSE	TRUE
OPA1	6hr	chr3:193694882:A>G	chr3:193645552-193645611:+	detected_at_baseline_only	-0.036	0.036	112	FALSE	TRUE
OPTN	0hr	chr10:13100152:T>C	chr10:13118887-13118905:+	detected_at_baseline_only	-0.132	0.132	168	TRUE	TRUE
OPTN	1hr	chr10:13100152:T>C	chr10:13118887-13118905:+	detected_at_baseline_only	0.057	0.057	235	FALSE	TRUE
OPTN	6hr	chr10:13100152:T>C	chr10:13118887-13118905:+	detected_at_baseline_only	0.021	0.021	322	FALSE	TRUE
ORC2	0hr	chr2:200963641:C>G	chr2:200958029-200958133:-	post_stim_only				FALSE	FALSE
ORC2	1hr	chr2:200963641:C>G	chr2:200958029-200958133:-	post_stim_only	-0.1	0.1	66	TRUE	TRUE
ORC2	6hr	chr2:200963641:C>G	chr2:200958029-200958133:-	post_stim_only	0	0	63	FALSE	TRUE
ORC4	0hr	chr2:147958858:T>C	chr2:147975901-147975975:-	detected_after_stim	0.095	0.095	143	FALSE	TRUE
ORC4	1hr	chr2:147958858:T>C	chr2:147975901-147975975:-	detected_after_stim	0.123	0.123	224	TRUE	TRUE
ORC4	6hr	chr2:147958858:T>C	chr2:147975901-147975975:-	detected_after_stim	0.051	0.051	223	FALSE	TRUE
OSBPL6	0hr	chr2:178285021:A>G	chr2:178324176-178324269:+	post_stim_only				FALSE	FALSE
OSBPL6	1hr	chr2:178285021:A>G	chr2:178324176-178324269:+	post_stim_only	-0.006	0.006	164	FALSE	TRUE
OSBPL6	6hr	chr2:178285021:A>G	chr2:178324176-178324269:+	post_stim_only	0.293	0.293	153	TRUE	TRUE
OSCP1	0hr	chr1:36432465:T>C	chr1:36444003-36444033:-	detected_after_stim	-0.28	0.28	35	FALSE	TRUE
OSCP1	1hr	chr1:36432465:T>C	chr1:36444003-36444033:-	detected_after_stim	-0.297	0.297	75	TRUE	TRUE
OSCP1	6hr	chr1:36432465:T>C	chr1:36444003-36444033:-	detected_after_stim				FALSE	FALSE
P4HA1	0hr	chr10:73051130:C>T	chr10:73043886-73043957:-	post_stim_only				FALSE	FALSE
P4HA1	1hr	chr10:73051130:C>T	chr10:73043886-73043957:-	post_stim_only				FALSE	FALSE
P4HA1	6hr	chr10:73051130:C>T	chr10:73043886-73043957:-	post_stim_only	0.239	0.239	160	TRUE	TRUE
P4HA2	0hr	chr5:132209267:C>T	chr5:132227221-132227258:-	post_stim_only				FALSE	FALSE
P4HA2	1hr	chr5:132209267:C>T	chr5:132227221-132227258:-	post_stim_only				FALSE	FALSE
P4HA2	6hr	chr5:132209267:C>T	chr5:132227221-132227258:-	post_stim_only	-0.228	0.228	72	TRUE	TRUE
P4HB	0hr	chr17:81860383:G>T	chr17:81846629-81846946:-	post_stim_only				FALSE	FALSE
P4HB	1hr	chr17:81860383:G>T	chr17:81846629-81846946:-	post_stim_only	0.178	0.178	102	TRUE	TRUE
P4HB	6hr	chr17:81860383:G>T	chr17:81846629-81846946:-	post_stim_only	0.049	0.049	98	FALSE	TRUE
PABPC1	0hr	chr8:100713092:T>C	chr8:100712789-100713086:-	post_stim_only				FALSE	FALSE
PABPC1	1hr	chr8:100713092:T>C	chr8:100712789-100713086:-	post_stim_only	0.189	0.189	93	TRUE	TRUE
PABPC1	6hr	chr8:100713092:T>C	chr8:100712789-100713086:-	post_stim_only				FALSE	FALSE
PABPC4	0hr	chr1:39568914:C>T	chr1:39568697-39568801:-	detected_at_baseline_only	-0.211	0.211	72	TRUE	TRUE
PABPC4	1hr	chr1:39568914:C>T	chr1:39568697-39568801:-	detected_at_baseline_only	-0.057	0.057	89	FALSE	TRUE
PABPC4	6hr	chr1:39568914:C>T	chr1:39568697-39568801:-	detected_at_baseline_only	0.057	0.057	152	FALSE	TRUE
PABPN1	0hr	chr14:23325363:G>A	chr14:23322021-23322036:+	post_stim_only				FALSE	FALSE
PABPN1	1hr	chr14:23325363:G>A	chr14:23322021-23322036:+	post_stim_only				FALSE	FALSE
PABPN1	6hr	chr14:23325363:G>A	chr14:23322021-23322036:+	post_stim_only	0.231	0.231	284	TRUE	TRUE
PACSIN2	0hr	chr22:42893466:G>A	chr22:42946896-42947041:-	detected_after_stim	-0.105	0.105	29	FALSE	TRUE
PACSIN2	1hr	chr22:42893466:G>A	chr22:42946896-42947041:-	detected_after_stim	-0.138	0.138	82	TRUE	TRUE
PACSIN2	6hr	chr22:42893466:G>A	chr22:42946896-42947041:-	detected_after_stim	-0.008	0.008	144	FALSE	TRUE
PAICS	0hr	chr4:56448738:A>C	chr4:56450702-56451191:+	post_stim_only				FALSE	FALSE
PAICS	1hr	chr4:56448738:A>C	chr4:56450702-56451191:+	post_stim_only				FALSE	FALSE
PAICS	6hr	chr4:56448738:A>C	chr4:56450702-56451191:+	post_stim_only	0.281	0.281	129	TRUE	TRUE
PARK7	0hr	chr1:7961717:T>C	chr1:7961747-7961793:+	all_timepoints	-0.206	0.206	952	TRUE	TRUE
PARK7	1hr	chr1:7961717:T>C	chr1:7961747-7961793:+	all_timepoints	-0.283	0.283	1611	TRUE	TRUE
PARK7	6hr	chr1:7961717:T>C	chr1:7961747-7961793:+	all_timepoints	-0.194	0.194	1632	TRUE	TRUE
PARL	0hr	chr3:183842406:A>G	chr3:183833723-183833767:-	detected_after_stim	0.04	0.04	74	FALSE	TRUE
PARL	1hr	chr3:183842406:A>G	chr3:183833723-183833767:-	detected_after_stim	-0.106	0.106	87	FALSE	TRUE
PARL	6hr	chr3:183842406:A>G	chr3:183833723-183833767:-	detected_after_stim	0.146	0.146	126	TRUE	TRUE
PARP1	0hr	chr1:226360852:A>G	chr1:226366052-226366954:-	other	0.125	0.125	63	TRUE	TRUE
PARP1	1hr	chr1:226360852:A>G	chr1:226366052-226366954:-	other	-0.041	0.041	90	FALSE	TRUE
PARP1	6hr	chr1:226360852:A>G	chr1:226366052-226366954:-	other				FALSE	FALSE
PATJ	0hr	chr1:61990341:G>A	chr1:61952074-61952311:+	post_stim_only				FALSE	FALSE
PATJ	1hr	chr1:61990341:G>A	chr1:61952074-61952311:+	post_stim_only	0.148	0.148	42	FALSE	TRUE
PATJ	6hr	chr1:61990341:G>A	chr1:61952074-61952311:+	post_stim_only	-0.212	0.212	114	TRUE	TRUE
PBRM1	0hr	chr3:52627278:C>T	chr3:52554723-52554782:-	post_stim_only				FALSE	FALSE
PBRM1	1hr	chr3:52627278:C>T	chr3:52554723-52554782:-	post_stim_only	0.146	0.146	287	TRUE	TRUE
PBRM1	6hr	chr3:52627278:C>T	chr3:52554723-52554782:-	post_stim_only	-0.014	0.014	260	FALSE	TRUE
PBX1	0hr	chr1:164563301:G>A	chr1:164563380-164563477:+	other	-0.17	0.17	135	TRUE	TRUE
PBX1	1hr	chr1:164563301:G>A	chr1:164563380-164563477:+	other	-0.09	0.09	183	FALSE	TRUE
PBX1	6hr	chr1:164563301:G>A	chr1:164563380-164563477:+	other				FALSE	FALSE
PCBP4	0hr	chr3:51957958:C>T	chr3:51961940-51962079:-	detected_after_stim	-0.074	0.074	186	FALSE	TRUE
PCBP4	1hr	chr3:51957958:C>T	chr3:51961940-51962079:-	detected_after_stim	0.3	0.3	192	TRUE	TRUE
PCBP4	6hr	chr3:51957958:C>T	chr3:51961940-51962079:-	detected_after_stim	0.015	0.015	207	FALSE	TRUE
PCNP	0hr	chr3:101585495:T>C	chr3:101579588-101579647:+	other	0.316	0.316	79	TRUE	TRUE
PCNP	1hr	chr3:101585495:T>C	chr3:101579588-101579647:+	other				FALSE	FALSE
PCNP	6hr	chr3:101585495:T>C	chr3:101579588-101579647:+	other				FALSE	FALSE
PCNX4	0hr	chr14:60107820:A>G	chr14:60108327-60111157:+	post_stim_only				FALSE	FALSE
PCNX4	1hr	chr14:60107820:A>G	chr14:60108327-60111157:+	post_stim_only	0.025	0.025	320	FALSE	TRUE
PCNX4	6hr	chr14:60107820:A>G	chr14:60108327-60111157:+	post_stim_only	0.214	0.214	252	TRUE	TRUE
PCOLCE	0hr	chr7:100605097:A>G	chr7:100605504-100605552:+	post_stim_only				FALSE	FALSE
PCOLCE	1hr	chr7:100605097:A>G	chr7:100605504-100605552:+	post_stim_only	-0.158	0.158	55	TRUE	TRUE
PCOLCE	6hr	chr7:100605097:A>G	chr7:100605504-100605552:+	post_stim_only				FALSE	FALSE
PDE10A	0hr	chr6:165949455:T>G	chr6:165948463-165948608:-	post_stim_only				FALSE	FALSE
PDE10A	1hr	chr6:165949455:T>G	chr6:165948463-165948608:-	post_stim_only				FALSE	FALSE
PDE10A	6hr	chr6:165949455:T>G	chr6:165948463-165948608:-	post_stim_only	0.284	0.284	146	TRUE	TRUE
PDE4DIP	0hr	chr1:148974517:C>T	chr1:149031943-149031999:+	post_stim_only				FALSE	FALSE
PDE4DIP	1hr	chr1:148974517:C>T	chr1:149031943-149031999:+	post_stim_only	-0.224	0.224	54	TRUE	TRUE
PDE4DIP	6hr	chr1:148974517:C>T	chr1:149031943-149031999:+	post_stim_only				FALSE	FALSE
PDHX	0hr	chr11:34916651:C>G	chr11:34932321-34933026:+	post_stim_only				FALSE	FALSE
PDHX	1hr	chr11:34916651:C>G	chr11:34932321-34933026:+	post_stim_only	0.185	0.185	134	TRUE	TRUE
PDHX	6hr	chr11:34916651:C>G	chr11:34932321-34933026:+	post_stim_only	-0.111	0.111	141	FALSE	TRUE
PDIA6	0hr	chr2:10793122:C>T	chr2:10820770-10820864:-	detected_at_baseline_only	0.331	0.331	92	TRUE	TRUE
PDIA6	1hr	chr2:10793122:C>T	chr2:10820770-10820864:-	detected_at_baseline_only	0.186	0.186	154	FALSE	TRUE
PDIA6	6hr	chr2:10793122:C>T	chr2:10820770-10820864:-	detected_at_baseline_only	0.106	0.106	236	FALSE	TRUE
PDK1	0hr	chr2:172558787:G>A	chr2:172562740-172562800:+	post_stim_only				FALSE	FALSE
PDK1	1hr	chr2:172558787:G>A	chr2:172562740-172562800:+	post_stim_only				FALSE	FALSE
PDK1	6hr	chr2:172558787:G>A	chr2:172562740-172562800:+	post_stim_only	-0.26	0.26	137	TRUE	TRUE
PDLIM5	0hr	chr4:94455341:G>C	chr4:94455384-94455542:+	other	-0.4	0.4	27	TRUE	TRUE
PDLIM5	1hr	chr4:94455341:G>C	chr4:94455384-94455542:+	other				FALSE	FALSE
PDLIM5	6hr	chr4:94455341:G>C	chr4:94455384-94455542:+	other				FALSE	FALSE
PDPK1	0hr	chr16:2565613:A>G	chr16:2538163-2538501:+	post_stim_only				FALSE	FALSE
PDPK1	1hr	chr16:2565613:A>G	chr16:2538163-2538501:+	post_stim_only				FALSE	FALSE
PDPK1	6hr	chr16:2565613:A>G	chr16:2538163-2538501:+	post_stim_only	0.251	0.251	83	TRUE	TRUE
PDS5B	0hr	chr13:32586567:C>A	chr13:32652007-32652605:+	other	-0.294	0.294	46	TRUE	TRUE
PDS5B	1hr	chr13:32586567:C>A	chr13:32652007-32652605:+	other				FALSE	FALSE
PDS5B	6hr	chr13:32586567:C>A	chr13:32652007-32652605:+	other	0.119	0.119	112	FALSE	TRUE
PEA15	0hr	chr1:160213167:T>G	chr1:160211286-160211314:+	other	0.211	0.211	40	TRUE	TRUE
PEA15	1hr	chr1:160213167:T>G	chr1:160211286-160211314:+	other	0.262	0.262	101	TRUE	TRUE
PEA15	6hr	chr1:160213167:T>G	chr1:160211286-160211314:+	other				FALSE	FALSE
PEMT	0hr	chr17:17506245:C>T	chr17:17591530-17591596:-	detected_at_baseline_only	0.202	0.202	163	TRUE	TRUE
PEMT	1hr	chr17:17506245:C>T	chr17:17591530-17591596:-	detected_at_baseline_only	-0.071	0.071	212	FALSE	TRUE
PEMT	6hr	chr17:17506245:C>T	chr17:17591530-17591596:-	detected_at_baseline_only	-0.003	0.003	212	FALSE	TRUE
PEPD	0hr	chr19:33387132:A>G	chr19:33486902-33487075:-	detected_after_stim	0.118	0.118	111	FALSE	TRUE
PEPD	1hr	chr19:33387132:A>G	chr19:33486902-33487075:-	detected_after_stim	-0.091	0.091	221	FALSE	TRUE
PEPD	6hr	chr19:33387132:A>G	chr19:33486902-33487075:-	detected_after_stim	-0.188	0.188	235	TRUE	TRUE
PFKL	0hr	chr21:44326911:C>T	chr21:44325731-44325960:+	post_stim_only				FALSE	FALSE
PFKL	1hr	chr21:44326911:C>T	chr21:44325731-44325960:+	post_stim_only	-0.06	0.06	142	FALSE	TRUE
PFKL	6hr	chr21:44326911:C>T	chr21:44325731-44325960:+	post_stim_only	-0.361	0.361	135	TRUE	TRUE
PFKM	0hr	chr12:48145698:T>G	chr12:48119786-48119929:+	detected_after_stim	-0.002	0.002	133	FALSE	TRUE
PFKM	1hr	chr12:48145698:T>G	chr12:48119786-48119929:+	detected_after_stim	0.139	0.139	231	TRUE	TRUE
PFKM	6hr	chr12:48145698:T>G	chr12:48119786-48119929:+	detected_after_stim	-0.066	0.066	171	FALSE	TRUE
PFKP	0hr	chr10:3113505:C>T	chr10:3068485-3068502:+	post_stim_only				FALSE	FALSE
PFKP	1hr	chr10:3113505:C>T	chr10:3068485-3068502:+	post_stim_only	0.137	0.137	70	FALSE	TRUE
PFKP	6hr	chr10:3113505:C>T	chr10:3068485-3068502:+	post_stim_only	0.328	0.328	82	TRUE	TRUE
PGLS	0hr	chr19:17511927:G>A	chr19:17516370-17516474:+	other	0.111	0.111	257	TRUE	TRUE
PGLS	1hr	chr19:17511927:G>A	chr19:17516370-17516474:+	other				FALSE	FALSE
PGLS	6hr	chr19:17511927:G>A	chr19:17516370-17516474:+	other				FALSE	FALSE
PHACTR4	0hr	chr1:28407481:G>T	chr1:28408132-28408572:+	other	0.444	0.444	136	TRUE	TRUE
PHACTR4	1hr	chr1:28407481:G>T	chr1:28408132-28408572:+	other				FALSE	FALSE
PHACTR4	6hr	chr1:28407481:G>T	chr1:28408132-28408572:+	other				FALSE	FALSE
PHLDA3	0hr	chr1:201468609:C>T	chr1:201468948-201468994:-	post_stim_only				FALSE	FALSE
PHLDA3	1hr	chr1:201468609:C>T	chr1:201468948-201468994:-	post_stim_only				FALSE	FALSE
PHLDA3	6hr	chr1:201468609:C>T	chr1:201468948-201468994:-	post_stim_only	-0.463	0.463	71	TRUE	TRUE
PHTF2	0hr	chr7:77901795:T>C	chr7:77940302-77940459:+	post_stim_only				FALSE	FALSE
PHTF2	1hr	chr7:77901795:T>C	chr7:77940302-77940459:+	post_stim_only				FALSE	FALSE
PHTF2	6hr	chr7:77901795:T>C	chr7:77940302-77940459:+	post_stim_only	-0.365	0.365	90	TRUE	TRUE
PHYHIPL	0hr	chr10:59234463:G>A	chr10:59206753-59206791:+	detected_at_baseline_only	-0.127	0.127	88	TRUE	TRUE
PHYHIPL	1hr	chr10:59234463:G>A	chr10:59206753-59206791:+	detected_at_baseline_only	-0.029	0.029	147	FALSE	TRUE
PHYHIPL	6hr	chr10:59234463:G>A	chr10:59206753-59206791:+	detected_at_baseline_only	0.062	0.062	182	FALSE	TRUE
PI4KA	0hr	chr22:20707979:G>T	chr22:20711461-20711477:-	detected_at_baseline_only	0.116	0.116	231	TRUE	TRUE
PI4KA	1hr	chr22:20707979:G>T	chr22:20711461-20711477:-	detected_at_baseline_only	-0.05	0.05	406	FALSE	TRUE
PI4KA	6hr	chr22:20707979:G>T	chr22:20711461-20711477:-	detected_at_baseline_only	-0.02	0.02	397	FALSE	TRUE
PIBF1	0hr	chr13:72795503:A>G	chr13:72973675-72974251:+	detected_at_baseline_only	0.267	0.267	103	TRUE	TRUE
PIBF1	1hr	chr13:72795503:A>G	chr13:72973675-72974251:+	detected_at_baseline_only	0.124	0.124	133	FALSE	TRUE
PIBF1	6hr	chr13:72795503:A>G	chr13:72973675-72974251:+	detected_at_baseline_only	0.01	0.01	130	FALSE	TRUE
PICALM	0hr	chr11:86014893:C>T	chr11:85990378-85990399:-	detected_after_stim	-0.138	0.138	97	FALSE	TRUE
PICALM	1hr	chr11:86014893:C>T	chr11:85990378-85990399:-	detected_after_stim	0.274	0.274	177	TRUE	TRUE
PICALM	6hr	chr11:86014893:C>T	chr11:85990378-85990399:-	detected_after_stim	0.192	0.192	194	FALSE	TRUE
PIEZO2	0hr	chr18:10787127:A>G	chr18:10708274-10708439:-	detected_after_stim	0.153	0.153	113	FALSE	TRUE
PIEZO2	1hr	chr18:10787127:A>G	chr18:10708274-10708439:-	detected_after_stim	0.06	0.06	187	FALSE	TRUE
PIEZO2	6hr	chr18:10787127:A>G	chr18:10708274-10708439:-	detected_after_stim	0.324	0.324	174	TRUE	TRUE
PIGG	0hr	chr4:533887:T>C	chr4:533631-533817:+	post_stim_only	-0.103	0.103	64	FALSE	FALSE
PIGG	1hr	chr4:533887:T>C	chr4:533631-533817:+	post_stim_only	0.37	0.37	148	TRUE	TRUE
PIGG	6hr	chr4:533887:T>C	chr4:533631-533817:+	post_stim_only	0.126	0.126	92	FALSE	TRUE
PIGH	0hr	chr14:67593752:G>C	chr14:67593253-67593727:-	detected_at_baseline_only	0.16	0.16	161	TRUE	TRUE
PIGH	1hr	chr14:67593752:G>C	chr14:67593253-67593727:-	detected_at_baseline_only	0.027	0.027	254	FALSE	TRUE
PIGH	6hr	chr14:67593752:G>C	chr14:67593253-67593727:-	detected_at_baseline_only	-0.006	0.006	302	FALSE	TRUE
PIK3C2A	0hr	chr11:17169556:C>T	chr11:17204306-17204375:-	post_stim_only				FALSE	FALSE
PIK3C2A	1hr	chr11:17169556:C>T	chr11:17204306-17204375:-	post_stim_only				FALSE	FALSE
PIK3C2A	6hr	chr11:17169556:C>T	chr11:17204306-17204375:-	post_stim_only	0.219	0.219	497	TRUE	TRUE
PILRB	0hr	chr7:100367661:T>C	chr7:100358689-100358898:+	detected_at_baseline_only	0.21	0.21	124	TRUE	TRUE
PILRB	1hr	chr7:100367661:T>C	chr7:100358689-100358898:+	detected_at_baseline_only	0.042	0.042	118	FALSE	TRUE
PILRB	6hr	chr7:100367661:T>C	chr7:100358689-100358898:+	detected_at_baseline_only	-0.04	0.04	112	FALSE	TRUE
PITRM1	0hr	chr10:3137918:C>T	chr10:3142516-3142869:-	detected_at_baseline_only	0.156	0.156	116	TRUE	TRUE
PITRM1	1hr	chr10:3137918:C>T	chr10:3142516-3142869:-	detected_at_baseline_only	-0.016	0.016	140	FALSE	TRUE
PITRM1	6hr	chr10:3137918:C>T	chr10:3142516-3142869:-	detected_at_baseline_only	-0.043	0.043	128	FALSE	TRUE
PKIB	0hr	chr6:122725686:G>A	chr6:122717561-122717661:+	post_stim_only				FALSE	FALSE
PKIB	1hr	chr6:122725686:G>A	chr6:122717561-122717661:+	post_stim_only	-0.112	0.112	127	TRUE	TRUE
PKIB	6hr	chr6:122725686:G>A	chr6:122717561-122717661:+	post_stim_only	-0.015	0.015	170	FALSE	TRUE
PKM	0hr	chr15:72202611:A>T	chr15:72209844-72209859:-	post_stim_only				FALSE	FALSE
PKM	1hr	chr15:72202611:A>T	chr15:72209844-72209859:-	post_stim_only				FALSE	FALSE
PKM	6hr	chr15:72202611:A>T	chr15:72209844-72209859:-	post_stim_only	0.256	0.256	78	TRUE	TRUE
PKN2	0hr	chr1:88760292:T>C	chr1:88741288-88741337:+	post_stim_only	-0.028	0.028	54	FALSE	FALSE
PKN2	1hr	chr1:88760292:T>C	chr1:88741288-88741337:+	post_stim_only				FALSE	FALSE
PKN2	6hr	chr1:88760292:T>C	chr1:88741288-88741337:+	post_stim_only	0.105	0.105	96	TRUE	TRUE
PLD3	0hr	chr19:40365893:T>A	chr19:40365661-40365717:+	detected_after_stim	0.023	0.023	139	FALSE	TRUE
PLD3	1hr	chr19:40365893:T>A	chr19:40365661-40365717:+	detected_after_stim	-0.051	0.051	262	FALSE	TRUE
PLD3	6hr	chr19:40365893:T>A	chr19:40365661-40365717:+	detected_after_stim	-0.119	0.119	317	TRUE	TRUE
PLEKHA5	0hr	chr12:19376133:T>C	chr12:19346971-19346993:+	detected_at_baseline_only	0.346	0.346	47	TRUE	TRUE
PLEKHA5	1hr	chr12:19376133:T>C	chr12:19346971-19346993:+	detected_at_baseline_only	0.102	0.102	61	FALSE	TRUE
PLEKHA5	6hr	chr12:19376133:T>C	chr12:19346971-19346993:+	detected_at_baseline_only	0.075	0.075	125	FALSE	TRUE
PLEKHA6	0hr	chr1:204273709:A>C	chr1:204274339-204274728:-	other	0.2	0.2	36	TRUE	TRUE
PLEKHA6	1hr	chr1:204273709:A>C	chr1:204274339-204274728:-	other				FALSE	FALSE
PLEKHA6	6hr	chr1:204273709:A>C	chr1:204274339-204274728:-	other	0.063	0.063	90	FALSE	TRUE
PLEKHB2	0hr	chr2:131147722:A>G	chr2:131118890-131118978:+	post_stim_only				FALSE	FALSE
PLEKHB2	1hr	chr2:131147722:A>G	chr2:131118890-131118978:+	post_stim_only	0.196	0.196	70	TRUE	TRUE
PLEKHB2	6hr	chr2:131147722:A>G	chr2:131118890-131118978:+	post_stim_only	0.038	0.038	133	FALSE	TRUE
PLOD2	0hr	chr3:146070679:T>C	chr3:146073352-146073657:-	post_stim_only				FALSE	FALSE
PLOD2	1hr	chr3:146070679:T>C	chr3:146073352-146073657:-	post_stim_only				FALSE	FALSE
PLOD2	6hr	chr3:146070679:T>C	chr3:146073352-146073657:-	post_stim_only	-0.135	0.135	78	TRUE	TRUE
PLPPR1	0hr	chr9:101028937:C>T	chr9:101185679-101185870:+	other	-0.211	0.211	287	TRUE	TRUE
PLPPR1	1hr	chr9:101028937:C>T	chr9:101185679-101185870:+	other				FALSE	FALSE
PLPPR1	6hr	chr9:101028937:C>T	chr9:101185679-101185870:+	other	-0.033	0.033	342	FALSE	TRUE
PMAIP1	0hr	chr18:59903537:G>A	chr18:59900427-59900578:+	post_stim_only				FALSE	FALSE
PMAIP1	1hr	chr18:59903537:G>A	chr18:59900427-59900578:+	post_stim_only				FALSE	FALSE
PMAIP1	6hr	chr18:59903537:G>A	chr18:59900427-59900578:+	post_stim_only	0.355	0.355	50	TRUE	TRUE
PMPCA	0hr	chr9:136423526:C>T	chr9:136414552-136414585:+	detected_after_stim	0.011	0.011	118	FALSE	TRUE
PMPCA	1hr	chr9:136423526:C>T	chr9:136414552-136414585:+	detected_after_stim	0.098	0.098	149	FALSE	TRUE
PMPCA	6hr	chr9:136423526:C>T	chr9:136414552-136414585:+	detected_after_stim	-0.168	0.168	163	TRUE	TRUE
PMS1	0hr	chr2:189784589:G>C	chr2:189805651-189805754:+	detected_after_stim	-0.004	0.004	109	FALSE	TRUE
PMS1	1hr	chr2:189784589:G>C	chr2:189805651-189805754:+	detected_after_stim	-0.162	0.162	153	TRUE	TRUE
PMS1	6hr	chr2:189784589:G>C	chr2:189805651-189805754:+	detected_after_stim	0.081	0.081	84	FALSE	TRUE
PNISR	0hr	chr6:99408145:C>T	chr6:99400311-99400543:-	other	-0.187	0.187	186	TRUE	TRUE
PNISR	1hr	chr6:99408145:C>T	chr6:99400311-99400543:-	other	-0.118	0.118	365	FALSE	FALSE
PNISR	6hr	chr6:99408145:C>T	chr6:99400311-99400543:-	other	-0.082	0.082	448	FALSE	TRUE
PNRC2	0hr	chr1:23961586:G>A	chr1:23959827-23959998:+	detected_after_stim	0.069	0.069	75	FALSE	TRUE
PNRC2	1hr	chr1:23961586:G>A	chr1:23959827-23959998:+	detected_after_stim	0.156	0.156	115	TRUE	TRUE
PNRC2	6hr	chr1:23961586:G>A	chr1:23959827-23959998:+	detected_after_stim	0.005	0.005	148	FALSE	TRUE
POC5	0hr	chr5:75707852:T>C	chr5:75712853-75712951:-	post_stim_only				FALSE	FALSE
POC5	1hr	chr5:75707852:T>C	chr5:75712853-75712951:-	post_stim_only	-0.136	0.136	65	TRUE	TRUE
POC5	6hr	chr5:75707852:T>C	chr5:75712853-75712951:-	post_stim_only				FALSE	FALSE
POLR1D	0hr	chr13:27665802:G>C	chr13:27650041-27650241:+	detected_at_baseline_only	-0.279	0.279	96	TRUE	TRUE
POLR1D	1hr	chr13:27665802:G>C	chr13:27650041-27650241:+	detected_at_baseline_only	0.067	0.067	162	FALSE	TRUE
POLR1D	6hr	chr13:27665802:G>C	chr13:27650041-27650241:+	detected_at_baseline_only	0.09	0.09	149	FALSE	TRUE
POLR2B	0hr	chr4:56978924:C>T	chr4:56977791-56977808:+	post_stim_only				FALSE	FALSE
POLR2B	1hr	chr4:56978924:C>T	chr4:56977791-56977808:+	post_stim_only				FALSE	FALSE
POLR2B	6hr	chr4:56978924:C>T	chr4:56977791-56977808:+	post_stim_only	-0.111	0.111	160	TRUE	TRUE
POLR2E	0hr	chr19:1088318:C>T	chr19:1093903-1094078:-	detected_after_stim	-0.043	0.043	230	FALSE	TRUE
POLR2E	1hr	chr19:1088318:C>T	chr19:1093903-1094078:-	detected_after_stim	-0.105	0.105	308	TRUE	TRUE
POLR2E	6hr	chr19:1088318:C>T	chr19:1093903-1094078:-	detected_after_stim	0.034	0.034	479	FALSE	TRUE
POLR3D	0hr	chr8:22247988:T>C	chr8:22248008-22248153:+	detected_after_stim	-0.105	0.105	147	FALSE	TRUE
POLR3D	1hr	chr8:22247988:T>C	chr8:22248008-22248153:+	detected_after_stim	0.025	0.025	218	FALSE	TRUE
POLR3D	6hr	chr8:22247988:T>C	chr8:22248008-22248153:+	detected_after_stim	-0.206	0.206	133	TRUE	TRUE
POP5	0hr	chr12:120581058:C>T	chr12:120580995-120581114:-	post_stim_only				FALSE	FALSE
POP5	1hr	chr12:120581058:C>T	chr12:120580995-120581114:-	post_stim_only				FALSE	FALSE
POP5	6hr	chr12:120581058:C>T	chr12:120580995-120581114:-	post_stim_only	-0.261	0.261	61	TRUE	TRUE
PPFIA1	0hr	chr11:70343809:C>T	chr11:70338434-70338453:+	post_stim_only				FALSE	FALSE
PPFIA1	1hr	chr11:70343809:C>T	chr11:70338434-70338453:+	post_stim_only	0.188	0.188	115	TRUE	TRUE
PPFIA1	6hr	chr11:70343809:C>T	chr11:70338434-70338453:+	post_stim_only				FALSE	FALSE
PPIP5K2	0hr	chr5:103201583:A>G	chr5:103186319-103186439:+	post_stim_only				FALSE	FALSE
PPIP5K2	1hr	chr5:103201583:A>G	chr5:103186319-103186439:+	post_stim_only	-0.174	0.174	201	TRUE	TRUE
PPIP5K2	6hr	chr5:103201583:A>G	chr5:103186319-103186439:+	post_stim_only	0.106	0.106	158	FALSE	TRUE
PPM1K	0hr	chr4:88284507:G>T	chr4:88276695-88277142:-	detected_after_stim	0.006	0.006	174	FALSE	TRUE
PPM1K	1hr	chr4:88284507:G>T	chr4:88276695-88277142:-	detected_after_stim	-0.192	0.192	271	TRUE	TRUE
PPM1K	6hr	chr4:88284507:G>T	chr4:88276695-88277142:-	detected_after_stim				FALSE	FALSE
PPP1CC	0hr	chr12:110720883:C>T	chr12:110724764-110726679:-	post_stim_only				FALSE	FALSE
PPP1CC	1hr	chr12:110720883:C>T	chr12:110724764-110726679:-	post_stim_only	0.271	0.271	108	TRUE	TRUE
PPP1CC	6hr	chr12:110720883:C>T	chr12:110724764-110726679:-	post_stim_only				FALSE	FALSE
PPP1R11	0hr	chr6:30069239:G>A	chr6:30067542-30067575:+	other	0.2	0.2	88	TRUE	TRUE
PPP1R11	1hr	chr6:30069239:G>A	chr6:30067542-30067575:+	other	0.027	0.027	140	FALSE	TRUE
PPP1R11	6hr	chr6:30069239:G>A	chr6:30067542-30067575:+	other				FALSE	FALSE
PPP1R21	0hr	chr2:48454728:C>G	chr2:48440768-48441010:+	other	-0.187	0.187	88	TRUE	TRUE
PPP1R21	1hr	chr2:48454728:C>G	chr2:48440768-48441010:+	other	0.009	0.009	130	FALSE	TRUE
PPP1R21	6hr	chr2:48454728:C>G	chr2:48440768-48441010:+	other				FALSE	FALSE
PPP2R3C	0hr	chr14:35121967:T>C	chr14:35107647-35108094:-	detected_after_stim	-0.126	0.126	87	FALSE	TRUE
PPP2R3C	1hr	chr14:35121967:T>C	chr14:35107647-35108094:-	detected_after_stim	0.198	0.198	153	TRUE	TRUE
PPP2R3C	6hr	chr14:35121967:T>C	chr14:35107647-35108094:-	detected_after_stim	0.103	0.103	248	FALSE	TRUE
PPP6R2	0hr	chr22:50372082:G>A	chr22:50388985-50389111:+	detected_after_stim	0.028	0.028	59	FALSE	TRUE
PPP6R2	1hr	chr22:50372082:G>A	chr22:50388985-50389111:+	detected_after_stim	-0.156	0.156	72	TRUE	TRUE
PPP6R2	6hr	chr22:50372082:G>A	chr22:50388985-50389111:+	detected_after_stim	-0.041	0.041	186	FALSE	TRUE
PRKAG2-AS1	0hr	chr7:151879025:A>G	chr7:151878561-151878814:+	detected_at_baseline_only	0.235	0.235	42	TRUE	TRUE
PRKAG2-AS1	1hr	chr7:151879025:A>G	chr7:151878561-151878814:+	detected_at_baseline_only	-0.064	0.064	136	FALSE	TRUE
PRKAG2-AS1	6hr	chr7:151879025:A>G	chr7:151878561-151878814:+	detected_at_baseline_only	0.018	0.018	233	FALSE	TRUE
PRKAR1A	0hr	chr17:68551267:G>C	chr17:68530276-68530319:+	post_stim_only				FALSE	FALSE
PRKAR1A	1hr	chr17:68551267:G>C	chr17:68530276-68530319:+	post_stim_only				FALSE	FALSE
PRKAR1A	6hr	chr17:68551267:G>C	chr17:68530276-68530319:+	post_stim_only	0.185	0.185	76	TRUE	TRUE
PRKAR1B	0hr	chr7:579300:A>G	chr7:578436-578853:-	post_stim_only				FALSE	FALSE
PRKAR1B	1hr	chr7:579300:A>G	chr7:578436-578853:-	post_stim_only	0.621	0.621	66	TRUE	TRUE
PRKAR1B	6hr	chr7:579300:A>G	chr7:578436-578853:-	post_stim_only	0.623	0.623	60	TRUE	TRUE
PRMT7	0hr	chr16:68355868:C>T	chr16:68312041-68312176:+	post_stim_only	0.104	0.104	36	FALSE	FALSE
PRMT7	1hr	chr16:68355868:C>T	chr16:68312041-68312176:+	post_stim_only	-0.388	0.388	79	TRUE	TRUE
PRMT7	6hr	chr16:68355868:C>T	chr16:68312041-68312176:+	post_stim_only				FALSE	FALSE
PRPF40A	0hr	chr2:152676673:A>C	chr2:152717445-152717457:-	other	0.143	0.143	164	TRUE	TRUE
PRPF40A	1hr	chr2:152676673:A>C	chr2:152717445-152717457:-	other				FALSE	FALSE
PRPF40A	6hr	chr2:152676673:A>C	chr2:152717445-152717457:-	other	0.066	0.066	320	FALSE	TRUE
PRPSAP2	0hr	chr17:18858194:G>A	chr17:18867281-18867334:+	other	0.439	0.439	58	TRUE	TRUE
PRPSAP2	1hr	chr17:18858194:G>A	chr17:18867281-18867334:+	other				FALSE	FALSE
PRPSAP2	6hr	chr17:18858194:G>A	chr17:18867281-18867334:+	other	-0.053	0.053	76	FALSE	FALSE
PRR14L	0hr	chr22:31717033:C>T	chr22:31749474-31749992:-	detected_after_stim	0.104	0.104	49	FALSE	TRUE
PRR14L	1hr	chr22:31717033:C>T	chr22:31749474-31749992:-	detected_after_stim	0.291	0.291	122	TRUE	TRUE
PRR14L	6hr	chr22:31717033:C>T	chr22:31749474-31749992:-	detected_after_stim	0.4	0.4	30	FALSE	TRUE
PRRC2A	0hr	chr6:31636577:C>A	chr6:31622689-31622726:+	post_stim_only				FALSE	FALSE
PRRC2A	1hr	chr6:31636577:C>A	chr6:31622689-31622726:+	post_stim_only	-0.547	0.547	153	TRUE	TRUE
PRRC2A	6hr	chr6:31636577:C>A	chr6:31622689-31622726:+	post_stim_only	-0.185	0.185	185	FALSE	TRUE
PRRC2C	0hr	chr1:171557430:G>A	chr1:171568246-171568339:+	post_stim_only				FALSE	FALSE
PRRC2C	1hr	chr1:171557430:G>A	chr1:171568246-171568339:+	post_stim_only	-0.217	0.217	61	TRUE	TRUE
PRRC2C	6hr	chr1:171557430:G>A	chr1:171568246-171568339:+	post_stim_only	0.092	0.092	45	FALSE	TRUE
PSEN2	0hr	chr1:226895848:C>T	chr1:226871053-226871261:+	post_stim_only				FALSE	FALSE
PSEN2	1hr	chr1:226895848:C>T	chr1:226871053-226871261:+	post_stim_only	-0.186	0.186	109	TRUE	TRUE
PSEN2	6hr	chr1:226895848:C>T	chr1:226871053-226871261:+	post_stim_only				FALSE	FALSE
PSMA4	0hr	chr15:78540489:T>C	chr15:78542219-78542375:+	detected_after_stim	-0.069	0.069	811	FALSE	TRUE
PSMA4	1hr	chr15:78540489:T>C	chr15:78542219-78542375:+	detected_after_stim				FALSE	FALSE
PSMA4	6hr	chr15:78540489:T>C	chr15:78542219-78542375:+	detected_after_stim	0.166	0.166	1295	TRUE	TRUE
PSMA6	0hr	chr14:35292468:C>G	chr14:35292316-35292333:+	detected_after_stim	0.026	0.026	250	FALSE	TRUE
PSMA6	1hr	chr14:35292468:C>G	chr14:35292316-35292333:+	detected_after_stim	0.139	0.139	441	TRUE	TRUE
PSMA6	6hr	chr14:35292468:C>G	chr14:35292316-35292333:+	detected_after_stim	0.054	0.054	463	FALSE	TRUE
PSMB10	0hr	chr16:67935627:A>G	chr16:67935478-67935548:-	post_stim_only				FALSE	FALSE
PSMB10	1hr	chr16:67935627:A>G	chr16:67935478-67935548:-	post_stim_only	0.235	0.235	268	TRUE	TRUE
PSMB10	6hr	chr16:67935627:A>G	chr16:67935478-67935548:-	post_stim_only	0.216	0.216	224	TRUE	TRUE
PSMC2	0hr	chr7:103363348:A>G	chr7:103362088-103362467:+	other	-0.158	0.158	108	TRUE	TRUE
PSMC2	1hr	chr7:103363348:A>G	chr7:103362088-103362467:+	other				FALSE	FALSE
PSMC2	6hr	chr7:103363348:A>G	chr7:103362088-103362467:+	other				FALSE	FALSE
PSMC5	0hr	chr17:63830910:C>T	chr17:63827684-63827702:+	detected_at_baseline_only	0.144	0.144	377	TRUE	TRUE
PSMC5	1hr	chr17:63830910:C>T	chr17:63827684-63827702:+	detected_at_baseline_only	0.048	0.048	616	FALSE	TRUE
PSMC5	6hr	chr17:63830910:C>T	chr17:63827684-63827702:+	detected_at_baseline_only	0.074	0.074	589	FALSE	TRUE
PSMD1	0hr	chr2:231056871:G>C	chr2:231170565-231170578:+	post_stim_only				FALSE	FALSE
PSMD1	1hr	chr2:231056871:G>C	chr2:231170565-231170578:+	post_stim_only				FALSE	FALSE
PSMD1	6hr	chr2:231056871:G>C	chr2:231170565-231170578:+	post_stim_only	-0.335	0.335	128	TRUE	TRUE
PSMD11	0hr	chr17:32477555:G>A	chr17:32476679-32477520:+	post_stim_only				FALSE	FALSE
PSMD11	1hr	chr17:32477555:G>A	chr17:32476679-32477520:+	post_stim_only	0.205	0.205	278	TRUE	TRUE
PSMD11	6hr	chr17:32477555:G>A	chr17:32476679-32477520:+	post_stim_only				FALSE	FALSE
PSMD13	0hr	chr11:237086:A>G	chr11:244216-244425:+	detected_at_baseline_only	-0.101	0.101	191	TRUE	TRUE
PSMD13	1hr	chr11:237086:A>G	chr11:244216-244425:+	detected_at_baseline_only	-0.001	0.001	186	FALSE	TRUE
PSMD13	6hr	chr11:237086:A>G	chr11:244216-244425:+	detected_at_baseline_only	0.028	0.028	175	FALSE	TRUE
PSMD6	0hr	chr3:64010585:C>T	chr3:64023478-64023492:-	detected_at_baseline_only	-0.452	0.452	116	TRUE	TRUE
PSMD6	1hr	chr3:64010585:C>T	chr3:64023478-64023492:-	detected_at_baseline_only	0.048	0.048	253	FALSE	TRUE
PSMD6	6hr	chr3:64010585:C>T	chr3:64023478-64023492:-	detected_at_baseline_only	0.027	0.027	208	FALSE	TRUE
PSMD8	0hr	chr19:38380981:C>T	chr19:38374570-38374690:+	other	0.124	0.124	987	TRUE	TRUE
PSMD8	1hr	chr19:38380981:C>T	chr19:38374570-38374690:+	other	0.033	0.033	1529	FALSE	TRUE
PSMD8	6hr	chr19:38380981:C>T	chr19:38374570-38374690:+	other				FALSE	FALSE
PSMF1	0hr	chr20:1165403:C>T	chr20:1118609-1118635:+	detected_after_stim	0.23	0.23	157	FALSE	TRUE
PSMF1	1hr	chr20:1165403:C>T	chr20:1118609-1118635:+	detected_after_stim	0.21	0.21	253	TRUE	TRUE
PSMF1	6hr	chr20:1165403:C>T	chr20:1118609-1118635:+	detected_after_stim	-0.045	0.045	249	FALSE	TRUE
PTGR1	0hr	chr9:111599378:G>C	chr9:111592366-111592690:-	post_stim_only				FALSE	FALSE
PTGR1	1hr	chr9:111599378:G>C	chr9:111592366-111592690:-	post_stim_only				FALSE	FALSE
PTGR1	6hr	chr9:111599378:G>C	chr9:111592366-111592690:-	post_stim_only	-0.477	0.477	78	TRUE	TRUE
PTPRF	0hr	chr1:43622075:G>A	chr1:43612767-43612800:+	post_stim_only				FALSE	FALSE
PTPRF	1hr	chr1:43622075:G>A	chr1:43612767-43612800:+	post_stim_only	0.309	0.309	169	TRUE	TRUE
PTPRF	6hr	chr1:43622075:G>A	chr1:43612767-43612800:+	post_stim_only	0.123	0.123	156	FALSE	TRUE
PTPRO	0hr	chr12:15497327:G>A	chr12:15595057-15595640:+	detected_after_stim	-0.039	0.039	239	FALSE	TRUE
PTPRO	1hr	chr12:15497327:G>A	chr12:15595057-15595640:+	detected_after_stim	0.008	0.008	521	FALSE	TRUE
PTPRO	6hr	chr12:15497327:G>A	chr12:15595057-15595640:+	detected_after_stim	-0.124	0.124	504	TRUE	TRUE
PTPRR	0hr	chr12:70684137:C>T	chr12:70754301-70754415:-	other	-0.317	0.317	58	TRUE	TRUE
PTPRR	1hr	chr12:70684137:C>T	chr12:70754301-70754415:-	other	-0.075	0.075	130	FALSE	TRUE
PTPRR	6hr	chr12:70684137:C>T	chr12:70754301-70754415:-	other				FALSE	FALSE
PTPRS	0hr	chr19:5273559:T>G	chr19:5222688-5223297:-	post_stim_only				FALSE	FALSE
PTPRS	1hr	chr19:5273559:T>G	chr19:5222688-5223297:-	post_stim_only	0.489	0.489	33	TRUE	TRUE
PTPRS	6hr	chr19:5273559:T>G	chr19:5222688-5223297:-	post_stim_only				FALSE	FALSE
PUF60	0hr	chr8:143829321:T>G	chr8:143818534-143818958:-	post_stim_only				FALSE	FALSE
PUF60	1hr	chr8:143829321:T>G	chr8:143818534-143818958:-	post_stim_only	0.226	0.226	119	TRUE	TRUE
PUF60	6hr	chr8:143829321:T>G	chr8:143818534-143818958:-	post_stim_only				FALSE	FALSE
PXDN	0hr	chr2:1744464:C>T	chr2:1687631-1687703:-	detected_after_stim	0.048	0.048	73	FALSE	TRUE
PXDN	1hr	chr2:1744464:C>T	chr2:1687631-1687703:-	detected_after_stim	-0.188	0.188	127	TRUE	TRUE
PXDN	6hr	chr2:1744464:C>T	chr2:1687631-1687703:-	detected_after_stim	-0.035	0.035	165	FALSE	TRUE
PXYLP1	0hr	chr3:141278477:C>T	chr3:141262242-141262340:+	post_stim_only				FALSE	FALSE
PXYLP1	1hr	chr3:141278477:C>T	chr3:141262242-141262340:+	post_stim_only	0.509	0.509	58	TRUE	TRUE
PXYLP1	6hr	chr3:141278477:C>T	chr3:141262242-141262340:+	post_stim_only				FALSE	FALSE
QRSL1	0hr	chr6:106629626:G>A	chr6:106640100-106640206:+	detected_after_stim	0.022	0.022	40	FALSE	TRUE
QRSL1	1hr	chr6:106629626:G>A	chr6:106640100-106640206:+	detected_after_stim	0.1	0.1	64	TRUE	TRUE
QRSL1	6hr	chr6:106629626:G>A	chr6:106640100-106640206:+	detected_after_stim				FALSE	FALSE
R3HCC1L	0hr	chr10:98208270:G>A	chr10:98162882-98162975:+	detected_after_stim	0.052	0.052	179	FALSE	TRUE
R3HCC1L	1hr	chr10:98208270:G>A	chr10:98162882-98162975:+	detected_after_stim	-0.011	0.011	163	FALSE	TRUE
R3HCC1L	6hr	chr10:98208270:G>A	chr10:98162882-98162975:+	detected_after_stim	0.147	0.147	122	TRUE	TRUE
R3HDM2	0hr	chr12:57310376:C>T	chr12:57342168-57342479:-	post_stim_only				FALSE	FALSE
R3HDM2	1hr	chr12:57310376:C>T	chr12:57342168-57342479:-	post_stim_only	0.047	0.047	108	FALSE	TRUE
R3HDM2	6hr	chr12:57310376:C>T	chr12:57342168-57342479:-	post_stim_only	0.413	0.413	292	TRUE	TRUE
RAB18	0hr	chr10:27538328:A>T	chr10:27531528-27531615:+	post_stim_only				FALSE	FALSE
RAB18	1hr	chr10:27538328:A>T	chr10:27531528-27531615:+	post_stim_only	-0.095	0.095	178	FALSE	TRUE
RAB18	6hr	chr10:27538328:A>T	chr10:27531528-27531615:+	post_stim_only	-0.252	0.252	252	TRUE	TRUE
RAB3C	0hr	chr5:58618107:T>A	chr5:58618118-58618299:+	post_stim_only				FALSE	FALSE
RAB3C	1hr	chr5:58618107:T>A	chr5:58618118-58618299:+	post_stim_only	-0.205	0.205	60	FALSE	TRUE
RAB3C	6hr	chr5:58618107:T>A	chr5:58618118-58618299:+	post_stim_only	-0.286	0.286	84	TRUE	TRUE
RAB3GAP2	0hr	chr1:220157329:C>T	chr1:220162268-220162705:-	post_stim_only				FALSE	FALSE
RAB3GAP2	1hr	chr1:220157329:C>T	chr1:220162268-220162705:-	post_stim_only	-0.048	0.048	93	FALSE	TRUE
RAB3GAP2	6hr	chr1:220157329:C>T	chr1:220162268-220162705:-	post_stim_only	0.202	0.202	96	TRUE	TRUE
RACK1	0hr	chr5:181236940:G>GT	chr5:181241639-181241880:-	all_timepoints	0.133	0.133	1183	TRUE	TRUE
RACK1	1hr	chr5:181236940:G>GT	chr5:181241639-181241880:-	all_timepoints	0.159	0.159	2027	TRUE	TRUE
RACK1	6hr	chr5:181236940:G>GT	chr5:181241639-181241880:-	all_timepoints	0.193	0.193	2932	TRUE	TRUE
RAD17	0hr	chr5:69374650:G>A	chr5:69371034-69371083:+	detected_after_stim	-0.041	0.041	78	FALSE	TRUE
RAD17	1hr	chr5:69374650:G>A	chr5:69371034-69371083:+	detected_after_stim	0.018	0.018	141	FALSE	TRUE
RAD17	6hr	chr5:69374650:G>A	chr5:69371034-69371083:+	detected_after_stim	-0.319	0.319	84	TRUE	TRUE
RALGAPA1	0hr	chr14:35809097:C>T	chr14:35700161-35700302:-	post_stim_only				FALSE	FALSE
RALGAPA1	1hr	chr14:35809097:C>T	chr14:35700161-35700302:-	post_stim_only	0.251	0.251	134	TRUE	TRUE
RALGAPA1	6hr	chr14:35809097:C>T	chr14:35700161-35700302:-	post_stim_only	-0.07	0.07	260	FALSE	TRUE
RANBP2	0hr	chr2:108719561:C>T	chr2:108762100-108762195:+	other	0.331	0.331	188	TRUE	TRUE
RANBP2	1hr	chr2:108719561:C>T	chr2:108762100-108762195:+	other				FALSE	FALSE
RANBP2	6hr	chr2:108719561:C>T	chr2:108762100-108762195:+	other	0.009	0.009	434	FALSE	TRUE
RANBP6	0hr	chr9:6014010:C>T	chr9:6014356-6015412:-	post_stim_only				FALSE	FALSE
RANBP6	1hr	chr9:6014010:C>T	chr9:6014356-6015412:-	post_stim_only	-0.39	0.39	51	TRUE	TRUE
RANBP6	6hr	chr9:6014010:C>T	chr9:6014356-6015412:-	post_stim_only				FALSE	FALSE
RAP1A	0hr	chr1:111712490:TAAA>CT	chr1:111627469-111627559:+	post_stim_only				FALSE	FALSE
RAP1A	1hr	chr1:111712490:TAAA>CT	chr1:111627469-111627559:+	post_stim_only	-0.313	0.313	109	FALSE	FALSE
RAP1A	6hr	chr1:111712490:TAAA>CT	chr1:111627469-111627559:+	post_stim_only	-0.34	0.34	123	TRUE	TRUE
RARS1	0hr	chr5:168492819:G>A	chr5:168492847-168493187:+	detected_after_stim	0.04	0.04	215	FALSE	TRUE
RARS1	1hr	chr5:168492819:G>A	chr5:168492847-168493187:+	detected_after_stim	-0.073	0.073	304	FALSE	TRUE
RARS1	6hr	chr5:168492819:G>A	chr5:168492847-168493187:+	detected_after_stim	-0.196	0.196	212	TRUE	TRUE
RARS2	0hr	chr6:87514445:T>C	chr6:87524652-87524674:-	detected_after_stim	0.099	0.099	149	FALSE	TRUE
RARS2	1hr	chr6:87514445:T>C	chr6:87524652-87524674:-	detected_after_stim	0.031	0.031	279	FALSE	TRUE
RARS2	6hr	chr6:87514445:T>C	chr6:87524652-87524674:-	detected_after_stim	-0.149	0.149	202	TRUE	TRUE
RASA1	0hr	chr5:87386863:C>T	chr5:87366350-87366495:+	detected_after_stim	-0.153	0.153	34	FALSE	TRUE
RASA1	1hr	chr5:87386863:C>T	chr5:87366350-87366495:+	detected_after_stim				FALSE	FALSE
RASA1	6hr	chr5:87386863:C>T	chr5:87366350-87366495:+	detected_after_stim	-0.341	0.341	57	TRUE	TRUE
RB1	0hr	chr13:48456230:G>A	chr13:48479978-48479997:+	post_stim_only				FALSE	FALSE
RB1	1hr	chr13:48456230:G>A	chr13:48479978-48479997:+	post_stim_only	-0.085	0.085	62	FALSE	TRUE
RB1	6hr	chr13:48456230:G>A	chr13:48479978-48479997:+	post_stim_only	0.398	0.398	56	TRUE	TRUE
RBL2	0hr	chr16:53470808:T>C	chr16:53445780-53445929:+	post_stim_only				FALSE	FALSE
RBL2	1hr	chr16:53470808:T>C	chr16:53445780-53445929:+	post_stim_only	0.021	0.021	50	FALSE	TRUE
RBL2	6hr	chr16:53470808:T>C	chr16:53445780-53445929:+	post_stim_only	-0.414	0.414	39	TRUE	TRUE
RBM12B	0hr	chr8:93737336:C>T	chr8:93740144-93740628:-	other	0.143	0.143	80	TRUE	TRUE
RBM12B	1hr	chr8:93737336:C>T	chr8:93740144-93740628:-	other	-0.021	0.021	164	FALSE	TRUE
RBM12B	6hr	chr8:93737336:C>T	chr8:93740144-93740628:-	other				FALSE	FALSE
RBM28	0hr	chr7:128339317:T>G	chr7:128341117-128341219:-	other	0.306	0.306	111	TRUE	TRUE
RBM28	1hr	chr7:128339317:T>G	chr7:128341117-128341219:-	other				FALSE	FALSE
RBM28	6hr	chr7:128339317:T>G	chr7:128341117-128341219:-	other	0.043	0.043	163	FALSE	TRUE
RBM33	0hr	chr7:155644804:G>C	chr7:155672915-155673328:+	detected_after_stim	-0.049	0.049	172	FALSE	TRUE
RBM33	1hr	chr7:155644804:G>C	chr7:155672915-155673328:+	detected_after_stim	-0.104	0.104	278	TRUE	TRUE
RBM33	6hr	chr7:155644804:G>C	chr7:155672915-155673328:+	detected_after_stim	-0.061	0.061	369	FALSE	TRUE
RBM34	0hr	chr1:235161229:T>A	chr1:235152487-235152705:-	other	0.176	0.176	95	TRUE	TRUE
RBM34	1hr	chr1:235161229:T>A	chr1:235152487-235152705:-	other				FALSE	FALSE
RBM34	6hr	chr1:235161229:T>A	chr1:235152487-235152705:-	other				FALSE	FALSE
RBMS1	0hr	chr2:160318181:C>T	chr2:160284260-160284774:-	post_stim_only				FALSE	FALSE
RBMS1	1hr	chr2:160318181:C>T	chr2:160284260-160284774:-	post_stim_only	0.188	0.188	50	TRUE	TRUE
RBMS1	6hr	chr2:160318181:C>T	chr2:160284260-160284774:-	post_stim_only				FALSE	FALSE
RCN1	0hr	chr11:32098357:G>A	chr11:32096533-32097143:+	post_stim_only				FALSE	FALSE
RCN1	1hr	chr11:32098357:G>A	chr11:32096533-32097143:+	post_stim_only	0.328	0.328	112	TRUE	TRUE
RCN1	6hr	chr11:32098357:G>A	chr11:32096533-32097143:+	post_stim_only				FALSE	FALSE
RCOR3	0hr	chr1:211279301:GAAGCC>AAA	chr1:211271527-211271570:+	post_stim_only				FALSE	FALSE
RCOR3	1hr	chr1:211279301:GAAGCC>AAA	chr1:211271527-211271570:+	post_stim_only	0.074	0.074	49	FALSE	TRUE
RCOR3	6hr	chr1:211279301:GAAGCC>AAA	chr1:211271527-211271570:+	post_stim_only	0.182	0.182	57	TRUE	TRUE
RDX	0hr	chr11:110236134:C>T	chr11:110231550-110231837:-	post_stim_only				FALSE	FALSE
RDX	1hr	chr11:110236134:C>T	chr11:110231550-110231837:-	post_stim_only	-0.319	0.319	149	TRUE	TRUE
RDX	6hr	chr11:110236134:C>T	chr11:110231550-110231837:-	post_stim_only				FALSE	FALSE
RETREG1	0hr	chr5:16616989:A>G	chr5:16481093-16482996:-	post_stim_only				FALSE	FALSE
RETREG1	1hr	chr5:16616989:A>G	chr5:16481093-16482996:-	post_stim_only				FALSE	FALSE
RETREG1	6hr	chr5:16616989:A>G	chr5:16481093-16482996:-	post_stim_only	0.462	0.462	77	TRUE	TRUE
REXO2	0hr	chr11:114443914:T>C	chr11:114444154-114444194:+	detected_after_stim	-0.084	0.084	325	FALSE	TRUE
REXO2	1hr	chr11:114443914:T>C	chr11:114444154-114444194:+	detected_after_stim	-0.511	0.511	252	TRUE	TRUE
REXO2	6hr	chr11:114443914:T>C	chr11:114444154-114444194:+	detected_after_stim	-0.481	0.481	243	TRUE	TRUE
RHOA	0hr	chr3:49362552:A>G	chr3:49411976-49411994:-	other	-0.574	0.574	134	TRUE	TRUE
RHOA	1hr	chr3:49362552:A>G	chr3:49411976-49411994:-	other				FALSE	FALSE
RHOA	6hr	chr3:49362552:A>G	chr3:49411976-49411994:-	other				FALSE	FALSE
RHOC	0hr	chr1:112707081:C>T	chr1:112705168-112705201:-	other	0.788	0.788	363	TRUE	TRUE
RHOC	1hr	chr1:112707081:C>T	chr1:112705168-112705201:-	other				FALSE	FALSE
RHOC	6hr	chr1:112707081:C>T	chr1:112705168-112705201:-	other				FALSE	FALSE
RHOQ	0hr	chr2:46581028:C>T	chr2:46580283-46580724:+	post_stim_only				FALSE	FALSE
RHOQ	1hr	chr2:46581028:C>T	chr2:46580283-46580724:+	post_stim_only				FALSE	FALSE
RHOQ	6hr	chr2:46581028:C>T	chr2:46580283-46580724:+	post_stim_only	0.143	0.143	108	TRUE	TRUE
RHOT1	0hr	chr17:32206950:A>G	chr17:32203859-32203889:+	post_stim_only				FALSE	FALSE
RHOT1	1hr	chr17:32206950:A>G	chr17:32203859-32203889:+	post_stim_only				FALSE	FALSE
RHOT1	6hr	chr17:32206950:A>G	chr17:32203859-32203889:+	post_stim_only	0.195	0.195	116	TRUE	TRUE
RIC3	0hr	chr11:8138344:G>T	chr11:8138347-8138425:-	post_stim_only				FALSE	FALSE
RIC3	1hr	chr11:8138344:G>T	chr11:8138347-8138425:-	post_stim_only	-0.095	0.095	232	FALSE	TRUE
RIC3	6hr	chr11:8138344:G>T	chr11:8138347-8138425:-	post_stim_only	-0.144	0.144	148	TRUE	TRUE
RIMS1	0hr	chr6:72179768:A>G	chr6:72260767-72264004:+	post_stim_only				FALSE	FALSE
RIMS1	1hr	chr6:72179768:A>G	chr6:72260767-72264004:+	post_stim_only				FALSE	FALSE
RIMS1	6hr	chr6:72179768:A>G	chr6:72260767-72264004:+	post_stim_only	0.258	0.258	55	TRUE	TRUE
RIMS2	0hr	chr8:104251750:C>T	chr8:104031679-104031769:+	post_stim_only				FALSE	FALSE
RIMS2	1hr	chr8:104251750:C>T	chr8:104031679-104031769:+	post_stim_only	0.239	0.239	64	TRUE	TRUE
RIMS2	6hr	chr8:104251750:C>T	chr8:104031679-104031769:+	post_stim_only	-0.066	0.066	84	FALSE	TRUE
RMDN1	0hr	chr8:86507085:T>G	chr8:86474914-86474928:-	detected_after_stim	0.061	0.061	66	FALSE	TRUE
RMDN1	1hr	chr8:86507085:T>G	chr8:86474914-86474928:-	detected_after_stim	-0.278	0.278	96	TRUE	TRUE
RMDN1	6hr	chr8:86507085:T>G	chr8:86474914-86474928:-	detected_after_stim				FALSE	FALSE
RMND1	0hr	chr6:151452070:C>G	chr6:151429782-151429935:-	detected_after_stim	-0.098	0.098	135	FALSE	TRUE
RMND1	1hr	chr6:151452070:C>G	chr6:151429782-151429935:-	detected_after_stim	0.259	0.259	136	TRUE	TRUE
RMND1	6hr	chr6:151452070:C>G	chr6:151429782-151429935:-	detected_after_stim	0.019	0.019	139	FALSE	TRUE
RNASET2	0hr	chr6:166931094:A>G	chr6:166955494-166955627:-	detected_after_stim	-0.16	0.16	110	FALSE	TRUE
RNASET2	1hr	chr6:166931094:A>G	chr6:166955494-166955627:-	detected_after_stim	-0.059	0.059	211	FALSE	TRUE
RNASET2	6hr	chr6:166931094:A>G	chr6:166955494-166955627:-	detected_after_stim	0.284	0.284	208	TRUE	TRUE
RNF10	0hr	chr12:120534592:C>T	chr12:120553070-120553929:+	post_stim_only				FALSE	FALSE
RNF10	1hr	chr12:120534592:C>T	chr12:120553070-120553929:+	post_stim_only				FALSE	FALSE
RNF10	6hr	chr12:120534592:C>T	chr12:120553070-120553929:+	post_stim_only	0.118	0.118	68	TRUE	TRUE
RNF123	0hr	chr3:49721330:A>G	chr3:49720894-49721019:+	detected_at_baseline_only	0.306	0.306	50	TRUE	TRUE
RNF123	1hr	chr3:49721330:A>G	chr3:49720894-49721019:+	detected_at_baseline_only	-0.013	0.013	99	FALSE	TRUE
RNF123	6hr	chr3:49721330:A>G	chr3:49720894-49721019:+	detected_at_baseline_only	0.002	0.002	101	FALSE	TRUE
RNF130	0hr	chr5:180071594:C>T	chr5:179955452-179955479:-	detected_after_stim	-0.016	0.016	61	FALSE	TRUE
RNF130	1hr	chr5:180071594:C>T	chr5:179955452-179955479:-	detected_after_stim	0.185	0.185	81	TRUE	TRUE
RNF130	6hr	chr5:180071594:C>T	chr5:179955452-179955479:-	detected_after_stim	0.056	0.056	127	FALSE	TRUE
RNF167	0hr	chr17:4945154:A>G	chr17:4940486-4940642:+	detected_after_stim	-0.036	0.036	225	FALSE	TRUE
RNF167	1hr	chr17:4945154:A>G	chr17:4940486-4940642:+	detected_after_stim	0.098	0.098	335	FALSE	TRUE
RNF167	6hr	chr17:4945154:A>G	chr17:4940486-4940642:+	detected_after_stim	-0.137	0.137	309	TRUE	TRUE
RNF4	0hr	chr4:2469164:C>G	chr4:2490336-2490411:+	post_stim_only				FALSE	FALSE
RNF4	1hr	chr4:2469164:C>G	chr4:2490336-2490411:+	post_stim_only	-0.132	0.132	103	TRUE	TRUE
RNF4	6hr	chr4:2469164:C>G	chr4:2490336-2490411:+	post_stim_only	0.016	0.016	144	FALSE	TRUE
RNH1	0hr	chr11:499058:C>T	chr11:504823-504888:-	other	-0.422	0.422	92	TRUE	TRUE
RNH1	1hr	chr11:499058:C>T	chr11:504823-504888:-	other	0.006	0.006	136	FALSE	TRUE
RNH1	6hr	chr11:499058:C>T	chr11:504823-504888:-	other				FALSE	FALSE
RNPC3	0hr	chr1:103534801:G>A	chr1:103553343-103553605:+	detected_after_stim	0.018	0.018	232	FALSE	TRUE
RNPC3	1hr	chr1:103534801:G>A	chr1:103553343-103553605:+	detected_after_stim	-0.096	0.096	376	FALSE	TRUE
RNPC3	6hr	chr1:103534801:G>A	chr1:103553343-103553605:+	detected_after_stim	-0.171	0.171	388	TRUE	TRUE
RNPS1	0hr	chr16:2253494:G>A	chr16:2264572-2264760:-	detected_after_stim	0.007	0.007	72	FALSE	TRUE
RNPS1	1hr	chr16:2253494:G>A	chr16:2264572-2264760:-	detected_after_stim	0.013	0.013	124	FALSE	TRUE
RNPS1	6hr	chr16:2253494:G>A	chr16:2264572-2264760:-	detected_after_stim	-0.192	0.192	157	TRUE	TRUE
ROGDI	0hr	chr16:4797315:C>T	chr16:4797840-4797861:-	detected_after_stim	-0.092	0.092	129	FALSE	TRUE
ROGDI	1hr	chr16:4797315:C>T	chr16:4797840-4797861:-	detected_after_stim	0.158	0.158	298	TRUE	TRUE
ROGDI	6hr	chr16:4797315:C>T	chr16:4797840-4797861:-	detected_after_stim	0.034	0.034	248	FALSE	TRUE
RPF1	0hr	chr1:84480988:G>A	chr1:84482995-84483330:+	all_timepoints	0.413	0.413	85	TRUE	TRUE
RPF1	1hr	chr1:84480988:G>A	chr1:84482995-84483330:+	all_timepoints	0.644	0.644	85	TRUE	TRUE
RPF1	6hr	chr1:84480988:G>A	chr1:84482995-84483330:+	all_timepoints	0.363	0.363	186	TRUE	TRUE
RPL11	0hr	chr1:23696351:G>C	chr1:23694791-23695797:+	other	0.403	0.403	6511	TRUE	TRUE
RPL11	1hr	chr1:23696351:G>C	chr1:23694791-23695797:+	other				FALSE	FALSE
RPL11	6hr	chr1:23696351:G>C	chr1:23694791-23695797:+	other				FALSE	FALSE
RPL13	0hr	chr16:89561051:T>G	chr16:89561063-89561226:+	detected_after_stim	-0.001	0.001	4001	FALSE	TRUE
RPL13	1hr	chr16:89561051:T>G	chr16:89561063-89561226:+	detected_after_stim	-0.357	0.357	2718	TRUE	TRUE
RPL13	6hr	chr16:89561051:T>G	chr16:89561063-89561226:+	detected_after_stim	-0.259	0.259	4964	TRUE	TRUE
RPL14	0hr	chr3:40462317:G>A	chr3:40457363-40457474:+	detected_after_stim	0.192	0.192	70	FALSE	TRUE
RPL14	1hr	chr3:40462317:G>A	chr3:40457363-40457474:+	detected_after_stim	0.255	0.255	191	TRUE	TRUE
RPL14	6hr	chr3:40462317:G>A	chr3:40457363-40457474:+	detected_after_stim	0.342	0.342	241	TRUE	TRUE
RPL17	0hr	chr18:49492392:G>C	chr18:49491735-49491745:-	detected_at_baseline_only	-0.303	0.303	200	TRUE	TRUE
RPL17	1hr	chr18:49492392:G>C	chr18:49491735-49491745:-	detected_at_baseline_only	-0.002	0.002	313	FALSE	TRUE
RPL17	6hr	chr18:49492392:G>C	chr18:49491735-49491745:-	detected_at_baseline_only	0.002	0.002	257	FALSE	TRUE
RPL19	0hr	chr17:39204181:C>A	chr17:39202448-39202988:+	other	-0.131	0.131	2954	TRUE	TRUE
RPL19	1hr	chr17:39204181:C>A	chr17:39202448-39202988:+	other				FALSE	FALSE
RPL19	6hr	chr17:39204181:C>A	chr17:39202448-39202988:+	other				FALSE	FALSE
RPL21	0hr	chr13:27251536:G>T	chr13:27254467-27254943:+	detected_after_stim	-0.024	0.024	96	FALSE	TRUE
RPL21	1hr	chr13:27251536:G>T	chr13:27254467-27254943:+	detected_after_stim	0.124	0.124	453	TRUE	TRUE
RPL21	6hr	chr13:27251536:G>T	chr13:27254467-27254943:+	detected_after_stim				FALSE	FALSE
RPL27	0hr	chr17:43002951:G>A	chr17:42999185-42999279:+	other	0.115	0.115	2912	TRUE	TRUE
RPL27	1hr	chr17:43002951:G>A	chr17:42999185-42999279:+	other				FALSE	FALSE
RPL27	6hr	chr17:43002951:G>A	chr17:42999185-42999279:+	other				FALSE	FALSE
RPL28	0hr	chr19:55385958:A>G	chr19:55392085-55392100:+	detected_after_stim	0.125	0.125	183	FALSE	TRUE
RPL28	1hr	chr19:55385958:A>G	chr19:55392085-55392100:+	detected_after_stim	0.099	0.099	174	FALSE	TRUE
RPL28	6hr	chr19:55385958:A>G	chr19:55392085-55392100:+	detected_after_stim	0.278	0.278	185	TRUE	TRUE
RPL3	0hr	chr22:39318484:C>T	chr22:39319625-39319649:-	detected_after_stim	-0.068	0.068	114	FALSE	TRUE
RPL3	1hr	chr22:39318484:C>T	chr22:39319625-39319649:-	detected_after_stim	-0.002	0.002	108	FALSE	TRUE
RPL3	6hr	chr22:39318484:C>T	chr22:39319625-39319649:-	detected_after_stim	0.113	0.113	107	TRUE	TRUE
RPL37A	0hr	chr2:216501462:C>A	chr2:216499831-216499866:+	all_timepoints	0.122	0.122	5742	TRUE	TRUE
RPL37A	1hr	chr2:216501462:C>A	chr2:216499831-216499866:+	all_timepoints	0.131	0.131	6392	TRUE	TRUE
RPL37A	6hr	chr2:216501462:C>A	chr2:216499831-216499866:+	all_timepoints	0.121	0.121	6314	TRUE	TRUE
RPL7L1	0hr	chr6:42886862:G>A	chr6:42880860-42880966:+	detected_after_stim	-0.112	0.112	144	FALSE	TRUE
RPL7L1	1hr	chr6:42886862:G>A	chr6:42880860-42880966:+	detected_after_stim	0.031	0.031	118	FALSE	TRUE
RPL7L1	6hr	chr6:42886862:G>A	chr6:42880860-42880966:+	detected_after_stim	-0.114	0.114	198	TRUE	TRUE
RPL9	0hr	chr4:39456430:A>G	chr4:39458441-39458598:-	all_timepoints	0.205	0.205	203	TRUE	TRUE
RPL9	1hr	chr4:39456430:A>G	chr4:39458441-39458598:-	all_timepoints	0.37	0.37	243	TRUE	TRUE
RPL9	6hr	chr4:39456430:A>G	chr4:39458441-39458598:-	all_timepoints	0.184	0.184	258	TRUE	TRUE
RPLP0	0hr	chr12:120200811:A>G	chr12:120200832-120200852:-	all_timepoints	0.451	0.451	3200	TRUE	TRUE
RPLP0	1hr	chr12:120200811:A>G	chr12:120200832-120200852:-	all_timepoints	0.484	0.484	3933	TRUE	TRUE
RPLP0	6hr	chr12:120200811:A>G	chr12:120200832-120200852:-	all_timepoints	0.458	0.458	4281	TRUE	TRUE
RPP21	0hr	chr6:30346829:A>G	chr6:30345398-30345466:+	detected_at_baseline_only	0.134	0.134	649	TRUE	TRUE
RPP21	1hr	chr6:30346829:A>G	chr6:30345398-30345466:+	detected_at_baseline_only	0.027	0.027	739	FALSE	TRUE
RPP21	6hr	chr6:30346829:A>G	chr6:30345398-30345466:+	detected_at_baseline_only	0.019	0.019	950	FALSE	TRUE
RPP40	0hr	chr6:4998776:A>G	chr6:5003585-5003658:-	post_stim_only				FALSE	FALSE
RPP40	1hr	chr6:4998776:A>G	chr6:5003585-5003658:-	post_stim_only	-0.265	0.265	80	TRUE	TRUE
RPP40	6hr	chr6:4998776:A>G	chr6:5003585-5003658:-	post_stim_only				FALSE	FALSE
RPS11	0hr	chr19:49497575:T>C	chr19:49497325-49497519:+	other	0.132	0.132	3100	TRUE	TRUE
RPS11	1hr	chr19:49497575:T>C	chr19:49497325-49497519:+	other				FALSE	FALSE
RPS11	6hr	chr19:49497575:T>C	chr19:49497325-49497519:+	other				FALSE	FALSE
RPS14	0hr	chr5:150447721:T>G	chr5:150449436-150449485:-	other	0.762	0.762	5508	TRUE	TRUE
RPS14	1hr	chr5:150447721:T>G	chr5:150449436-150449485:-	other	0.737	0.737	7333	TRUE	TRUE
RPS14	6hr	chr5:150447721:T>G	chr5:150449436-150449485:-	other				FALSE	FALSE
RPS17	0hr	chr15:82540114:T>C	chr15:82540142-82540419:-	other	-0.609	0.609	723	TRUE	TRUE
RPS17	1hr	chr15:82540114:T>C	chr15:82540142-82540419:-	other				FALSE	FALSE
RPS17	6hr	chr15:82540114:T>C	chr15:82540142-82540419:-	other				FALSE	FALSE
RPS2	0hr	chr16:1964526:G>A	chr16:1962909-1962949:-	other	0.113	0.113	3885	TRUE	TRUE
RPS2	1hr	chr16:1964526:G>A	chr16:1962909-1962949:-	other				FALSE	FALSE
RPS2	6hr	chr16:1964526:G>A	chr16:1962909-1962949:-	other	0.086	0.086	6162	FALSE	TRUE
RPS20	0hr	chr8:56073081:T>C	chr8:56074356-56074380:-	other	0.101	0.101	3489	TRUE	TRUE
RPS20	1hr	chr8:56073081:T>C	chr8:56074356-56074380:-	other				FALSE	FALSE
RPS20	6hr	chr8:56073081:T>C	chr8:56074356-56074380:-	other				FALSE	FALSE
RPS23	0hr	chr5:82276076:A>G	chr5:82275113-82275208:-	detected_after_stim	-0.011	0.011	3582	FALSE	TRUE
RPS23	1hr	chr5:82276076:A>G	chr5:82275113-82275208:-	detected_after_stim	-0.162	0.162	1735	TRUE	TRUE
RPS23	6hr	chr5:82276076:A>G	chr5:82275113-82275208:-	detected_after_stim	-0.191	0.191	1702	TRUE	TRUE
RPS26	0hr	chr12:56042135:C>G	chr12:56042064-56042132:+	post_stim_only				FALSE	FALSE
RPS26	1hr	chr12:56042135:C>G	chr12:56042064-56042132:+	post_stim_only				FALSE	FALSE
RPS26	6hr	chr12:56042135:C>G	chr12:56042064-56042132:+	post_stim_only	-0.21	0.21	111	TRUE	TRUE
RPS27A	0hr	chr2:55232713:T>G	chr2:55232708-55232794:+	all_timepoints	0.228	0.228	2952	TRUE	TRUE
RPS27A	1hr	chr2:55232713:T>G	chr2:55232708-55232794:+	all_timepoints	0.19	0.19	3163	TRUE	TRUE
RPS27A	6hr	chr2:55232713:T>G	chr2:55232708-55232794:+	all_timepoints	0.215	0.215	3101	TRUE	TRUE
RPS27L	0hr	chr15:63157480:C>G	chr15:63152782-63153852:-	detected_after_stim	0.279	0.279	104	FALSE	TRUE
RPS27L	1hr	chr15:63157480:C>G	chr15:63152782-63153852:-	detected_after_stim	0.665	0.665	52	TRUE	TRUE
RPS27L	6hr	chr15:63157480:C>G	chr15:63152782-63153852:-	detected_after_stim	0.381	0.381	65	TRUE	TRUE
RPS28	0hr	chr19:8322322:G>A	chr19:8321703-8321952:+	detected_after_stim	-0.101	0.101	94	FALSE	TRUE
RPS28	1hr	chr19:8322322:G>A	chr19:8321703-8321952:+	detected_after_stim	-0.077	0.077	128	FALSE	TRUE
RPS28	6hr	chr19:8322322:G>A	chr19:8321703-8321952:+	detected_after_stim	0.233	0.233	210	TRUE	TRUE
RPS5	0hr	chr19:58394795:T>C	chr19:58388417-58388480:+	all_timepoints	0.463	0.463	3222	TRUE	TRUE
RPS5	1hr	chr19:58394795:T>C	chr19:58388417-58388480:+	all_timepoints	0.538	0.538	2394	TRUE	TRUE
RPS5	6hr	chr19:58394795:T>C	chr19:58388417-58388480:+	all_timepoints	0.502	0.502	4380	TRUE	TRUE
RPS6KC1	0hr	chr1:213051376:T>C	chr1:213071041-213071084:+	detected_at_baseline_only	-0.117	0.117	118	TRUE	TRUE
RPS6KC1	1hr	chr1:213051376:T>C	chr1:213071041-213071084:+	detected_at_baseline_only	0.047	0.047	117	FALSE	TRUE
RPS6KC1	6hr	chr1:213051376:T>C	chr1:213071041-213071084:+	detected_at_baseline_only	0.01	0.01	219	FALSE	TRUE
RPS6KL1	0hr	chr14:74922370:G>A	chr14:74921773-74921977:-	detected_after_stim	0.032	0.032	166	FALSE	TRUE
RPS6KL1	1hr	chr14:74922370:G>A	chr14:74921773-74921977:-	detected_after_stim	-0.175	0.175	207	TRUE	TRUE
RPS6KL1	6hr	chr14:74922370:G>A	chr14:74921773-74921977:-	detected_after_stim	0.104	0.104	108	FALSE	TRUE
RPS7	0hr	chr2:3575323:T>G	chr2:3575556-3575591:+	post_stim_only				FALSE	FALSE
RPS7	1hr	chr2:3575323:T>G	chr2:3575556-3575591:+	post_stim_only	0.471	0.471	1398	TRUE	TRUE
RPS7	6hr	chr2:3575323:T>G	chr2:3575556-3575591:+	post_stim_only	0.359	0.359	1604	TRUE	TRUE
RPS8	0hr	chr1:44778094:C>T	chr1:44775600-44775635:+	all_timepoints	0.139	0.139	3731	TRUE	TRUE
RPS8	1hr	chr1:44778094:C>T	chr1:44775600-44775635:+	all_timepoints	0.148	0.148	3163	TRUE	TRUE
RPS8	6hr	chr1:44778094:C>T	chr1:44775600-44775635:+	all_timepoints	0.156	0.156	2367	TRUE	TRUE
RRP15	0hr	chr1:218302520:G>A	chr1:218302559-218302671:+	detected_at_baseline_only	-0.142	0.142	241	TRUE	TRUE
RRP15	1hr	chr1:218302520:G>A	chr1:218302559-218302671:+	detected_at_baseline_only	-0.073	0.073	207	FALSE	TRUE
RRP15	6hr	chr1:218302520:G>A	chr1:218302559-218302671:+	detected_at_baseline_only	-0.095	0.095	273	FALSE	TRUE
RSRP1	0hr	chr1:25244058:A>ATT	chr1:25244224-25244453:-	other	-0.345	0.345	58	TRUE	TRUE
RSRP1	1hr	chr1:25244058:A>ATT	chr1:25244224-25244453:-	other				FALSE	FALSE
RSRP1	6hr	chr1:25244058:A>ATT	chr1:25244224-25244453:-	other				FALSE	FALSE
RSU1	0hr	chr10:16817335:C>G	chr10:16816972-16817084:-	post_stim_only				FALSE	FALSE
RSU1	1hr	chr10:16817335:C>G	chr10:16816972-16817084:-	post_stim_only	-0.102	0.102	49	FALSE	TRUE
RSU1	6hr	chr10:16817335:C>G	chr10:16816972-16817084:-	post_stim_only	-0.237	0.237	91	TRUE	TRUE
RTCA	0hr	chr1:100266263:G>AA	chr1:100266624-100266929:+	detected_at_baseline_only	-0.136	0.136	163	TRUE	TRUE
RTCA	1hr	chr1:100266263:G>AA	chr1:100266624-100266929:+	detected_at_baseline_only	0.027	0.027	256	FALSE	TRUE
RTCA	6hr	chr1:100266263:G>AA	chr1:100266624-100266929:+	detected_at_baseline_only	-0.058	0.058	319	FALSE	TRUE
RTF2	0hr	chr20:56518844:A>G	chr20:56516934-56516989:+	detected_after_stim	-0.07	0.07	109	FALSE	TRUE
RTF2	1hr	chr20:56518844:A>G	chr20:56516934-56516989:+	detected_after_stim	-0.111	0.111	202	TRUE	TRUE
RTF2	6hr	chr20:56518844:A>G	chr20:56516934-56516989:+	detected_after_stim	-0.027	0.027	260	FALSE	TRUE
RTN4	0hr	chr2:55050504:C>G	chr2:55028163-55028220:-	detected_after_stim	-0.03	0.03	56	FALSE	TRUE
RTN4	1hr	chr2:55050504:C>G	chr2:55028163-55028220:-	detected_after_stim	-0.196	0.196	105	TRUE	TRUE
RTN4	6hr	chr2:55050504:C>G	chr2:55028163-55028220:-	detected_after_stim	0.055	0.055	128	FALSE	TRUE
RUVBL2	0hr	chr19:48993897:A>G	chr19:49004206-49004276:+	post_stim_only				FALSE	FALSE
RUVBL2	1hr	chr19:48993897:A>G	chr19:49004206-49004276:+	post_stim_only	0.596	0.596	135	TRUE	TRUE
RUVBL2	6hr	chr19:48993897:A>G	chr19:49004206-49004276:+	post_stim_only	0.3	0.3	132	TRUE	TRUE
RWDD1	0hr	chr6:116590940:T>C	chr6:116572857-116572985:+	other	-0.321	0.321	103	TRUE	TRUE
RWDD1	1hr	chr6:116590940:T>C	chr6:116572857-116572985:+	other				FALSE	FALSE
RWDD1	6hr	chr6:116590940:T>C	chr6:116572857-116572985:+	other				FALSE	FALSE
S100Z	0hr	chr5:76877819:G>A	chr5:76874910-76875300:+	post_stim_only				FALSE	FALSE
S100Z	1hr	chr5:76877819:G>A	chr5:76874910-76875300:+	post_stim_only	0.262	0.262	92	TRUE	TRUE
S100Z	6hr	chr5:76877819:G>A	chr5:76874910-76875300:+	post_stim_only	-0.003	0.003	68	FALSE	TRUE
SACM1L	0hr	chr3:45706807:G>A	chr3:45735234-45735245:+	detected_after_stim	-0.154	0.154	78	FALSE	TRUE
SACM1L	1hr	chr3:45706807:G>A	chr3:45735234-45735245:+	detected_after_stim	0.262	0.262	130	TRUE	TRUE
SACM1L	6hr	chr3:45706807:G>A	chr3:45735234-45735245:+	detected_after_stim	0.249	0.249	80	FALSE	TRUE
SAP30BP	0hr	chr17:75706054:G>A	chr17:75703319-75703371:+	detected_after_stim	-0.092	0.092	89	FALSE	TRUE
SAP30BP	1hr	chr17:75706054:G>A	chr17:75703319-75703371:+	detected_after_stim	-0.04	0.04	146	FALSE	TRUE
SAP30BP	6hr	chr17:75706054:G>A	chr17:75703319-75703371:+	detected_after_stim	0.142	0.142	150	TRUE	TRUE
SBDS	0hr	chr7:66994268:T>C	chr7:66987761-66987792:-	detected_after_stim	0.015	0.015	463	FALSE	TRUE
SBDS	1hr	chr7:66994268:T>C	chr7:66987761-66987792:-	detected_after_stim				FALSE	FALSE
SBDS	6hr	chr7:66994268:T>C	chr7:66987761-66987792:-	detected_after_stim	0.13	0.13	1072	TRUE	TRUE
SBF1	0hr	chr22:50447345:A>G	chr22:50462717-50462869:-	detected_after_stim	-0.156	0.156	59	FALSE	TRUE
SBF1	1hr	chr22:50447345:A>G	chr22:50462717-50462869:-	detected_after_stim	-0.178	0.178	81	TRUE	TRUE
SBF1	6hr	chr22:50447345:A>G	chr22:50462717-50462869:-	detected_after_stim	-0.042	0.042	64	FALSE	TRUE
SCAI	0hr	chr9:125055996:C>T	chr9:125065989-125066058:-	post_stim_only				FALSE	FALSE
SCAI	1hr	chr9:125055996:C>T	chr9:125065989-125066058:-	post_stim_only	-0.351	0.351	88	TRUE	TRUE
SCAI	6hr	chr9:125055996:C>T	chr9:125065989-125066058:-	post_stim_only	0.175	0.175	61	FALSE	TRUE
SCAMP1	0hr	chr5:78360577:G>C	chr5:78388914-78389171:+	detected_after_stim	-0.019	0.019	85	FALSE	TRUE
SCAMP1	1hr	chr5:78360577:G>C	chr5:78388914-78389171:+	detected_after_stim	-0.039	0.039	135	FALSE	TRUE
SCAMP1	6hr	chr5:78360577:G>C	chr5:78388914-78389171:+	detected_after_stim	0.113	0.113	178	TRUE	TRUE
SCAMP3	0hr	chr1:155262135:C>T	chr1:155261945-155262085:-	detected_after_stim	0.088	0.088	114	FALSE	TRUE
SCAMP3	1hr	chr1:155262135:C>T	chr1:155261945-155262085:-	detected_after_stim	-0.127	0.127	168	TRUE	TRUE
SCAMP3	6hr	chr1:155262135:C>T	chr1:155261945-155262085:-	detected_after_stim				FALSE	FALSE
SCAPER	0hr	chr15:76733345:C>T	chr15:76771723-76771741:-	post_stim_only				FALSE	FALSE
SCAPER	1hr	chr15:76733345:C>T	chr15:76771723-76771741:-	post_stim_only	0.321	0.321	238	TRUE	TRUE
SCAPER	6hr	chr15:76733345:C>T	chr15:76771723-76771741:-	post_stim_only				FALSE	FALSE
SCFD1	0hr	chr14:30622317:C>G	chr14:30722493-30722559:+	post_stim_only				FALSE	FALSE
SCFD1	1hr	chr14:30622317:C>G	chr14:30722493-30722559:+	post_stim_only				FALSE	FALSE
SCFD1	6hr	chr14:30622317:C>G	chr14:30722493-30722559:+	post_stim_only	-0.231	0.231	36	TRUE	TRUE
SCN2A	0hr	chr2:165388719:T>A	chr2:165328403-165328538:+	post_stim_only				FALSE	FALSE
SCN2A	1hr	chr2:165388719:T>A	chr2:165328403-165328538:+	post_stim_only	0.128	0.128	269	FALSE	TRUE
SCN2A	6hr	chr2:165388719:T>A	chr2:165328403-165328538:+	post_stim_only	0.315	0.315	188	TRUE	TRUE
SCN7A	0hr	chr2:166406428:A>G	chr2:166486855-166486968:-	post_stim_only				FALSE	FALSE
SCN7A	1hr	chr2:166406428:A>G	chr2:166486855-166486968:-	post_stim_only	-0.038	0.038	148	FALSE	TRUE
SCN7A	6hr	chr2:166406428:A>G	chr2:166486855-166486968:-	post_stim_only	0.331	0.331	138	TRUE	TRUE
SDHA	0hr	chr5:230995:T>C	chr5:251468-251864:+	post_stim_only				FALSE	FALSE
SDHA	1hr	chr5:230995:T>C	chr5:251468-251864:+	post_stim_only	-0.203	0.203	119	TRUE	TRUE
SDHA	6hr	chr5:230995:T>C	chr5:251468-251864:+	post_stim_only	0.048	0.048	186	FALSE	TRUE
SEC14L1	0hr	chr17:77190912:C>G	chr17:77140931-77140968:+	post_stim_only				FALSE	FALSE
SEC14L1	1hr	chr17:77190912:C>G	chr17:77140931-77140968:+	post_stim_only	-0.067	0.067	100	FALSE	TRUE
SEC14L1	6hr	chr17:77190912:C>G	chr17:77140931-77140968:+	post_stim_only	-0.37	0.37	150	TRUE	TRUE
SEC22B	0hr	chr1:120168928:T>C	chr1:120168347-120168839:-	post_stim_only				FALSE	FALSE
SEC22B	1hr	chr1:120168928:T>C	chr1:120168347-120168839:-	post_stim_only	-0.117	0.117	108	TRUE	TRUE
SEC22B	6hr	chr1:120168928:T>C	chr1:120168347-120168839:-	post_stim_only	-0.034	0.034	142	FALSE	TRUE
SEC61A2	0hr	chr10:12149933:C>T	chr10:12142432-12142565:+	post_stim_only				FALSE	FALSE
SEC61A2	1hr	chr10:12149933:C>T	chr10:12142432-12142565:+	post_stim_only				FALSE	FALSE
SEC61A2	6hr	chr10:12149933:C>T	chr10:12142432-12142565:+	post_stim_only	0.281	0.281	64	TRUE	TRUE
SECISBP2	0hr	chr9:89320341:T>C	chr9:89320340-89320380:+	post_stim_only				FALSE	FALSE
SECISBP2	1hr	chr9:89320341:T>C	chr9:89320340-89320380:+	post_stim_only				FALSE	FALSE
SECISBP2	6hr	chr9:89320341:T>C	chr9:89320340-89320380:+	post_stim_only	-0.58	0.58	128	TRUE	TRUE
SEPTIN11	0hr	chr4:76949862:T>G	chr4:77034496-77034667:+	post_stim_only				FALSE	FALSE
SEPTIN11	1hr	chr4:76949862:T>G	chr4:77034496-77034667:+	post_stim_only	-0.044	0.044	53	FALSE	TRUE
SEPTIN11	6hr	chr4:76949862:T>G	chr4:77034496-77034667:+	post_stim_only	-0.438	0.438	103	TRUE	TRUE
SEPTIN2	0hr	chr2:241315962:G>A	chr2:241336784-241336926:+	detected_after_stim	0.065	0.065	92	FALSE	TRUE
SEPTIN2	1hr	chr2:241315962:G>A	chr2:241336784-241336926:+	detected_after_stim	-0.159	0.159	138	TRUE	TRUE
SEPTIN2	6hr	chr2:241315962:G>A	chr2:241336784-241336926:+	detected_after_stim	0.126	0.126	175	FALSE	TRUE
SERBP1	0hr	chr1:67424267:A>C	chr1:67424284-67424322:-	other	-0.631	0.631	334	TRUE	TRUE
SERBP1	1hr	chr1:67424267:A>C	chr1:67424284-67424322:-	other				FALSE	FALSE
SERBP1	6hr	chr1:67424267:A>C	chr1:67424284-67424322:-	other				FALSE	FALSE
SERPINB8	0hr	chr18:63983630:G>A	chr18:63986962-63987396:+	post_stim_only				FALSE	FALSE
SERPINB8	1hr	chr18:63983630:G>A	chr18:63986962-63987396:+	post_stim_only	-0.25	0.25	32	TRUE	TRUE
SERPINB8	6hr	chr18:63983630:G>A	chr18:63986962-63987396:+	post_stim_only	0.056	0.056	84	FALSE	TRUE
SESTD1	0hr	chr2:179183180:T>C	chr2:179182526-179183079:-	detected_after_stim	0.06	0.06	98	FALSE	TRUE
SESTD1	1hr	chr2:179183180:T>C	chr2:179182526-179183079:-	detected_after_stim	-0.101	0.101	214	TRUE	TRUE
SESTD1	6hr	chr2:179183180:T>C	chr2:179182526-179183079:-	detected_after_stim	-0.029	0.029	201	FALSE	TRUE
SEZ6L2	0hr	chr16:29899132:C>TTAA	chr16:29872704-29872743:-	other	0.311	0.311	71	TRUE	TRUE
SEZ6L2	1hr	chr16:29899132:C>TTAA	chr16:29872704-29872743:-	other				FALSE	FALSE
SEZ6L2	6hr	chr16:29899132:C>TTAA	chr16:29872704-29872743:-	other				FALSE	FALSE
SF1	0hr	chr11:64778633:C>T	chr11:64776045-64776497:-	detected_after_stim	0.063	0.063	97	FALSE	TRUE
SF1	1hr	chr11:64778633:C>T	chr11:64776045-64776497:-	detected_after_stim	0.269	0.269	158	TRUE	TRUE
SF1	6hr	chr11:64778633:C>T	chr11:64776045-64776497:-	detected_after_stim	-0.063	0.063	182	FALSE	TRUE
SF3B1	0hr	chr2:197418580:T>C	chr2:197418588-197418795:-	detected_after_stim	-0.03	0.03	326	FALSE	TRUE
SF3B1	1hr	chr2:197418580:T>C	chr2:197418588-197418795:-	detected_after_stim	0.125	0.125	513	TRUE	TRUE
SF3B1	6hr	chr2:197418580:T>C	chr2:197418588-197418795:-	detected_after_stim	-0.051	0.051	739	FALSE	TRUE
SFT2D1	0hr	chr6:166342421:C>T	chr6:166324516-166324536:-	other	-0.328	0.328	75	TRUE	TRUE
SFT2D1	1hr	chr6:166342421:C>T	chr6:166324516-166324536:-	other				FALSE	FALSE
SFT2D1	6hr	chr6:166342421:C>T	chr6:166324516-166324536:-	other				FALSE	FALSE
SFXN4	0hr	chr10:119140918:C>T	chr10:119165201-119165536:-	post_stim_only				FALSE	FALSE
SFXN4	1hr	chr10:119140918:C>T	chr10:119165201-119165536:-	post_stim_only	0.269	0.269	46	TRUE	TRUE
SFXN4	6hr	chr10:119140918:C>T	chr10:119165201-119165536:-	post_stim_only				FALSE	FALSE
SGIP1	0hr	chr1:66743404:G>A	chr1:66534186-66534212:+	post_stim_only				FALSE	FALSE
SGIP1	1hr	chr1:66743404:G>A	chr1:66534186-66534212:+	post_stim_only	0.288	0.288	76	TRUE	TRUE
SGIP1	6hr	chr1:66743404:G>A	chr1:66534186-66534212:+	post_stim_only				FALSE	FALSE
SHC2	0hr	chr19:416663:C>T	chr19:419056-419879:-	other	-0.284	0.284	85	TRUE	TRUE
SHC2	1hr	chr19:416663:C>T	chr19:419056-419879:-	other	-0.15	0.15	72	FALSE	TRUE
SHC2	6hr	chr19:416663:C>T	chr19:419056-419879:-	other				FALSE	FALSE
SHISA4	0hr	chr1:201891497:A>G	chr1:201888897-201888933:+	detected_at_baseline_only	0.182	0.182	110	TRUE	TRUE
SHISA4	1hr	chr1:201891497:A>G	chr1:201888897-201888933:+	detected_at_baseline_only	0.092	0.092	123	FALSE	TRUE
SHISA4	6hr	chr1:201891497:A>G	chr1:201888897-201888933:+	detected_at_baseline_only	0.079	0.079	158	FALSE	TRUE
SIGMAR1	0hr	chr9:34637692:T>G	chr9:34636373-34636750:-	detected_after_stim	-0.084	0.084	97	FALSE	TRUE
SIGMAR1	1hr	chr9:34637692:T>G	chr9:34636373-34636750:-	detected_after_stim	-0.111	0.111	111	FALSE	TRUE
SIGMAR1	6hr	chr9:34637692:T>G	chr9:34636373-34636750:-	detected_after_stim	0.263	0.263	120	TRUE	TRUE
SIRT2	0hr	chr19:38898796:C>T	chr19:38898793-38898914:-	post_stim_only				FALSE	FALSE
SIRT2	1hr	chr19:38898796:C>T	chr19:38898793-38898914:-	post_stim_only				FALSE	FALSE
SIRT2	6hr	chr19:38898796:C>T	chr19:38898793-38898914:-	post_stim_only	0.3	0.3	28	TRUE	TRUE
SIVA1	0hr	chr14:104759556:G>A	chr14:104755629-104755824:+	detected_at_baseline_only	-0.162	0.162	179	TRUE	TRUE
SIVA1	1hr	chr14:104759556:G>A	chr14:104755629-104755824:+	detected_at_baseline_only	0.033	0.033	257	FALSE	TRUE
SIVA1	6hr	chr14:104759556:G>A	chr14:104755629-104755824:+	detected_at_baseline_only	0.059	0.059	266	FALSE	TRUE
SKIC3	0hr	chr5:95525413:G>C	chr5:95520715-95520818:-	detected_at_baseline_only	-0.252	0.252	73	TRUE	TRUE
SKIC3	1hr	chr5:95525413:G>C	chr5:95520715-95520818:-	detected_at_baseline_only	0.017	0.017	65	FALSE	TRUE
SKIC3	6hr	chr5:95525413:G>C	chr5:95520715-95520818:-	detected_at_baseline_only	-0.051	0.051	94	FALSE	TRUE
SKIC8	0hr	chr15:78295432:AA>G	chr15:78295725-78295793:-	post_stim_only				FALSE	FALSE
SKIC8	1hr	chr15:78295432:AA>G	chr15:78295725-78295793:-	post_stim_only				FALSE	FALSE
SKIC8	6hr	chr15:78295432:AA>G	chr15:78295725-78295793:-	post_stim_only	-0.495	0.495	79	TRUE	TRUE
SLC16A3	0hr	chr17:82239392:G>A	chr17:82229067-82229092:+	post_stim_only				FALSE	FALSE
SLC16A3	1hr	chr17:82239392:G>A	chr17:82229067-82229092:+	post_stim_only				FALSE	FALSE
SLC16A3	6hr	chr17:82239392:G>A	chr17:82229067-82229092:+	post_stim_only	-0.305	0.305	118	TRUE	TRUE
SLC25A12	0hr	chr2:171868790:A>G	chr2:171868011-171868680:-	detected_after_stim	0.144	0.144	219	FALSE	TRUE
SLC25A12	1hr	chr2:171868790:A>G	chr2:171868011-171868680:-	detected_after_stim	0.086	0.086	227	FALSE	TRUE
SLC25A12	6hr	chr2:171868790:A>G	chr2:171868011-171868680:-	detected_after_stim	0.187	0.187	206	TRUE	TRUE
SLC25A24	0hr	chr1:108157568:C>T	chr1:108155084-108155135:-	post_stim_only				FALSE	FALSE
SLC25A24	1hr	chr1:108157568:C>T	chr1:108155084-108155135:-	post_stim_only	-0.345	0.345	50	TRUE	TRUE
SLC25A24	6hr	chr1:108157568:C>T	chr1:108155084-108155135:-	post_stim_only				FALSE	FALSE
SLC25A26	0hr	chr3:66369531:C>T	chr3:66346363-66346408:+	detected_after_stim	0.048	0.048	120	FALSE	TRUE
SLC25A26	1hr	chr3:66369531:C>T	chr3:66346363-66346408:+	detected_after_stim	0.112	0.112	178	TRUE	TRUE
SLC25A26	6hr	chr3:66369531:C>T	chr3:66346363-66346408:+	detected_after_stim	-0.199	0.199	152	TRUE	TRUE
SLC25A36	0hr	chr3:140963243:T>C	chr3:140963471-140966211:+	other	-0.352	0.352	94	TRUE	TRUE
SLC25A36	1hr	chr3:140963243:T>C	chr3:140963471-140966211:+	other				FALSE	FALSE
SLC25A36	6hr	chr3:140963243:T>C	chr3:140963471-140966211:+	other	-0.222	0.222	342	TRUE	TRUE
SLC25A4	0hr	chr4:185143455:C>G	chr4:185145354-185145758:+	other	0.379	0.379	743	TRUE	TRUE
SLC25A4	1hr	chr4:185143455:C>G	chr4:185145354-185145758:+	other				FALSE	FALSE
SLC25A4	6hr	chr4:185143455:C>G	chr4:185145354-185145758:+	other				FALSE	FALSE
SLC39A7	0hr	chr6:33202117:C>G	chr6:33201657-33201744:+	detected_at_baseline_only	-0.115	0.115	403	TRUE	TRUE
SLC39A7	1hr	chr6:33202117:C>G	chr6:33201657-33201744:+	detected_at_baseline_only	0.082	0.082	746	FALSE	TRUE
SLC39A7	6hr	chr6:33202117:C>G	chr6:33201657-33201744:+	detected_at_baseline_only	-0.008	0.008	740	FALSE	TRUE
SLC4A1AP	0hr	chr2:27669307:G>A	chr2:27675531-27675607:+	detected_after_stim	-0.189	0.189	69	FALSE	TRUE
SLC4A1AP	1hr	chr2:27669307:G>A	chr2:27675531-27675607:+	detected_after_stim	-0.072	0.072	130	FALSE	TRUE
SLC4A1AP	6hr	chr2:27669307:G>A	chr2:27675531-27675607:+	detected_after_stim	-0.238	0.238	133	TRUE	TRUE
SLC4A7	0hr	chr3:27484197:C>T	chr3:27409355-27409530:-	post_stim_only	-0.067	0.067	37	FALSE	FALSE
SLC4A7	1hr	chr3:27484197:C>T	chr3:27409355-27409530:-	post_stim_only				FALSE	FALSE
SLC4A7	6hr	chr3:27484197:C>T	chr3:27409355-27409530:-	post_stim_only	0.385	0.385	51	TRUE	TRUE
SLC52A2	0hr	chr8:144361070:A>G	chr8:144359065-144359183:+	other	-0.139	0.139	251	TRUE	TRUE
SLC52A2	1hr	chr8:144361070:A>G	chr8:144359065-144359183:+	other	0.025	0.025	390	FALSE	TRUE
SLC52A2	6hr	chr8:144361070:A>G	chr8:144359065-144359183:+	other				FALSE	FALSE
SMAD5	0hr	chr5:136153891:G>A	chr5:136152674-136152758:+	other	0.357	0.357	63	TRUE	TRUE
SMAD5	1hr	chr5:136153891:G>A	chr5:136152674-136152758:+	other				FALSE	FALSE
SMAD5	6hr	chr5:136153891:G>A	chr5:136152674-136152758:+	other	0.018	0.018	129	FALSE	TRUE
SMARCAD1	0hr	chr4:94276368:C>T	chr4:94208083-94208242:+	detected_after_stim	0.057	0.057	75	FALSE	TRUE
SMARCAD1	1hr	chr4:94276368:C>T	chr4:94208083-94208242:+	detected_after_stim	-0.037	0.037	155	FALSE	TRUE
SMARCAD1	6hr	chr4:94276368:C>T	chr4:94208083-94208242:+	detected_after_stim	0.233	0.233	85	TRUE	TRUE
SMARCAL1	0hr	chr2:216482989:G>A	chr2:216412767-216412798:+	post_stim_only				FALSE	FALSE
SMARCAL1	1hr	chr2:216482989:G>A	chr2:216412767-216412798:+	post_stim_only	0.442	0.442	53	TRUE	TRUE
SMARCAL1	6hr	chr2:216482989:G>A	chr2:216412767-216412798:+	post_stim_only				FALSE	FALSE
SMARCB1	0hr	chr22:23791876:C>A	chr22:23801135-23801298:+	detected_after_stim	0.102	0.102	212	FALSE	TRUE
SMARCB1	1hr	chr22:23791876:C>A	chr22:23801135-23801298:+	detected_after_stim	0.137	0.137	372	TRUE	TRUE
SMARCB1	6hr	chr22:23791876:C>A	chr22:23801135-23801298:+	detected_after_stim	0.132	0.132	310	TRUE	TRUE
SMARCE1	0hr	chr17:40645455:C>T	chr17:40645619-40645795:-	all_timepoints	0.266	0.266	107	TRUE	TRUE
SMARCE1	1hr	chr17:40645455:C>T	chr17:40645619-40645795:-	all_timepoints	0.263	0.263	50	TRUE	TRUE
SMARCE1	6hr	chr17:40645455:C>T	chr17:40645619-40645795:-	all_timepoints	0.229	0.229	130	TRUE	TRUE
SMC2	0hr	chr9:104102182:G>A	chr9:104094477-104094563:+	detected_after_stim	0.048	0.048	92	FALSE	TRUE
SMC2	1hr	chr9:104102182:G>A	chr9:104094477-104094563:+	detected_after_stim	0.158	0.158	168	TRUE	TRUE
SMC2	6hr	chr9:104102182:G>A	chr9:104094477-104094563:+	detected_after_stim	0.198	0.198	122	TRUE	TRUE
SMC3	0hr	chr10:110589681:G>A	chr10:110591132-110592199:+	all_timepoints	0.288	0.288	98	TRUE	TRUE
SMC3	1hr	chr10:110589681:G>A	chr10:110591132-110592199:+	all_timepoints	0.286	0.286	177	TRUE	TRUE
SMC3	6hr	chr10:110589681:G>A	chr10:110591132-110592199:+	all_timepoints	0.381	0.381	131	TRUE	TRUE
SMC6	0hr	chr2:17703227:C>T	chr2:17752977-17753001:-	other	0.349	0.349	140	TRUE	TRUE
SMC6	1hr	chr2:17703227:C>T	chr2:17752977-17753001:-	other	0.112	0.112	244	FALSE	TRUE
SMC6	6hr	chr2:17703227:C>T	chr2:17752977-17753001:-	other				FALSE	FALSE
SMCHD1	0hr	chr18:2772305:G>A	chr18:2778168-2778239:+	detected_after_stim	-0.031	0.031	36	FALSE	TRUE
SMCHD1	1hr	chr18:2772305:G>A	chr18:2778168-2778239:+	detected_after_stim	-0.05	0.05	124	FALSE	TRUE
SMCHD1	6hr	chr18:2772305:G>A	chr18:2778168-2778239:+	detected_after_stim	-0.46	0.46	129	TRUE	TRUE
SMG1	0hr	chr16:18860675:C>T	chr16:18896053-18896207:-	post_stim_only				FALSE	FALSE
SMG1	1hr	chr16:18860675:C>T	chr16:18896053-18896207:-	post_stim_only	0.084	0.084	59	FALSE	TRUE
SMG1	6hr	chr16:18860675:C>T	chr16:18896053-18896207:-	post_stim_only	0.415	0.415	67	TRUE	TRUE
SNAP47	0hr	chr1:227747742:A>G	chr1:227767083-227768248:+	post_stim_only				FALSE	FALSE
SNAP47	1hr	chr1:227747742:A>G	chr1:227767083-227768248:+	post_stim_only				FALSE	FALSE
SNAP47	6hr	chr1:227747742:A>G	chr1:227767083-227768248:+	post_stim_only	-0.25	0.25	45	TRUE	TRUE
SNAP91	0hr	chr6:83656775:A>G	chr6:83708718-83708772:-	post_stim_only				FALSE	FALSE
SNAP91	1hr	chr6:83656775:A>G	chr6:83708718-83708772:-	post_stim_only				FALSE	FALSE
SNAP91	6hr	chr6:83656775:A>G	chr6:83708718-83708772:-	post_stim_only	0.257	0.257	130	TRUE	TRUE
SNHG14	0hr	chr15:25106138:C>T	chr15:25105256-25105699:+	post_stim_only				FALSE	FALSE
SNHG14	1hr	chr15:25106138:C>T	chr15:25105256-25105699:+	post_stim_only	-0.533	0.533	47	TRUE	TRUE
SNHG14	6hr	chr15:25106138:C>T	chr15:25105256-25105699:+	post_stim_only				FALSE	FALSE
SNHG16	0hr	chr17:76563204:T>C	chr17:76557969-76558279:+	detected_after_stim	0.069	0.069	112	FALSE	TRUE
SNHG16	1hr	chr17:76563204:T>C	chr17:76557969-76558279:+	detected_after_stim	-0.154	0.154	165	TRUE	TRUE
SNHG16	6hr	chr17:76563204:T>C	chr17:76557969-76558279:+	detected_after_stim	-0.029	0.029	171	FALSE	TRUE
SNHG5	0hr	chr6:85678169:G>T	chr6:85678188-85678205:-	post_stim_only	-0.371	0.371	217	FALSE	FALSE
SNHG5	1hr	chr6:85678169:G>T	chr6:85678188-85678205:-	post_stim_only	-0.314	0.314	215	TRUE	TRUE
SNHG5	6hr	chr6:85678169:G>T	chr6:85678188-85678205:-	post_stim_only	-0.265	0.265	500	TRUE	TRUE
SNRNP70	0hr	chr19:49108061:C>T	chr19:49102185-49102410:+	detected_after_stim	-0.075	0.075	84	FALSE	TRUE
SNRNP70	1hr	chr19:49108061:C>T	chr19:49102185-49102410:+	detected_after_stim	-0.218	0.218	156	TRUE	TRUE
SNRNP70	6hr	chr19:49108061:C>T	chr19:49102185-49102410:+	detected_after_stim	-0.037	0.037	287	FALSE	TRUE
SNRPN	0hr	chr15:24856690:A>G	chr15:24912362-24912530:+	other	0.273	0.273	127	TRUE	TRUE
SNRPN	1hr	chr15:24856690:A>G	chr15:24912362-24912530:+	other	0.11	0.11	229	FALSE	FALSE
SNRPN	6hr	chr15:24856690:A>G	chr15:24912362-24912530:+	other				FALSE	FALSE
SNX17	0hr	chr2:27373275:G>A	chr2:27373039-27373113:+	post_stim_only				FALSE	FALSE
SNX17	1hr	chr2:27373275:G>A	chr2:27373039-27373113:+	post_stim_only	-0.174	0.174	102	TRUE	TRUE
SNX17	6hr	chr2:27373275:G>A	chr2:27373039-27373113:+	post_stim_only	-0.107	0.107	111	FALSE	TRUE
SNX6	0hr	chr14:34597624:A>T	chr14:34629954-34630109:-	detected_after_stim	-0.041	0.041	197	FALSE	TRUE
SNX6	1hr	chr14:34597624:A>T	chr14:34629954-34630109:-	detected_after_stim	-0.11	0.11	424	TRUE	TRUE
SNX6	6hr	chr14:34597624:A>T	chr14:34629954-34630109:-	detected_after_stim	-0.07	0.07	431	FALSE	TRUE
SOBP	0hr	chr6:107506723:G>A	chr6:107502914-107503656:+	post_stim_only				FALSE	FALSE
SOBP	1hr	chr6:107506723:G>A	chr6:107502914-107503656:+	post_stim_only				FALSE	FALSE
SOBP	6hr	chr6:107506723:G>A	chr6:107502914-107503656:+	post_stim_only	-0.255	0.255	68	TRUE	TRUE
SORBS2	0hr	chr4:185956231:G>A	chr4:185925409-185925530:-	other	-0.142	0.142	236	TRUE	TRUE
SORBS2	1hr	chr4:185956231:G>A	chr4:185925409-185925530:-	other	-0.106	0.106	365	TRUE	TRUE
SORBS2	6hr	chr4:185956231:G>A	chr4:185925409-185925530:-	other	-0.032	0.032	536	FALSE	TRUE
SPAST	0hr	chr2:32115760:G>A	chr2:32126947-32127022:+	detected_after_stim	-0.081	0.081	114	FALSE	TRUE
SPAST	1hr	chr2:32115760:G>A	chr2:32126947-32127022:+	detected_after_stim	-0.179	0.179	117	TRUE	TRUE
SPAST	6hr	chr2:32115760:G>A	chr2:32126947-32127022:+	detected_after_stim	-0.041	0.041	136	FALSE	TRUE
SPATA6	0hr	chr1:48399566:C>T	chr1:48411588-48411604:-	other	0.131	0.131	96	TRUE	TRUE
SPATA6	1hr	chr1:48399566:C>T	chr1:48411588-48411604:-	other	0.025	0.025	132	FALSE	TRUE
SPATA6	6hr	chr1:48399566:C>T	chr1:48411588-48411604:-	other				FALSE	FALSE
SPATS2	0hr	chr12:49490724:G>A	chr12:49371227-49371290:+	post_stim_only				FALSE	FALSE
SPATS2	1hr	chr12:49490724:G>A	chr12:49371227-49371290:+	post_stim_only	0.208	0.208	171	TRUE	TRUE
SPATS2	6hr	chr12:49490724:G>A	chr12:49371227-49371290:+	post_stim_only	0.05	0.05	124	FALSE	TRUE
SPCS1	0hr	chr3:52708015:T>C	chr3:52704954-52705158:+	detected_after_stim	0.254	0.254	174	FALSE	TRUE
SPCS1	1hr	chr3:52708015:T>C	chr3:52704954-52705158:+	detected_after_stim	-0.322	0.322	268	TRUE	TRUE
SPCS1	6hr	chr3:52708015:T>C	chr3:52704954-52705158:+	detected_after_stim	-0.216	0.216	267	TRUE	TRUE
SPCS3	0hr	chr4:176319984:C>T	chr4:176320219-176322169:+	all_timepoints	0.152	0.152	584	TRUE	TRUE
SPCS3	1hr	chr4:176319984:C>T	chr4:176320219-176322169:+	all_timepoints	0.134	0.134	988	TRUE	TRUE
SPCS3	6hr	chr4:176319984:C>T	chr4:176320219-176322169:+	all_timepoints	0.249	0.249	900	TRUE	TRUE
SPDL1	0hr	chr5:169594605:C>T	chr5:169595609-169596080:+	post_stim_only				FALSE	FALSE
SPDL1	1hr	chr5:169594605:C>T	chr5:169595609-169596080:+	post_stim_only	-0.333	0.333	27	TRUE	TRUE
SPDL1	6hr	chr5:169594605:C>T	chr5:169595609-169596080:+	post_stim_only				FALSE	FALSE
SPG7	0hr	chr16:89513214:T>G	chr16:89529579-89530247:+	post_stim_only				FALSE	FALSE
SPG7	1hr	chr16:89513214:T>G	chr16:89529579-89530247:+	post_stim_only	0	0	25	FALSE	TRUE
SPG7	6hr	chr16:89513214:T>G	chr16:89529579-89530247:+	post_stim_only	0.143	0.143	54	TRUE	TRUE
SPICE1	0hr	chr3:113503188:G>A	chr3:113514896-113514906:-	post_stim_only				FALSE	FALSE
SPICE1	1hr	chr3:113503188:G>A	chr3:113514896-113514906:-	post_stim_only	0.353	0.353	44	TRUE	TRUE
SPICE1	6hr	chr3:113503188:G>A	chr3:113514896-113514906:-	post_stim_only				FALSE	FALSE
SPNS1	0hr	chr16:28983823:C>T	chr16:28979154-28979244:+	detected_at_baseline_only	-0.105	0.105	240	TRUE	TRUE
SPNS1	1hr	chr16:28983823:C>T	chr16:28979154-28979244:+	detected_at_baseline_only	-0.01	0.01	383	FALSE	TRUE
SPNS1	6hr	chr16:28983823:C>T	chr16:28979154-28979244:+	detected_at_baseline_only	-0.021	0.021	342	FALSE	TRUE
SPOCK3	0hr	chr4:166734709:C>T	chr4:167234449-167234491:-	detected_after_stim	-0.005	0.005	131	FALSE	TRUE
SPOCK3	1hr	chr4:166734709:C>T	chr4:167234449-167234491:-	detected_after_stim	0.006	0.006	326	FALSE	TRUE
SPOCK3	6hr	chr4:166734709:C>T	chr4:167234449-167234491:-	detected_after_stim	0.159	0.159	251	TRUE	TRUE
SPPL3	0hr	chr12:120764558:T>C	chr12:120769059-120770137:-	detected_at_baseline_only	0.105	0.105	118	TRUE	TRUE
SPPL3	1hr	chr12:120764558:T>C	chr12:120769059-120770137:-	detected_at_baseline_only	-0.015	0.015	99	FALSE	TRUE
SPPL3	6hr	chr12:120764558:T>C	chr12:120769059-120770137:-	detected_at_baseline_only	-0.079	0.079	147	FALSE	TRUE
SPTAN1	0hr	chr9:128598470:C>T	chr9:128555348-128555399:+	detected_after_stim	0.071	0.071	140	FALSE	TRUE
SPTAN1	1hr	chr9:128598470:C>T	chr9:128555348-128555399:+	detected_after_stim	0.171	0.171	247	TRUE	TRUE
SPTAN1	6hr	chr9:128598470:C>T	chr9:128555348-128555399:+	detected_after_stim	-0.047	0.047	228	FALSE	TRUE
SQLE	0hr	chr8:125022167:A>G	chr8:124998605-124998646:+	detected_after_stim	-0.136	0.136	588	FALSE	TRUE
SQLE	1hr	chr8:125022167:A>G	chr8:124998605-124998646:+	detected_after_stim	-0.051	0.051	1129	FALSE	TRUE
SQLE	6hr	chr8:125022167:A>G	chr8:124998605-124998646:+	detected_after_stim	-0.149	0.149	1630	TRUE	TRUE
SRA1	0hr	chr5:140557239:G>C	chr5:140551169-140551981:-	post_stim_only				FALSE	FALSE
SRA1	1hr	chr5:140557239:G>C	chr5:140551169-140551981:-	post_stim_only	0.323	0.323	229	TRUE	TRUE
SRA1	6hr	chr5:140557239:G>C	chr5:140551169-140551981:-	post_stim_only				FALSE	FALSE
SRD5A3	0hr	chr4:55370160:C>T	chr4:55351096-55351214:+	post_stim_only	-0.083	0.083	36	FALSE	FALSE
SRD5A3	1hr	chr4:55370160:C>T	chr4:55351096-55351214:+	post_stim_only	0.477	0.477	51	TRUE	TRUE
SRD5A3	6hr	chr4:55370160:C>T	chr4:55351096-55351214:+	post_stim_only				FALSE	FALSE
SRI	0hr	chr7:88205854:C>T	chr7:88209432-88209452:-	detected_after_stim	-0.048	0.048	58	FALSE	TRUE
SRI	1hr	chr7:88205854:C>T	chr7:88209432-88209452:-	detected_after_stim	-0.141	0.141	88	TRUE	TRUE
SRI	6hr	chr7:88205854:C>T	chr7:88209432-88209452:-	detected_after_stim	-0.043	0.043	118	FALSE	TRUE
SRP72	0hr	chr4:56467655:G>T	chr4:56478378-56478503:+	detected_at_baseline_only	-0.193	0.193	143	TRUE	TRUE
SRP72	1hr	chr4:56467655:G>T	chr4:56478378-56478503:+	detected_at_baseline_only	-0.018	0.018	230	FALSE	TRUE
SRP72	6hr	chr4:56467655:G>T	chr4:56478378-56478503:+	detected_at_baseline_only	0.039	0.039	326	FALSE	TRUE
SRP9	0hr	chr1:225790265:C>T	chr1:225786861-225786969:+	detected_after_stim	-0.097	0.097	373	FALSE	TRUE
SRP9	1hr	chr1:225790265:C>T	chr1:225786861-225786969:+	detected_after_stim	-0.158	0.158	605	TRUE	TRUE
SRP9	6hr	chr1:225790265:C>T	chr1:225786861-225786969:+	detected_after_stim	-0.039	0.039	869	FALSE	TRUE
SRRM2	0hr	chr16:2758517:G>A	chr16:2756333-2756478:+	post_stim_only				FALSE	FALSE
SRRM2	1hr	chr16:2758517:G>A	chr16:2756333-2756478:+	post_stim_only	0.114	0.114	417	TRUE	TRUE
SRRM2	6hr	chr16:2758517:G>A	chr16:2756333-2756478:+	post_stim_only				FALSE	FALSE
SRSF3	0hr	chr6:36602588:T>C	chr6:36602471-36602564:+	detected_at_baseline_only	0.1	0.1	230	TRUE	TRUE
SRSF3	1hr	chr6:36602588:T>C	chr6:36602471-36602564:+	detected_at_baseline_only	0.044	0.044	235	FALSE	TRUE
SRSF3	6hr	chr6:36602588:T>C	chr6:36602471-36602564:+	detected_at_baseline_only	0.025	0.025	177	FALSE	TRUE
SSBP3	0hr	chr1:54226682:AA>TTTAG	chr1:54356414-54356818:-	post_stim_only				FALSE	FALSE
SSBP3	1hr	chr1:54226682:AA>TTTAG	chr1:54356414-54356818:-	post_stim_only				FALSE	FALSE
SSBP3	6hr	chr1:54226682:AA>TTTAG	chr1:54356414-54356818:-	post_stim_only	-0.224	0.224	339	TRUE	TRUE
SSR1	0hr	chr6:7310025:A>G	chr6:7281142-7287569:-	detected_after_stim	-0.006	0.006	94	FALSE	TRUE
SSR1	1hr	chr6:7310025:A>G	chr6:7281142-7287569:-	detected_after_stim	-0.14	0.14	154	FALSE	TRUE
SSR1	6hr	chr6:7310025:A>G	chr6:7281142-7287569:-	detected_after_stim	-0.209	0.209	165	TRUE	TRUE
STAG1	0hr	chr3:136623173:C>T	chr3:136586801-136586926:-	post_stim_only				FALSE	FALSE
STAG1	1hr	chr3:136623173:C>T	chr3:136586801-136586926:-	post_stim_only	0.113	0.113	463	TRUE	TRUE
STAG1	6hr	chr3:136623173:C>T	chr3:136586801-136586926:-	post_stim_only	0.209	0.209	347	TRUE	TRUE
STAG3L5P	0hr	chr7:100338803:T>C	chr7:100338990-100339650:+	detected_after_stim	-0.229	0.229	45	FALSE	TRUE
STAG3L5P	1hr	chr7:100338803:T>C	chr7:100338990-100339650:+	detected_after_stim				FALSE	FALSE
STAG3L5P	6hr	chr7:100338803:T>C	chr7:100338990-100339650:+	detected_after_stim	-0.409	0.409	32	TRUE	TRUE
STAMBP	0hr	chr2:73829436:A>G	chr2:73862945-73867152:+	post_stim_only				FALSE	FALSE
STAMBP	1hr	chr2:73829436:A>G	chr2:73862945-73867152:+	post_stim_only	-0.386	0.386	35	TRUE	TRUE
STAMBP	6hr	chr2:73829436:A>G	chr2:73862945-73867152:+	post_stim_only	-0.125	0.125	56	FALSE	TRUE
STAT2	0hr	chr12:56355745:C>T	chr12:56348623-56348751:-	detected_after_stim	0.033	0.033	44	FALSE	TRUE
STAT2	1hr	chr12:56355745:C>T	chr12:56348623-56348751:-	detected_after_stim	0.143	0.143	107	TRUE	TRUE
STAT2	6hr	chr12:56355745:C>T	chr12:56348623-56348751:-	detected_after_stim				FALSE	FALSE
STAU2	0hr	chr8:73615760:C>T	chr8:73549785-73550546:-	detected_after_stim	0.116	0.116	111	FALSE	TRUE
STAU2	1hr	chr8:73615760:C>T	chr8:73549785-73550546:-	detected_after_stim	0.209	0.209	271	TRUE	TRUE
STAU2	6hr	chr8:73615760:C>T	chr8:73549785-73550546:-	detected_after_stim	-0.062	0.062	224	FALSE	TRUE
STK25	0hr	chr2:241495393:G>T	chr2:241508442-241508504:-	detected_after_stim	0.102	0.102	90	FALSE	TRUE
STK25	1hr	chr2:241495393:G>T	chr2:241508442-241508504:-	detected_after_stim	0.06	0.06	112	FALSE	TRUE
STK25	6hr	chr2:241495393:G>T	chr2:241508442-241508504:-	detected_after_stim	-0.212	0.212	123	TRUE	TRUE
STK33	0hr	chr11:8474721:C>T	chr11:8475066-8475824:-	other	-0.364	0.364	65	TRUE	TRUE
STK33	1hr	chr11:8474721:C>T	chr11:8475066-8475824:-	other	-0.128	0.128	157	TRUE	TRUE
STK33	6hr	chr11:8474721:C>T	chr11:8475066-8475824:-	other	-0.016	0.016	74	FALSE	FALSE
STMN3	0hr	chr20:63641057:G>A	chr20:63652572-63652766:-	detected_after_stim	-0.09	0.09	85	FALSE	TRUE
STMN3	1hr	chr20:63641057:G>A	chr20:63652572-63652766:-	detected_after_stim	-0.232	0.232	137	TRUE	TRUE
STMN3	6hr	chr20:63641057:G>A	chr20:63652572-63652766:-	detected_after_stim	0.021	0.021	180	FALSE	TRUE
STX2	0hr	chr12:130821768:C>G	chr12:130804304-130804543:-	post_stim_only				FALSE	FALSE
STX2	1hr	chr12:130821768:C>G	chr12:130804304-130804543:-	post_stim_only	-0.039	0.039	95	FALSE	TRUE
STX2	6hr	chr12:130821768:C>G	chr12:130804304-130804543:-	post_stim_only	0.158	0.158	173	TRUE	TRUE
STX6	0hr	chr1:180993375:C>T	chr1:181002605-181002700:-	detected_at_baseline_only	0.154	0.154	56	TRUE	TRUE
STX6	1hr	chr1:180993375:C>T	chr1:181002605-181002700:-	detected_at_baseline_only	0	0	97	FALSE	TRUE
STX6	6hr	chr1:180993375:C>T	chr1:181002605-181002700:-	detected_at_baseline_only	-0.011	0.011	66	FALSE	TRUE
STXBP1	0hr	chr9:127691033:G>A	chr9:127612360-127612403:+	detected_after_stim	0.155	0.155	68	FALSE	TRUE
STXBP1	1hr	chr9:127691033:G>A	chr9:127612360-127612403:+	detected_after_stim	-0.15	0.15	173	TRUE	TRUE
STXBP1	6hr	chr9:127691033:G>A	chr9:127612360-127612403:+	detected_after_stim	0.014	0.014	105	FALSE	TRUE
STXBP3	0hr	chr1:108746730:C>G	chr1:108756766-108757005:+	post_stim_only				FALSE	FALSE
STXBP3	1hr	chr1:108746730:C>G	chr1:108756766-108757005:+	post_stim_only				FALSE	FALSE
STXBP3	6hr	chr1:108746730:C>G	chr1:108756766-108757005:+	post_stim_only	0.15	0.15	89	TRUE	TRUE
SUCLA2	0hr	chr13:47943042:T>C	chr13:47965577-47965640:-	detected_at_baseline_only	-0.131	0.131	155	TRUE	TRUE
SUCLA2	1hr	chr13:47943042:T>C	chr13:47965577-47965640:-	detected_at_baseline_only	-0.034	0.034	261	FALSE	TRUE
SUCLA2	6hr	chr13:47943042:T>C	chr13:47965577-47965640:-	detected_at_baseline_only	0.019	0.019	384	FALSE	TRUE
SUCO	0hr	chr1:172569135:G>A	chr1:172585017-172585086:+	other	-0.304	0.304	95	TRUE	TRUE
SUCO	1hr	chr1:172569135:G>A	chr1:172585017-172585086:+	other	-0.093	0.093	178	FALSE	TRUE
SUCO	6hr	chr1:172569135:G>A	chr1:172585017-172585086:+	other	-0.3	0.3	215	TRUE	TRUE
SUMO3	0hr	chr21:44806870:A>G	chr21:44818064-44818105:-	post_stim_only				FALSE	FALSE
SUMO3	1hr	chr21:44806870:A>G	chr21:44818064-44818105:-	post_stim_only				FALSE	FALSE
SUMO3	6hr	chr21:44806870:A>G	chr21:44818064-44818105:-	post_stim_only	-0.231	0.231	104	TRUE	TRUE
SUN1	0hr	chr7:838954:A>G	chr7:843818-843834:+	other	0.388	0.388	132	TRUE	TRUE
SUN1	1hr	chr7:838954:A>G	chr7:843818-843834:+	other	0.234	0.234	214	TRUE	TRUE
SUN1	6hr	chr7:838954:A>G	chr7:843818-843834:+	other	-0.042	0.042	248	FALSE	TRUE
SUPT5H	0hr	chr19:39453441:C>T	chr19:39457932-39457949:+	detected_after_stim	-0.078	0.078	56	FALSE	TRUE
SUPT5H	1hr	chr19:39453441:C>T	chr19:39457932-39457949:+	detected_after_stim	-0.13	0.13	108	TRUE	TRUE
SUPT5H	6hr	chr19:39453441:C>T	chr19:39457932-39457949:+	detected_after_stim	0.028	0.028	135	FALSE	TRUE
SUSD4	0hr	chr1:223268607:T>G	chr1:223234914-223235051:-	post_stim_only				FALSE	FALSE
SUSD4	1hr	chr1:223268607:T>G	chr1:223234914-223235051:-	post_stim_only	0.197	0.197	158	TRUE	TRUE
SUSD4	6hr	chr1:223268607:T>G	chr1:223234914-223235051:-	post_stim_only	0.051	0.051	236	FALSE	TRUE
SV2C	0hr	chr5:76132109:G>A	chr5:76132330-76132461:+	post_stim_only				FALSE	FALSE
SV2C	1hr	chr5:76132109:G>A	chr5:76132330-76132461:+	post_stim_only	-0.139	0.139	424	FALSE	TRUE
SV2C	6hr	chr5:76132109:G>A	chr5:76132330-76132461:+	post_stim_only	-0.165	0.165	490	TRUE	TRUE
SYS1	0hr	chr20:45367432:G>A	chr20:45365546-45365618:+	other	0.252	0.252	83	TRUE	TRUE
SYS1	1hr	chr20:45367432:G>A	chr20:45365546-45365618:+	other	0.115	0.115	37	FALSE	TRUE
SYS1	6hr	chr20:45367432:G>A	chr20:45365546-45365618:+	other				FALSE	FALSE
SYT1	0hr	chr12:79448928:G>T	chr12:78868771-78868911:+	detected_after_stim	0.034	0.034	200	FALSE	TRUE
SYT1	1hr	chr12:79448928:G>T	chr12:78868771-78868911:+	detected_after_stim	0.198	0.198	259	TRUE	TRUE
SYT1	6hr	chr12:79448928:G>T	chr12:78868771-78868911:+	detected_after_stim	0.046	0.046	291	FALSE	TRUE
SYT14	0hr	chr1:210100362:G>A	chr1:210100461-210100546:+	other	-0.29	0.29	96	TRUE	TRUE
SYT14	1hr	chr1:210100362:G>A	chr1:210100461-210100546:+	other	-0.132	0.132	211	TRUE	TRUE
SYT14	6hr	chr1:210100362:G>A	chr1:210100461-210100546:+	other	-0.093	0.093	199	FALSE	TRUE
SYT5	0hr	chr19:55180049:G>C	chr19:55179963-55180030:-	post_stim_only				FALSE	FALSE
SYT5	1hr	chr19:55180049:G>C	chr19:55179963-55180030:-	post_stim_only	-0.125	0.125	57	TRUE	TRUE
SYT5	6hr	chr19:55180049:G>C	chr19:55179963-55180030:-	post_stim_only	0.001	0.001	79	FALSE	TRUE
TACC2	0hr	chr10:122254088:C>A	chr10:122088591-122088738:+	detected_after_stim	-0.088	0.088	90	FALSE	TRUE
TACC2	1hr	chr10:122254088:C>A	chr10:122088591-122088738:+	detected_after_stim	0.274	0.274	124	TRUE	TRUE
TACC2	6hr	chr10:122254088:C>A	chr10:122088591-122088738:+	detected_after_stim	-0.055	0.055	139	FALSE	TRUE
TAF1B	0hr	chr2:9933946:G>A	chr2:9918084-9919040:+	post_stim_only				FALSE	FALSE
TAF1B	1hr	chr2:9933946:G>A	chr2:9918084-9919040:+	post_stim_only	0.27	0.27	90	TRUE	TRUE
TAF1B	6hr	chr2:9933946:G>A	chr2:9918084-9919040:+	post_stim_only	0.163	0.163	62	FALSE	FALSE
TAF2	0hr	chr8:119801931:G>A	chr8:119732186-119732800:-	post_stim_only				FALSE	FALSE
TAF2	1hr	chr8:119801931:G>A	chr8:119732186-119732800:-	post_stim_only	0.3	0.3	43	TRUE	TRUE
TAF2	6hr	chr8:119801931:G>A	chr8:119732186-119732800:-	post_stim_only				FALSE	FALSE
TAGLN3	0hr	chr3:111998903:C>T	chr3:111999246-111999325:+	post_stim_only				FALSE	FALSE
TAGLN3	1hr	chr3:111998903:C>T	chr3:111999246-111999325:+	post_stim_only				FALSE	FALSE
TAGLN3	6hr	chr3:111998903:C>T	chr3:111999246-111999325:+	post_stim_only	0.215	0.215	97	TRUE	TRUE
TAMM41	0hr	chr3:11846784:C>G	chr3:11844907-11845096:-	other	0.182	0.182	66	TRUE	TRUE
TAMM41	1hr	chr3:11846784:C>G	chr3:11844907-11845096:-	other	0.234	0.234	74	TRUE	TRUE
TAMM41	6hr	chr3:11846784:C>G	chr3:11844907-11845096:-	other				FALSE	FALSE
TARS1	0hr	chr5:33461928:G>A	chr5:33448540-33448730:+	detected_after_stim	-0.192	0.192	145	FALSE	TRUE
TARS1	1hr	chr5:33461928:G>A	chr5:33448540-33448730:+	detected_after_stim	-0.03	0.03	241	FALSE	TRUE
TARS1	6hr	chr5:33461928:G>A	chr5:33448540-33448730:+	detected_after_stim	0.169	0.169	276	TRUE	TRUE
TAX1BP1	0hr	chr7:27740145:G>A	chr7:27816394-27816520:+	post_stim_only				FALSE	FALSE
TAX1BP1	1hr	chr7:27740145:G>A	chr7:27816394-27816520:+	post_stim_only	0.52	0.52	173	TRUE	TRUE
TAX1BP1	6hr	chr7:27740145:G>A	chr7:27816394-27816520:+	post_stim_only				FALSE	FALSE
TBC1D20	0hr	chr20:448051:C>T	chr20:444547-445049:-	post_stim_only				FALSE	FALSE
TBC1D20	1hr	chr20:448051:C>T	chr20:444547-445049:-	post_stim_only				FALSE	FALSE
TBC1D20	6hr	chr20:448051:C>T	chr20:444547-445049:-	post_stim_only	-0.389	0.389	118	TRUE	TRUE
TBC1D32	0hr	chr6:121317569:C>T	chr6:121170404-121170527:-	detected_after_stim	0.073	0.073	101	FALSE	TRUE
TBC1D32	1hr	chr6:121317569:C>T	chr6:121170404-121170527:-	detected_after_stim	-0.27	0.27	109	TRUE	TRUE
TBC1D32	6hr	chr6:121317569:C>T	chr6:121170404-121170527:-	detected_after_stim	-0.049	0.049	64	FALSE	TRUE
TBCA	0hr	chr5:77776296:G>C	chr5:77691498-77693265:-	other	0.133	0.133	1001	TRUE	TRUE
TBCA	1hr	chr5:77776296:G>C	chr5:77691498-77693265:-	other	0.12	0.12	851	TRUE	TRUE
TBCA	6hr	chr5:77776296:G>C	chr5:77691498-77693265:-	other	0.094	0.094	1350	FALSE	TRUE
TBCB	0hr	chr19:36125941:G>A	chr19:36124249-36124363:+	detected_after_stim	-0.089	0.089	661	FALSE	TRUE
TBCB	1hr	chr19:36125941:G>A	chr19:36124249-36124363:+	detected_after_stim	-0.145	0.145	1095	TRUE	TRUE
TBCB	6hr	chr19:36125941:G>A	chr19:36124249-36124363:+	detected_after_stim	-0.165	0.165	1483	TRUE	TRUE
TBCD	0hr	chr17:82938056:A>G	chr17:82890696-82891713:+	post_stim_only				FALSE	FALSE
TBCD	1hr	chr17:82938056:A>G	chr17:82890696-82891713:+	post_stim_only				FALSE	FALSE
TBCD	6hr	chr17:82938056:A>G	chr17:82890696-82891713:+	post_stim_only	-0.353	0.353	138	TRUE	TRUE
TBRG1	0hr	chr11:124632363:A>G	chr11:124626472-124626609:+	post_stim_only				FALSE	FALSE
TBRG1	1hr	chr11:124632363:A>G	chr11:124626472-124626609:+	post_stim_only	-0.513	0.513	49	TRUE	TRUE
TBRG1	6hr	chr11:124632363:A>G	chr11:124626472-124626609:+	post_stim_only				FALSE	FALSE
TCF25	0hr	chr16:89911336:C>T	chr16:89908965-89909083:+	post_stim_only				FALSE	FALSE
TCF25	1hr	chr16:89911336:C>T	chr16:89908965-89909083:+	post_stim_only	0.184	0.184	360	TRUE	TRUE
TCF25	6hr	chr16:89911336:C>T	chr16:89908965-89909083:+	post_stim_only	-0.026	0.026	485	FALSE	TRUE
TCP11L1	0hr	chr11:33054644:T>C	chr11:33040014-33040027:+	post_stim_only				FALSE	FALSE
TCP11L1	1hr	chr11:33054644:T>C	chr11:33040014-33040027:+	post_stim_only	0.004	0.004	121	FALSE	TRUE
TCP11L1	6hr	chr11:33054644:T>C	chr11:33040014-33040027:+	post_stim_only	0.308	0.308	50	TRUE	TRUE
TDG	0hr	chr12:103979980:G>A	chr12:103982798-103982810:+	post_stim_only	-0.125	0.125	57	FALSE	FALSE
TDG	1hr	chr12:103979980:G>A	chr12:103982798-103982810:+	post_stim_only				FALSE	FALSE
TDG	6hr	chr12:103979980:G>A	chr12:103982798-103982810:+	post_stim_only	-0.167	0.167	99	TRUE	TRUE
TEFM	0hr	chr17:30904132:C>T	chr17:30906167-30906190:-	all_timepoints	0.593	0.593	163	TRUE	TRUE
TEFM	1hr	chr17:30904132:C>T	chr17:30906167-30906190:-	all_timepoints	0.309	0.309	203	TRUE	TRUE
TEFM	6hr	chr17:30904132:C>T	chr17:30906167-30906190:-	all_timepoints	0.404	0.404	155	TRUE	TRUE
TERF1	0hr	chr8:73008862:C>G	chr8:73039115-73039219:+	post_stim_only				FALSE	FALSE
TERF1	1hr	chr8:73008862:C>G	chr8:73039115-73039219:+	post_stim_only	0.406	0.406	83	TRUE	TRUE
TERF1	6hr	chr8:73008862:C>G	chr8:73039115-73039219:+	post_stim_only				FALSE	FALSE
TES	0hr	chr7:116234584:G>A	chr7:116249272-116249577:+	post_stim_only				FALSE	FALSE
TES	1hr	chr7:116234584:G>A	chr7:116249272-116249577:+	post_stim_only	0.315	0.315	74	FALSE	TRUE
TES	6hr	chr7:116234584:G>A	chr7:116249272-116249577:+	post_stim_only	0.459	0.459	144	TRUE	TRUE
TEX264	0hr	chr3:51704239:A>G	chr3:51684412-51684467:+	detected_at_baseline_only	0.109	0.109	201	TRUE	TRUE
TEX264	1hr	chr3:51704239:A>G	chr3:51684412-51684467:+	detected_at_baseline_only	-0.031	0.031	173	FALSE	TRUE
TEX264	6hr	chr3:51704239:A>G	chr3:51684412-51684467:+	detected_at_baseline_only	0.017	0.017	113	FALSE	TRUE
TFB1M	0hr	chr6:155257873:C>T	chr6:155257687-155257771:-	post_stim_only				FALSE	FALSE
TFB1M	1hr	chr6:155257873:C>T	chr6:155257687-155257771:-	post_stim_only	-0.312	0.312	39	TRUE	TRUE
TFB1M	6hr	chr6:155257873:C>T	chr6:155257687-155257771:-	post_stim_only				FALSE	FALSE
TGS1	0hr	chr8:55786275:G>A	chr8:55810880-55811097:+	detected_after_stim	0.174	0.174	48	FALSE	TRUE
TGS1	1hr	chr8:55786275:G>A	chr8:55810880-55811097:+	detected_after_stim	0.197	0.197	110	TRUE	TRUE
TGS1	6hr	chr8:55786275:G>A	chr8:55810880-55811097:+	detected_after_stim	0.137	0.137	66	FALSE	TRUE
THRA	0hr	chr17:40076899:G>A	chr17:40093019-40093136:+	post_stim_only				FALSE	FALSE
THRA	1hr	chr17:40076899:G>A	chr17:40093019-40093136:+	post_stim_only				FALSE	FALSE
THRA	6hr	chr17:40076899:G>A	chr17:40093019-40093136:+	post_stim_only	-0.404	0.404	53	TRUE	TRUE
THRAP3	0hr	chr1:36301637:G>A	chr1:36304148-36304473:+	post_stim_only				FALSE	FALSE
THRAP3	1hr	chr1:36301637:G>A	chr1:36304148-36304473:+	post_stim_only	-0.3	0.3	75	TRUE	TRUE
THRAP3	6hr	chr1:36301637:G>A	chr1:36304148-36304473:+	post_stim_only	0.022	0.022	60	FALSE	TRUE
THSD7B	0hr	chr2:136765567:G>T	chr2:136882429-136882621:+	detected_after_stim	0.249	0.249	115	FALSE	TRUE
THSD7B	1hr	chr2:136765567:G>T	chr2:136882429-136882621:+	detected_after_stim				FALSE	FALSE
THSD7B	6hr	chr2:136765567:G>T	chr2:136882429-136882621:+	detected_after_stim	-0.217	0.217	191	TRUE	TRUE
TIA1	0hr	chr2:70229276:C>T	chr2:70236078-70236175:-	post_stim_only				FALSE	FALSE
TIA1	1hr	chr2:70229276:C>T	chr2:70236078-70236175:-	post_stim_only	-0.14	0.14	85	TRUE	TRUE
TIA1	6hr	chr2:70229276:C>T	chr2:70236078-70236175:-	post_stim_only				FALSE	FALSE
TIMM10B	0hr	chr11:6481797:C>G	chr11:6482289-6482798:+	other	-0.676	0.676	40	TRUE	TRUE
TIMM10B	1hr	chr11:6481797:C>G	chr11:6482289-6482798:+	other				FALSE	FALSE
TIMM10B	6hr	chr11:6481797:C>G	chr11:6482289-6482798:+	other				FALSE	FALSE
TIMP2	0hr	chr17:78870904:G>T	chr17:78855963-78856164:-	detected_after_stim	-0.138	0.138	59	FALSE	TRUE
TIMP2	1hr	chr17:78870904:G>T	chr17:78855963-78856164:-	detected_after_stim	-0.16	0.16	124	TRUE	TRUE
TIMP2	6hr	chr17:78870904:G>T	chr17:78855963-78856164:-	detected_after_stim				FALSE	FALSE
TLE5	0hr	chr19:3053327:T>G	chr19:3062173-3062190:-	post_stim_only				FALSE	FALSE
TLE5	1hr	chr19:3053327:T>G	chr19:3062173-3062190:-	post_stim_only	-0.224	0.224	120	FALSE	TRUE
TLE5	6hr	chr19:3053327:T>G	chr19:3062173-3062190:-	post_stim_only	-0.314	0.314	137	TRUE	TRUE
TLN1	0hr	chr9:35732084:T>C	chr9:35723103-35723951:-	other	-0.219	0.219	124	TRUE	TRUE
TLN1	1hr	chr9:35732084:T>C	chr9:35723103-35723951:-	other				FALSE	FALSE
TLN1	6hr	chr9:35732084:T>C	chr9:35723103-35723951:-	other				FALSE	FALSE
TM2D2	0hr	chr8:38996463:C>A	chr8:38996212-38996418:-	detected_at_baseline_only	-0.134	0.134	141	TRUE	TRUE
TM2D2	1hr	chr8:38996463:C>A	chr8:38996212-38996418:-	detected_at_baseline_only	-0.042	0.042	236	FALSE	TRUE
TM2D2	6hr	chr8:38996463:C>A	chr8:38996212-38996418:-	detected_at_baseline_only	-0.017	0.017	175	FALSE	TRUE
TM7SF2	0hr	chr11:65116174:A>C	chr11:65113219-65113368:+	other	-0.121	0.121	595	TRUE	TRUE
TM7SF2	1hr	chr11:65116174:A>C	chr11:65113219-65113368:+	other				FALSE	FALSE
TM7SF2	6hr	chr11:65116174:A>C	chr11:65113219-65113368:+	other	0.001	0.001	679	FALSE	TRUE
TMBIM4	0hr	chr12:66153446:G>A	chr12:66153410-66153448:-	other	-0.118	0.118	497	TRUE	TRUE
TMBIM4	1hr	chr12:66153446:G>A	chr12:66153410-66153448:-	other				FALSE	FALSE
TMBIM4	6hr	chr12:66153446:G>A	chr12:66153410-66153448:-	other	-0.076	0.076	619	FALSE	TRUE
TMCO1	0hr	chr1:165759531:C>T	chr1:165754892-165754990:-	all_timepoints	0.469	0.469	1436	TRUE	TRUE
TMCO1	1hr	chr1:165759531:C>T	chr1:165754892-165754990:-	all_timepoints	0.483	0.483	2603	TRUE	TRUE
TMCO1	6hr	chr1:165759531:C>T	chr1:165754892-165754990:-	all_timepoints	0.473	0.473	2265	TRUE	TRUE
TMCO3	0hr	chr13:113495723:A>G	chr13:113520615-113520661:+	detected_after_stim	0.042	0.042	104	FALSE	TRUE
TMCO3	1hr	chr13:113495723:A>G	chr13:113520615-113520661:+	detected_after_stim	-0.45	0.45	181	TRUE	TRUE
TMCO3	6hr	chr13:113495723:A>G	chr13:113520615-113520661:+	detected_after_stim	-0.162	0.162	177	FALSE	TRUE
TMEM106B	0hr	chr7:12229790:C>G	chr7:12214808-12214848:+	detected_after_stim	0.034	0.034	94	FALSE	TRUE
TMEM106B	1hr	chr7:12229790:C>G	chr7:12214808-12214848:+	detected_after_stim	-0.017	0.017	166	FALSE	TRUE
TMEM106B	6hr	chr7:12229790:C>G	chr7:12214808-12214848:+	detected_after_stim	-0.351	0.351	117	TRUE	TRUE
TMEM167B	0hr	chr1:109094606:C>G	chr1:109093021-109093082:+	post_stim_only				FALSE	FALSE
TMEM167B	1hr	chr1:109094606:C>G	chr1:109093021-109093082:+	post_stim_only				FALSE	FALSE
TMEM167B	6hr	chr1:109094606:C>G	chr1:109093021-109093082:+	post_stim_only	0.335	0.335	49	TRUE	TRUE
TMEM176B	0hr	chr7:150793995:T>G	chr7:150800021-150800167:-	post_stim_only				FALSE	FALSE
TMEM176B	1hr	chr7:150793995:T>G	chr7:150800021-150800167:-	post_stim_only	-0.302	0.302	97	TRUE	TRUE
TMEM176B	6hr	chr7:150793995:T>G	chr7:150800021-150800167:-	post_stim_only	0.02	0.02	193	FALSE	TRUE
TMEM183A	0hr	chr1:203008790:G>A	chr1:203007574-203007773:+	detected_at_baseline_only	0.107	0.107	143	TRUE	TRUE
TMEM183A	1hr	chr1:203008790:G>A	chr1:203007574-203007773:+	detected_at_baseline_only	0.053	0.053	181	FALSE	TRUE
TMEM183A	6hr	chr1:203008790:G>A	chr1:203007574-203007773:+	detected_at_baseline_only	0.043	0.043	334	FALSE	TRUE
TMEM25	0hr	chr11:118534088:G>A	chr11:118531234-118531357:+	detected_after_stim	-0.04	0.04	94	FALSE	TRUE
TMEM25	1hr	chr11:118534088:G>A	chr11:118531234-118531357:+	detected_after_stim	-0.111	0.111	70	TRUE	TRUE
TMEM25	6hr	chr11:118534088:G>A	chr11:118531234-118531357:+	detected_after_stim	-0.007	0.007	130	FALSE	TRUE
TMEM256	0hr	chr17:7403669:G>A	chr17:7403612-7403626:-	other	0.2	0.2	147	TRUE	TRUE
TMEM256	1hr	chr17:7403669:G>A	chr17:7403612-7403626:-	other				FALSE	FALSE
TMEM256	6hr	chr17:7403669:G>A	chr17:7403612-7403626:-	other				FALSE	FALSE
TMEM33	0hr	chr4:41935176:T>C	chr4:41935310-41935383:+	post_stim_only				FALSE	FALSE
TMEM33	1hr	chr4:41935176:T>C	chr4:41935310-41935383:+	post_stim_only	-0.351	0.351	69	TRUE	TRUE
TMEM33	6hr	chr4:41935176:T>C	chr4:41935310-41935383:+	post_stim_only				FALSE	FALSE
TMEM39A	0hr	chr3:119461955:C>T	chr3:119460750-119461574:-	post_stim_only				FALSE	FALSE
TMEM39A	1hr	chr3:119461955:C>T	chr3:119460750-119461574:-	post_stim_only				FALSE	FALSE
TMEM39A	6hr	chr3:119461955:C>T	chr3:119460750-119461574:-	post_stim_only	-0.484	0.484	39	TRUE	TRUE
TMEM53	0hr	chr1:44654506:G>A	chr1:44660295-44660349:-	post_stim_only				FALSE	FALSE
TMEM53	1hr	chr1:44654506:G>A	chr1:44660295-44660349:-	post_stim_only	0.397	0.397	90	TRUE	TRUE
TMEM53	6hr	chr1:44654506:G>A	chr1:44660295-44660349:-	post_stim_only				FALSE	FALSE
TNFRSF12A	0hr	chr16:3021224:C>A	chr16:3021188-3021207:+	post_stim_only				FALSE	FALSE
TNFRSF12A	1hr	chr16:3021224:C>A	chr16:3021188-3021207:+	post_stim_only	-0.207	0.207	145	TRUE	TRUE
TNFRSF12A	6hr	chr16:3021224:C>A	chr16:3021188-3021207:+	post_stim_only				FALSE	FALSE
TNKS	0hr	chr8:9556538:G>A	chr8:9556612-9558831:+	post_stim_only				FALSE	FALSE
TNKS	1hr	chr8:9556538:G>A	chr8:9556612-9558831:+	post_stim_only				FALSE	FALSE
TNKS	6hr	chr8:9556538:G>A	chr8:9556612-9558831:+	post_stim_only	0.148	0.148	233	TRUE	TRUE
TNRC6A	0hr	chr16:24777227:G>A	chr16:24804704-24804851:+	post_stim_only				FALSE	FALSE
TNRC6A	1hr	chr16:24777227:G>A	chr16:24804704-24804851:+	post_stim_only	-0.468	0.468	51	TRUE	TRUE
TNRC6A	6hr	chr16:24777227:G>A	chr16:24804704-24804851:+	post_stim_only	-0.014	0.014	90	FALSE	TRUE
TNRC6B	0hr	chr22:40246080:G>A	chr22:40177879-40177924:+	detected_at_baseline_only	-0.267	0.267	100	TRUE	TRUE
TNRC6B	1hr	chr22:40246080:G>A	chr22:40177879-40177924:+	detected_at_baseline_only	-0.084	0.084	290	FALSE	TRUE
TNRC6B	6hr	chr22:40246080:G>A	chr22:40177879-40177924:+	detected_at_baseline_only	0.086	0.086	195	FALSE	TRUE
TOLLIP	0hr	chr11:1288725:C>T	chr11:1302583-1302790:-	post_stim_only				FALSE	FALSE
TOLLIP	1hr	chr11:1288725:C>T	chr11:1302583-1302790:-	post_stim_only				FALSE	FALSE
TOLLIP	6hr	chr11:1288725:C>T	chr11:1302583-1302790:-	post_stim_only	-0.115	0.115	153	TRUE	TRUE
TOP1	0hr	chr20:41098223:A>G	chr20:41091577-41091699:+	post_stim_only				FALSE	FALSE
TOP1	1hr	chr20:41098223:A>G	chr20:41091577-41091699:+	post_stim_only	-0.238	0.238	179	TRUE	TRUE
TOP1	6hr	chr20:41098223:A>G	chr20:41091577-41091699:+	post_stim_only	-0.081	0.081	236	FALSE	TRUE
TOP2B	0hr	chr3:25598357:A>G	chr3:25624803-25625911:-	detected_at_baseline_only	0.211	0.211	290	TRUE	TRUE
TOP2B	1hr	chr3:25598357:A>G	chr3:25624803-25625911:-	detected_at_baseline_only	-0.051	0.051	576	FALSE	TRUE
TOP2B	6hr	chr3:25598357:A>G	chr3:25624803-25625911:-	detected_at_baseline_only	-0.01	0.01	773	FALSE	TRUE
TOX4	0hr	chr14:21477255:A>G	chr14:21477564-21477592:+	detected_after_stim	0.02	0.02	120	FALSE	TRUE
TOX4	1hr	chr14:21477255:A>G	chr14:21477564-21477592:+	detected_after_stim	-0.135	0.135	272	TRUE	TRUE
TOX4	6hr	chr14:21477255:A>G	chr14:21477564-21477592:+	detected_after_stim	-0.023	0.023	299	FALSE	TRUE
TPGS2	0hr	chr18:36818950:C>T	chr18:36805373-36805397:-	post_stim_only				FALSE	FALSE
TPGS2	1hr	chr18:36818950:C>T	chr18:36805373-36805397:-	post_stim_only				FALSE	FALSE
TPGS2	6hr	chr18:36818950:C>T	chr18:36805373-36805397:-	post_stim_only	-0.116	0.116	208	TRUE	TRUE
TPM1	0hr	chr15:63048505:C>T	chr15:63070173-63070278:+	other	0.179	0.179	375	TRUE	TRUE
TPM1	1hr	chr15:63048505:C>T	chr15:63070173-63070278:+	other				FALSE	FALSE
TPM1	6hr	chr15:63048505:C>T	chr15:63070173-63070278:+	other				FALSE	FALSE
TPM4	0hr	chr19:16102173:A>C	chr19:16086293-16086422:+	post_stim_only				FALSE	FALSE
TPM4	1hr	chr19:16102173:A>C	chr19:16086293-16086422:+	post_stim_only				FALSE	FALSE
TPM4	6hr	chr19:16102173:A>C	chr19:16086293-16086422:+	post_stim_only	0.2	0.2	42	TRUE	TRUE
TRAPPC11	0hr	chr4:183694693:G>A	chr4:183664029-183664071:+	post_stim_only				FALSE	FALSE
TRAPPC11	1hr	chr4:183694693:G>A	chr4:183664029-183664071:+	post_stim_only	-0.455	0.455	21	TRUE	TRUE
TRAPPC11	6hr	chr4:183694693:G>A	chr4:183664029-183664071:+	post_stim_only				FALSE	FALSE
TRAPPC12	0hr	chr2:3465691:G>C	chr2:3477694-3477714:+	detected_after_stim	-0.013	0.013	73	FALSE	TRUE
TRAPPC12	1hr	chr2:3465691:G>C	chr2:3477694-3477714:+	detected_after_stim	-0.047	0.047	131	FALSE	TRUE
TRAPPC12	6hr	chr2:3465691:G>C	chr2:3477694-3477714:+	detected_after_stim	-0.2	0.2	55	TRUE	TRUE
TRAPPC4	0hr	chr11:119018757:T>G	chr11:119018970-119019142:+	other	-0.347	0.347	159	TRUE	TRUE
TRAPPC4	1hr	chr11:119018757:T>G	chr11:119018970-119019142:+	other	-0.13	0.13	172	FALSE	TRUE
TRAPPC4	6hr	chr11:119018757:T>G	chr11:119018970-119019142:+	other				FALSE	FALSE
TRAPPC5	0hr	chr19:7682406:T>G	chr19:7680878-7681026:+	all_timepoints	0.346	0.346	1621	TRUE	TRUE
TRAPPC5	1hr	chr19:7682406:T>G	chr19:7680878-7681026:+	all_timepoints	0.408	0.408	2703	TRUE	TRUE
TRAPPC5	6hr	chr19:7682406:T>G	chr19:7680878-7681026:+	all_timepoints	0.358	0.358	2245	TRUE	TRUE
TRDMT1	0hr	chr10:17174556:C>T	chr10:17169419-17169539:-	detected_at_baseline_only	0.1	0.1	79	TRUE	TRUE
TRDMT1	1hr	chr10:17174556:C>T	chr10:17169419-17169539:-	detected_at_baseline_only	-0.089	0.089	118	FALSE	TRUE
TRDMT1	6hr	chr10:17174556:C>T	chr10:17169419-17169539:-	detected_at_baseline_only	-0.022	0.022	92	FALSE	TRUE
TRIM2	0hr	chr4:153276081:T>G	chr4:153204468-153204560:+	post_stim_only				FALSE	FALSE
TRIM2	1hr	chr4:153276081:T>G	chr4:153204468-153204560:+	post_stim_only				FALSE	FALSE
TRIM2	6hr	chr4:153276081:T>G	chr4:153204468-153204560:+	post_stim_only	-0.401	0.401	131	TRUE	TRUE
TRIM23	0hr	chr5:65614197:A>G	chr5:65613726-65613855:-	post_stim_only				FALSE	FALSE
TRIM23	1hr	chr5:65614197:A>G	chr5:65613726-65613855:-	post_stim_only	0.547	0.547	112	TRUE	TRUE
TRIM23	6hr	chr5:65614197:A>G	chr5:65613726-65613855:-	post_stim_only				FALSE	FALSE
TRIM37	0hr	chr17:59088306:C>T	chr17:59104292-59104394:-	detected_after_stim	-0.034	0.034	169	FALSE	TRUE
TRIM37	1hr	chr17:59088306:C>T	chr17:59104292-59104394:-	detected_after_stim	0.058	0.058	108	FALSE	TRUE
TRIM37	6hr	chr17:59088306:C>T	chr17:59104292-59104394:-	detected_after_stim	-0.186	0.186	117	TRUE	TRUE
TRIO	0hr	chr5:14397128:T>C	chr5:14183797-14183959:+	post_stim_only				FALSE	FALSE
TRIO	1hr	chr5:14397128:T>C	chr5:14183797-14183959:+	post_stim_only	0.481	0.481	36	TRUE	TRUE
TRIO	6hr	chr5:14397128:T>C	chr5:14183797-14183959:+	post_stim_only				FALSE	FALSE
TRPC1	0hr	chr3:142748433:C>A	chr3:142743484-142743586:+	post_stim_only				FALSE	FALSE
TRPC1	1hr	chr3:142748433:C>A	chr3:142743484-142743586:+	post_stim_only	-0.385	0.385	59	TRUE	TRUE
TRPC1	6hr	chr3:142748433:C>A	chr3:142743484-142743586:+	post_stim_only				FALSE	FALSE
TRPT1	0hr	chr11:64224328:T>C	chr11:64224099-64224162:-	post_stim_only	-0.308	0.308	101	FALSE	FALSE
TRPT1	1hr	chr11:64224328:T>C	chr11:64224099-64224162:-	post_stim_only				FALSE	FALSE
TRPT1	6hr	chr11:64224328:T>C	chr11:64224099-64224162:-	post_stim_only	-0.22	0.22	87	TRUE	TRUE
TSC2	0hr	chr16:2050473:G>A	chr16:2053452-2053542:+	detected_after_stim	0.088	0.088	42	FALSE	TRUE
TSC2	1hr	chr16:2050473:G>A	chr16:2053452-2053542:+	detected_after_stim	-0.25	0.25	34	TRUE	TRUE
TSC2	6hr	chr16:2050473:G>A	chr16:2053452-2053542:+	detected_after_stim				FALSE	FALSE
TSEN34	0hr	chr19:54193223:T>C	chr19:54190371-54190450:+	post_stim_only				FALSE	FALSE
TSEN34	1hr	chr19:54193223:T>C	chr19:54190371-54190450:+	post_stim_only				FALSE	FALSE
TSEN34	6hr	chr19:54193223:T>C	chr19:54190371-54190450:+	post_stim_only	-0.24	0.24	169	TRUE	TRUE
TSPAN4	0hr	chr11:866793:A>G	chr11:842940-843050:+	detected_after_stim	-0.125	0.125	60	FALSE	TRUE
TSPAN4	1hr	chr11:866793:A>G	chr11:842940-843050:+	detected_after_stim	-0.082	0.082	54	FALSE	TRUE
TSPAN4	6hr	chr11:866793:A>G	chr11:842940-843050:+	detected_after_stim	0.436	0.436	63	TRUE	TRUE
TSTD2	0hr	chr9:97627421:C>T	chr9:97627115-97627305:-	detected_after_stim	0.082	0.082	220	FALSE	TRUE
TSTD2	1hr	chr9:97627421:C>T	chr9:97627115-97627305:-	detected_after_stim	0.182	0.182	540	TRUE	TRUE
TSTD2	6hr	chr9:97627421:C>T	chr9:97627115-97627305:-	detected_after_stim	0.034	0.034	414	FALSE	TRUE
TSTD3	0hr	chr6:99521044:G>A	chr6:99526109-99526228:+	other	0.4	0.4	30	TRUE	TRUE
TSTD3	1hr	chr6:99521044:G>A	chr6:99526109-99526228:+	other				FALSE	FALSE
TSTD3	6hr	chr6:99521044:G>A	chr6:99526109-99526228:+	other				FALSE	FALSE
TTC21B	0hr	chr2:165941135:C>T	chr2:165874832-165875209:-	post_stim_only				FALSE	FALSE
TTC21B	1hr	chr2:165941135:C>T	chr2:165874832-165875209:-	post_stim_only	0.125	0.125	48	FALSE	TRUE
TTC21B	6hr	chr2:165941135:C>T	chr2:165874832-165875209:-	post_stim_only	0.217	0.217	51	TRUE	TRUE
TUBB	0hr	chr6:30725343:A>G	chr6:30722262-30722536:+	detected_after_stim	-0.027	0.027	210	FALSE	TRUE
TUBB	1hr	chr6:30725343:A>G	chr6:30722262-30722536:+	detected_after_stim	0.018	0.018	345	FALSE	TRUE
TUBB	6hr	chr6:30725343:A>G	chr6:30722262-30722536:+	detected_after_stim	-0.108	0.108	229	TRUE	TRUE
TUBGCP2	0hr	chr10:133299435:C>T	chr10:133285084-133285213:-	other	-0.162	0.162	136	TRUE	TRUE
TUBGCP2	1hr	chr10:133299435:C>T	chr10:133285084-133285213:-	other	0.006	0.006	244	FALSE	TRUE
TUBGCP2	6hr	chr10:133299435:C>T	chr10:133285084-133285213:-	other				FALSE	FALSE
TUT4	0hr	chr1:52525965:C>T	chr1:52481422-52481635:-	detected_after_stim	0.08	0.08	210	FALSE	TRUE
TUT4	1hr	chr1:52525965:C>T	chr1:52481422-52481635:-	detected_after_stim	0.016	0.016	211	FALSE	TRUE
TUT4	6hr	chr1:52525965:C>T	chr1:52481422-52481635:-	detected_after_stim	0.116	0.116	448	TRUE	TRUE
TWF2	0hr	chr3:52239093:G>A	chr3:52229660-52229782:-	post_stim_only				FALSE	FALSE
TWF2	1hr	chr3:52239093:G>A	chr3:52229660-52229782:-	post_stim_only				FALSE	FALSE
TWF2	6hr	chr3:52239093:G>A	chr3:52229660-52229782:-	post_stim_only	-0.1	0.1	79	TRUE	TRUE
TXNDC15	0hr	chr5:134887902:A>G	chr5:134874483-134874530:+	detected_at_baseline_only	-0.173	0.173	127	TRUE	TRUE
TXNDC15	1hr	chr5:134887902:A>G	chr5:134874483-134874530:+	detected_at_baseline_only	-0.005	0.005	254	FALSE	TRUE
TXNDC15	6hr	chr5:134887902:A>G	chr5:134874483-134874530:+	detected_at_baseline_only	0.007	0.007	339	FALSE	TRUE
TXNDC16	0hr	chr14:52470536:C>T	chr14:52462811-52462970:-	post_stim_only				FALSE	FALSE
TXNDC16	1hr	chr14:52470536:C>T	chr14:52462811-52462970:-	post_stim_only	0.136	0.136	98	FALSE	TRUE
TXNDC16	6hr	chr14:52470536:C>T	chr14:52462811-52462970:-	post_stim_only	0.124	0.124	120	TRUE	TRUE
TXNRD1	0hr	chr12:104319490:G>A	chr12:104286681-104286880:+	detected_after_stim	0.228	0.228	34	FALSE	TRUE
TXNRD1	1hr	chr12:104319490:G>A	chr12:104286681-104286880:+	detected_after_stim	0.194	0.194	59	FALSE	TRUE
TXNRD1	6hr	chr12:104319490:G>A	chr12:104286681-104286880:+	detected_after_stim	0.315	0.315	58	TRUE	TRUE
TYW1	0hr	chr7:66998950:G>A	chr7:67009684-67009749:+	detected_after_stim	0.038	0.038	130	FALSE	TRUE
TYW1	1hr	chr7:66998950:G>A	chr7:67009684-67009749:+	detected_after_stim	-0.077	0.077	160	FALSE	TRUE
TYW1	6hr	chr7:66998950:G>A	chr7:67009684-67009749:+	detected_after_stim	0.271	0.271	105	TRUE	TRUE
UBA6-DT	0hr	chr4:67728621:C>T	chr4:67732345-67732596:+	post_stim_only				FALSE	FALSE
UBA6-DT	1hr	chr4:67728621:C>T	chr4:67732345-67732596:+	post_stim_only	0.541	0.541	86	TRUE	TRUE
UBA6-DT	6hr	chr4:67728621:C>T	chr4:67732345-67732596:+	post_stim_only				FALSE	FALSE
UBAP2	0hr	chr9:33989066:G>T	chr9:34048909-34048938:-	detected_after_stim	0.035	0.035	43	FALSE	TRUE
UBAP2	1hr	chr9:33989066:G>T	chr9:34048909-34048938:-	detected_after_stim	0.489	0.489	61	TRUE	TRUE
UBAP2	6hr	chr9:33989066:G>T	chr9:34048909-34048938:-	detected_after_stim	0.111	0.111	33	FALSE	TRUE
UBAP2L	0hr	chr1:154234674:G>A	chr1:154234738-154234759:+	other	-0.205	0.205	89	TRUE	TRUE
UBAP2L	1hr	chr1:154234674:G>A	chr1:154234738-154234759:+	other	-0.226	0.226	132	TRUE	TRUE
UBAP2L	6hr	chr1:154234674:G>A	chr1:154234738-154234759:+	other	0.005	0.005	182	FALSE	TRUE
UBE2D1	0hr	chr10:58368011:G>A	chr10:58361494-58361526:+	post_stim_only				FALSE	FALSE
UBE2D1	1hr	chr10:58368011:G>A	chr10:58361494-58361526:+	post_stim_only	0.232	0.232	131	TRUE	TRUE
UBE2D1	6hr	chr10:58368011:G>A	chr10:58361494-58361526:+	post_stim_only				FALSE	FALSE
UBE2H	0hr	chr7:129839297:T>C	chr7:129951277-129951327:-	detected_after_stim	-0.053	0.053	64	FALSE	TRUE
UBE2H	1hr	chr7:129839297:T>C	chr7:129951277-129951327:-	detected_after_stim	-0.013	0.013	90	FALSE	TRUE
UBE2H	6hr	chr7:129839297:T>C	chr7:129951277-129951327:-	detected_after_stim	0.156	0.156	142	TRUE	TRUE
UBE2K	0hr	chr4:39737514:C>AGG	chr4:39777681-39777810:+	post_stim_only				FALSE	FALSE
UBE2K	1hr	chr4:39737514:C>AGG	chr4:39777681-39777810:+	post_stim_only	-0.318	0.318	148	TRUE	TRUE
UBE2K	6hr	chr4:39737514:C>AGG	chr4:39777681-39777810:+	post_stim_only				FALSE	FALSE
UBE2Q2P2	0hr	chr15:82404653:A>G	chr15:82395232-82395301:+	other	0.648	0.648	94	TRUE	TRUE
UBE2Q2P2	1hr	chr15:82404653:A>G	chr15:82395232-82395301:+	other	0.195	0.195	141	FALSE	TRUE
UBE2Q2P2	6hr	chr15:82404653:A>G	chr15:82395232-82395301:+	other	0.376	0.376	189	TRUE	TRUE
UBE2V2	0hr	chr8:48008429:C>G	chr8:48034865-48035061:+	all_timepoints	-0.156	0.156	156	TRUE	TRUE
UBE2V2	1hr	chr8:48008429:C>G	chr8:48034865-48035061:+	all_timepoints	-0.17	0.17	342	TRUE	TRUE
UBE2V2	6hr	chr8:48008429:C>G	chr8:48034865-48035061:+	all_timepoints	-0.25	0.25	383	TRUE	TRUE
UBXN1	0hr	chr11:62678896:A>G	chr11:62676639-62676812:-	other	0.198	0.198	268	TRUE	TRUE
UBXN1	1hr	chr11:62678896:A>G	chr11:62676639-62676812:-	other				FALSE	FALSE
UBXN1	6hr	chr11:62678896:A>G	chr11:62676639-62676812:-	other				FALSE	FALSE
UBXN2B	0hr	chr8:58416878:A>G	chr8:58413298-58413371:+	post_stim_only				FALSE	FALSE
UBXN2B	1hr	chr8:58416878:A>G	chr8:58413298-58413371:+	post_stim_only	-0.236	0.236	184	TRUE	TRUE
UBXN2B	6hr	chr8:58416878:A>G	chr8:58413298-58413371:+	post_stim_only	-0.071	0.071	270	FALSE	TRUE
UCHL3	0hr	chr13:75605905:T>G	chr13:75604526-75604768:+	detected_at_baseline_only	0.126	0.126	224	TRUE	TRUE
UCHL3	1hr	chr13:75605905:T>G	chr13:75604526-75604768:+	detected_at_baseline_only	-0.034	0.034	380	FALSE	TRUE
UCHL3	6hr	chr13:75605905:T>G	chr13:75604526-75604768:+	detected_at_baseline_only	0.017	0.017	340	FALSE	TRUE
UFSP2	0hr	chr4:185418480:C>T	chr4:185418513-185418586:-	other	0.294	0.294	175	TRUE	TRUE
UFSP2	1hr	chr4:185418480:C>T	chr4:185418513-185418586:-	other	0.18	0.18	261	TRUE	TRUE
UFSP2	6hr	chr4:185418480:C>T	chr4:185418513-185418586:-	other				FALSE	FALSE
UGP2	0hr	chr2:63841143:G>C	chr2:63842538-63842599:+	other	0.238	0.238	162	TRUE	TRUE
UGP2	1hr	chr2:63841143:G>C	chr2:63842538-63842599:+	other	0.073	0.073	292	FALSE	TRUE
UGP2	6hr	chr2:63841143:G>C	chr2:63842538-63842599:+	other	0.125	0.125	294	TRUE	TRUE
UNC79	0hr	chr14:93618347:G>A	chr14:93620891-93621041:+	post_stim_only	-0.59	0.59	89	FALSE	FALSE
UNC79	1hr	chr14:93618347:G>A	chr14:93620891-93621041:+	post_stim_only	-0.441	0.441	113	TRUE	TRUE
UNC79	6hr	chr14:93618347:G>A	chr14:93620891-93621041:+	post_stim_only	-0.659	0.659	139	TRUE	TRUE
UQCC6	0hr	chr12:103951474:A>G	chr12:103957190-103957213:-	detected_at_baseline_only	0.112	0.112	179	TRUE	TRUE
UQCC6	1hr	chr12:103951474:A>G	chr12:103957190-103957213:-	detected_at_baseline_only	0.006	0.006	201	FALSE	TRUE
UQCC6	6hr	chr12:103951474:A>G	chr12:103957190-103957213:-	detected_at_baseline_only	-0.032	0.032	150	FALSE	TRUE
UROS	0hr	chr10:125823220:G>T	chr10:125793857-125794021:-	post_stim_only				FALSE	FALSE
UROS	1hr	chr10:125823220:G>T	chr10:125793857-125794021:-	post_stim_only				FALSE	FALSE
UROS	6hr	chr10:125823220:G>T	chr10:125793857-125794021:-	post_stim_only	0.13	0.13	84	TRUE	TRUE
USP22	0hr	chr17:21021209:G>A	chr17:21042664-21042926:-	post_stim_only				FALSE	FALSE
USP22	1hr	chr17:21021209:G>A	chr17:21042664-21042926:-	post_stim_only	-0.147	0.147	78	FALSE	TRUE
USP22	6hr	chr17:21021209:G>A	chr17:21042664-21042926:-	post_stim_only	-0.336	0.336	55	TRUE	TRUE
USP24	0hr	chr1:55072788:C>T	chr1:55072861-55072992:-	post_stim_only				FALSE	FALSE
USP24	1hr	chr1:55072788:C>T	chr1:55072861-55072992:-	post_stim_only	-0.233	0.233	59	TRUE	TRUE
USP24	6hr	chr1:55072788:C>T	chr1:55072861-55072992:-	post_stim_only				FALSE	FALSE
USP32	0hr	chr17:60294750:C>T	chr17:60249057-60249753:-	post_stim_only				FALSE	FALSE
USP32	1hr	chr17:60294750:C>T	chr17:60249057-60249753:-	post_stim_only	-0.282	0.282	117	TRUE	TRUE
USP32	6hr	chr17:60294750:C>T	chr17:60249057-60249753:-	post_stim_only				FALSE	FALSE
USP33	0hr	chr1:77718639:A>G	chr1:77717539-77717644:-	detected_after_stim	-0.037	0.037	212	FALSE	TRUE
USP33	1hr	chr1:77718639:A>G	chr1:77717539-77717644:-	detected_after_stim	-0.275	0.275	323	TRUE	TRUE
USP33	6hr	chr1:77718639:A>G	chr1:77717539-77717644:-	detected_after_stim	-0.114	0.114	322	TRUE	TRUE
USP4	0hr	chr3:49278155:G>T	chr3:49311654-49311784:-	post_stim_only				FALSE	FALSE
USP4	1hr	chr3:49278155:G>T	chr3:49311654-49311784:-	post_stim_only				FALSE	FALSE
USP4	6hr	chr3:49278155:G>T	chr3:49311654-49311784:-	post_stim_only	0.149	0.149	238	TRUE	TRUE
USP46	0hr	chr4:52626145:G>T	chr4:52656295-52656452:-	detected_after_stim	-0.055	0.055	52	FALSE	TRUE
USP46	1hr	chr4:52626145:G>T	chr4:52656295-52656452:-	detected_after_stim	-0.172	0.172	143	TRUE	TRUE
USP46	6hr	chr4:52626145:G>T	chr4:52656295-52656452:-	detected_after_stim	0.111	0.111	49	FALSE	TRUE
USP7	0hr	chr16:8915260:C>T	chr16:8949553-8949653:-	detected_after_stim	0.098	0.098	107	FALSE	TRUE
USP7	1hr	chr16:8915260:C>T	chr16:8949553-8949653:-	detected_after_stim	0.157	0.157	193	TRUE	TRUE
USP7	6hr	chr16:8915260:C>T	chr16:8949553-8949653:-	detected_after_stim	0.078	0.078	295	FALSE	TRUE
USP8	0hr	chr15:50424435:G>C	chr15:50432337-50432499:+	detected_after_stim	-0.158	0.158	99	FALSE	TRUE
USP8	1hr	chr15:50424435:G>C	chr15:50432337-50432499:+	detected_after_stim				FALSE	FALSE
USP8	6hr	chr15:50424435:G>C	chr15:50432337-50432499:+	detected_after_stim	-0.214	0.214	157	TRUE	TRUE
VDAC2	0hr	chr10:75219274:G>A	chr10:75219215-75219303:+	other	0.277	0.277	53	TRUE	TRUE
VDAC2	1hr	chr10:75219274:G>A	chr10:75219215-75219303:+	other				FALSE	FALSE
VDAC2	6hr	chr10:75219274:G>A	chr10:75219215-75219303:+	other				FALSE	FALSE
VEZT	0hr	chr12:95300334:T>G	chr12:95270038-95270050:+	detected_after_stim	0.146	0.146	105	FALSE	TRUE
VEZT	1hr	chr12:95300334:T>G	chr12:95270038-95270050:+	detected_after_stim				FALSE	FALSE
VEZT	6hr	chr12:95300334:T>G	chr12:95270038-95270050:+	detected_after_stim	-0.268	0.268	155	TRUE	TRUE
VPS26A	0hr	chr10:69133034:C>T	chr10:69168532-69168628:+	detected_after_stim	-0.008	0.008	132	FALSE	TRUE
VPS26A	1hr	chr10:69133034:C>T	chr10:69168532-69168628:+	detected_after_stim	-0.166	0.166	259	TRUE	TRUE
VPS26A	6hr	chr10:69133034:C>T	chr10:69168532-69168628:+	detected_after_stim	-0.073	0.073	221	FALSE	TRUE
VPS4B	0hr	chr18:63407453:C>T	chr18:63407375-63407431:-	detected_after_stim	0.033	0.033	82	FALSE	TRUE
VPS4B	1hr	chr18:63407453:C>T	chr18:63407375-63407431:-	detected_after_stim	0.154	0.154	202	TRUE	TRUE
VPS4B	6hr	chr18:63407453:C>T	chr18:63407375-63407431:-	detected_after_stim	0.122	0.122	145	TRUE	TRUE
VPS50	0hr	chr7:93294602:G>A	chr7:93320375-93320852:+	detected_after_stim	-0.012	0.012	121	FALSE	TRUE
VPS50	1hr	chr7:93294602:G>A	chr7:93320375-93320852:+	detected_after_stim	-0.019	0.019	181	FALSE	TRUE
VPS50	6hr	chr7:93294602:G>A	chr7:93320375-93320852:+	detected_after_stim	-0.137	0.137	147	TRUE	TRUE
VPS53	0hr	chr17:562534:G>A	chr17:685036-685130:-	post_stim_only				FALSE	FALSE
VPS53	1hr	chr17:562534:G>A	chr17:685036-685130:-	post_stim_only	-0.239	0.239	80	TRUE	TRUE
VPS53	6hr	chr17:562534:G>A	chr17:685036-685130:-	post_stim_only				FALSE	FALSE
VTI1B	0hr	chr14:67656428:C>T	chr14:67662476-67662535:-	detected_after_stim	0.061	0.061	204	FALSE	TRUE
VTI1B	1hr	chr14:67656428:C>T	chr14:67662476-67662535:-	detected_after_stim	-0.202	0.202	327	TRUE	TRUE
VTI1B	6hr	chr14:67656428:C>T	chr14:67662476-67662535:-	detected_after_stim				FALSE	FALSE
WAPL	0hr	chr10:86467340:C>T	chr10:86451966-86452131:-	post_stim_only				FALSE	FALSE
WAPL	1hr	chr10:86467340:C>T	chr10:86451966-86452131:-	post_stim_only	0.08	0.08	62	FALSE	TRUE
WAPL	6hr	chr10:86467340:C>T	chr10:86451966-86452131:-	post_stim_only	0.2	0.2	46	TRUE	TRUE
WASF1	0hr	chr6:110107129:C>T	chr6:110179709-110179840:-	detected_after_stim	-0.008	0.008	88	FALSE	TRUE
WASF1	1hr	chr6:110107129:C>T	chr6:110179709-110179840:-	detected_after_stim	0.113	0.113	119	FALSE	TRUE
WASF1	6hr	chr6:110107129:C>T	chr6:110179709-110179840:-	detected_after_stim	0.214	0.214	149	TRUE	TRUE
WASHC2A	0hr	chr10:50132964:T>G	chr10:50092161-50092233:+	detected_after_stim	0.18	0.18	50	FALSE	TRUE
WASHC2A	1hr	chr10:50132964:T>G	chr10:50092161-50092233:+	detected_after_stim	0.214	0.214	108	TRUE	TRUE
WASHC2A	6hr	chr10:50132964:T>G	chr10:50092161-50092233:+	detected_after_stim	0.011	0.011	83	FALSE	TRUE
WASHC4	0hr	chr12:105152393:G>A	chr12:105149473-105149614:+	detected_after_stim	-0.06	0.06	118	FALSE	TRUE
WASHC4	1hr	chr12:105152393:G>A	chr12:105149473-105149614:+	detected_after_stim	-0.156	0.156	199	TRUE	TRUE
WASHC4	6hr	chr12:105152393:G>A	chr12:105149473-105149614:+	detected_after_stim	0.047	0.047	175	FALSE	TRUE
WDR1	0hr	chr4:10075235:G>A	chr4:10093908-10094128:-	detected_after_stim	-0.032	0.032	91	FALSE	TRUE
WDR1	1hr	chr4:10075235:G>A	chr4:10093908-10094128:-	detected_after_stim	-0.186	0.186	128	TRUE	TRUE
WDR1	6hr	chr4:10075235:G>A	chr4:10093908-10094128:-	detected_after_stim	0.212	0.212	149	TRUE	TRUE
WDR45B	0hr	chr17:82643963:C>T	chr17:82619094-82619128:-	all_timepoints	-0.277	0.277	68	TRUE	TRUE
WDR45B	1hr	chr17:82643963:C>T	chr17:82619094-82619128:-	all_timepoints	-0.185	0.185	236	TRUE	TRUE
WDR45B	6hr	chr17:82643963:C>T	chr17:82619094-82619128:-	all_timepoints	-0.134	0.134	331	TRUE	TRUE
WLS	0hr	chr1:68194165:G>A	chr1:68125359-68125491:-	post_stim_only				FALSE	FALSE
WLS	1hr	chr1:68194165:G>A	chr1:68125359-68125491:-	post_stim_only	0.04	0.04	113	FALSE	TRUE
WLS	6hr	chr1:68194165:G>A	chr1:68125359-68125491:-	post_stim_only	-0.149	0.149	129	TRUE	TRUE
WNK1	0hr	chr12:859322:T>C	chr12:901560-901632:+	post_stim_only	-0.123	0.123	93	FALSE	FALSE
WNK1	1hr	chr12:859322:T>C	chr12:901560-901632:+	post_stim_only	0.259	0.259	176	TRUE	TRUE
WNK1	6hr	chr12:859322:T>C	chr12:901560-901632:+	post_stim_only	0.032	0.032	171	FALSE	TRUE
WSB1	0hr	chr17:27308206:G>A	chr17:27302434-27303319:+	post_stim_only				FALSE	FALSE
WSB1	1hr	chr17:27308206:G>A	chr17:27302434-27303319:+	post_stim_only				FALSE	FALSE
WSB1	6hr	chr17:27308206:G>A	chr17:27302434-27303319:+	post_stim_only	0.395	0.395	225	TRUE	TRUE
WWOX	0hr	chr16:78108469:G>A	chr16:78278602-78278696:+	other	-0.702	0.702	50	TRUE	TRUE
WWOX	1hr	chr16:78108469:G>A	chr16:78278602-78278696:+	other				FALSE	FALSE
WWOX	6hr	chr16:78108469:G>A	chr16:78278602-78278696:+	other	-0.355	0.355	54	TRUE	TRUE
XPA	0hr	chr9:97697295:T>C	chr9:97682199-97682430:-	all_timepoints	0.317	0.317	152	TRUE	TRUE
XPA	1hr	chr9:97697295:T>C	chr9:97682199-97682430:-	all_timepoints	0.307	0.307	124	TRUE	TRUE
XPA	6hr	chr9:97697295:T>C	chr9:97682199-97682430:-	all_timepoints	0.311	0.311	114	TRUE	TRUE
XPO1	0hr	chr2:61537938:G>A	chr2:61492748-61492914:-	detected_after_stim	-0.143	0.143	121	FALSE	TRUE
XPO1	1hr	chr2:61537938:G>A	chr2:61492748-61492914:-	detected_after_stim	0.163	0.163	203	TRUE	TRUE
XPO1	6hr	chr2:61537938:G>A	chr2:61492748-61492914:-	detected_after_stim	-0.041	0.041	250	FALSE	TRUE
XPR1	0hr	chr1:180806180:G>A	chr1:180836521-180836651:+	detected_after_stim	0.048	0.048	111	FALSE	TRUE
XPR1	1hr	chr1:180806180:G>A	chr1:180836521-180836651:+	detected_after_stim	-0.201	0.201	202	TRUE	TRUE
XPR1	6hr	chr1:180806180:G>A	chr1:180836521-180836651:+	detected_after_stim	-0.061	0.061	169	FALSE	TRUE
XRN1	0hr	chr3:142421027:C>T	chr3:142418418-142418503:-	post_stim_only				FALSE	FALSE
XRN1	1hr	chr3:142421027:C>T	chr3:142418418-142418503:-	post_stim_only				FALSE	FALSE
XRN1	6hr	chr3:142421027:C>T	chr3:142418418-142418503:-	post_stim_only	-0.433	0.433	107	TRUE	TRUE
YEATS4	0hr	chr12:69362843:G>A	chr12:69361316-69361433:+	other	0.198	0.198	207	TRUE	TRUE
YEATS4	1hr	chr12:69362843:G>A	chr12:69361316-69361433:+	other	0.119	0.119	296	TRUE	TRUE
YEATS4	6hr	chr12:69362843:G>A	chr12:69361316-69361433:+	other	0.084	0.084	173	FALSE	TRUE
YME1L1	0hr	chr10:27149034:T>C	chr10:27148158-27148647:-	detected_at_baseline_only	0.163	0.163	208	TRUE	TRUE
YME1L1	1hr	chr10:27149034:T>C	chr10:27148158-27148647:-	detected_at_baseline_only	-0.016	0.016	397	FALSE	TRUE
YME1L1	6hr	chr10:27149034:T>C	chr10:27148158-27148647:-	detected_at_baseline_only	0.01	0.01	509	FALSE	TRUE
YPEL5	0hr	chr2:30158638:T>C	chr2:30147965-30148091:+	detected_after_stim	-0.054	0.054	46	FALSE	TRUE
YPEL5	1hr	chr2:30158638:T>C	chr2:30147965-30148091:+	detected_after_stim	-0.086	0.086	208	FALSE	TRUE
YPEL5	6hr	chr2:30158638:T>C	chr2:30147965-30148091:+	detected_after_stim	-0.131	0.131	200	TRUE	TRUE
YTHDC2	0hr	chr5:113532995:C>A	chr5:113561185-113561196:+	post_stim_only				FALSE	FALSE
YTHDC2	1hr	chr5:113532995:C>A	chr5:113561185-113561196:+	post_stim_only	-0.297	0.297	74	TRUE	TRUE
YTHDC2	6hr	chr5:113532995:C>A	chr5:113561185-113561196:+	post_stim_only	0.045	0.045	65	FALSE	TRUE
YWHAH	0hr	chr22:31956281:G>A	chr22:31945499-31945556:+	detected_after_stim	0.15	0.15	223	FALSE	TRUE
YWHAH	1hr	chr22:31956281:G>A	chr22:31945499-31945556:+	detected_after_stim	0.317	0.317	202	TRUE	TRUE
YWHAH	6hr	chr22:31956281:G>A	chr22:31945499-31945556:+	detected_after_stim	0.273	0.273	573	TRUE	TRUE
ZC3H11A	0hr	chr1:203852185:G>A	chr1:203850494-203850514:+	post_stim_only				FALSE	FALSE
ZC3H11A	1hr	chr1:203852185:G>A	chr1:203850494-203850514:+	post_stim_only	0.155	0.155	109	TRUE	TRUE
ZC3H11A	6hr	chr1:203852185:G>A	chr1:203850494-203850514:+	post_stim_only				FALSE	FALSE
ZC3H13	0hr	chr13:46052746:G>T	chr13:46051931-46051989:-	detected_after_stim	-0.152	0.152	103	FALSE	TRUE
ZC3H13	1hr	chr13:46052746:G>T	chr13:46051931-46051989:-	detected_after_stim	-0.294	0.294	144	TRUE	TRUE
ZC3H13	6hr	chr13:46052746:G>T	chr13:46051931-46051989:-	detected_after_stim				FALSE	FALSE
ZC3H18	0hr	chr16:88577224:C>T	chr16:88587541-88587613:+	detected_after_stim	-0.175	0.175	124	FALSE	TRUE
ZC3H18	1hr	chr16:88577224:C>T	chr16:88587541-88587613:+	detected_after_stim	-0.226	0.226	176	TRUE	TRUE
ZC3H18	6hr	chr16:88577224:C>T	chr16:88587541-88587613:+	detected_after_stim	-0.1	0.1	205	FALSE	TRUE
ZC3H7A	0hr	chr16:11779215:C>T	chr16:11782388-11782552:-	post_stim_only				FALSE	FALSE
ZC3H7A	1hr	chr16:11779215:C>T	chr16:11782388-11782552:-	post_stim_only	-0.205	0.205	59	TRUE	TRUE
ZC3H7A	6hr	chr16:11779215:C>T	chr16:11782388-11782552:-	post_stim_only	-0.086	0.086	45	FALSE	TRUE
ZCCHC17	0hr	chr1:31364835:C>A	chr1:31337174-31337275:+	post_stim_only				FALSE	FALSE
ZCCHC17	1hr	chr1:31364835:C>A	chr1:31337174-31337275:+	post_stim_only	-0.005	0.005	49	FALSE	TRUE
ZCCHC17	6hr	chr1:31364835:C>A	chr1:31337174-31337275:+	post_stim_only	-0.4	0.4	40	TRUE	TRUE
ZDHHC21	0hr	chr9:14680111:A>G	chr9:14683570-14683729:-	post_stim_only				FALSE	FALSE
ZDHHC21	1hr	chr9:14680111:A>G	chr9:14683570-14683729:-	post_stim_only	0.649	0.649	197	TRUE	TRUE
ZDHHC21	6hr	chr9:14680111:A>G	chr9:14683570-14683729:-	post_stim_only	0.693	0.693	184	TRUE	TRUE
ZDHHC6	0hr	chr10:112445630:G>A	chr10:112430304-112430723:-	post_stim_only				FALSE	FALSE
ZDHHC6	1hr	chr10:112445630:G>A	chr10:112430304-112430723:-	post_stim_only	-0.018	0.018	89	FALSE	TRUE
ZDHHC6	6hr	chr10:112445630:G>A	chr10:112430304-112430723:-	post_stim_only	0.203	0.203	151	TRUE	TRUE
ZFAND2A	0hr	chr7:1159995:T>C	chr7:1153224-1153241:-	all_timepoints	0.544	0.544	132	TRUE	TRUE
ZFAND2A	1hr	chr7:1159995:T>C	chr7:1153224-1153241:-	all_timepoints	0.37	0.37	187	TRUE	TRUE
ZFAND2A	6hr	chr7:1159995:T>C	chr7:1153224-1153241:-	all_timepoints	0.424	0.424	278	TRUE	TRUE
ZFAS1	0hr	chr20:49278704:A>G	chr20:49278716-49278738:+	all_timepoints	-0.303	0.303	1227	TRUE	TRUE
ZFAS1	1hr	chr20:49278704:A>G	chr20:49278716-49278738:+	all_timepoints	-0.625	0.625	1196	TRUE	TRUE
ZFAS1	6hr	chr20:49278704:A>G	chr20:49278716-49278738:+	all_timepoints	-0.55	0.55	1201	TRUE	TRUE
ZFR	0hr	chr5:32404064:A>T	chr5:32406726-32406773:-	other	0.487	0.487	85	TRUE	TRUE
ZFR	1hr	chr5:32404064:A>T	chr5:32406726-32406773:-	other	0.105	0.105	175	TRUE	TRUE
ZFR	6hr	chr5:32404064:A>T	chr5:32406726-32406773:-	other				FALSE	FALSE
ZFR2	0hr	chr19:3852281:T>C	chr19:3855559-3855590:-	post_stim_only				FALSE	FALSE
ZFR2	1hr	chr19:3852281:T>C	chr19:3855559-3855590:-	post_stim_only	-0.218	0.218	93	TRUE	TRUE
ZFR2	6hr	chr19:3852281:T>C	chr19:3855559-3855590:-	post_stim_only				FALSE	FALSE
ZMPSTE24	0hr	chr1:40290879:A>T	chr1:40290644-40290853:+	post_stim_only				FALSE	FALSE
ZMPSTE24	1hr	chr1:40290879:A>T	chr1:40290644-40290853:+	post_stim_only	0.188	0.188	134	TRUE	TRUE
ZMPSTE24	6hr	chr1:40290879:A>T	chr1:40290644-40290853:+	post_stim_only				FALSE	FALSE
ZNF138	0hr	chr7:64794412:G>T	chr7:64830939-64831076:+	detected_at_baseline_only	-0.383	0.383	73	TRUE	TRUE
ZNF138	1hr	chr7:64794412:G>T	chr7:64830939-64831076:+	detected_at_baseline_only	0.017	0.017	156	FALSE	TRUE
ZNF138	6hr	chr7:64794412:G>T	chr7:64830939-64831076:+	detected_at_baseline_only	-0.006	0.006	51	FALSE	TRUE
ZNF250	0hr	chr8:144889981:A>G	chr8:144882654-144882759:-	detected_after_stim	0.019	0.019	45	FALSE	TRUE
ZNF250	1hr	chr8:144889981:A>G	chr8:144882654-144882759:-	detected_after_stim	-0.186	0.186	62	TRUE	TRUE
ZNF250	6hr	chr8:144889981:A>G	chr8:144882654-144882759:-	detected_after_stim	-0.12	0.12	100	FALSE	TRUE
ZNF252P	0hr	chr8:144996456:C>T	chr8:145002531-145002784:-	detected_at_baseline_only	0.136	0.136	117	TRUE	TRUE
ZNF252P	1hr	chr8:144996456:C>T	chr8:145002531-145002784:-	detected_at_baseline_only	0.091	0.091	181	FALSE	TRUE
ZNF252P	6hr	chr8:144996456:C>T	chr8:145002531-145002784:-	detected_at_baseline_only	0.049	0.049	90	FALSE	TRUE
ZNF302	0hr	chr19:34684170:T>TAC	chr19:34677835-34677856:+	post_stim_only				FALSE	FALSE
ZNF302	1hr	chr19:34684170:T>TAC	chr19:34677835-34677856:+	post_stim_only				FALSE	FALSE
ZNF302	6hr	chr19:34684170:T>TAC	chr19:34677835-34677856:+	post_stim_only	-0.667	0.667	27	TRUE	TRUE
ZNF385D	0hr	chr3:21751109:G>C	chr3:21511621-21511757:-	post_stim_only				FALSE	FALSE
ZNF385D	1hr	chr3:21751109:G>C	chr3:21511621-21511757:-	post_stim_only	-0.036	0.036	72	FALSE	TRUE
ZNF385D	6hr	chr3:21751109:G>C	chr3:21511621-21511757:-	post_stim_only	0.38	0.38	106	TRUE	TRUE
ZNF521	0hr	chr18:25062436:A>G	chr18:25224035-25224115:-	post_stim_only				FALSE	FALSE
ZNF521	1hr	chr18:25062436:A>G	chr18:25224035-25224115:-	post_stim_only				FALSE	FALSE
ZNF521	6hr	chr18:25062436:A>G	chr18:25224035-25224115:-	post_stim_only	0.25	0.25	43	TRUE	TRUE
ZNF638	0hr	chr2:71427044:G>A	chr2:71407238-71408121:+	post_stim_only				FALSE	FALSE
ZNF638	1hr	chr2:71427044:G>A	chr2:71407238-71408121:+	post_stim_only	-0.205	0.205	155	TRUE	TRUE
ZNF638	6hr	chr2:71427044:G>A	chr2:71407238-71408121:+	post_stim_only	-0.172	0.172	131	FALSE	TRUE
ZNF649	0hr	chr19:51900262:T>C	chr19:51899991-51900092:-	detected_at_baseline_only	-0.487	0.487	71	TRUE	TRUE
ZNF649	1hr	chr19:51900262:T>C	chr19:51899991-51900092:-	detected_at_baseline_only	-0.121	0.121	113	FALSE	TRUE
ZNF649	6hr	chr19:51900262:T>C	chr19:51899991-51900092:-	detected_at_baseline_only	0.053	0.053	120	FALSE	TRUE
ZNF667-AS1	0hr	chr19:56495351:G>C	chr19:56478293-56478377:+	detected_at_baseline_only	0.316	0.316	76	TRUE	TRUE
ZNF667-AS1	1hr	chr19:56495351:G>C	chr19:56478293-56478377:+	detected_at_baseline_only	0.041	0.041	220	FALSE	TRUE
ZNF667-AS1	6hr	chr19:56495351:G>C	chr19:56478293-56478377:+	detected_at_baseline_only	0.078	0.078	240	FALSE	TRUE
ZNF721	0hr	chr4:474106:G>C	chr4:471583-472057:-	detected_at_baseline_only	-0.284	0.284	114	TRUE	TRUE
ZNF721	1hr	chr4:474106:G>C	chr4:471583-472057:-	detected_at_baseline_only	-0.105	0.105	168	FALSE	TRUE
ZNF721	6hr	chr4:474106:G>C	chr4:471583-472057:-	detected_at_baseline_only	-0.053	0.053	181	FALSE	TRUE
ZNF749	0hr	chr19:57435555:G>C	chr19:57438101-57438456:+	all_timepoints	-0.397	0.397	90	TRUE	TRUE
ZNF749	1hr	chr19:57435555:G>C	chr19:57438101-57438456:+	all_timepoints	-0.243	0.243	116	TRUE	TRUE
ZNF749	6hr	chr19:57435555:G>C	chr19:57438101-57438456:+	all_timepoints	-0.678	0.678	177	TRUE	TRUE
ZNF83	0hr	chr19:52660834:A>G	chr19:52652357-52652431:-	detected_after_stim	0.119	0.119	38	FALSE	TRUE
ZNF83	1hr	chr19:52660834:A>G	chr19:52652357-52652431:-	detected_after_stim	0.139	0.139	69	TRUE	TRUE
ZNF83	6hr	chr19:52660834:A>G	chr19:52652357-52652431:-	detected_after_stim	-0.029	0.029	83	FALSE	TRUE
ZNF84	0hr	chr12:133041404:G>A	chr12:133041558-133041728:+	other	0.262	0.262	96	TRUE	TRUE
ZNF84	1hr	chr12:133041404:G>A	chr12:133041558-133041728:+	other	0.02	0.02	146	FALSE	TRUE
ZNF84	6hr	chr12:133041404:G>A	chr12:133041558-133041728:+	other	0.19	0.19	68	TRUE	TRUE
ZNF892	0hr	chr2:95208694:G>A	chr2:95208736-95209054:+	detected_after_stim	-0.088	0.088	131	FALSE	TRUE
ZNF892	1hr	chr2:95208694:G>A	chr2:95208736-95209054:+	detected_after_stim	0.294	0.294	131	TRUE	TRUE
ZNF892	6hr	chr2:95208694:G>A	chr2:95208736-95209054:+	detected_after_stim	0.376	0.376	190	TRUE	TRUE
ZNF91	0hr	chr19:23374699:G>A	chr19:23374008-23374637:-	other	0.11	0.11	270	TRUE	TRUE
ZNF91	1hr	chr19:23374699:G>A	chr19:23374008-23374637:-	other				FALSE	FALSE
ZNF91	6hr	chr19:23374699:G>A	chr19:23374008-23374637:-	other	0.042	0.042	318	FALSE	TRUE
ZNG1E	0hr	chr9:65682027:G>A	chr9:65677127-65677225:+	all_timepoints	0.832	0.832	51	TRUE	TRUE
ZNG1E	1hr	chr9:65682027:G>A	chr9:65677127-65677225:+	all_timepoints	0.826	0.826	67	TRUE	TRUE
ZNG1E	6hr	chr9:65682027:G>A	chr9:65677127-65677225:+	all_timepoints	0.706	0.706	69	TRUE	TRUE
ZNHIT3	0hr	chr17:36486676:G>A	chr17:36486934-36486966:+	post_stim_only				FALSE	FALSE
ZNHIT3	1hr	chr17:36486676:G>A	chr17:36486934-36486966:+	post_stim_only	-0.207	0.207	82	FALSE	TRUE
ZNHIT3	6hr	chr17:36486676:G>A	chr17:36486934-36486966:+	post_stim_only	0.34	0.34	93	TRUE	TRUE
ZNRD2	0hr	chr11:65570902:C>T	chr11:65570510-65570602:+	other	-0.645	0.645	66	TRUE	TRUE
ZNRD2	1hr	chr11:65570902:C>T	chr11:65570510-65570602:+	other				FALSE	FALSE
ZNRD2	6hr	chr11:65570902:C>T	chr11:65570510-65570602:+	other				FALSE	FALSE
ZRANB2	0hr	chr1:71065079:C>T	chr1:71065752-71066775:-	detected_after_stim	0.03	0.03	85	FALSE	TRUE
ZRANB2	1hr	chr1:71065079:C>T	chr1:71065752-71066775:-	detected_after_stim	-0.135	0.135	151	TRUE	TRUE
ZRANB2	6hr	chr1:71065079:C>T	chr1:71065752-71066775:-	detected_after_stim	-0.029	0.029	115	FALSE	TRUE
ZSCAN26	0hr	chr6:28272690:C>A	chr6:28272340-28272669:+	post_stim_only				FALSE	FALSE
ZSCAN26	1hr	chr6:28272690:C>A	chr6:28272340-28272669:+	post_stim_only	0.418	0.418	82	TRUE	TRUE
ZSCAN26	6hr	chr6:28272690:C>A	chr6:28272340-28272669:+	post_stim_only				FALSE	FALSE
